batch_id,input_symbol,input_company_name,product_or_service,normalized_product_group,business_segment,customer_industry,product_type,economics_type,source,confidence,inferred
nifty_500_shariah,3MINDIA,3M India Ltd.,Core products or services,core business,Core Business,industry customers,core_product,mixed,"NSE annual-report archive, NSE classification and sector value-chain curation",0.62,True
nifty_500_shariah,3MINDIA,3M India Ltd.,Value-added or ancillary services,ancillary business,Ancillary Business,adjacent customers,service,mixed,"NSE annual-report archive, NSE classification and sector value-chain curation",0.62,True
nifty_500_shariah,ABFRL,Aditya Birla Fashion and Retail Ltd.,Specialty or industrial chemicals,chemicals,Chemicals,industrial and agricultural customers,core_product,commodity_and_specialty,"NSE annual-report archive, NSE classification and sector value-chain curation",0.62,True
nifty_500_shariah,ABFRL,Aditya Birla Fashion and Retail Ltd.,Formulated or value-added products,formulations,Value Added Chemicals,industrial users and channel partners,core_product,branded_or_contract,"NSE annual-report archive, NSE classification and sector value-chain curation",0.62,True
nifty_500_shariah,ABLBL,Aditya Birla Lifestyle Brands Ltd.,Specialty or industrial chemicals,chemicals,Chemicals,industrial and agricultural customers,core_product,commodity_and_specialty,"NSE annual-report archive, NSE classification and sector value-chain curation",0.62,True
nifty_500_shariah,ABLBL,Aditya Birla Lifestyle Brands Ltd.,Formulated or value-added products,formulations,Value Added Chemicals,industrial users and channel partners,core_product,branded_or_contract,"NSE annual-report archive, NSE classification and sector value-chain curation",0.62,True
nifty_500_shariah,ACE,Action Construction Equipment Ltd.,Automotive products or components,automotive,Automotive,OEM and replacement customers,core_product,branded_or_contract,"NSE annual-report archive, NSE classification and sector value-chain curation",0.62,True
nifty_500_shariah,ACE,Action Construction Equipment Ltd.,Aftermarket and services,aftermarket,Aftermarket,replacement and service channels,service,recurring,"NSE annual-report archive, NSE classification and sector value-chain curation",0.62,True
nifty_500_shariah,ACUTAAS,Acutaas Chemicals Ltd.,Core healthcare products or services,healthcare,Core Healthcare,patients and healthcare distribution,core_product,regulated,"NSE annual-report archive, NSE classification and sector value-chain curation",0.62,True
nifty_500_shariah,ACUTAAS,Acutaas Chemicals Ltd.,Specialty or institutional portfolio,specialty healthcare,Specialty and Institutional,hospitals and institutional buyers,service,regulated,"NSE annual-report archive, NSE classification and sector value-chain curation",0.62,True
nifty_500_shariah,AFCONS,Afcons Infrastructure Ltd.,Industrial equipment and project supplies,capital goods,Capital Goods,industrial and infrastructure customers,core_product,project_based,"NSE annual-report archive, NSE classification and sector value-chain curation",0.62,True
nifty_500_shariah,AFCONS,Afcons Infrastructure Ltd.,"Services, spares and execution",engineering services,Services and Execution,installed base and project owners,service,recurring_or_project,"NSE annual-report archive, NSE classification and sector value-chain curation",0.62,True
ind_nifty500,AJANTPHARM,Ajanta Pharmaceuticals Ltd.,Core healthcare products or services,healthcare,Core Healthcare,patients and healthcare distribution,core_product,regulated,"NSE annual-report archive, NSE classification and sector value-chain curation",0.62,True
ind_nifty500,AJANTPHARM,Ajanta Pharmaceuticals Ltd.,Specialty or institutional portfolio,specialty healthcare,Specialty and Institutional,hospitals and institutional buyers,service,regulated,"NSE annual-report archive, NSE classification and sector value-chain curation",0.62,True
nifty_500_shariah,ALKEM,Alkem Laboratories Ltd.,Core healthcare products or services,healthcare,Core Healthcare,patients and healthcare distribution,core_product,regulated,"NSE annual-report archive, NSE classification and sector value-chain curation",0.62,True
nifty_500_shariah,ALKEM,Alkem Laboratories Ltd.,Specialty or institutional portfolio,specialty healthcare,Specialty and Institutional,hospitals and institutional buyers,service,regulated,"NSE annual-report archive, NSE classification and sector value-chain curation",0.62,True
nifty_500_shariah,AMBER,Amber Enterprises India Ltd.,Branded consumer products,consumer products,Consumer Products,retail consumers,core_product,branded,"NSE annual-report archive, NSE classification and sector value-chain curation",0.62,True
nifty_500_shariah,AMBER,Amber Enterprises India Ltd.,Distribution and channel portfolio,distribution,Distribution and Channels,trade channels and consumers,service,recurring,"NSE annual-report archive, NSE classification and sector value-chain curation",0.62,True
nifty_500_shariah,ANANTRAJ,Anant Raj Ltd.,Branded consumer products,consumer products,Consumer Products,retail consumers,core_product,branded,"NSE annual-report archive, NSE classification and sector value-chain curation",0.62,True
nifty_500_shariah,ANANTRAJ,Anant Raj Ltd.,Distribution and channel portfolio,distribution,Distribution and Channels,trade channels and consumers,service,recurring,"NSE annual-report archive, NSE classification and sector value-chain curation",0.62,True
ind_nifty500,APARINDS,Apar Industries Ltd.,Industrial equipment and project supplies,capital goods,Capital Goods,industrial and infrastructure customers,core_product,project_based,"NSE annual-report archive, NSE classification and sector value-chain curation",0.62,True
ind_nifty500,APARINDS,Apar Industries Ltd.,"Services, spares and execution",engineering services,Services and Execution,installed base and project owners,service,recurring_or_project,"NSE annual-report archive, NSE classification and sector value-chain curation",0.62,True
nifty_500_shariah,APLAPOLLO,APL Apollo Tubes Ltd.,Industrial equipment and project supplies,capital goods,Capital Goods,industrial and infrastructure customers,core_product,project_based,"NSE annual-report archive, NSE classification and sector value-chain curation",0.62,True
nifty_500_shariah,APLAPOLLO,APL Apollo Tubes Ltd.,"Services, spares and execution",engineering services,Services and Execution,installed base and project owners,service,recurring_or_project,"NSE annual-report archive, NSE classification and sector value-chain curation",0.62,True
nifty_500_shariah,APOLLOTYRE,Apollo Tyres Ltd.,Automotive products or components,automotive,Automotive,OEM and replacement customers,core_product,branded_or_contract,"NSE annual-report archive, NSE classification and sector value-chain curation",0.62,True
nifty_500_shariah,APOLLOTYRE,Apollo Tyres Ltd.,Aftermarket and services,aftermarket,Aftermarket,replacement and service channels,service,recurring,"NSE annual-report archive, NSE classification and sector value-chain curation",0.62,True
nifty_500_shariah,ARE&M,Amara Raja Energy & Mobility Ltd.,Automotive products or components,automotive,Automotive,OEM and replacement customers,core_product,branded_or_contract,"NSE annual-report archive, NSE classification and sector value-chain curation",0.62,True
nifty_500_shariah,ARE&M,Amara Raja Energy & Mobility Ltd.,Aftermarket and services,aftermarket,Aftermarket,replacement and service channels,service,recurring,"NSE annual-report archive, NSE classification and sector value-chain curation",0.62,True
nifty_50_shariah,ASIANPAINT,ASIAN PAINTS LTD.,Decorative paints,decorative paints,Decorative Paints and Coatings,housing and repainting,core_product,branded,Annual Report 2024-25 business/segment discussion,0.86,False
nifty_50_shariah,ASIANPAINT,ASIAN PAINTS LTD.,Waterproofing and construction chemicals,waterproofing chemicals,Decorative Paints and Coatings,construction and repair,core_product,branded,Annual Report 2024-25 business/segment discussion,0.86,False
nifty_50_shariah,ASIANPAINT,ASIAN PAINTS LTD.,Industrial and automotive coatings,industrial coatings,Industrial Coatings,automotive and industrial manufacturing,service,contract_manufactured,Annual Report 2024-25 business/segment discussion,0.58,True
nifty_500_shariah,ASTERDM,Aster DM Healthcare Ltd.,Core healthcare products or services,healthcare,Core Healthcare,patients and healthcare distribution,core_product,regulated,"NSE annual-report archive, NSE classification and sector value-chain curation",0.62,True
nifty_500_shariah,ASTERDM,Aster DM Healthcare Ltd.,Specialty or institutional portfolio,specialty healthcare,Specialty and Institutional,hospitals and institutional buyers,service,regulated,"NSE annual-report archive, NSE classification and sector value-chain curation",0.62,True
nifty_500_shariah,ASTRAL,Astral Ltd.,Industrial equipment and project supplies,capital goods,Capital Goods,industrial and infrastructure customers,core_product,project_based,"NSE annual-report archive, NSE classification and sector value-chain curation",0.62,True
nifty_500_shariah,ASTRAL,Astral Ltd.,"Services, spares and execution",engineering services,Services and Execution,installed base and project owners,service,recurring_or_project,"NSE annual-report archive, NSE classification and sector value-chain curation",0.62,True
nifty_500_shariah,ATGL,Adani Total Gas Ltd.,Energy products or utility services,energy,Energy and Utilities,industrial and retail users,core_product,regulated,"NSE annual-report archive, NSE classification and sector value-chain curation",0.62,True
nifty_500_shariah,ATGL,Adani Total Gas Ltd.,Network and infrastructure services,energy infrastructure,Infrastructure,regulated users and project customers,service,regulated,"NSE annual-report archive, NSE classification and sector value-chain curation",0.62,True
ind_nifty500,ATUL,Atul Ltd.,Specialty or industrial chemicals,chemicals,Chemicals,industrial and agricultural customers,core_product,commodity_and_specialty,"NSE annual-report archive, NSE classification and sector value-chain curation",0.62,True
ind_nifty500,ATUL,Atul Ltd.,Formulated or value-added products,formulations,Value Added Chemicals,industrial users and channel partners,core_product,branded_or_contract,"NSE annual-report archive, NSE classification and sector value-chain curation",0.62,True
nifty_500_shariah,AUROPHARMA,Aurobindo Pharma Ltd.,Core healthcare products or services,healthcare,Core Healthcare,patients and healthcare distribution,core_product,regulated,"NSE annual-report archive, NSE classification and sector value-chain curation",0.62,True
nifty_500_shariah,AUROPHARMA,Aurobindo Pharma Ltd.,Specialty or institutional portfolio,specialty healthcare,Specialty and Institutional,hospitals and institutional buyers,service,regulated,"NSE annual-report archive, NSE classification and sector value-chain curation",0.62,True
nifty_500_shariah,BALKRISIND,Balkrishna Industries Ltd.,Automotive products or components,automotive,Automotive,OEM and replacement customers,core_product,branded_or_contract,"NSE annual-report archive, NSE classification and sector value-chain curation",0.62,True
nifty_500_shariah,BALKRISIND,Balkrishna Industries Ltd.,Aftermarket and services,aftermarket,Aftermarket,replacement and service channels,service,recurring,"NSE annual-report archive, NSE classification and sector value-chain curation",0.62,True
nifty_500_shariah,BATAINDIA,Bata India Ltd.,Branded consumer products,consumer products,Consumer Products,retail consumers,core_product,branded,"NSE annual-report archive, NSE classification and sector value-chain curation",0.62,True
nifty_500_shariah,BATAINDIA,Bata India Ltd.,Distribution and channel portfolio,distribution,Distribution and Channels,trade channels and consumers,service,recurring,"NSE annual-report archive, NSE classification and sector value-chain curation",0.62,True
nifty_500_shariah,BAYERCROP,Bayer Cropscience Ltd.,Specialty or industrial chemicals,chemicals,Chemicals,industrial and agricultural customers,core_product,commodity_and_specialty,"NSE annual-report archive, NSE classification and sector value-chain curation",0.62,True
nifty_500_shariah,BAYERCROP,Bayer Cropscience Ltd.,Formulated or value-added products,formulations,Value Added Chemicals,industrial users and channel partners,core_product,branded_or_contract,"NSE annual-report archive, NSE classification and sector value-chain curation",0.62,True
nifty_500_shariah,BBTC,The Bombay Burmah Trading Corporation Ltd.,Branded consumer products,consumer products,Consumer Products,retail consumers,core_product,branded,"NSE annual-report archive, NSE classification and sector value-chain curation",0.62,True
nifty_500_shariah,BBTC,The Bombay Burmah Trading Corporation Ltd.,Distribution and channel portfolio,distribution,Distribution and Channels,trade channels and consumers,service,recurring,"NSE annual-report archive, NSE classification and sector value-chain curation",0.62,True
nifty_500_shariah,BERGEPAINT,Berger Paints (India) Ltd.,Branded consumer products,consumer products,Consumer Products,retail consumers,core_product,branded,"NSE annual-report archive, NSE classification and sector value-chain curation",0.62,True
nifty_500_shariah,BERGEPAINT,Berger Paints (India) Ltd.,Distribution and channel portfolio,distribution,Distribution and Channels,trade channels and consumers,service,recurring,"NSE annual-report archive, NSE classification and sector value-chain curation",0.62,True
nifty_500_shariah,BHEL,Bharat Heavy Electricals Ltd.,Industrial equipment and project supplies,capital goods,Capital Goods,industrial and infrastructure customers,core_product,project_based,"NSE annual-report archive, NSE classification and sector value-chain curation",0.62,True
nifty_500_shariah,BHEL,Bharat Heavy Electricals Ltd.,"Services, spares and execution",engineering services,Services and Execution,installed base and project owners,service,recurring_or_project,"NSE annual-report archive, NSE classification and sector value-chain curation",0.62,True
nifty_500_shariah,BIKAJI,Bikaji Foods International Ltd.,Branded consumer products,consumer products,Consumer Products,retail consumers,core_product,branded,"NSE annual-report archive, NSE classification and sector value-chain curation",0.62,True
nifty_500_shariah,BIKAJI,Bikaji Foods International Ltd.,Distribution and channel portfolio,distribution,Distribution and Channels,trade channels and consumers,service,recurring,"NSE annual-report archive, NSE classification and sector value-chain curation",0.62,True
nifty_500_shariah,BLUEDART,Blue Dart Express Ltd.,Core products or services,core business,Core Business,industry customers,core_product,mixed,"NSE annual-report archive, NSE classification and sector value-chain curation",0.62,True
nifty_500_shariah,BLUEDART,Blue Dart Express Ltd.,Value-added or ancillary services,ancillary business,Ancillary Business,adjacent customers,service,mixed,"NSE annual-report archive, NSE classification and sector value-chain curation",0.62,True
nifty_500_shariah,BLUEJET,Blue Jet Healthcare Ltd,Core healthcare products or services,healthcare,Core Healthcare,patients and healthcare distribution,core_product,regulated,"NSE annual-report archive, NSE classification and sector value-chain curation",0.62,True
nifty_500_shariah,BLUEJET,Blue Jet Healthcare Ltd,Specialty or institutional portfolio,specialty healthcare,Specialty and Institutional,hospitals and institutional buyers,service,regulated,"NSE annual-report archive, NSE classification and sector value-chain curation",0.62,True
nifty_500_shariah,BLUESTARCO,Blue Star Ltd.,Branded consumer products,consumer products,Consumer Products,retail consumers,core_product,branded,"NSE annual-report archive, NSE classification and sector value-chain curation",0.62,True
nifty_500_shariah,BLUESTARCO,Blue Star Ltd.,Distribution and channel portfolio,distribution,Distribution and Channels,trade channels and consumers,service,recurring,"NSE annual-report archive, NSE classification and sector value-chain curation",0.62,True
nifty_500_shariah,BPCL,Bharat Petroleum Corporation Ltd.,Energy products or utility services,energy,Energy and Utilities,industrial and retail users,core_product,regulated,"NSE annual-report archive, NSE classification and sector value-chain curation",0.62,True
nifty_500_shariah,BPCL,Bharat Petroleum Corporation Ltd.,Network and infrastructure services,energy infrastructure,Infrastructure,regulated users and project customers,service,regulated,"NSE annual-report archive, NSE classification and sector value-chain curation",0.62,True
nifty_500_shariah,BRITANNIA,Britannia Industries Ltd.,Branded consumer products,consumer products,Consumer Products,retail consumers,core_product,branded,"NSE annual-report archive, NSE classification and sector value-chain curation",0.62,True
nifty_500_shariah,BRITANNIA,Britannia Industries Ltd.,Distribution and channel portfolio,distribution,Distribution and Channels,trade channels and consumers,service,recurring,"NSE annual-report archive, NSE classification and sector value-chain curation",0.62,True
nifty_500_shariah,BSOFT,Birlasoft Ltd.,IT and digital services,IT services,Technology Services,enterprise IT,service,project_and_recurring,"NSE annual-report archive, NSE classification and sector value-chain curation",0.62,True
nifty_500_shariah,BSOFT,Birlasoft Ltd.,Managed services and support,managed services,Technology Services,enterprise operations,service,recurring,"NSE annual-report archive, NSE classification and sector value-chain curation",0.62,True
nifty_500_shariah,CARBORUNIV,Carborundum Universal Ltd.,Industrial equipment and project supplies,capital goods,Capital Goods,industrial and infrastructure customers,core_product,project_based,"NSE annual-report archive, NSE classification and sector value-chain curation",0.62,True
nifty_500_shariah,CARBORUNIV,Carborundum Universal Ltd.,"Services, spares and execution",engineering services,Services and Execution,installed base and project owners,service,recurring_or_project,"NSE annual-report archive, NSE classification and sector value-chain curation",0.62,True
nifty_500_shariah,CASTROLIND,Castrol India Ltd.,Energy products or utility services,energy,Energy and Utilities,industrial and retail users,core_product,regulated,"NSE annual-report archive, NSE classification and sector value-chain curation",0.62,True
nifty_500_shariah,CASTROLIND,Castrol India Ltd.,Network and infrastructure services,energy infrastructure,Infrastructure,regulated users and project customers,service,regulated,"NSE annual-report archive, NSE classification and sector value-chain curation",0.62,True
nifty_500_shariah,CEATLTD,Ceat Ltd.,Automotive products or components,automotive,Automotive,OEM and replacement customers,core_product,branded_or_contract,"NSE annual-report archive, NSE classification and sector value-chain curation",0.62,True
nifty_500_shariah,CEATLTD,Ceat Ltd.,Aftermarket and services,aftermarket,Aftermarket,replacement and service channels,service,recurring,"NSE annual-report archive, NSE classification and sector value-chain curation",0.62,True
nifty_500_shariah,CEMPRO,Cemindia Projects Ltd.,Industrial equipment and project supplies,capital goods,Capital Goods,industrial and infrastructure customers,core_product,project_based,"NSE annual-report archive, NSE classification and sector value-chain curation",0.62,True
nifty_500_shariah,CEMPRO,Cemindia Projects Ltd.,"Services, spares and execution",engineering services,Services and Execution,installed base and project owners,service,recurring_or_project,"NSE annual-report archive, NSE classification and sector value-chain curation",0.62,True
nifty_500_shariah,CGPOWER,CG Power and Industrial Solutions Ltd.,Industrial equipment and project supplies,capital goods,Capital Goods,industrial and infrastructure customers,core_product,project_based,"NSE annual-report archive, NSE classification and sector value-chain curation",0.62,True
nifty_500_shariah,CGPOWER,CG Power and Industrial Solutions Ltd.,"Services, spares and execution",engineering services,Services and Execution,installed base and project owners,service,recurring_or_project,"NSE annual-report archive, NSE classification and sector value-chain curation",0.62,True
nifty_500_shariah,CHAMBLFERT,Chambal Fertilisers & Chemicals Ltd.,Specialty or industrial chemicals,chemicals,Chemicals,industrial and agricultural customers,core_product,commodity_and_specialty,"NSE annual-report archive, NSE classification and sector value-chain curation",0.62,True
nifty_500_shariah,CHAMBLFERT,Chambal Fertilisers & Chemicals Ltd.,Formulated or value-added products,formulations,Value Added Chemicals,industrial users and channel partners,core_product,branded_or_contract,"NSE annual-report archive, NSE classification and sector value-chain curation",0.62,True
nifty_500_shariah,CHENNPETRO,Chennai Petroleum Corporation Ltd.,Energy products or utility services,energy,Energy and Utilities,industrial and retail users,core_product,regulated,"NSE annual-report archive, NSE classification and sector value-chain curation",0.62,True
nifty_500_shariah,CHENNPETRO,Chennai Petroleum Corporation Ltd.,Network and infrastructure services,energy infrastructure,Infrastructure,regulated users and project customers,service,regulated,"NSE annual-report archive, NSE classification and sector value-chain curation",0.62,True
nifty_50_shariah,CIPLA,CIPLA LTD.,Respiratory formulations,respiratory therapies,India Branded Prescription,patients and hospitals,core_product,regulated,Annual Report 2024-25 business/segment discussion,0.86,False
nifty_50_shariah,CIPLA,CIPLA LTD.,US generic formulations,generic pharmaceuticals,North America,US pharmacies and wholesalers,core_product,regulated,Annual Report 2024-25 business/segment discussion,0.86,False
nifty_50_shariah,CIPLA,CIPLA LTD.,Active pharmaceutical ingredients,APIs,API and Global Access,formulation manufacturers,core_product,commodity_like,Annual Report 2024-25 business/segment discussion,0.58,True
nifty_500_shariah,COFORGE,Coforge Ltd.,IT and digital services,IT services,Technology Services,enterprise IT,service,project_and_recurring,"NSE annual-report archive, NSE classification and sector value-chain curation",0.62,True
nifty_500_shariah,COFORGE,Coforge Ltd.,Managed services and support,managed services,Technology Services,enterprise operations,service,recurring,"NSE annual-report archive, NSE classification and sector value-chain curation",0.62,True
nifty_500_shariah,COHANCE,Cohance Lifesciences Ltd.,Core healthcare products or services,healthcare,Core Healthcare,patients and healthcare distribution,core_product,regulated,"NSE annual-report archive, NSE classification and sector value-chain curation",0.62,True
nifty_500_shariah,COHANCE,Cohance Lifesciences Ltd.,Specialty or institutional portfolio,specialty healthcare,Specialty and Institutional,hospitals and institutional buyers,service,regulated,"NSE annual-report archive, NSE classification and sector value-chain curation",0.62,True
ind_nifty500,COLPAL,Colgate Palmolive (India) Ltd.,Branded consumer products,consumer products,Consumer Products,retail consumers,core_product,branded,"NSE annual-report archive, NSE classification and sector value-chain curation",0.62,True
ind_nifty500,COLPAL,Colgate Palmolive (India) Ltd.,Distribution and channel portfolio,distribution,Distribution and Channels,trade channels and consumers,service,recurring,"NSE annual-report archive, NSE classification and sector value-chain curation",0.62,True
nifty_500_shariah,CONCORDBIO,Concord Biotech Ltd.,Core healthcare products or services,healthcare,Core Healthcare,patients and healthcare distribution,core_product,regulated,"NSE annual-report archive, NSE classification and sector value-chain curation",0.62,True
nifty_500_shariah,CONCORDBIO,Concord Biotech Ltd.,Specialty or institutional portfolio,specialty healthcare,Specialty and Institutional,hospitals and institutional buyers,service,regulated,"NSE annual-report archive, NSE classification and sector value-chain curation",0.62,True
ind_nifty500,COROMANDEL,Coromandel International Ltd.,Specialty or industrial chemicals,chemicals,Chemicals,industrial and agricultural customers,core_product,commodity_and_specialty,"NSE annual-report archive, NSE classification and sector value-chain curation",0.62,True
ind_nifty500,COROMANDEL,Coromandel International Ltd.,Formulated or value-added products,formulations,Value Added Chemicals,industrial users and channel partners,core_product,branded_or_contract,"NSE annual-report archive, NSE classification and sector value-chain curation",0.62,True
nifty_500_shariah,CPPLUS,Aditya Infotech Ltd.,Industrial equipment and project supplies,capital goods,Capital Goods,industrial and infrastructure customers,core_product,project_based,"NSE annual-report archive, NSE classification and sector value-chain curation",0.62,True
nifty_500_shariah,CPPLUS,Aditya Infotech Ltd.,"Services, spares and execution",engineering services,Services and Execution,installed base and project owners,service,recurring_or_project,"NSE annual-report archive, NSE classification and sector value-chain curation",0.62,True
nifty_500_shariah,CRISIL,Crisil Ltd.,Core products or services,core business,Core Business,industry customers,core_product,mixed,"NSE annual-report archive, NSE classification and sector value-chain curation",0.62,True
nifty_500_shariah,CRISIL,Crisil Ltd.,Value-added or ancillary services,ancillary business,Ancillary Business,adjacent customers,service,mixed,"NSE annual-report archive, NSE classification and sector value-chain curation",0.62,True
ind_nifty500,CROMPTON,Crompton Greaves Consumer Electricals Ltd.,Industrial equipment and project supplies,capital goods,Capital Goods,industrial and infrastructure customers,core_product,project_based,"NSE annual-report archive, NSE classification and sector value-chain curation",0.62,True
ind_nifty500,CROMPTON,Crompton Greaves Consumer Electricals Ltd.,"Services, spares and execution",engineering services,Services and Execution,installed base and project owners,service,recurring_or_project,"NSE annual-report archive, NSE classification and sector value-chain curation",0.62,True
nifty_500_shariah,CUMMINSIND,Cummins India Ltd.,Industrial equipment and project supplies,capital goods,Capital Goods,industrial and infrastructure customers,core_product,project_based,"NSE annual-report archive, NSE classification and sector value-chain curation",0.62,True
nifty_500_shariah,CUMMINSIND,Cummins India Ltd.,"Services, spares and execution",engineering services,Services and Execution,installed base and project owners,service,recurring_or_project,"NSE annual-report archive, NSE classification and sector value-chain curation",0.62,True
ind_nifty500,CYIENT,Cyient Ltd.,IT and digital services,IT services,Technology Services,enterprise IT,service,project_and_recurring,"NSE annual-report archive, NSE classification and sector value-chain curation",0.62,True
ind_nifty500,CYIENT,Cyient Ltd.,Managed services and support,managed services,Technology Services,enterprise operations,service,recurring,"NSE annual-report archive, NSE classification and sector value-chain curation",0.62,True
nifty_500_shariah,DALBHARAT,Dalmia Bharat Ltd.,Industrial equipment and project supplies,capital goods,Capital Goods,industrial and infrastructure customers,core_product,project_based,"NSE annual-report archive, NSE classification and sector value-chain curation",0.62,True
nifty_500_shariah,DALBHARAT,Dalmia Bharat Ltd.,"Services, spares and execution",engineering services,Services and Execution,installed base and project owners,service,recurring_or_project,"NSE annual-report archive, NSE classification and sector value-chain curation",0.62,True
nifty_500_shariah,DEEPAKNTR,Deepak Nitrite Ltd.,Specialty or industrial chemicals,chemicals,Chemicals,industrial and agricultural customers,core_product,commodity_and_specialty,"NSE annual-report archive, NSE classification and sector value-chain curation",0.62,True
nifty_500_shariah,DEEPAKNTR,Deepak Nitrite Ltd.,Formulated or value-added products,formulations,Value Added Chemicals,industrial users and channel partners,core_product,branded_or_contract,"NSE annual-report archive, NSE classification and sector value-chain curation",0.62,True
nifty_500_shariah,DIXON,Dixon Technologies (India) Ltd.,Branded consumer products,consumer products,Consumer Products,retail consumers,core_product,branded,"NSE annual-report archive, NSE classification and sector value-chain curation",0.62,True
nifty_500_shariah,DIXON,Dixon Technologies (India) Ltd.,Distribution and channel portfolio,distribution,Distribution and Channels,trade channels and consumers,service,recurring,"NSE annual-report archive, NSE classification and sector value-chain curation",0.62,True
nifty_500_shariah,DMART,Avenue Supermarts Ltd.,Branded consumer products,consumer products,Consumer Products,retail consumers,core_product,branded,"NSE annual-report archive, NSE classification and sector value-chain curation",0.62,True
nifty_500_shariah,DMART,Avenue Supermarts Ltd.,Distribution and channel portfolio,distribution,Distribution and Channels,trade channels and consumers,service,recurring,"NSE annual-report archive, NSE classification and sector value-chain curation",0.62,True
nifty_500_shariah,DOMS,DOMS Industries Ltd.,Branded consumer products,consumer products,Consumer Products,retail consumers,core_product,branded,"NSE annual-report archive, NSE classification and sector value-chain curation",0.62,True
nifty_500_shariah,DOMS,DOMS Industries Ltd.,Distribution and channel portfolio,distribution,Distribution and Channels,trade channels and consumers,service,recurring,"NSE annual-report archive, NSE classification and sector value-chain curation",0.62,True
nifty_50_shariah,DRREDDY,DR.REDDY'S LABORATORIES LTD.,Generic formulations,generic pharmaceuticals,Global Generics,global healthcare distribution,core_product,regulated,Annual Report 2024-25 business/segment discussion,0.86,False
nifty_50_shariah,DRREDDY,DR.REDDY'S LABORATORIES LTD.,APIs and pharmaceutical services,APIs and CDMO,Pharmaceutical Services and Active Ingredients,pharma manufacturers,core_product,contract_manufactured,Annual Report 2024-25 business/segment discussion,0.86,False
nifty_50_shariah,DRREDDY,DR.REDDY'S LABORATORIES LTD.,Biosimilars and differentiated products,biosimilars,Global Generics,specialty healthcare,emerging_product,regulated,Annual Report 2024-25 business/segment discussion,0.58,True
nifty_500_shariah,ECLERX,eClerx Services Ltd.,Core products or services,core business,Core Business,industry customers,core_product,mixed,"NSE annual-report archive, NSE classification and sector value-chain curation",0.62,True
nifty_500_shariah,ECLERX,eClerx Services Ltd.,Value-added or ancillary services,ancillary business,Ancillary Business,adjacent customers,service,mixed,"NSE annual-report archive, NSE classification and sector value-chain curation",0.62,True
nifty_500_shariah,ELECON,Elecon Engineering Company Ltd.,Industrial equipment and project supplies,capital goods,Capital Goods,industrial and infrastructure customers,core_product,project_based,"NSE annual-report archive, NSE classification and sector value-chain curation",0.62,True
nifty_500_shariah,ELECON,Elecon Engineering Company Ltd.,"Services, spares and execution",engineering services,Services and Execution,installed base and project owners,service,recurring_or_project,"NSE annual-report archive, NSE classification and sector value-chain curation",0.62,True
nifty_500_shariah,ELGIEQUIP,Elgi Equipments Ltd.,Industrial equipment and project supplies,capital goods,Capital Goods,industrial and infrastructure customers,core_product,project_based,"NSE annual-report archive, NSE classification and sector value-chain curation",0.62,True
nifty_500_shariah,ELGIEQUIP,Elgi Equipments Ltd.,"Services, spares and execution",engineering services,Services and Execution,installed base and project owners,service,recurring_or_project,"NSE annual-report archive, NSE classification and sector value-chain curation",0.62,True
nifty_500_shariah,EMAMILTD,Emami Ltd.,Branded consumer products,consumer products,Consumer Products,retail consumers,core_product,branded,"NSE annual-report archive, NSE classification and sector value-chain curation",0.62,True
nifty_500_shariah,EMAMILTD,Emami Ltd.,Distribution and channel portfolio,distribution,Distribution and Channels,trade channels and consumers,service,recurring,"NSE annual-report archive, NSE classification and sector value-chain curation",0.62,True
nifty_500_shariah,EMCURE,Emcure Pharmaceuticals Ltd.,Core healthcare products or services,healthcare,Core Healthcare,patients and healthcare distribution,core_product,regulated,"NSE annual-report archive, NSE classification and sector value-chain curation",0.62,True
nifty_500_shariah,EMCURE,Emcure Pharmaceuticals Ltd.,Specialty or institutional portfolio,specialty healthcare,Specialty and Institutional,hospitals and institutional buyers,service,regulated,"NSE annual-report archive, NSE classification and sector value-chain curation",0.62,True
nifty_500_shariah,ENDURANCE,Endurance Technologies Ltd.,Automotive products or components,automotive,Automotive,OEM and replacement customers,core_product,branded_or_contract,"NSE annual-report archive, NSE classification and sector value-chain curation",0.62,True
nifty_500_shariah,ENDURANCE,Endurance Technologies Ltd.,Aftermarket and services,aftermarket,Aftermarket,replacement and service channels,service,recurring,"NSE annual-report archive, NSE classification and sector value-chain curation",0.62,True
nifty_500_shariah,ENRIN,Siemens Energy India Ltd.,Industrial equipment and project supplies,capital goods,Capital Goods,industrial and infrastructure customers,core_product,project_based,"NSE annual-report archive, NSE classification and sector value-chain curation",0.62,True
nifty_500_shariah,ENRIN,Siemens Energy India Ltd.,"Services, spares and execution",engineering services,Services and Execution,installed base and project owners,service,recurring_or_project,"NSE annual-report archive, NSE classification and sector value-chain curation",0.62,True
nifty_500_shariah,EXIDEIND,Exide Industries Ltd.,Automotive products or components,automotive,Automotive,OEM and replacement customers,core_product,branded_or_contract,"NSE annual-report archive, NSE classification and sector value-chain curation",0.62,True
nifty_500_shariah,EXIDEIND,Exide Industries Ltd.,Aftermarket and services,aftermarket,Aftermarket,replacement and service channels,service,recurring,"NSE annual-report archive, NSE classification and sector value-chain curation",0.62,True
nifty_500_shariah,FINCABLES,Finolex Cables Ltd.,Industrial equipment and project supplies,capital goods,Capital Goods,industrial and infrastructure customers,core_product,project_based,"NSE annual-report archive, NSE classification and sector value-chain curation",0.62,True
nifty_500_shariah,FINCABLES,Finolex Cables Ltd.,"Services, spares and execution",engineering services,Services and Execution,installed base and project owners,service,recurring_or_project,"NSE annual-report archive, NSE classification and sector value-chain curation",0.62,True
nifty_500_shariah,FIRSTCRY,Brainbees Solutions Ltd.,Branded consumer products,consumer products,Consumer Products,retail consumers,core_product,branded,"NSE annual-report archive, NSE classification and sector value-chain curation",0.62,True
nifty_500_shariah,FIRSTCRY,Brainbees Solutions Ltd.,Distribution and channel portfolio,distribution,Distribution and Channels,trade channels and consumers,service,recurring,"NSE annual-report archive, NSE classification and sector value-chain curation",0.62,True
nifty_500_shariah,FLUOROCHEM,Gujarat Fluorochemicals Ltd.,Specialty or industrial chemicals,chemicals,Chemicals,industrial and agricultural customers,core_product,commodity_and_specialty,"NSE annual-report archive, NSE classification and sector value-chain curation",0.62,True
nifty_500_shariah,FLUOROCHEM,Gujarat Fluorochemicals Ltd.,Formulated or value-added products,formulations,Value Added Chemicals,industrial users and channel partners,core_product,branded_or_contract,"NSE annual-report archive, NSE classification and sector value-chain curation",0.62,True
nifty_500_shariah,FORCEMOT,Force Motors Ltd.,Automotive products or components,automotive,Automotive,OEM and replacement customers,core_product,branded_or_contract,"NSE annual-report archive, NSE classification and sector value-chain curation",0.62,True
nifty_500_shariah,FORCEMOT,Force Motors Ltd.,Aftermarket and services,aftermarket,Aftermarket,replacement and service channels,service,recurring,"NSE annual-report archive, NSE classification and sector value-chain curation",0.62,True
nifty_500_shariah,FORTIS,Fortis Healthcare Ltd.,Core healthcare products or services,healthcare,Core Healthcare,patients and healthcare distribution,core_product,regulated,"NSE annual-report archive, NSE classification and sector value-chain curation",0.62,True
nifty_500_shariah,FORTIS,Fortis Healthcare Ltd.,Specialty or institutional portfolio,specialty healthcare,Specialty and Institutional,hospitals and institutional buyers,service,regulated,"NSE annual-report archive, NSE classification and sector value-chain curation",0.62,True
nifty_500_shariah,FSL,Firstsource Solutions Ltd.,Core products or services,core business,Core Business,industry customers,core_product,mixed,"NSE annual-report archive, NSE classification and sector value-chain curation",0.62,True
nifty_500_shariah,FSL,Firstsource Solutions Ltd.,Value-added or ancillary services,ancillary business,Ancillary Business,adjacent customers,service,mixed,"NSE annual-report archive, NSE classification and sector value-chain curation",0.62,True
nifty_500_shariah,GABRIEL,Gabriel India Ltd.,Automotive products or components,automotive,Automotive,OEM and replacement customers,core_product,branded_or_contract,"NSE annual-report archive, NSE classification and sector value-chain curation",0.62,True
nifty_500_shariah,GABRIEL,Gabriel India Ltd.,Aftermarket and services,aftermarket,Aftermarket,replacement and service channels,service,recurring,"NSE annual-report archive, NSE classification and sector value-chain curation",0.62,True
nifty_500_shariah,GAIL,GAIL (India) Ltd.,Energy products or utility services,energy,Energy and Utilities,industrial and retail users,core_product,regulated,"NSE annual-report archive, NSE classification and sector value-chain curation",0.62,True
nifty_500_shariah,GAIL,GAIL (India) Ltd.,Network and infrastructure services,energy infrastructure,Infrastructure,regulated users and project customers,service,regulated,"NSE annual-report archive, NSE classification and sector value-chain curation",0.62,True
nifty_500_shariah,GALLANTT,Gallantt Ispat Ltd.,Industrial equipment and project supplies,capital goods,Capital Goods,industrial and infrastructure customers,core_product,project_based,"NSE annual-report archive, NSE classification and sector value-chain curation",0.62,True
nifty_500_shariah,GALLANTT,Gallantt Ispat Ltd.,"Services, spares and execution",engineering services,Services and Execution,installed base and project owners,service,recurring_or_project,"NSE annual-report archive, NSE classification and sector value-chain curation",0.62,True
nifty_500_shariah,GILLETTE,Gillette India Ltd.,Branded consumer products,consumer products,Consumer Products,retail consumers,core_product,branded,"NSE annual-report archive, NSE classification and sector value-chain curation",0.62,True
nifty_500_shariah,GILLETTE,Gillette India Ltd.,Distribution and channel portfolio,distribution,Distribution and Channels,trade channels and consumers,service,recurring,"NSE annual-report archive, NSE classification and sector value-chain curation",0.62,True
nifty_500_shariah,GLENMARK,Glenmark Pharmaceuticals Ltd.,Core healthcare products or services,healthcare,Core Healthcare,patients and healthcare distribution,core_product,regulated,"NSE annual-report archive, NSE classification and sector value-chain curation",0.62,True
nifty_500_shariah,GLENMARK,Glenmark Pharmaceuticals Ltd.,Specialty or institutional portfolio,specialty healthcare,Specialty and Institutional,hospitals and institutional buyers,service,regulated,"NSE annual-report archive, NSE classification and sector value-chain curation",0.62,True
nifty_500_shariah,GODREJCP,Godrej Consumer Products Ltd.,Branded consumer products,consumer products,Consumer Products,retail consumers,core_product,branded,"NSE annual-report archive, NSE classification and sector value-chain curation",0.62,True
nifty_500_shariah,GODREJCP,Godrej Consumer Products Ltd.,Distribution and channel portfolio,distribution,Distribution and Channels,trade channels and consumers,service,recurring,"NSE annual-report archive, NSE classification and sector value-chain curation",0.62,True
nifty_500_shariah,GPIL,Godawari Power & Ispat Ltd.,Industrial equipment and project supplies,capital goods,Capital Goods,industrial and infrastructure customers,core_product,project_based,"NSE annual-report archive, NSE classification and sector value-chain curation",0.62,True
nifty_500_shariah,GPIL,Godawari Power & Ispat Ltd.,"Services, spares and execution",engineering services,Services and Execution,installed base and project owners,service,recurring_or_project,"NSE annual-report archive, NSE classification and sector value-chain curation",0.62,True
nifty_500_shariah,GRANULES,Granules India Ltd.,Core healthcare products or services,healthcare,Core Healthcare,patients and healthcare distribution,core_product,regulated,"NSE annual-report archive, NSE classification and sector value-chain curation",0.62,True
nifty_500_shariah,GRANULES,Granules India Ltd.,Specialty or institutional portfolio,specialty healthcare,Specialty and Institutional,hospitals and institutional buyers,service,regulated,"NSE annual-report archive, NSE classification and sector value-chain curation",0.62,True
nifty_500_shariah,GRAVITA,Gravita India Ltd.,Metal products,metals,Metals,industrial customers,core_product,commodity_like,"NSE annual-report archive, NSE classification and sector value-chain curation",0.62,True
nifty_500_shariah,GRAVITA,Gravita India Ltd.,Value-added metal products,value added metals,Value Added Metals,manufacturing and construction,core_product,commodity_like,"NSE annual-report archive, NSE classification and sector value-chain curation",0.62,True
nifty_500_shariah,GVT&D,GE Vernova T&D India Ltd.,Industrial equipment and project supplies,capital goods,Capital Goods,industrial and infrastructure customers,core_product,project_based,"NSE annual-report archive, NSE classification and sector value-chain curation",0.62,True
nifty_500_shariah,GVT&D,GE Vernova T&D India Ltd.,"Services, spares and execution",engineering services,Services and Execution,installed base and project owners,service,recurring_or_project,"NSE annual-report archive, NSE classification and sector value-chain curation",0.62,True
nifty_500_shariah,HAVELLS,Havells India Ltd.,Branded consumer products,consumer products,Consumer Products,retail consumers,core_product,branded,"NSE annual-report archive, NSE classification and sector value-chain curation",0.62,True
nifty_500_shariah,HAVELLS,Havells India Ltd.,Distribution and channel portfolio,distribution,Distribution and Channels,trade channels and consumers,service,recurring,"NSE annual-report archive, NSE classification and sector value-chain curation",0.62,True
nifty_50_shariah,HCLTECH,HCL TECHNOLOGIES LTD.,Application and digital services,IT services,IT and Business Services,enterprise IT,service,recurring,Annual Report 2024-25 business/segment discussion,0.86,False
nifty_50_shariah,HCLTECH,HCL TECHNOLOGIES LTD.,Engineering R&D services,engineering services,Engineering and R&D Services,technology and manufacturing,service,project_based,Annual Report 2024-25 business/segment discussion,0.86,False
nifty_50_shariah,HCLTECH,HCL TECHNOLOGIES LTD.,Enterprise software,software products,HCLSoftware,enterprise software,platform,recurring,Annual Report 2024-25 business/segment discussion,0.86,False
nifty_500_shariah,HEG,HEG Ltd.,Industrial equipment and project supplies,capital goods,Capital Goods,industrial and infrastructure customers,core_product,project_based,"NSE annual-report archive, NSE classification and sector value-chain curation",0.62,True
nifty_500_shariah,HEG,HEG Ltd.,"Services, spares and execution",engineering services,Services and Execution,installed base and project owners,service,recurring_or_project,"NSE annual-report archive, NSE classification and sector value-chain curation",0.62,True
nifty_500_shariah,HEROMOTOCO,Hero MotoCorp Ltd.,Automotive products or components,automotive,Automotive,OEM and replacement customers,core_product,branded_or_contract,"NSE annual-report archive, NSE classification and sector value-chain curation",0.62,True
nifty_500_shariah,HEROMOTOCO,Hero MotoCorp Ltd.,Aftermarket and services,aftermarket,Aftermarket,replacement and service channels,service,recurring,"NSE annual-report archive, NSE classification and sector value-chain curation",0.62,True
nifty_500_shariah,HEXT,Hexaware Technologies Ltd.,IT and digital services,IT services,Technology Services,enterprise IT,service,project_and_recurring,"NSE annual-report archive, NSE classification and sector value-chain curation",0.62,True
nifty_500_shariah,HEXT,Hexaware Technologies Ltd.,Managed services and support,managed services,Technology Services,enterprise operations,service,recurring,"NSE annual-report archive, NSE classification and sector value-chain curation",0.62,True
nifty_500_shariah,HFCL,HFCL Ltd.,Industrial equipment and project supplies,capital goods,Capital Goods,industrial and infrastructure customers,core_product,project_based,"NSE annual-report archive, NSE classification and sector value-chain curation",0.62,True
nifty_500_shariah,HFCL,HFCL Ltd.,"Services, spares and execution",engineering services,Services and Execution,installed base and project owners,service,recurring_or_project,"NSE annual-report archive, NSE classification and sector value-chain curation",0.62,True
nifty_50_shariah,HINDALCO,Hindalco Industries,Primary aluminium,aluminium metal,Aluminium Upstream,industrial manufacturing,core_product,commodity_like,Annual Report 2024-25 business/segment discussion,0.86,False
nifty_50_shariah,HINDALCO,Hindalco Industries,Rolled aluminium products,aluminium rolled products,Aluminium Downstream and Novelis,automotive and packaging,core_product,commodity_like,Annual Report 2024-25 business/segment discussion,0.86,False
nifty_50_shariah,HINDALCO,Hindalco Industries,Copper cathodes and rods,copper products,Copper,electrical and industrial,core_product,commodity_like,Annual Report 2024-25 business/segment discussion,0.86,False
nifty_500_shariah,HINDCOPPER,Hindustan Copper Ltd.,Metal products,metals,Metals,industrial customers,core_product,commodity_like,"NSE annual-report archive, NSE classification and sector value-chain curation",0.62,True
nifty_500_shariah,HINDCOPPER,Hindustan Copper Ltd.,Value-added metal products,value added metals,Value Added Metals,manufacturing and construction,core_product,commodity_like,"NSE annual-report archive, NSE classification and sector value-chain curation",0.62,True
nifty_50_shariah,HINDUNILVR,HINDUSTAN UNILEVER LTD.,Laundry and household care,home care FMCG,Home Care,households,core_product,branded,Annual Report 2024-25 business/segment discussion,0.86,False
nifty_50_shariah,HINDUNILVR,HINDUSTAN UNILEVER LTD.,"Skin, hair and personal care",personal care FMCG,Beauty and Personal Care,households,core_product,branded,Annual Report 2024-25 business/segment discussion,0.86,False
nifty_50_shariah,HINDUNILVR,HINDUSTAN UNILEVER LTD.,"Tea, coffee, foods and nutrition",foods and refreshment,Foods and Refreshment,households,core_product,branded,Annual Report 2024-25 business/segment discussion,0.86,False
nifty_500_shariah,HSCL,Himadri Speciality Chemical Ltd.,Specialty or industrial chemicals,chemicals,Chemicals,industrial and agricultural customers,core_product,commodity_and_specialty,"NSE annual-report archive, NSE classification and sector value-chain curation",0.62,True
nifty_500_shariah,HSCL,Himadri Speciality Chemical Ltd.,Formulated or value-added products,formulations,Value Added Chemicals,industrial users and channel partners,core_product,branded_or_contract,"NSE annual-report archive, NSE classification and sector value-chain curation",0.62,True
nifty_500_shariah,HYUNDAI,Hyundai Motor India Ltd.,Automotive products or components,automotive,Automotive,OEM and replacement customers,core_product,branded_or_contract,"NSE annual-report archive, NSE classification and sector value-chain curation",0.62,True
nifty_500_shariah,HYUNDAI,Hyundai Motor India Ltd.,Aftermarket and services,aftermarket,Aftermarket,replacement and service channels,service,recurring,"NSE annual-report archive, NSE classification and sector value-chain curation",0.62,True
nifty_500_shariah,IGL,Indraprastha Gas Ltd.,Energy products or utility services,energy,Energy and Utilities,industrial and retail users,core_product,regulated,"NSE annual-report archive, NSE classification and sector value-chain curation",0.62,True
nifty_500_shariah,IGL,Indraprastha Gas Ltd.,Network and infrastructure services,energy infrastructure,Infrastructure,regulated users and project customers,service,regulated,"NSE annual-report archive, NSE classification and sector value-chain curation",0.62,True
nifty_500_shariah,INDUSTOWER,Indus Towers Ltd.,Industrial equipment and project supplies,capital goods,Capital Goods,industrial and infrastructure customers,core_product,project_based,"NSE annual-report archive, NSE classification and sector value-chain curation",0.62,True
nifty_500_shariah,INDUSTOWER,Indus Towers Ltd.,"Services, spares and execution",engineering services,Services and Execution,installed base and project owners,service,recurring_or_project,"NSE annual-report archive, NSE classification and sector value-chain curation",0.62,True
nifty_50_shariah,INFY,INFOSYS LTD.,Digital transformation and cloud services,IT services,Financial Services,enterprise IT,service,recurring,Annual Report 2024-25 business/segment discussion,0.86,False
nifty_50_shariah,INFY,INFOSYS LTD.,Application development and maintenance,IT managed services,Manufacturing and Hi-Tech,enterprise IT,service,recurring,Annual Report 2024-25 business/segment discussion,0.86,False
nifty_50_shariah,INFY,INFOSYS LTD.,Consulting and business process services,consulting and BPS,Retail and Consumer,enterprise operations,service,project_based,Annual Report 2024-25 business/segment discussion,0.86,False
nifty_500_shariah,INOXWIND,Inox Wind Ltd.,Industrial equipment and project supplies,capital goods,Capital Goods,industrial and infrastructure customers,core_product,project_based,"NSE annual-report archive, NSE classification and sector value-chain curation",0.62,True
nifty_500_shariah,INOXWIND,Inox Wind Ltd.,"Services, spares and execution",engineering services,Services and Execution,installed base and project owners,service,recurring_or_project,"NSE annual-report archive, NSE classification and sector value-chain curation",0.62,True
nifty_500_shariah,IPCALAB,Ipca Laboratories Ltd.,Core healthcare products or services,healthcare,Core Healthcare,patients and healthcare distribution,core_product,regulated,"NSE annual-report archive, NSE classification and sector value-chain curation",0.62,True
nifty_500_shariah,IPCALAB,Ipca Laboratories Ltd.,Specialty or institutional portfolio,specialty healthcare,Specialty and Institutional,hospitals and institutional buyers,service,regulated,"NSE annual-report archive, NSE classification and sector value-chain curation",0.62,True
nifty_500_shariah,ITI,ITI Ltd.,Industrial equipment and project supplies,capital goods,Capital Goods,industrial and infrastructure customers,core_product,project_based,"NSE annual-report archive, NSE classification and sector value-chain curation",0.62,True
nifty_500_shariah,ITI,ITI Ltd.,"Services, spares and execution",engineering services,Services and Execution,installed base and project owners,service,recurring_or_project,"NSE annual-report archive, NSE classification and sector value-chain curation",0.62,True
nifty_500_shariah,JBCHEPHARM,J B Chemicals & Pharmaceuticals Ltd.,Core healthcare products or services,healthcare,Core Healthcare,patients and healthcare distribution,core_product,regulated,"NSE annual-report archive, NSE classification and sector value-chain curation",0.62,True
nifty_500_shariah,JBCHEPHARM,J B Chemicals & Pharmaceuticals Ltd.,Specialty or institutional portfolio,specialty healthcare,Specialty and Institutional,hospitals and institutional buyers,service,regulated,"NSE annual-report archive, NSE classification and sector value-chain curation",0.62,True
nifty_500_shariah,JINDALSAW,Jindal Saw Ltd.,Industrial equipment and project supplies,capital goods,Capital Goods,industrial and infrastructure customers,core_product,project_based,"NSE annual-report archive, NSE classification and sector value-chain curation",0.62,True
nifty_500_shariah,JINDALSAW,Jindal Saw Ltd.,"Services, spares and execution",engineering services,Services and Execution,installed base and project owners,service,recurring_or_project,"NSE annual-report archive, NSE classification and sector value-chain curation",0.62,True
nifty_500_shariah,JINDALSTEL,Jindal Steel Ltd.,Metal products,metals,Metals,industrial customers,core_product,commodity_like,"NSE annual-report archive, NSE classification and sector value-chain curation",0.62,True
nifty_500_shariah,JINDALSTEL,Jindal Steel Ltd.,Value-added metal products,value added metals,Value Added Metals,manufacturing and construction,core_product,commodity_like,"NSE annual-report archive, NSE classification and sector value-chain curation",0.62,True
nifty_500_shariah,JSL,Jindal Stainless Ltd.,Metal products,metals,Metals,industrial customers,core_product,commodity_like,"NSE annual-report archive, NSE classification and sector value-chain curation",0.62,True
nifty_500_shariah,JSL,Jindal Stainless Ltd.,Value-added metal products,value added metals,Value Added Metals,manufacturing and construction,core_product,commodity_like,"NSE annual-report archive, NSE classification and sector value-chain curation",0.62,True
ind_nifty500,JSWDULUX,JSW Dulux Ltd.,Branded consumer products,consumer products,Consumer Products,retail consumers,core_product,branded,"NSE annual-report archive, NSE classification and sector value-chain curation",0.62,True
ind_nifty500,JSWDULUX,JSW Dulux Ltd.,Distribution and channel portfolio,distribution,Distribution and Channels,trade channels and consumers,service,recurring,"NSE annual-report archive, NSE classification and sector value-chain curation",0.62,True
nifty_500_shariah,JUBLINGREA,Jubilant Ingrevia Ltd.,Specialty or industrial chemicals,chemicals,Chemicals,industrial and agricultural customers,core_product,commodity_and_specialty,"NSE annual-report archive, NSE classification and sector value-chain curation",0.62,True
nifty_500_shariah,JUBLINGREA,Jubilant Ingrevia Ltd.,Formulated or value-added products,formulations,Value Added Chemicals,industrial users and channel partners,core_product,branded_or_contract,"NSE annual-report archive, NSE classification and sector value-chain curation",0.62,True
nifty_500_shariah,JUBLPHARMA,Jubilant Pharmova Ltd.,Core healthcare products or services,healthcare,Core Healthcare,patients and healthcare distribution,core_product,regulated,"NSE annual-report archive, NSE classification and sector value-chain curation",0.62,True
nifty_500_shariah,JUBLPHARMA,Jubilant Pharmova Ltd.,Specialty or institutional portfolio,specialty healthcare,Specialty and Institutional,hospitals and institutional buyers,service,regulated,"NSE annual-report archive, NSE classification and sector value-chain curation",0.62,True
nifty_500_shariah,JWL,Jupiter Wagons Ltd.,Industrial equipment and project supplies,capital goods,Capital Goods,industrial and infrastructure customers,core_product,project_based,"NSE annual-report archive, NSE classification and sector value-chain curation",0.62,True
nifty_500_shariah,JWL,Jupiter Wagons Ltd.,"Services, spares and execution",engineering services,Services and Execution,installed base and project owners,service,recurring_or_project,"NSE annual-report archive, NSE classification and sector value-chain curation",0.62,True
nifty_500_shariah,JYOTICNC,Jyoti CNC Automation Ltd.,Automotive products or components,automotive,Automotive,OEM and replacement customers,core_product,branded_or_contract,"NSE annual-report archive, NSE classification and sector value-chain curation",0.62,True
nifty_500_shariah,JYOTICNC,Jyoti CNC Automation Ltd.,Aftermarket and services,aftermarket,Aftermarket,replacement and service channels,service,recurring,"NSE annual-report archive, NSE classification and sector value-chain curation",0.62,True
nifty_500_shariah,KAJARIACER,Kajaria Ceramics Ltd.,Branded consumer products,consumer products,Consumer Products,retail consumers,core_product,branded,"NSE annual-report archive, NSE classification and sector value-chain curation",0.62,True
nifty_500_shariah,KAJARIACER,Kajaria Ceramics Ltd.,Distribution and channel portfolio,distribution,Distribution and Channels,trade channels and consumers,service,recurring,"NSE annual-report archive, NSE classification and sector value-chain curation",0.62,True
nifty_500_shariah,KEC,KEC International Ltd.,Industrial equipment and project supplies,capital goods,Capital Goods,industrial and infrastructure customers,core_product,project_based,"NSE annual-report archive, NSE classification and sector value-chain curation",0.62,True
nifty_500_shariah,KEC,KEC International Ltd.,"Services, spares and execution",engineering services,Services and Execution,installed base and project owners,service,recurring_or_project,"NSE annual-report archive, NSE classification and sector value-chain curation",0.62,True
nifty_500_shariah,KEI,KEI Industries Ltd.,Industrial equipment and project supplies,capital goods,Capital Goods,industrial and infrastructure customers,core_product,project_based,"NSE annual-report archive, NSE classification and sector value-chain curation",0.62,True
nifty_500_shariah,KEI,KEI Industries Ltd.,"Services, spares and execution",engineering services,Services and Execution,installed base and project owners,service,recurring_or_project,"NSE annual-report archive, NSE classification and sector value-chain curation",0.62,True
nifty_500_shariah,KPIL,Kalpataru Projects International Ltd.,Industrial equipment and project supplies,capital goods,Capital Goods,industrial and infrastructure customers,core_product,project_based,"NSE annual-report archive, NSE classification and sector value-chain curation",0.62,True
nifty_500_shariah,KPIL,Kalpataru Projects International Ltd.,"Services, spares and execution",engineering services,Services and Execution,installed base and project owners,service,recurring_or_project,"NSE annual-report archive, NSE classification and sector value-chain curation",0.62,True
nifty_500_shariah,KPITTECH,KPIT Technologies Ltd.,IT and digital services,IT services,Technology Services,enterprise IT,service,project_and_recurring,"NSE annual-report archive, NSE classification and sector value-chain curation",0.62,True
nifty_500_shariah,KPITTECH,KPIT Technologies Ltd.,Managed services and support,managed services,Technology Services,enterprise operations,service,recurring,"NSE annual-report archive, NSE classification and sector value-chain curation",0.62,True
nifty_500_shariah,LINDEINDIA,Linde India Ltd.,Specialty or industrial chemicals,chemicals,Chemicals,industrial and agricultural customers,core_product,commodity_and_specialty,"NSE annual-report archive, NSE classification and sector value-chain curation",0.62,True
nifty_500_shariah,LINDEINDIA,Linde India Ltd.,Formulated or value-added products,formulations,Value Added Chemicals,industrial users and channel partners,core_product,branded_or_contract,"NSE annual-report archive, NSE classification and sector value-chain curation",0.62,True
nifty_500_shariah,LLOYDSME,Lloyds Metals & Energy Ltd.,Metal products,metals,Metals,industrial customers,core_product,commodity_like,"NSE annual-report archive, NSE classification and sector value-chain curation",0.62,True
nifty_500_shariah,LLOYDSME,Lloyds Metals & Energy Ltd.,Value-added metal products,value added metals,Value Added Metals,manufacturing and construction,core_product,commodity_like,"NSE annual-report archive, NSE classification and sector value-chain curation",0.62,True
nifty_500_shariah,LODHA,Lodha Developers Ltd.,Branded consumer products,consumer products,Consumer Products,retail consumers,core_product,branded,"NSE annual-report archive, NSE classification and sector value-chain curation",0.62,True
nifty_500_shariah,LODHA,Lodha Developers Ltd.,Distribution and channel portfolio,distribution,Distribution and Channels,trade channels and consumers,service,recurring,"NSE annual-report archive, NSE classification and sector value-chain curation",0.62,True
nifty_500_shariah,LTFOODS,LT Foods Ltd.,Branded consumer products,consumer products,Consumer Products,retail consumers,core_product,branded,"NSE annual-report archive, NSE classification and sector value-chain curation",0.62,True
nifty_500_shariah,LTFOODS,LT Foods Ltd.,Distribution and channel portfolio,distribution,Distribution and Channels,trade channels and consumers,service,recurring,"NSE annual-report archive, NSE classification and sector value-chain curation",0.62,True
nifty_500_shariah,LTM,LTM Ltd.,IT and digital services,IT services,Technology Services,enterprise IT,service,project_and_recurring,"NSE annual-report archive, NSE classification and sector value-chain curation",0.62,True
nifty_500_shariah,LTM,LTM Ltd.,Managed services and support,managed services,Technology Services,enterprise operations,service,recurring,"NSE annual-report archive, NSE classification and sector value-chain curation",0.62,True
nifty_500_shariah,LTTS,L&T Technology Services Ltd.,IT and digital services,IT services,Technology Services,enterprise IT,service,project_and_recurring,"NSE annual-report archive, NSE classification and sector value-chain curation",0.62,True
nifty_500_shariah,LTTS,L&T Technology Services Ltd.,Managed services and support,managed services,Technology Services,enterprise operations,service,recurring,"NSE annual-report archive, NSE classification and sector value-chain curation",0.62,True
nifty_500_shariah,LUPIN,Lupin Ltd.,Core healthcare products or services,healthcare,Core Healthcare,patients and healthcare distribution,core_product,regulated,"NSE annual-report archive, NSE classification and sector value-chain curation",0.62,True
nifty_500_shariah,LUPIN,Lupin Ltd.,Specialty or institutional portfolio,specialty healthcare,Specialty and Institutional,hospitals and institutional buyers,service,regulated,"NSE annual-report archive, NSE classification and sector value-chain curation",0.62,True
nifty_500_shariah,MARICO,Marico Ltd.,Branded consumer products,consumer products,Consumer Products,retail consumers,core_product,branded,"NSE annual-report archive, NSE classification and sector value-chain curation",0.62,True
nifty_500_shariah,MARICO,Marico Ltd.,Distribution and channel portfolio,distribution,Distribution and Channels,trade channels and consumers,service,recurring,"NSE annual-report archive, NSE classification and sector value-chain curation",0.62,True
nifty_500_shariah,MAXHEALTH,Max Healthcare Institute Ltd.,Core healthcare products or services,healthcare,Core Healthcare,patients and healthcare distribution,core_product,regulated,"NSE annual-report archive, NSE classification and sector value-chain curation",0.62,True
nifty_500_shariah,MAXHEALTH,Max Healthcare Institute Ltd.,Specialty or institutional portfolio,specialty healthcare,Specialty and Institutional,hospitals and institutional buyers,service,regulated,"NSE annual-report archive, NSE classification and sector value-chain curation",0.62,True
nifty_500_shariah,MEDANTA,Global Health Ltd.,Core healthcare products or services,healthcare,Core Healthcare,patients and healthcare distribution,core_product,regulated,"NSE annual-report archive, NSE classification and sector value-chain curation",0.62,True
nifty_500_shariah,MEDANTA,Global Health Ltd.,Specialty or institutional portfolio,specialty healthcare,Specialty and Institutional,hospitals and institutional buyers,service,regulated,"NSE annual-report archive, NSE classification and sector value-chain curation",0.62,True
nifty_500_shariah,MGL,Mahanagar Gas Ltd.,Energy products or utility services,energy,Energy and Utilities,industrial and retail users,core_product,regulated,"NSE annual-report archive, NSE classification and sector value-chain curation",0.62,True
nifty_500_shariah,MGL,Mahanagar Gas Ltd.,Network and infrastructure services,energy infrastructure,Infrastructure,regulated users and project customers,service,regulated,"NSE annual-report archive, NSE classification and sector value-chain curation",0.62,True
nifty_500_shariah,MOTHERSON,Samvardhana Motherson International Ltd.,Automotive products or components,automotive,Automotive,OEM and replacement customers,core_product,branded_or_contract,"NSE annual-report archive, NSE classification and sector value-chain curation",0.62,True
nifty_500_shariah,MOTHERSON,Samvardhana Motherson International Ltd.,Aftermarket and services,aftermarket,Aftermarket,replacement and service channels,service,recurring,"NSE annual-report archive, NSE classification and sector value-chain curation",0.62,True
nifty_500_shariah,MPHASIS,MphasiS Ltd.,IT and digital services,IT services,Technology Services,enterprise IT,service,project_and_recurring,"NSE annual-report archive, NSE classification and sector value-chain curation",0.62,True
nifty_500_shariah,MPHASIS,MphasiS Ltd.,Managed services and support,managed services,Technology Services,enterprise operations,service,recurring,"NSE annual-report archive, NSE classification and sector value-chain curation",0.62,True
nifty_500_shariah,MRF,MRF Ltd.,Automotive products or components,automotive,Automotive,OEM and replacement customers,core_product,branded_or_contract,"NSE annual-report archive, NSE classification and sector value-chain curation",0.62,True
nifty_500_shariah,MRF,MRF Ltd.,Aftermarket and services,aftermarket,Aftermarket,replacement and service channels,service,recurring,"NSE annual-report archive, NSE classification and sector value-chain curation",0.62,True
nifty_500_shariah,MSUMI,Motherson Sumi Wiring India Ltd.,Automotive products or components,automotive,Automotive,OEM and replacement customers,core_product,branded_or_contract,"NSE annual-report archive, NSE classification and sector value-chain curation",0.62,True
nifty_500_shariah,MSUMI,Motherson Sumi Wiring India Ltd.,Aftermarket and services,aftermarket,Aftermarket,replacement and service channels,service,recurring,"NSE annual-report archive, NSE classification and sector value-chain curation",0.62,True
nifty_500_shariah,NATIONALUM,National Aluminium Company Ltd.,Metal products,metals,Metals,industrial customers,core_product,commodity_like,"NSE annual-report archive, NSE classification and sector value-chain curation",0.62,True
nifty_500_shariah,NATIONALUM,National Aluminium Company Ltd.,Value-added metal products,value added metals,Value Added Metals,manufacturing and construction,core_product,commodity_like,"NSE annual-report archive, NSE classification and sector value-chain curation",0.62,True
nifty_500_shariah,NAVA,NAVA Ltd.,Energy products or utility services,energy,Energy and Utilities,industrial and retail users,core_product,regulated,"NSE annual-report archive, NSE classification and sector value-chain curation",0.62,True
nifty_500_shariah,NAVA,NAVA Ltd.,Network and infrastructure services,energy infrastructure,Infrastructure,regulated users and project customers,service,regulated,"NSE annual-report archive, NSE classification and sector value-chain curation",0.62,True
nifty_500_shariah,NBCC,NBCC (India) Ltd.,Industrial equipment and project supplies,capital goods,Capital Goods,industrial and infrastructure customers,core_product,project_based,"NSE annual-report archive, NSE classification and sector value-chain curation",0.62,True
nifty_500_shariah,NBCC,NBCC (India) Ltd.,"Services, spares and execution",engineering services,Services and Execution,installed base and project owners,service,recurring_or_project,"NSE annual-report archive, NSE classification and sector value-chain curation",0.62,True
nifty_500_shariah,NCC,NCC Ltd.,Industrial equipment and project supplies,capital goods,Capital Goods,industrial and infrastructure customers,core_product,project_based,"NSE annual-report archive, NSE classification and sector value-chain curation",0.62,True
nifty_500_shariah,NCC,NCC Ltd.,"Services, spares and execution",engineering services,Services and Execution,installed base and project owners,service,recurring_or_project,"NSE annual-report archive, NSE classification and sector value-chain curation",0.62,True
nifty_50_shariah,NESTLEIND,NESTLE INDIA LTD.,Maggi and cooking aids,prepared foods,Prepared Dishes and Cooking Aids,households,core_product,branded,Annual Report 2024-25 business/segment discussion,0.86,False
nifty_50_shariah,NESTLEIND,NESTLE INDIA LTD.,Milk products and nutrition,nutrition and dairy,Milk Products and Nutrition,households,core_product,regulated,Annual Report 2024-25 business/segment discussion,0.86,False
nifty_50_shariah,NESTLEIND,NESTLE INDIA LTD.,Coffee and confectionery,beverages and confectionery,Powdered and Liquid Beverages,households,core_product,branded,Annual Report 2024-25 business/segment discussion,0.86,False
nifty_500_shariah,NETWEB,Netweb Technologies India Ltd.,IT and digital services,IT services,Technology Services,enterprise IT,service,project_and_recurring,"NSE annual-report archive, NSE classification and sector value-chain curation",0.62,True
nifty_500_shariah,NETWEB,Netweb Technologies India Ltd.,Managed services and support,managed services,Technology Services,enterprise operations,service,recurring,"NSE annual-report archive, NSE classification and sector value-chain curation",0.62,True
nifty_500_shariah,NEULANDLAB,Neuland Laboratories Ltd.,Core healthcare products or services,healthcare,Core Healthcare,patients and healthcare distribution,core_product,regulated,"NSE annual-report archive, NSE classification and sector value-chain curation",0.62,True
nifty_500_shariah,NEULANDLAB,Neuland Laboratories Ltd.,Specialty or institutional portfolio,specialty healthcare,Specialty and Institutional,hospitals and institutional buyers,service,regulated,"NSE annual-report archive, NSE classification and sector value-chain curation",0.62,True
nifty_500_shariah,NSLNISP,NMDC Steel Ltd.,Metal products,metals,Metals,industrial customers,core_product,commodity_like,"NSE annual-report archive, NSE classification and sector value-chain curation",0.62,True
nifty_500_shariah,NSLNISP,NMDC Steel Ltd.,Value-added metal products,value added metals,Value Added Metals,manufacturing and construction,core_product,commodity_like,"NSE annual-report archive, NSE classification and sector value-chain curation",0.62,True
nifty_500_shariah,NUVOCO,Nuvoco Vistas Corporation Ltd.,Industrial equipment and project supplies,capital goods,Capital Goods,industrial and infrastructure customers,core_product,project_based,"NSE annual-report archive, NSE classification and sector value-chain curation",0.62,True
nifty_500_shariah,NUVOCO,Nuvoco Vistas Corporation Ltd.,"Services, spares and execution",engineering services,Services and Execution,installed base and project owners,service,recurring_or_project,"NSE annual-report archive, NSE classification and sector value-chain curation",0.62,True
nifty_500_shariah,OLECTRA,Olectra Greentech Ltd.,Automotive products or components,automotive,Automotive,OEM and replacement customers,core_product,branded_or_contract,"NSE annual-report archive, NSE classification and sector value-chain curation",0.62,True
nifty_500_shariah,OLECTRA,Olectra Greentech Ltd.,Aftermarket and services,aftermarket,Aftermarket,replacement and service channels,service,recurring,"NSE annual-report archive, NSE classification and sector value-chain curation",0.62,True
nifty_50_shariah,ONGC,Oil & Natural Gas Corporation,Crude oil,crude oil,Exploration and Production,refiners,core_product,commodity_like,Annual Report 2024-25 business/segment discussion,0.86,False
nifty_50_shariah,ONGC,Oil & Natural Gas Corporation,Natural gas,natural gas,Exploration and Production,gas utilities and industrial users,core_product,regulated,Annual Report 2024-25 business/segment discussion,0.86,False
nifty_50_shariah,ONGC,Oil & Natural Gas Corporation,Refined petroleum exposure,refining,Refining and Marketing / Group Downstream,fuel consumers,other,commodity_like,Annual Report 2024-25 business/segment discussion,0.58,True
nifty_500_shariah,PAGEIND,Page Industries Ltd.,Branded consumer products,consumer products,Consumer Products,retail consumers,core_product,branded,"NSE annual-report archive, NSE classification and sector value-chain curation",0.62,True
nifty_500_shariah,PAGEIND,Page Industries Ltd.,Distribution and channel portfolio,distribution,Distribution and Channels,trade channels and consumers,service,recurring,"NSE annual-report archive, NSE classification and sector value-chain curation",0.62,True
nifty_500_shariah,PATANJALI,Patanjali Foods Ltd.,Branded consumer products,consumer products,Consumer Products,retail consumers,core_product,branded,"NSE annual-report archive, NSE classification and sector value-chain curation",0.62,True
nifty_500_shariah,PATANJALI,Patanjali Foods Ltd.,Distribution and channel portfolio,distribution,Distribution and Channels,trade channels and consumers,service,recurring,"NSE annual-report archive, NSE classification and sector value-chain curation",0.62,True
nifty_500_shariah,PERSISTENT,Persistent Systems Ltd.,IT and digital services,IT services,Technology Services,enterprise IT,service,project_and_recurring,"NSE annual-report archive, NSE classification and sector value-chain curation",0.62,True
nifty_500_shariah,PERSISTENT,Persistent Systems Ltd.,Managed services and support,managed services,Technology Services,enterprise operations,service,recurring,"NSE annual-report archive, NSE classification and sector value-chain curation",0.62,True
nifty_500_shariah,PETRONET,Petronet LNG Ltd.,Energy products or utility services,energy,Energy and Utilities,industrial and retail users,core_product,regulated,"NSE annual-report archive, NSE classification and sector value-chain curation",0.62,True
nifty_500_shariah,PETRONET,Petronet LNG Ltd.,Network and infrastructure services,energy infrastructure,Infrastructure,regulated users and project customers,service,regulated,"NSE annual-report archive, NSE classification and sector value-chain curation",0.62,True
nifty_500_shariah,PGEL,PG Electroplast Ltd.,Branded consumer products,consumer products,Consumer Products,retail consumers,core_product,branded,"NSE annual-report archive, NSE classification and sector value-chain curation",0.62,True
nifty_500_shariah,PGEL,PG Electroplast Ltd.,Distribution and channel portfolio,distribution,Distribution and Channels,trade channels and consumers,service,recurring,"NSE annual-report archive, NSE classification and sector value-chain curation",0.62,True
nifty_500_shariah,PIDILITIND,Pidilite Industries Ltd.,Specialty or industrial chemicals,chemicals,Chemicals,industrial and agricultural customers,core_product,commodity_and_specialty,"NSE annual-report archive, NSE classification and sector value-chain curation",0.62,True
nifty_500_shariah,PIDILITIND,Pidilite Industries Ltd.,Formulated or value-added products,formulations,Value Added Chemicals,industrial users and channel partners,core_product,branded_or_contract,"NSE annual-report archive, NSE classification and sector value-chain curation",0.62,True
nifty_500_shariah,POLYCAB,Polycab India Ltd.,Industrial equipment and project supplies,capital goods,Capital Goods,industrial and infrastructure customers,core_product,project_based,"NSE annual-report archive, NSE classification and sector value-chain curation",0.62,True
nifty_500_shariah,POLYCAB,Polycab India Ltd.,"Services, spares and execution",engineering services,Services and Execution,installed base and project owners,service,recurring_or_project,"NSE annual-report archive, NSE classification and sector value-chain curation",0.62,True
nifty_500_shariah,POWERINDIA,Hitachi Energy India Ltd.,Industrial equipment and project supplies,capital goods,Capital Goods,industrial and infrastructure customers,core_product,project_based,"NSE annual-report archive, NSE classification and sector value-chain curation",0.62,True
nifty_500_shariah,POWERINDIA,Hitachi Energy India Ltd.,"Services, spares and execution",engineering services,Services and Execution,installed base and project owners,service,recurring_or_project,"NSE annual-report archive, NSE classification and sector value-chain curation",0.62,True
nifty_500_shariah,RAILTEL,RailTel Corporation of India Ltd.,Core products or services,core business,Core Business,industry customers,core_product,mixed,"NSE annual-report archive, NSE classification and sector value-chain curation",0.62,True
nifty_500_shariah,RAILTEL,RailTel Corporation of India Ltd.,Value-added or ancillary services,ancillary business,Ancillary Business,adjacent customers,service,mixed,"NSE annual-report archive, NSE classification and sector value-chain curation",0.62,True
nifty_500_shariah,REDINGTON,Redington Ltd.,Core products or services,core business,Core Business,industry customers,core_product,mixed,"NSE annual-report archive, NSE classification and sector value-chain curation",0.62,True
nifty_500_shariah,REDINGTON,Redington Ltd.,Value-added or ancillary services,ancillary business,Ancillary Business,adjacent customers,service,mixed,"NSE annual-report archive, NSE classification and sector value-chain curation",0.62,True
nifty_500_shariah,RHIM,RHI Magnesita India Ltd.,Industrial equipment and project supplies,capital goods,Capital Goods,industrial and infrastructure customers,core_product,project_based,"NSE annual-report archive, NSE classification and sector value-chain curation",0.62,True
nifty_500_shariah,RHIM,RHI Magnesita India Ltd.,"Services, spares and execution",engineering services,Services and Execution,installed base and project owners,service,recurring_or_project,"NSE annual-report archive, NSE classification and sector value-chain curation",0.62,True
nifty_500_shariah,RRKABEL,R R Kabel Ltd.,Industrial equipment and project supplies,capital goods,Capital Goods,industrial and infrastructure customers,core_product,project_based,"NSE annual-report archive, NSE classification and sector value-chain curation",0.62,True
nifty_500_shariah,RRKABEL,R R Kabel Ltd.,"Services, spares and execution",engineering services,Services and Execution,installed base and project owners,service,recurring_or_project,"NSE annual-report archive, NSE classification and sector value-chain curation",0.62,True
nifty_500_shariah,RVNL,Rail Vikas Nigam Ltd.,Industrial equipment and project supplies,capital goods,Capital Goods,industrial and infrastructure customers,core_product,project_based,"NSE annual-report archive, NSE classification and sector value-chain curation",0.62,True
nifty_500_shariah,RVNL,Rail Vikas Nigam Ltd.,"Services, spares and execution",engineering services,Services and Execution,installed base and project owners,service,recurring_or_project,"NSE annual-report archive, NSE classification and sector value-chain curation",0.62,True
nifty_500_shariah,SAGILITY,Sagility Ltd.,IT and digital services,IT services,Technology Services,enterprise IT,service,project_and_recurring,"NSE annual-report archive, NSE classification and sector value-chain curation",0.62,True
nifty_500_shariah,SAGILITY,Sagility Ltd.,Managed services and support,managed services,Technology Services,enterprise operations,service,recurring,"NSE annual-report archive, NSE classification and sector value-chain curation",0.62,True
nifty_500_shariah,SAIL,Steel Authority of India (SAIL) Ltd.,Metal products,metals,Metals,industrial customers,core_product,commodity_like,"NSE annual-report archive, NSE classification and sector value-chain curation",0.62,True
nifty_500_shariah,SAIL,Steel Authority of India (SAIL) Ltd.,Value-added metal products,value added metals,Value Added Metals,manufacturing and construction,core_product,commodity_like,"NSE annual-report archive, NSE classification and sector value-chain curation",0.62,True
nifty_500_shariah,SAILIFE,Sai Life Science Ltd.,Core healthcare products or services,healthcare,Core Healthcare,patients and healthcare distribution,core_product,regulated,"NSE annual-report archive, NSE classification and sector value-chain curation",0.62,True
nifty_500_shariah,SAILIFE,Sai Life Science Ltd.,Specialty or institutional portfolio,specialty healthcare,Specialty and Institutional,hospitals and institutional buyers,service,regulated,"NSE annual-report archive, NSE classification and sector value-chain curation",0.62,True
nifty_500_shariah,SCHAEFFLER,Schaeffler India Ltd.,Automotive products or components,automotive,Automotive,OEM and replacement customers,core_product,branded_or_contract,"NSE annual-report archive, NSE classification and sector value-chain curation",0.62,True
nifty_500_shariah,SCHAEFFLER,Schaeffler India Ltd.,Aftermarket and services,aftermarket,Aftermarket,replacement and service channels,service,recurring,"NSE annual-report archive, NSE classification and sector value-chain curation",0.62,True
nifty_500_shariah,SCI,Shipping Corporation of India Ltd.,Core products or services,core business,Core Business,industry customers,core_product,mixed,"NSE annual-report archive, NSE classification and sector value-chain curation",0.62,True
nifty_500_shariah,SCI,Shipping Corporation of India Ltd.,Value-added or ancillary services,ancillary business,Ancillary Business,adjacent customers,service,mixed,"NSE annual-report archive, NSE classification and sector value-chain curation",0.62,True
nifty_500_shariah,SHYAMMETL,Shyam Metalics and Energy Ltd.,Industrial equipment and project supplies,capital goods,Capital Goods,industrial and infrastructure customers,core_product,project_based,"NSE annual-report archive, NSE classification and sector value-chain curation",0.62,True
nifty_500_shariah,SHYAMMETL,Shyam Metalics and Energy Ltd.,"Services, spares and execution",engineering services,Services and Execution,installed base and project owners,service,recurring_or_project,"NSE annual-report archive, NSE classification and sector value-chain curation",0.62,True
ind_nifty500,SOBHA,Sobha Ltd.,Branded consumer products,consumer products,Consumer Products,retail consumers,core_product,branded,"NSE annual-report archive, NSE classification and sector value-chain curation",0.62,True
ind_nifty500,SOBHA,Sobha Ltd.,Distribution and channel portfolio,distribution,Distribution and Channels,trade channels and consumers,service,recurring,"NSE annual-report archive, NSE classification and sector value-chain curation",0.62,True
ind_nifty500,SONATSOFTW,Sonata Software Ltd.,IT and digital services,IT services,Technology Services,enterprise IT,service,project_and_recurring,"NSE annual-report archive, NSE classification and sector value-chain curation",0.62,True
ind_nifty500,SONATSOFTW,Sonata Software Ltd.,Managed services and support,managed services,Technology Services,enterprise operations,service,recurring,"NSE annual-report archive, NSE classification and sector value-chain curation",0.62,True
nifty_500_shariah,SPLPETRO,Supreme Petrochem Ltd.,Specialty or industrial chemicals,chemicals,Chemicals,industrial and agricultural customers,core_product,commodity_and_specialty,"NSE annual-report archive, NSE classification and sector value-chain curation",0.62,True
nifty_500_shariah,SPLPETRO,Supreme Petrochem Ltd.,Formulated or value-added products,formulations,Value Added Chemicals,industrial users and channel partners,core_product,branded_or_contract,"NSE annual-report archive, NSE classification and sector value-chain curation",0.62,True
ind_nifty500,SRF,SRF Ltd.,Specialty or industrial chemicals,chemicals,Chemicals,industrial and agricultural customers,core_product,commodity_and_specialty,"NSE annual-report archive, NSE classification and sector value-chain curation",0.62,True
ind_nifty500,SRF,SRF Ltd.,Formulated or value-added products,formulations,Value Added Chemicals,industrial users and channel partners,core_product,branded_or_contract,"NSE annual-report archive, NSE classification and sector value-chain curation",0.62,True
nifty_50_shariah,SUNPHARMA,SUN PHARMACEUTICAL INDUSTRIES LTD.,India branded formulations,branded pharmaceuticals,India Formulations,domestic healthcare,core_product,regulated,Annual Report 2024-25 business/segment discussion,0.86,False
nifty_50_shariah,SUNPHARMA,SUN PHARMACEUTICAL INDUSTRIES LTD.,US specialty and generics,specialty and generic pharma,US Formulations and Specialty,US healthcare,core_product,regulated,Annual Report 2024-25 business/segment discussion,0.86,False
nifty_50_shariah,SUNPHARMA,SUN PHARMACEUTICAL INDUSTRIES LTD.,APIs,APIs,API and Other,pharma manufacturing,core_product,commodity_like,Annual Report 2024-25 business/segment discussion,0.58,True
nifty_500_shariah,SUPREMEIND,Supreme Industries Ltd.,Industrial equipment and project supplies,capital goods,Capital Goods,industrial and infrastructure customers,core_product,project_based,"NSE annual-report archive, NSE classification and sector value-chain curation",0.62,True
nifty_500_shariah,SUPREMEIND,Supreme Industries Ltd.,"Services, spares and execution",engineering services,Services and Execution,installed base and project owners,service,recurring_or_project,"NSE annual-report archive, NSE classification and sector value-chain curation",0.62,True
nifty_500_shariah,SUZLON,Suzlon Energy Ltd.,Industrial equipment and project supplies,capital goods,Capital Goods,industrial and infrastructure customers,core_product,project_based,"NSE annual-report archive, NSE classification and sector value-chain curation",0.62,True
nifty_500_shariah,SUZLON,Suzlon Energy Ltd.,"Services, spares and execution",engineering services,Services and Execution,installed base and project owners,service,recurring_or_project,"NSE annual-report archive, NSE classification and sector value-chain curation",0.62,True
nifty_500_shariah,SWANCORP,Swan Corp Ltd.,Specialty or industrial chemicals,chemicals,Chemicals,industrial and agricultural customers,core_product,commodity_and_specialty,"NSE annual-report archive, NSE classification and sector value-chain curation",0.62,True
nifty_500_shariah,SWANCORP,Swan Corp Ltd.,Formulated or value-added products,formulations,Value Added Chemicals,industrial users and channel partners,core_product,branded_or_contract,"NSE annual-report archive, NSE classification and sector value-chain curation",0.62,True
nifty_500_shariah,SWIGGY,Swiggy Ltd.,Branded consumer products,consumer products,Consumer Products,retail consumers,core_product,branded,"NSE annual-report archive, NSE classification and sector value-chain curation",0.62,True
nifty_500_shariah,SWIGGY,Swiggy Ltd.,Distribution and channel portfolio,distribution,Distribution and Channels,trade channels and consumers,service,recurring,"NSE annual-report archive, NSE classification and sector value-chain curation",0.62,True
nifty_500_shariah,SYNGENE,Syngene International Ltd.,Core healthcare products or services,healthcare,Core Healthcare,patients and healthcare distribution,core_product,regulated,"NSE annual-report archive, NSE classification and sector value-chain curation",0.62,True
nifty_500_shariah,SYNGENE,Syngene International Ltd.,Specialty or institutional portfolio,specialty healthcare,Specialty and Institutional,hospitals and institutional buyers,service,regulated,"NSE annual-report archive, NSE classification and sector value-chain curation",0.62,True
nifty_500_shariah,SYRMA,Syrma SGS Technology Ltd.,IT and digital services,IT services,Technology Services,enterprise IT,service,project_and_recurring,"NSE annual-report archive, NSE classification and sector value-chain curation",0.62,True
nifty_500_shariah,SYRMA,Syrma SGS Technology Ltd.,Managed services and support,managed services,Technology Services,enterprise operations,service,recurring,"NSE annual-report archive, NSE classification and sector value-chain curation",0.62,True
nifty_500_shariah,TARIL,Transformers & Rectifiers (India) Ltd.,Industrial equipment and project supplies,capital goods,Capital Goods,industrial and infrastructure customers,core_product,project_based,"NSE annual-report archive, NSE classification and sector value-chain curation",0.62,True
nifty_500_shariah,TARIL,Transformers & Rectifiers (India) Ltd.,"Services, spares and execution",engineering services,Services and Execution,installed base and project owners,service,recurring_or_project,"NSE annual-report archive, NSE classification and sector value-chain curation",0.62,True
nifty_500_shariah,TATACHEM,Tata Chemicals Ltd.,Specialty or industrial chemicals,chemicals,Chemicals,industrial and agricultural customers,core_product,commodity_and_specialty,"NSE annual-report archive, NSE classification and sector value-chain curation",0.62,True
nifty_500_shariah,TATACHEM,Tata Chemicals Ltd.,Formulated or value-added products,formulations,Value Added Chemicals,industrial users and channel partners,core_product,branded_or_contract,"NSE annual-report archive, NSE classification and sector value-chain curation",0.62,True
nifty_50_shariah,TATACONSUM,TATA CONSUMER PRODUCTS LTD,Tea and coffee,branded beverages,India Beverages,households,core_product,branded,Annual Report 2024-25 business/segment discussion,0.86,False
nifty_50_shariah,TATACONSUM,TATA CONSUMER PRODUCTS LTD,"Salt, staples and pantry foods",branded foods,India Foods,households,core_product,branded,Annual Report 2024-25 business/segment discussion,0.86,False
nifty_50_shariah,TATACONSUM,TATA CONSUMER PRODUCTS LTD,Cafe and food-service exposure,food service,Non-Branded and JVs,urban consumers,service,branded,Annual Report 2024-25 business/segment discussion,0.58,True
nifty_500_shariah,TATATECH,Tata Technologies Ltd.,IT and digital services,IT services,Technology Services,enterprise IT,service,project_and_recurring,"NSE annual-report archive, NSE classification and sector value-chain curation",0.62,True
nifty_500_shariah,TATATECH,Tata Technologies Ltd.,Managed services and support,managed services,Technology Services,enterprise operations,service,recurring,"NSE annual-report archive, NSE classification and sector value-chain curation",0.62,True
nifty_500_shariah,TBOTEK,TBO Tek Ltd.,Branded consumer products,consumer products,Consumer Products,retail consumers,core_product,branded,"NSE annual-report archive, NSE classification and sector value-chain curation",0.62,True
nifty_500_shariah,TBOTEK,TBO Tek Ltd.,Distribution and channel portfolio,distribution,Distribution and Channels,trade channels and consumers,service,recurring,"NSE annual-report archive, NSE classification and sector value-chain curation",0.62,True
nifty_50_shariah,TCS,TATA CONSULTANCY SERVICES LTD.,IT services and consulting,IT services,BFSI,enterprise IT,service,recurring,Annual Report 2024-25 business/segment discussion,0.86,False
nifty_50_shariah,TCS,TATA CONSULTANCY SERVICES LTD.,Business process services,BPS,Consumer Business,enterprise operations,service,recurring,Annual Report 2024-25 business/segment discussion,0.86,False
nifty_50_shariah,TCS,TATA CONSULTANCY SERVICES LTD.,Engineering and digital transformation,digital engineering,Manufacturing and Life Sciences,manufacturing and technology,service,project_based,Annual Report 2024-25 business/segment discussion,0.86,False
nifty_50_shariah,TECHM,TECH MAHINDRA LTD.,Telecom IT and network services,telecom IT services,Communications,telecom operators,service,project_based,Annual Report 2024-25 business/segment discussion,0.86,False
nifty_50_shariah,TECHM,TECH MAHINDRA LTD.,Enterprise digital transformation,IT services,Enterprise,enterprise IT,service,recurring,Annual Report 2024-25 business/segment discussion,0.86,False
nifty_50_shariah,TECHM,TECH MAHINDRA LTD.,Business process services,BPS,Business Process Services,enterprise operations,service,recurring,Annual Report 2024-25 business/segment discussion,0.86,False
nifty_500_shariah,TEGA,Tega Industries Ltd.,Industrial equipment and project supplies,capital goods,Capital Goods,industrial and infrastructure customers,core_product,project_based,"NSE annual-report archive, NSE classification and sector value-chain curation",0.62,True
nifty_500_shariah,TEGA,Tega Industries Ltd.,"Services, spares and execution",engineering services,Services and Execution,installed base and project owners,service,recurring_or_project,"NSE annual-report archive, NSE classification and sector value-chain curation",0.62,True
nifty_500_shariah,TENNIND,Tenneco Clean Air India Ltd.,Automotive products or components,automotive,Automotive,OEM and replacement customers,core_product,branded_or_contract,"NSE annual-report archive, NSE classification and sector value-chain curation",0.62,True
nifty_500_shariah,TENNIND,Tenneco Clean Air India Ltd.,Aftermarket and services,aftermarket,Aftermarket,replacement and service channels,service,recurring,"NSE annual-report archive, NSE classification and sector value-chain curation",0.62,True
nifty_500_shariah,THERMAX,Thermax Ltd.,Industrial equipment and project supplies,capital goods,Capital Goods,industrial and infrastructure customers,core_product,project_based,"NSE annual-report archive, NSE classification and sector value-chain curation",0.62,True
nifty_500_shariah,THERMAX,Thermax Ltd.,"Services, spares and execution",engineering services,Services and Execution,installed base and project owners,service,recurring_or_project,"NSE annual-report archive, NSE classification and sector value-chain curation",0.62,True
ind_nifty500,TIINDIA,Tube Investments of India Ltd.,Automotive products or components,automotive,Automotive,OEM and replacement customers,core_product,branded_or_contract,"NSE annual-report archive, NSE classification and sector value-chain curation",0.62,True
ind_nifty500,TIINDIA,Tube Investments of India Ltd.,Aftermarket and services,aftermarket,Aftermarket,replacement and service channels,service,recurring,"NSE annual-report archive, NSE classification and sector value-chain curation",0.62,True
nifty_500_shariah,TIMKEN,Timken India Ltd.,Industrial equipment and project supplies,capital goods,Capital Goods,industrial and infrastructure customers,core_product,project_based,"NSE annual-report archive, NSE classification and sector value-chain curation",0.62,True
nifty_500_shariah,TIMKEN,Timken India Ltd.,"Services, spares and execution",engineering services,Services and Execution,installed base and project owners,service,recurring_or_project,"NSE annual-report archive, NSE classification and sector value-chain curation",0.62,True
ind_nifty500,TITAGARH,Titagarh Rail Systems Ltd.,Industrial equipment and project supplies,capital goods,Capital Goods,industrial and infrastructure customers,core_product,project_based,"NSE annual-report archive, NSE classification and sector value-chain curation",0.62,True
ind_nifty500,TITAGARH,Titagarh Rail Systems Ltd.,"Services, spares and execution",engineering services,Services and Execution,installed base and project owners,service,recurring_or_project,"NSE annual-report archive, NSE classification and sector value-chain curation",0.62,True
nifty_50_shariah,TMPV,Tata Motors Passenger Vehicles Limited,Passenger cars and utility vehicles,passenger vehicles,India Passenger Vehicles,retail auto buyers,core_product,branded,Annual Report 2024-25 business/segment discussion,0.86,False
nifty_50_shariah,TMPV,Tata Motors Passenger Vehicles Limited,Electric vehicles,electric passenger vehicles,Electric Vehicles,EV buyers,emerging_product,regulated,Annual Report 2024-25 business/segment discussion,0.86,False
nifty_50_shariah,TMPV,Tata Motors Passenger Vehicles Limited,Jaguar Land Rover vehicles,premium vehicles,Jaguar Land Rover,global premium auto,core_product,branded,Annual Report 2024-25 business/segment discussion,0.86,False
ind_nifty500,TORNTPHARM,Torrent Pharmaceuticals Ltd.,Core healthcare products or services,healthcare,Core Healthcare,patients and healthcare distribution,core_product,regulated,"NSE annual-report archive, NSE classification and sector value-chain curation",0.62,True
ind_nifty500,TORNTPHARM,Torrent Pharmaceuticals Ltd.,Specialty or institutional portfolio,specialty healthcare,Specialty and Institutional,hospitals and institutional buyers,service,regulated,"NSE annual-report archive, NSE classification and sector value-chain curation",0.62,True
ind_nifty500,TORNTPOWER,Torrent Power Ltd.,Energy products or utility services,energy,Energy and Utilities,industrial and retail users,core_product,regulated,"NSE annual-report archive, NSE classification and sector value-chain curation",0.62,True
ind_nifty500,TORNTPOWER,Torrent Power Ltd.,Network and infrastructure services,energy infrastructure,Infrastructure,regulated users and project customers,service,regulated,"NSE annual-report archive, NSE classification and sector value-chain curation",0.62,True
nifty_50_shariah,TRENT,TRENT LTD.,Westside fashion and lifestyle retail,fashion retail,Westside,urban consumers,core_product,branded,Annual Report 2024-25 business/segment discussion,0.86,False
nifty_50_shariah,TRENT,TRENT LTD.,Zudio value fashion,value fashion retail,Zudio,mass/value consumers,core_product,branded,Annual Report 2024-25 business/segment discussion,0.86,False
nifty_50_shariah,TRENT,TRENT LTD.,Grocery and other retail formats,other retail,Other Retail and JVs,retail consumers,other,branded,Annual Report 2024-25 business/segment discussion,0.58,True
nifty_500_shariah,TRIDENT,Trident Ltd.,Branded consumer products,consumer products,Consumer Products,retail consumers,core_product,branded,"NSE annual-report archive, NSE classification and sector value-chain curation",0.62,True
nifty_500_shariah,TRIDENT,Trident Ltd.,Distribution and channel portfolio,distribution,Distribution and Channels,trade channels and consumers,service,recurring,"NSE annual-report archive, NSE classification and sector value-chain curation",0.62,True
nifty_50_shariah,ULTRACEMCO,ULTRATECH CEMENT LTD.,Grey cement,cement,Grey Cement,housing and infrastructure,core_product,commodity_like,Annual Report 2024-25 business/segment discussion,0.86,False
nifty_50_shariah,ULTRACEMCO,ULTRATECH CEMENT LTD.,White cement and putty,white cement and putty,White Cement and Putty,building finishing,core_product,branded,Annual Report 2024-25 business/segment discussion,0.86,False
nifty_50_shariah,ULTRACEMCO,ULTRATECH CEMENT LTD.,Ready-mix concrete,ready-mix concrete,Ready-Mix Concrete and Building Solutions,construction projects,core_product,project_based,Annual Report 2024-25 business/segment discussion,0.86,False
nifty_500_shariah,UNOMINDA,UNO Minda Ltd.,Automotive products or components,automotive,Automotive,OEM and replacement customers,core_product,branded_or_contract,"NSE annual-report archive, NSE classification and sector value-chain curation",0.62,True
nifty_500_shariah,UNOMINDA,UNO Minda Ltd.,Aftermarket and services,aftermarket,Aftermarket,replacement and service channels,service,recurring,"NSE annual-report archive, NSE classification and sector value-chain curation",0.62,True
nifty_500_shariah,USHAMART,Usha Martin Ltd.,Industrial equipment and project supplies,capital goods,Capital Goods,industrial and infrastructure customers,core_product,project_based,"NSE annual-report archive, NSE classification and sector value-chain curation",0.62,True
nifty_500_shariah,USHAMART,Usha Martin Ltd.,"Services, spares and execution",engineering services,Services and Execution,installed base and project owners,service,recurring_or_project,"NSE annual-report archive, NSE classification and sector value-chain curation",0.62,True
nifty_500_shariah,VMM,Vishal Mega Mart Ltd.,Branded consumer products,consumer products,Consumer Products,retail consumers,core_product,branded,"NSE annual-report archive, NSE classification and sector value-chain curation",0.62,True
nifty_500_shariah,VMM,Vishal Mega Mart Ltd.,Distribution and channel portfolio,distribution,Distribution and Channels,trade channels and consumers,service,recurring,"NSE annual-report archive, NSE classification and sector value-chain curation",0.62,True
nifty_500_shariah,VOLTAS,Voltas Ltd.,Branded consumer products,consumer products,Consumer Products,retail consumers,core_product,branded,"NSE annual-report archive, NSE classification and sector value-chain curation",0.62,True
nifty_500_shariah,VOLTAS,Voltas Ltd.,Distribution and channel portfolio,distribution,Distribution and Channels,trade channels and consumers,service,recurring,"NSE annual-report archive, NSE classification and sector value-chain curation",0.62,True
nifty_500_shariah,VTL,Vardhman Textiles Ltd.,Branded consumer products,consumer products,Consumer Products,retail consumers,core_product,branded,"NSE annual-report archive, NSE classification and sector value-chain curation",0.62,True
nifty_500_shariah,VTL,Vardhman Textiles Ltd.,Distribution and channel portfolio,distribution,Distribution and Channels,trade channels and consumers,service,recurring,"NSE annual-report archive, NSE classification and sector value-chain curation",0.62,True
ind_nifty500,WELCORP,Welspun Corp Ltd.,Industrial equipment and project supplies,capital goods,Capital Goods,industrial and infrastructure customers,core_product,project_based,"NSE annual-report archive, NSE classification and sector value-chain curation",0.62,True
ind_nifty500,WELCORP,Welspun Corp Ltd.,"Services, spares and execution",engineering services,Services and Execution,installed base and project owners,service,recurring_or_project,"NSE annual-report archive, NSE classification and sector value-chain curation",0.62,True
ind_nifty500,WELSPUNLIV,Welspun Living Ltd.,Branded consumer products,consumer products,Consumer Products,retail consumers,core_product,branded,"NSE annual-report archive, NSE classification and sector value-chain curation",0.62,True
ind_nifty500,WELSPUNLIV,Welspun Living Ltd.,Distribution and channel portfolio,distribution,Distribution and Channels,trade channels and consumers,service,recurring,"NSE annual-report archive, NSE classification and sector value-chain curation",0.62,True
nifty_500_shariah,WHIRLPOOL,Whirlpool of India Ltd.,Branded consumer products,consumer products,Consumer Products,retail consumers,core_product,branded,"NSE annual-report archive, NSE classification and sector value-chain curation",0.62,True
nifty_500_shariah,WHIRLPOOL,Whirlpool of India Ltd.,Distribution and channel portfolio,distribution,Distribution and Channels,trade channels and consumers,service,recurring,"NSE annual-report archive, NSE classification and sector value-chain curation",0.62,True
nifty_500_shariah,WOCKPHARMA,Wockhardt Ltd.,Core healthcare products or services,healthcare,Core Healthcare,patients and healthcare distribution,core_product,regulated,"NSE annual-report archive, NSE classification and sector value-chain curation",0.62,True
nifty_500_shariah,WOCKPHARMA,Wockhardt Ltd.,Specialty or institutional portfolio,specialty healthcare,Specialty and Institutional,hospitals and institutional buyers,service,regulated,"NSE annual-report archive, NSE classification and sector value-chain curation",0.62,True
nifty_500_shariah,ZYDUSLIFE,Zydus Lifesciences Ltd.,Core healthcare products or services,healthcare,Core Healthcare,patients and healthcare distribution,core_product,regulated,"NSE annual-report archive, NSE classification and sector value-chain curation",0.62,True
nifty_500_shariah,ZYDUSLIFE,Zydus Lifesciences Ltd.,Specialty or institutional portfolio,specialty healthcare,Specialty and Institutional,hospitals and institutional buyers,service,regulated,"NSE annual-report archive, NSE classification and sector value-chain curation",0.62,True
nifty_500_shariah,ZYDUSWELL,Zydus Wellness Ltd.,Branded consumer products,consumer products,Consumer Products,retail consumers,core_product,branded,"NSE annual-report archive, NSE classification and sector value-chain curation",0.62,True
nifty_500_shariah,ZYDUSWELL,Zydus Wellness Ltd.,Distribution and channel portfolio,distribution,Distribution and Channels,trade channels and consumers,service,recurring,"NSE annual-report archive, NSE classification and sector value-chain curation",0.62,True
ind_nifty500,360ONE,360 ONE WAM Ltd.,Core products or services,core business,Core Business,industry customers,core_product,mixed,"NSE annual-report archive, NSE classification and sector value-chain curation",0.62,True
ind_nifty500,360ONE,360 ONE WAM Ltd.,Value-added or ancillary services,ancillary business,Ancillary Business,adjacent customers,service,mixed,"NSE annual-report archive, NSE classification and sector value-chain curation",0.62,True
ind_nifty500,AARTIIND,Aarti Industries Ltd.,Specialty or industrial chemicals,chemicals,Chemicals,industrial and agricultural customers,core_product,commodity_and_specialty,"NSE annual-report archive, NSE classification and sector value-chain curation",0.62,True
ind_nifty500,AARTIIND,Aarti Industries Ltd.,Formulated or value-added products,formulations,Value Added Chemicals,industrial users and channel partners,core_product,branded_or_contract,"NSE annual-report archive, NSE classification and sector value-chain curation",0.62,True
ind_nifty500,AAVAS,Aavas Financiers Ltd.,Core products or services,core business,Core Business,industry customers,core_product,mixed,"NSE annual-report archive, NSE classification and sector value-chain curation",0.62,True
ind_nifty500,AAVAS,Aavas Financiers Ltd.,Value-added or ancillary services,ancillary business,Ancillary Business,adjacent customers,service,mixed,"NSE annual-report archive, NSE classification and sector value-chain curation",0.62,True
ind_nifty500,ABB,ABB India Ltd.,Industrial equipment and project supplies,capital goods,Capital Goods,industrial and infrastructure customers,core_product,project_based,"NSE annual-report archive, NSE classification and sector value-chain curation",0.62,True
ind_nifty500,ABB,ABB India Ltd.,"Services, spares and execution",engineering services,Services and Execution,installed base and project owners,service,recurring_or_project,"NSE annual-report archive, NSE classification and sector value-chain curation",0.62,True
ind_nifty500,ABBOTINDIA,Abbott India Ltd.,Core healthcare products or services,healthcare,Core Healthcare,patients and healthcare distribution,core_product,regulated,"NSE annual-report archive, NSE classification and sector value-chain curation",0.62,True
ind_nifty500,ABBOTINDIA,Abbott India Ltd.,Specialty or institutional portfolio,specialty healthcare,Specialty and Institutional,hospitals and institutional buyers,service,regulated,"NSE annual-report archive, NSE classification and sector value-chain curation",0.62,True
ind_nifty500,ABCAPITAL,Aditya Birla Capital Ltd.,Core products or services,core business,Core Business,industry customers,core_product,mixed,"NSE annual-report archive, NSE classification and sector value-chain curation",0.62,True
ind_nifty500,ABCAPITAL,Aditya Birla Capital Ltd.,Value-added or ancillary services,ancillary business,Ancillary Business,adjacent customers,service,mixed,"NSE annual-report archive, NSE classification and sector value-chain curation",0.62,True
ind_nifty500,ABDL,Allied Blenders and Distillers Ltd.,Branded consumer products,consumer products,Consumer Products,retail consumers,core_product,branded,"NSE annual-report archive, NSE classification and sector value-chain curation",0.62,True
ind_nifty500,ABDL,Allied Blenders and Distillers Ltd.,Distribution and channel portfolio,distribution,Distribution and Channels,trade channels and consumers,service,recurring,"NSE annual-report archive, NSE classification and sector value-chain curation",0.62,True
ind_nifty500,ABSLAMC,Aditya Birla Sun Life AMC Ltd.,Core products or services,core business,Core Business,industry customers,core_product,mixed,"NSE annual-report archive, NSE classification and sector value-chain curation",0.62,True
ind_nifty500,ABSLAMC,Aditya Birla Sun Life AMC Ltd.,Value-added or ancillary services,ancillary business,Ancillary Business,adjacent customers,service,mixed,"NSE annual-report archive, NSE classification and sector value-chain curation",0.62,True
ind_nifty500,ACC,ACC Ltd.,Industrial equipment and project supplies,capital goods,Capital Goods,industrial and infrastructure customers,core_product,project_based,"NSE annual-report archive, NSE classification and sector value-chain curation",0.62,True
ind_nifty500,ACC,ACC Ltd.,"Services, spares and execution",engineering services,Services and Execution,installed base and project owners,service,recurring_or_project,"NSE annual-report archive, NSE classification and sector value-chain curation",0.62,True
ind_nifty500,ACMESOLAR,ACME Solar Holdings Ltd.,Energy products or utility services,energy,Energy and Utilities,industrial and retail users,core_product,regulated,"NSE annual-report archive, NSE classification and sector value-chain curation",0.62,True
ind_nifty500,ACMESOLAR,ACME Solar Holdings Ltd.,Network and infrastructure services,energy infrastructure,Infrastructure,regulated users and project customers,service,regulated,"NSE annual-report archive, NSE classification and sector value-chain curation",0.62,True
ind_nifty500,ADANIENSOL,Adani Energy Solutions Ltd.,Energy products or utility services,energy,Energy and Utilities,industrial and retail users,core_product,regulated,"NSE annual-report archive, NSE classification and sector value-chain curation",0.62,True
ind_nifty500,ADANIENSOL,Adani Energy Solutions Ltd.,Network and infrastructure services,energy infrastructure,Infrastructure,regulated users and project customers,service,regulated,"NSE annual-report archive, NSE classification and sector value-chain curation",0.62,True
ind_nifty500,ADANIENT,Adani Enterprises Ltd.,Metal products,metals,Metals,industrial customers,core_product,commodity_like,"NSE annual-report archive, NSE classification and sector value-chain curation",0.62,True
ind_nifty500,ADANIENT,Adani Enterprises Ltd.,Value-added metal products,value added metals,Value Added Metals,manufacturing and construction,core_product,commodity_like,"NSE annual-report archive, NSE classification and sector value-chain curation",0.62,True
ind_nifty500,ADANIGREEN,Adani Green Energy Ltd.,Energy products or utility services,energy,Energy and Utilities,industrial and retail users,core_product,regulated,"NSE annual-report archive, NSE classification and sector value-chain curation",0.62,True
ind_nifty500,ADANIGREEN,Adani Green Energy Ltd.,Network and infrastructure services,energy infrastructure,Infrastructure,regulated users and project customers,service,regulated,"NSE annual-report archive, NSE classification and sector value-chain curation",0.62,True
ind_nifty500,ADANIPORTS,Adani Ports and Special Economic Zone Ltd.,Industrial equipment and project supplies,capital goods,Capital Goods,industrial and infrastructure customers,core_product,project_based,"NSE annual-report archive, NSE classification and sector value-chain curation",0.62,True
ind_nifty500,ADANIPORTS,Adani Ports and Special Economic Zone Ltd.,"Services, spares and execution",engineering services,Services and Execution,installed base and project owners,service,recurring_or_project,"NSE annual-report archive, NSE classification and sector value-chain curation",0.62,True
ind_nifty500,ADANIPOWER,Adani Power Ltd.,Energy products or utility services,energy,Energy and Utilities,industrial and retail users,core_product,regulated,"NSE annual-report archive, NSE classification and sector value-chain curation",0.62,True
ind_nifty500,ADANIPOWER,Adani Power Ltd.,Network and infrastructure services,energy infrastructure,Infrastructure,regulated users and project customers,service,regulated,"NSE annual-report archive, NSE classification and sector value-chain curation",0.62,True
ind_nifty500,AEGISLOG,Aegis Logistics Ltd.,Energy products or utility services,energy,Energy and Utilities,industrial and retail users,core_product,regulated,"NSE annual-report archive, NSE classification and sector value-chain curation",0.62,True
ind_nifty500,AEGISLOG,Aegis Logistics Ltd.,Network and infrastructure services,energy infrastructure,Infrastructure,regulated users and project customers,service,regulated,"NSE annual-report archive, NSE classification and sector value-chain curation",0.62,True
ind_nifty500,AEGISVOPAK,Aegis Vopak Terminals Ltd.,Energy products or utility services,energy,Energy and Utilities,industrial and retail users,core_product,regulated,"NSE annual-report archive, NSE classification and sector value-chain curation",0.62,True
ind_nifty500,AEGISVOPAK,Aegis Vopak Terminals Ltd.,Network and infrastructure services,energy infrastructure,Infrastructure,regulated users and project customers,service,regulated,"NSE annual-report archive, NSE classification and sector value-chain curation",0.62,True
ind_nifty500,AFFLE,Affle 3i Ltd.,IT and digital services,IT services,Technology Services,enterprise IT,service,project_and_recurring,"NSE annual-report archive, NSE classification and sector value-chain curation",0.62,True
ind_nifty500,AFFLE,Affle 3i Ltd.,Managed services and support,managed services,Technology Services,enterprise operations,service,recurring,"NSE annual-report archive, NSE classification and sector value-chain curation",0.62,True
ind_nifty500,AIAENG,AIA Engineering Ltd.,Industrial equipment and project supplies,capital goods,Capital Goods,industrial and infrastructure customers,core_product,project_based,"NSE annual-report archive, NSE classification and sector value-chain curation",0.62,True
ind_nifty500,AIAENG,AIA Engineering Ltd.,"Services, spares and execution",engineering services,Services and Execution,installed base and project owners,service,recurring_or_project,"NSE annual-report archive, NSE classification and sector value-chain curation",0.62,True
ind_nifty500,AIIL,Authum Investment & Infrastructure Ltd.,Industrial equipment and project supplies,capital goods,Capital Goods,industrial and infrastructure customers,core_product,project_based,"NSE annual-report archive, NSE classification and sector value-chain curation",0.62,True
ind_nifty500,AIIL,Authum Investment & Infrastructure Ltd.,"Services, spares and execution",engineering services,Services and Execution,installed base and project owners,service,recurring_or_project,"NSE annual-report archive, NSE classification and sector value-chain curation",0.62,True
ind_nifty500,AMBUJACEM,Ambuja Cements Ltd.,Industrial equipment and project supplies,capital goods,Capital Goods,industrial and infrastructure customers,core_product,project_based,"NSE annual-report archive, NSE classification and sector value-chain curation",0.62,True
ind_nifty500,AMBUJACEM,Ambuja Cements Ltd.,"Services, spares and execution",engineering services,Services and Execution,installed base and project owners,service,recurring_or_project,"NSE annual-report archive, NSE classification and sector value-chain curation",0.62,True
ind_nifty500,ANANDRATHI,Anand Rathi Wealth Ltd.,Core products or services,core business,Core Business,industry customers,core_product,mixed,"NSE annual-report archive, NSE classification and sector value-chain curation",0.62,True
ind_nifty500,ANANDRATHI,Anand Rathi Wealth Ltd.,Value-added or ancillary services,ancillary business,Ancillary Business,adjacent customers,service,mixed,"NSE annual-report archive, NSE classification and sector value-chain curation",0.62,True
ind_nifty500,ANGELONE,Angel One Ltd.,Core products or services,core business,Core Business,industry customers,core_product,mixed,"NSE annual-report archive, NSE classification and sector value-chain curation",0.62,True
ind_nifty500,ANGELONE,Angel One Ltd.,Value-added or ancillary services,ancillary business,Ancillary Business,adjacent customers,service,mixed,"NSE annual-report archive, NSE classification and sector value-chain curation",0.62,True
ind_nifty500,ANTHEM,Anthem Biosciences Ltd.,Core healthcare products or services,healthcare,Core Healthcare,patients and healthcare distribution,core_product,regulated,"NSE annual-report archive, NSE classification and sector value-chain curation",0.62,True
ind_nifty500,ANTHEM,Anthem Biosciences Ltd.,Specialty or institutional portfolio,specialty healthcare,Specialty and Institutional,hospitals and institutional buyers,service,regulated,"NSE annual-report archive, NSE classification and sector value-chain curation",0.62,True
ind_nifty500,ANURAS,Anupam Rasayan India Ltd.,Specialty or industrial chemicals,chemicals,Chemicals,industrial and agricultural customers,core_product,commodity_and_specialty,"NSE annual-report archive, NSE classification and sector value-chain curation",0.62,True
ind_nifty500,ANURAS,Anupam Rasayan India Ltd.,Formulated or value-added products,formulations,Value Added Chemicals,industrial users and channel partners,core_product,branded_or_contract,"NSE annual-report archive, NSE classification and sector value-chain curation",0.62,True
ind_nifty500,APOLLOHOSP,Apollo Hospitals Enterprise Ltd.,Core healthcare products or services,healthcare,Core Healthcare,patients and healthcare distribution,core_product,regulated,"NSE annual-report archive, NSE classification and sector value-chain curation",0.62,True
ind_nifty500,APOLLOHOSP,Apollo Hospitals Enterprise Ltd.,Specialty or institutional portfolio,specialty healthcare,Specialty and Institutional,hospitals and institutional buyers,service,regulated,"NSE annual-report archive, NSE classification and sector value-chain curation",0.62,True
ind_nifty500,APTUS,Aptus Value Housing Finance India Ltd.,Core products or services,core business,Core Business,industry customers,core_product,mixed,"NSE annual-report archive, NSE classification and sector value-chain curation",0.62,True
ind_nifty500,APTUS,Aptus Value Housing Finance India Ltd.,Value-added or ancillary services,ancillary business,Ancillary Business,adjacent customers,service,mixed,"NSE annual-report archive, NSE classification and sector value-chain curation",0.62,True
ind_nifty500,ASAHIINDIA,Asahi India Glass Ltd.,Automotive products or components,automotive,Automotive,OEM and replacement customers,core_product,branded_or_contract,"NSE annual-report archive, NSE classification and sector value-chain curation",0.62,True
ind_nifty500,ASAHIINDIA,Asahi India Glass Ltd.,Aftermarket and services,aftermarket,Aftermarket,replacement and service channels,service,recurring,"NSE annual-report archive, NSE classification and sector value-chain curation",0.62,True
ind_nifty500,ASHOKLEY,Ashok Leyland Ltd.,Automotive products or components,automotive,Automotive,OEM and replacement customers,core_product,branded_or_contract,"NSE annual-report archive, NSE classification and sector value-chain curation",0.62,True
ind_nifty500,ASHOKLEY,Ashok Leyland Ltd.,Aftermarket and services,aftermarket,Aftermarket,replacement and service channels,service,recurring,"NSE annual-report archive, NSE classification and sector value-chain curation",0.62,True
ind_nifty500,ATHERENERG,Ather Energy Ltd.,Automotive products or components,automotive,Automotive,OEM and replacement customers,core_product,branded_or_contract,"NSE annual-report archive, NSE classification and sector value-chain curation",0.62,True
ind_nifty500,ATHERENERG,Ather Energy Ltd.,Aftermarket and services,aftermarket,Aftermarket,replacement and service channels,service,recurring,"NSE annual-report archive, NSE classification and sector value-chain curation",0.62,True
ind_nifty500,AUBANK,AU Small Finance Bank Ltd.,Core products or services,core business,Core Business,industry customers,core_product,mixed,"NSE annual-report archive, NSE classification and sector value-chain curation",0.62,True
ind_nifty500,AUBANK,AU Small Finance Bank Ltd.,Value-added or ancillary services,ancillary business,Ancillary Business,adjacent customers,service,mixed,"NSE annual-report archive, NSE classification and sector value-chain curation",0.62,True
ind_nifty500,AWL,AWL Agri Business Ltd.,Branded consumer products,consumer products,Consumer Products,retail consumers,core_product,branded,"NSE annual-report archive, NSE classification and sector value-chain curation",0.62,True
ind_nifty500,AWL,AWL Agri Business Ltd.,Distribution and channel portfolio,distribution,Distribution and Channels,trade channels and consumers,service,recurring,"NSE annual-report archive, NSE classification and sector value-chain curation",0.62,True
ind_nifty500,AXISBANK,Axis Bank Ltd.,Core products or services,core business,Core Business,industry customers,core_product,mixed,"NSE annual-report archive, NSE classification and sector value-chain curation",0.62,True
ind_nifty500,AXISBANK,Axis Bank Ltd.,Value-added or ancillary services,ancillary business,Ancillary Business,adjacent customers,service,mixed,"NSE annual-report archive, NSE classification and sector value-chain curation",0.62,True
ind_nifty500,BAJAJ-AUTO,Bajaj Auto Ltd.,Automotive products or components,automotive,Automotive,OEM and replacement customers,core_product,branded_or_contract,"NSE annual-report archive, NSE classification and sector value-chain curation",0.62,True
ind_nifty500,BAJAJ-AUTO,Bajaj Auto Ltd.,Aftermarket and services,aftermarket,Aftermarket,replacement and service channels,service,recurring,"NSE annual-report archive, NSE classification and sector value-chain curation",0.62,True
ind_nifty500,BAJAJFINSV,Bajaj Finserv Ltd.,Core products or services,core business,Core Business,industry customers,core_product,mixed,"NSE annual-report archive, NSE classification and sector value-chain curation",0.62,True
ind_nifty500,BAJAJFINSV,Bajaj Finserv Ltd.,Value-added or ancillary services,ancillary business,Ancillary Business,adjacent customers,service,mixed,"NSE annual-report archive, NSE classification and sector value-chain curation",0.62,True
ind_nifty500,BAJAJHFL,Bajaj Housing Finance Ltd.,Core products or services,core business,Core Business,industry customers,core_product,mixed,"NSE annual-report archive, NSE classification and sector value-chain curation",0.62,True
ind_nifty500,BAJAJHFL,Bajaj Housing Finance Ltd.,Value-added or ancillary services,ancillary business,Ancillary Business,adjacent customers,service,mixed,"NSE annual-report archive, NSE classification and sector value-chain curation",0.62,True
ind_nifty500,BAJAJHLDNG,Bajaj Holdings & Investment Ltd.,Core products or services,core business,Core Business,industry customers,core_product,mixed,"NSE annual-report archive, NSE classification and sector value-chain curation",0.62,True
ind_nifty500,BAJAJHLDNG,Bajaj Holdings & Investment Ltd.,Value-added or ancillary services,ancillary business,Ancillary Business,adjacent customers,service,mixed,"NSE annual-report archive, NSE classification and sector value-chain curation",0.62,True
ind_nifty500,BAJFINANCE,Bajaj Finance Ltd.,Core products or services,core business,Core Business,industry customers,core_product,mixed,"NSE annual-report archive, NSE classification and sector value-chain curation",0.62,True
ind_nifty500,BAJFINANCE,Bajaj Finance Ltd.,Value-added or ancillary services,ancillary business,Ancillary Business,adjacent customers,service,mixed,"NSE annual-report archive, NSE classification and sector value-chain curation",0.62,True
ind_nifty500,BALRAMCHIN,Balrampur Chini Mills Ltd.,Branded consumer products,consumer products,Consumer Products,retail consumers,core_product,branded,"NSE annual-report archive, NSE classification and sector value-chain curation",0.62,True
ind_nifty500,BALRAMCHIN,Balrampur Chini Mills Ltd.,Distribution and channel portfolio,distribution,Distribution and Channels,trade channels and consumers,service,recurring,"NSE annual-report archive, NSE classification and sector value-chain curation",0.62,True
ind_nifty500,BANDHANBNK,Bandhan Bank Ltd.,Core products or services,core business,Core Business,industry customers,core_product,mixed,"NSE annual-report archive, NSE classification and sector value-chain curation",0.62,True
ind_nifty500,BANDHANBNK,Bandhan Bank Ltd.,Value-added or ancillary services,ancillary business,Ancillary Business,adjacent customers,service,mixed,"NSE annual-report archive, NSE classification and sector value-chain curation",0.62,True
ind_nifty500,BANKBARODA,Bank of Baroda,Core products or services,core business,Core Business,industry customers,core_product,mixed,"NSE annual-report archive, NSE classification and sector value-chain curation",0.62,True
ind_nifty500,BANKBARODA,Bank of Baroda,Value-added or ancillary services,ancillary business,Ancillary Business,adjacent customers,service,mixed,"NSE annual-report archive, NSE classification and sector value-chain curation",0.62,True
ind_nifty500,BANKINDIA,Bank of India,Core products or services,core business,Core Business,industry customers,core_product,mixed,"NSE annual-report archive, NSE classification and sector value-chain curation",0.62,True
ind_nifty500,BANKINDIA,Bank of India,Value-added or ancillary services,ancillary business,Ancillary Business,adjacent customers,service,mixed,"NSE annual-report archive, NSE classification and sector value-chain curation",0.62,True
ind_nifty500,BDL,Bharat Dynamics Ltd.,Industrial equipment and project supplies,capital goods,Capital Goods,industrial and infrastructure customers,core_product,project_based,"NSE annual-report archive, NSE classification and sector value-chain curation",0.62,True
ind_nifty500,BDL,Bharat Dynamics Ltd.,"Services, spares and execution",engineering services,Services and Execution,installed base and project owners,service,recurring_or_project,"NSE annual-report archive, NSE classification and sector value-chain curation",0.62,True
ind_nifty500,BEL,Bharat Electronics Ltd.,Industrial equipment and project supplies,capital goods,Capital Goods,industrial and infrastructure customers,core_product,project_based,"NSE annual-report archive, NSE classification and sector value-chain curation",0.62,True
ind_nifty500,BEL,Bharat Electronics Ltd.,"Services, spares and execution",engineering services,Services and Execution,installed base and project owners,service,recurring_or_project,"NSE annual-report archive, NSE classification and sector value-chain curation",0.62,True
ind_nifty500,BELRISE,Belrise Industries Ltd.,Automotive products or components,automotive,Automotive,OEM and replacement customers,core_product,branded_or_contract,"NSE annual-report archive, NSE classification and sector value-chain curation",0.62,True
ind_nifty500,BELRISE,Belrise Industries Ltd.,Aftermarket and services,aftermarket,Aftermarket,replacement and service channels,service,recurring,"NSE annual-report archive, NSE classification and sector value-chain curation",0.62,True
ind_nifty500,BEML,BEML Ltd.,Automotive products or components,automotive,Automotive,OEM and replacement customers,core_product,branded_or_contract,"NSE annual-report archive, NSE classification and sector value-chain curation",0.62,True
ind_nifty500,BEML,BEML Ltd.,Aftermarket and services,aftermarket,Aftermarket,replacement and service channels,service,recurring,"NSE annual-report archive, NSE classification and sector value-chain curation",0.62,True
ind_nifty500,BHARATFORG,Bharat Forge Ltd.,Automotive products or components,automotive,Automotive,OEM and replacement customers,core_product,branded_or_contract,"NSE annual-report archive, NSE classification and sector value-chain curation",0.62,True
ind_nifty500,BHARATFORG,Bharat Forge Ltd.,Aftermarket and services,aftermarket,Aftermarket,replacement and service channels,service,recurring,"NSE annual-report archive, NSE classification and sector value-chain curation",0.62,True
ind_nifty500,BHARTIARTL,Bharti Airtel Ltd.,Core products or services,core business,Core Business,industry customers,core_product,mixed,"NSE annual-report archive, NSE classification and sector value-chain curation",0.62,True
ind_nifty500,BHARTIARTL,Bharti Airtel Ltd.,Value-added or ancillary services,ancillary business,Ancillary Business,adjacent customers,service,mixed,"NSE annual-report archive, NSE classification and sector value-chain curation",0.62,True
ind_nifty500,BHARTIHEXA,Bharti Hexacom Ltd.,Core products or services,core business,Core Business,industry customers,core_product,mixed,"NSE annual-report archive, NSE classification and sector value-chain curation",0.62,True
ind_nifty500,BHARTIHEXA,Bharti Hexacom Ltd.,Value-added or ancillary services,ancillary business,Ancillary Business,adjacent customers,service,mixed,"NSE annual-report archive, NSE classification and sector value-chain curation",0.62,True
ind_nifty500,BIOCON,Biocon Ltd.,Core healthcare products or services,healthcare,Core Healthcare,patients and healthcare distribution,core_product,regulated,"NSE annual-report archive, NSE classification and sector value-chain curation",0.62,True
ind_nifty500,BIOCON,Biocon Ltd.,Specialty or institutional portfolio,specialty healthcare,Specialty and Institutional,hospitals and institutional buyers,service,regulated,"NSE annual-report archive, NSE classification and sector value-chain curation",0.62,True
ind_nifty500,BLS,BLS International Services Ltd.,Branded consumer products,consumer products,Consumer Products,retail consumers,core_product,branded,"NSE annual-report archive, NSE classification and sector value-chain curation",0.62,True
ind_nifty500,BLS,BLS International Services Ltd.,Distribution and channel portfolio,distribution,Distribution and Channels,trade channels and consumers,service,recurring,"NSE annual-report archive, NSE classification and sector value-chain curation",0.62,True
ind_nifty500,BOSCHLTD,Bosch Ltd.,Automotive products or components,automotive,Automotive,OEM and replacement customers,core_product,branded_or_contract,"NSE annual-report archive, NSE classification and sector value-chain curation",0.62,True
ind_nifty500,BOSCHLTD,Bosch Ltd.,Aftermarket and services,aftermarket,Aftermarket,replacement and service channels,service,recurring,"NSE annual-report archive, NSE classification and sector value-chain curation",0.62,True
ind_nifty500,BRIGADE,Brigade Enterprises Ltd.,Branded consumer products,consumer products,Consumer Products,retail consumers,core_product,branded,"NSE annual-report archive, NSE classification and sector value-chain curation",0.62,True
ind_nifty500,BRIGADE,Brigade Enterprises Ltd.,Distribution and channel portfolio,distribution,Distribution and Channels,trade channels and consumers,service,recurring,"NSE annual-report archive, NSE classification and sector value-chain curation",0.62,True
ind_nifty500,BSE,BSE Ltd.,Core products or services,core business,Core Business,industry customers,core_product,mixed,"NSE annual-report archive, NSE classification and sector value-chain curation",0.62,True
ind_nifty500,BSE,BSE Ltd.,Value-added or ancillary services,ancillary business,Ancillary Business,adjacent customers,service,mixed,"NSE annual-report archive, NSE classification and sector value-chain curation",0.62,True
ind_nifty500,CAMS,Computer Age Management Services Ltd.,IT and digital services,IT services,Technology Services,enterprise IT,service,project_and_recurring,"NSE annual-report archive, NSE classification and sector value-chain curation",0.62,True
ind_nifty500,CAMS,Computer Age Management Services Ltd.,Managed services and support,managed services,Technology Services,enterprise operations,service,recurring,"NSE annual-report archive, NSE classification and sector value-chain curation",0.62,True
ind_nifty500,CANBK,Canara Bank,Core products or services,core business,Core Business,industry customers,core_product,mixed,"NSE annual-report archive, NSE classification and sector value-chain curation",0.62,True
ind_nifty500,CANBK,Canara Bank,Value-added or ancillary services,ancillary business,Ancillary Business,adjacent customers,service,mixed,"NSE annual-report archive, NSE classification and sector value-chain curation",0.62,True
ind_nifty500,CANFINHOME,Can Fin Homes Ltd.,Core products or services,core business,Core Business,industry customers,core_product,mixed,"NSE annual-report archive, NSE classification and sector value-chain curation",0.62,True
ind_nifty500,CANFINHOME,Can Fin Homes Ltd.,Value-added or ancillary services,ancillary business,Ancillary Business,adjacent customers,service,mixed,"NSE annual-report archive, NSE classification and sector value-chain curation",0.62,True
ind_nifty500,CANHLIFE,Canara HSBC Life Insurance Company Ltd.,Core products or services,core business,Core Business,industry customers,core_product,mixed,"NSE annual-report archive, NSE classification and sector value-chain curation",0.62,True
ind_nifty500,CANHLIFE,Canara HSBC Life Insurance Company Ltd.,Value-added or ancillary services,ancillary business,Ancillary Business,adjacent customers,service,mixed,"NSE annual-report archive, NSE classification and sector value-chain curation",0.62,True
ind_nifty500,CAPLIPOINT,Caplin Point Laboratories Ltd.,Core healthcare products or services,healthcare,Core Healthcare,patients and healthcare distribution,core_product,regulated,"NSE annual-report archive, NSE classification and sector value-chain curation",0.62,True
ind_nifty500,CAPLIPOINT,Caplin Point Laboratories Ltd.,Specialty or institutional portfolio,specialty healthcare,Specialty and Institutional,hospitals and institutional buyers,service,regulated,"NSE annual-report archive, NSE classification and sector value-chain curation",0.62,True
ind_nifty500,CARTRADE,Cartrade Tech Ltd.,Branded consumer products,consumer products,Consumer Products,retail consumers,core_product,branded,"NSE annual-report archive, NSE classification and sector value-chain curation",0.62,True
ind_nifty500,CARTRADE,Cartrade Tech Ltd.,Distribution and channel portfolio,distribution,Distribution and Channels,trade channels and consumers,service,recurring,"NSE annual-report archive, NSE classification and sector value-chain curation",0.62,True
ind_nifty500,CCL,CCL Products (I) Ltd.,Branded consumer products,consumer products,Consumer Products,retail consumers,core_product,branded,"NSE annual-report archive, NSE classification and sector value-chain curation",0.62,True
ind_nifty500,CCL,CCL Products (I) Ltd.,Distribution and channel portfolio,distribution,Distribution and Channels,trade channels and consumers,service,recurring,"NSE annual-report archive, NSE classification and sector value-chain curation",0.62,True
ind_nifty500,CDSL,Central Depository Services (India) Ltd.,Core products or services,core business,Core Business,industry customers,core_product,mixed,"NSE annual-report archive, NSE classification and sector value-chain curation",0.62,True
ind_nifty500,CDSL,Central Depository Services (India) Ltd.,Value-added or ancillary services,ancillary business,Ancillary Business,adjacent customers,service,mixed,"NSE annual-report archive, NSE classification and sector value-chain curation",0.62,True
ind_nifty500,CENTRALBK,Central Bank of India,Core products or services,core business,Core Business,industry customers,core_product,mixed,"NSE annual-report archive, NSE classification and sector value-chain curation",0.62,True
ind_nifty500,CENTRALBK,Central Bank of India,Value-added or ancillary services,ancillary business,Ancillary Business,adjacent customers,service,mixed,"NSE annual-report archive, NSE classification and sector value-chain curation",0.62,True
ind_nifty500,CESC,CESC Ltd.,Energy products or utility services,energy,Energy and Utilities,industrial and retail users,core_product,regulated,"NSE annual-report archive, NSE classification and sector value-chain curation",0.62,True
ind_nifty500,CESC,CESC Ltd.,Network and infrastructure services,energy infrastructure,Infrastructure,regulated users and project customers,service,regulated,"NSE annual-report archive, NSE classification and sector value-chain curation",0.62,True
ind_nifty500,CGCL,Capri Global Capital Ltd.,Core products or services,core business,Core Business,industry customers,core_product,mixed,"NSE annual-report archive, NSE classification and sector value-chain curation",0.62,True
ind_nifty500,CGCL,Capri Global Capital Ltd.,Value-added or ancillary services,ancillary business,Ancillary Business,adjacent customers,service,mixed,"NSE annual-report archive, NSE classification and sector value-chain curation",0.62,True
ind_nifty500,CHALET,Chalet Hotels Ltd.,Branded consumer products,consumer products,Consumer Products,retail consumers,core_product,branded,"NSE annual-report archive, NSE classification and sector value-chain curation",0.62,True
ind_nifty500,CHALET,Chalet Hotels Ltd.,Distribution and channel portfolio,distribution,Distribution and Channels,trade channels and consumers,service,recurring,"NSE annual-report archive, NSE classification and sector value-chain curation",0.62,True
ind_nifty500,CHOICEIN,Choice International Ltd.,Core products or services,core business,Core Business,industry customers,core_product,mixed,"NSE annual-report archive, NSE classification and sector value-chain curation",0.62,True
ind_nifty500,CHOICEIN,Choice International Ltd.,Value-added or ancillary services,ancillary business,Ancillary Business,adjacent customers,service,mixed,"NSE annual-report archive, NSE classification and sector value-chain curation",0.62,True
ind_nifty500,CHOLAFIN,Cholamandalam Investment and Finance Company Ltd.,Core products or services,core business,Core Business,industry customers,core_product,mixed,"NSE annual-report archive, NSE classification and sector value-chain curation",0.62,True
ind_nifty500,CHOLAFIN,Cholamandalam Investment and Finance Company Ltd.,Value-added or ancillary services,ancillary business,Ancillary Business,adjacent customers,service,mixed,"NSE annual-report archive, NSE classification and sector value-chain curation",0.62,True
ind_nifty500,CHOLAHLDNG,Cholamandalam Financial Holdings Ltd.,Core products or services,core business,Core Business,industry customers,core_product,mixed,"NSE annual-report archive, NSE classification and sector value-chain curation",0.62,True
ind_nifty500,CHOLAHLDNG,Cholamandalam Financial Holdings Ltd.,Value-added or ancillary services,ancillary business,Ancillary Business,adjacent customers,service,mixed,"NSE annual-report archive, NSE classification and sector value-chain curation",0.62,True
ind_nifty500,CIEINDIA,CIE Automotive India Ltd.,Automotive products or components,automotive,Automotive,OEM and replacement customers,core_product,branded_or_contract,"NSE annual-report archive, NSE classification and sector value-chain curation",0.62,True
ind_nifty500,CIEINDIA,CIE Automotive India Ltd.,Aftermarket and services,aftermarket,Aftermarket,replacement and service channels,service,recurring,"NSE annual-report archive, NSE classification and sector value-chain curation",0.62,True
ind_nifty500,CLEAN,Clean Science and Technology Ltd.,IT and digital services,IT services,Technology Services,enterprise IT,service,project_and_recurring,"NSE annual-report archive, NSE classification and sector value-chain curation",0.62,True
ind_nifty500,CLEAN,Clean Science and Technology Ltd.,Managed services and support,managed services,Technology Services,enterprise operations,service,recurring,"NSE annual-report archive, NSE classification and sector value-chain curation",0.62,True
ind_nifty500,COALINDIA,Coal India Ltd.,Energy products or utility services,energy,Energy and Utilities,industrial and retail users,core_product,regulated,"NSE annual-report archive, NSE classification and sector value-chain curation",0.62,True
ind_nifty500,COALINDIA,Coal India Ltd.,Network and infrastructure services,energy infrastructure,Infrastructure,regulated users and project customers,service,regulated,"NSE annual-report archive, NSE classification and sector value-chain curation",0.62,True
ind_nifty500,COCHINSHIP,Cochin Shipyard Ltd.,Industrial equipment and project supplies,capital goods,Capital Goods,industrial and infrastructure customers,core_product,project_based,"NSE annual-report archive, NSE classification and sector value-chain curation",0.62,True
ind_nifty500,COCHINSHIP,Cochin Shipyard Ltd.,"Services, spares and execution",engineering services,Services and Execution,installed base and project owners,service,recurring_or_project,"NSE annual-report archive, NSE classification and sector value-chain curation",0.62,True
ind_nifty500,CONCOR,Container Corporation of India Ltd.,Core products or services,core business,Core Business,industry customers,core_product,mixed,"NSE annual-report archive, NSE classification and sector value-chain curation",0.62,True
ind_nifty500,CONCOR,Container Corporation of India Ltd.,Value-added or ancillary services,ancillary business,Ancillary Business,adjacent customers,service,mixed,"NSE annual-report archive, NSE classification and sector value-chain curation",0.62,True
ind_nifty500,CRAFTSMAN,Craftsman Automation Ltd.,Automotive products or components,automotive,Automotive,OEM and replacement customers,core_product,branded_or_contract,"NSE annual-report archive, NSE classification and sector value-chain curation",0.62,True
ind_nifty500,CRAFTSMAN,Craftsman Automation Ltd.,Aftermarket and services,aftermarket,Aftermarket,replacement and service channels,service,recurring,"NSE annual-report archive, NSE classification and sector value-chain curation",0.62,True
ind_nifty500,CREDITACC,CreditAccess Grameen Ltd.,Core products or services,core business,Core Business,industry customers,core_product,mixed,"NSE annual-report archive, NSE classification and sector value-chain curation",0.62,True
ind_nifty500,CREDITACC,CreditAccess Grameen Ltd.,Value-added or ancillary services,ancillary business,Ancillary Business,adjacent customers,service,mixed,"NSE annual-report archive, NSE classification and sector value-chain curation",0.62,True
ind_nifty500,CUB,City Union Bank Ltd.,Core products or services,core business,Core Business,industry customers,core_product,mixed,"NSE annual-report archive, NSE classification and sector value-chain curation",0.62,True
ind_nifty500,CUB,City Union Bank Ltd.,Value-added or ancillary services,ancillary business,Ancillary Business,adjacent customers,service,mixed,"NSE annual-report archive, NSE classification and sector value-chain curation",0.62,True
ind_nifty500,DABUR,Dabur India Ltd.,Branded consumer products,consumer products,Consumer Products,retail consumers,core_product,branded,"NSE annual-report archive, NSE classification and sector value-chain curation",0.62,True
ind_nifty500,DABUR,Dabur India Ltd.,Distribution and channel portfolio,distribution,Distribution and Channels,trade channels and consumers,service,recurring,"NSE annual-report archive, NSE classification and sector value-chain curation",0.62,True
ind_nifty500,DATAPATTNS,Data Patterns (India) Ltd.,Industrial equipment and project supplies,capital goods,Capital Goods,industrial and infrastructure customers,core_product,project_based,"NSE annual-report archive, NSE classification and sector value-chain curation",0.62,True
ind_nifty500,DATAPATTNS,Data Patterns (India) Ltd.,"Services, spares and execution",engineering services,Services and Execution,installed base and project owners,service,recurring_or_project,"NSE annual-report archive, NSE classification and sector value-chain curation",0.62,True
ind_nifty500,DCMSHRIRAM,DCM Shriram Ltd.,Core products or services,core business,Core Business,industry customers,core_product,mixed,"NSE annual-report archive, NSE classification and sector value-chain curation",0.62,True
ind_nifty500,DCMSHRIRAM,DCM Shriram Ltd.,Value-added or ancillary services,ancillary business,Ancillary Business,adjacent customers,service,mixed,"NSE annual-report archive, NSE classification and sector value-chain curation",0.62,True
ind_nifty500,DEEPAKFERT,Deepak Fertilisers & Petrochemicals Corp. Ltd.,Specialty or industrial chemicals,chemicals,Chemicals,industrial and agricultural customers,core_product,commodity_and_specialty,"NSE annual-report archive, NSE classification and sector value-chain curation",0.62,True
ind_nifty500,DEEPAKFERT,Deepak Fertilisers & Petrochemicals Corp. Ltd.,Formulated or value-added products,formulations,Value Added Chemicals,industrial users and channel partners,core_product,branded_or_contract,"NSE annual-report archive, NSE classification and sector value-chain curation",0.62,True
ind_nifty500,DELHIVERY,Delhivery Ltd.,Core products or services,core business,Core Business,industry customers,core_product,mixed,"NSE annual-report archive, NSE classification and sector value-chain curation",0.62,True
ind_nifty500,DELHIVERY,Delhivery Ltd.,Value-added or ancillary services,ancillary business,Ancillary Business,adjacent customers,service,mixed,"NSE annual-report archive, NSE classification and sector value-chain curation",0.62,True
ind_nifty500,DEVYANI,Devyani International Ltd.,Branded consumer products,consumer products,Consumer Products,retail consumers,core_product,branded,"NSE annual-report archive, NSE classification and sector value-chain curation",0.62,True
ind_nifty500,DEVYANI,Devyani International Ltd.,Distribution and channel portfolio,distribution,Distribution and Channels,trade channels and consumers,service,recurring,"NSE annual-report archive, NSE classification and sector value-chain curation",0.62,True
ind_nifty500,DIVISLAB,Divi's Laboratories Ltd.,Core healthcare products or services,healthcare,Core Healthcare,patients and healthcare distribution,core_product,regulated,"NSE annual-report archive, NSE classification and sector value-chain curation",0.62,True
ind_nifty500,DIVISLAB,Divi's Laboratories Ltd.,Specialty or institutional portfolio,specialty healthcare,Specialty and Institutional,hospitals and institutional buyers,service,regulated,"NSE annual-report archive, NSE classification and sector value-chain curation",0.62,True
ind_nifty500,DLF,DLF Ltd.,Branded consumer products,consumer products,Consumer Products,retail consumers,core_product,branded,"NSE annual-report archive, NSE classification and sector value-chain curation",0.62,True
ind_nifty500,DLF,DLF Ltd.,Distribution and channel portfolio,distribution,Distribution and Channels,trade channels and consumers,service,recurring,"NSE annual-report archive, NSE classification and sector value-chain curation",0.62,True
ind_nifty500,EICHERMOT,Eicher Motors Ltd.,Automotive products or components,automotive,Automotive,OEM and replacement customers,core_product,branded_or_contract,"NSE annual-report archive, NSE classification and sector value-chain curation",0.62,True
ind_nifty500,EICHERMOT,Eicher Motors Ltd.,Aftermarket and services,aftermarket,Aftermarket,replacement and service channels,service,recurring,"NSE annual-report archive, NSE classification and sector value-chain curation",0.62,True
ind_nifty500,EIDPARRY,E.I.D. Parry (India) Ltd.,Branded consumer products,consumer products,Consumer Products,retail consumers,core_product,branded,"NSE annual-report archive, NSE classification and sector value-chain curation",0.62,True
ind_nifty500,EIDPARRY,E.I.D. Parry (India) Ltd.,Distribution and channel portfolio,distribution,Distribution and Channels,trade channels and consumers,service,recurring,"NSE annual-report archive, NSE classification and sector value-chain curation",0.62,True
ind_nifty500,EIHOTEL,EIH Ltd.,Branded consumer products,consumer products,Consumer Products,retail consumers,core_product,branded,"NSE annual-report archive, NSE classification and sector value-chain curation",0.62,True
ind_nifty500,EIHOTEL,EIH Ltd.,Distribution and channel portfolio,distribution,Distribution and Channels,trade channels and consumers,service,recurring,"NSE annual-report archive, NSE classification and sector value-chain curation",0.62,True
ind_nifty500,EMMVEE,Emmvee Photovoltaic Power Ltd.,Industrial equipment and project supplies,capital goods,Capital Goods,industrial and infrastructure customers,core_product,project_based,"NSE annual-report archive, NSE classification and sector value-chain curation",0.62,True
ind_nifty500,EMMVEE,Emmvee Photovoltaic Power Ltd.,"Services, spares and execution",engineering services,Services and Execution,installed base and project owners,service,recurring_or_project,"NSE annual-report archive, NSE classification and sector value-chain curation",0.62,True
ind_nifty500,ENGINERSIN,Engineers India Ltd.,Industrial equipment and project supplies,capital goods,Capital Goods,industrial and infrastructure customers,core_product,project_based,"NSE annual-report archive, NSE classification and sector value-chain curation",0.62,True
ind_nifty500,ENGINERSIN,Engineers India Ltd.,"Services, spares and execution",engineering services,Services and Execution,installed base and project owners,service,recurring_or_project,"NSE annual-report archive, NSE classification and sector value-chain curation",0.62,True
ind_nifty500,ERIS,Eris Lifesciences Ltd.,Core healthcare products or services,healthcare,Core Healthcare,patients and healthcare distribution,core_product,regulated,"NSE annual-report archive, NSE classification and sector value-chain curation",0.62,True
ind_nifty500,ERIS,Eris Lifesciences Ltd.,Specialty or institutional portfolio,specialty healthcare,Specialty and Institutional,hospitals and institutional buyers,service,regulated,"NSE annual-report archive, NSE classification and sector value-chain curation",0.62,True
ind_nifty500,ESCORTS,Escorts Kubota Ltd.,Automotive products or components,automotive,Automotive,OEM and replacement customers,core_product,branded_or_contract,"NSE annual-report archive, NSE classification and sector value-chain curation",0.62,True
ind_nifty500,ESCORTS,Escorts Kubota Ltd.,Aftermarket and services,aftermarket,Aftermarket,replacement and service channels,service,recurring,"NSE annual-report archive, NSE classification and sector value-chain curation",0.62,True
ind_nifty500,ETERNAL,Eternal Ltd.,Branded consumer products,consumer products,Consumer Products,retail consumers,core_product,branded,"NSE annual-report archive, NSE classification and sector value-chain curation",0.62,True
ind_nifty500,ETERNAL,Eternal Ltd.,Distribution and channel portfolio,distribution,Distribution and Channels,trade channels and consumers,service,recurring,"NSE annual-report archive, NSE classification and sector value-chain curation",0.62,True
ind_nifty500,FACT,Fertilisers and Chemicals Travancore Ltd.,Specialty or industrial chemicals,chemicals,Chemicals,industrial and agricultural customers,core_product,commodity_and_specialty,"NSE annual-report archive, NSE classification and sector value-chain curation",0.62,True
ind_nifty500,FACT,Fertilisers and Chemicals Travancore Ltd.,Formulated or value-added products,formulations,Value Added Chemicals,industrial users and channel partners,core_product,branded_or_contract,"NSE annual-report archive, NSE classification and sector value-chain curation",0.62,True
ind_nifty500,FEDERALBNK,Federal Bank Ltd.,Core products or services,core business,Core Business,industry customers,core_product,mixed,"NSE annual-report archive, NSE classification and sector value-chain curation",0.62,True
ind_nifty500,FEDERALBNK,Federal Bank Ltd.,Value-added or ancillary services,ancillary business,Ancillary Business,adjacent customers,service,mixed,"NSE annual-report archive, NSE classification and sector value-chain curation",0.62,True
ind_nifty500,FIVESTAR,Five-Star Business Finance Ltd.,Core products or services,core business,Core Business,industry customers,core_product,mixed,"NSE annual-report archive, NSE classification and sector value-chain curation",0.62,True
ind_nifty500,FIVESTAR,Five-Star Business Finance Ltd.,Value-added or ancillary services,ancillary business,Ancillary Business,adjacent customers,service,mixed,"NSE annual-report archive, NSE classification and sector value-chain curation",0.62,True
ind_nifty500,GESHIP,Great Eastern Shipping Co. Ltd.,Core products or services,core business,Core Business,industry customers,core_product,mixed,"NSE annual-report archive, NSE classification and sector value-chain curation",0.62,True
ind_nifty500,GESHIP,Great Eastern Shipping Co. Ltd.,Value-added or ancillary services,ancillary business,Ancillary Business,adjacent customers,service,mixed,"NSE annual-report archive, NSE classification and sector value-chain curation",0.62,True
ind_nifty500,GICRE,General Insurance Corporation of India,Core products or services,core business,Core Business,industry customers,core_product,mixed,"NSE annual-report archive, NSE classification and sector value-chain curation",0.62,True
ind_nifty500,GICRE,General Insurance Corporation of India,Value-added or ancillary services,ancillary business,Ancillary Business,adjacent customers,service,mixed,"NSE annual-report archive, NSE classification and sector value-chain curation",0.62,True
ind_nifty500,GLAND,Gland Pharma Ltd.,Core healthcare products or services,healthcare,Core Healthcare,patients and healthcare distribution,core_product,regulated,"NSE annual-report archive, NSE classification and sector value-chain curation",0.62,True
ind_nifty500,GLAND,Gland Pharma Ltd.,Specialty or institutional portfolio,specialty healthcare,Specialty and Institutional,hospitals and institutional buyers,service,regulated,"NSE annual-report archive, NSE classification and sector value-chain curation",0.62,True
ind_nifty500,GLAXO,Glaxosmithkline Pharmaceuticals Ltd.,Core healthcare products or services,healthcare,Core Healthcare,patients and healthcare distribution,core_product,regulated,"NSE annual-report archive, NSE classification and sector value-chain curation",0.62,True
ind_nifty500,GLAXO,Glaxosmithkline Pharmaceuticals Ltd.,Specialty or institutional portfolio,specialty healthcare,Specialty and Institutional,hospitals and institutional buyers,service,regulated,"NSE annual-report archive, NSE classification and sector value-chain curation",0.62,True
ind_nifty500,GMDCLTD,Gujarat Mineral Development Corporation Ltd.,Metal products,metals,Metals,industrial customers,core_product,commodity_like,"NSE annual-report archive, NSE classification and sector value-chain curation",0.62,True
ind_nifty500,GMDCLTD,Gujarat Mineral Development Corporation Ltd.,Value-added metal products,value added metals,Value Added Metals,manufacturing and construction,core_product,commodity_like,"NSE annual-report archive, NSE classification and sector value-chain curation",0.62,True
ind_nifty500,GMRAIRPORT,GMR Airports Ltd.,Industrial equipment and project supplies,capital goods,Capital Goods,industrial and infrastructure customers,core_product,project_based,"NSE annual-report archive, NSE classification and sector value-chain curation",0.62,True
ind_nifty500,GMRAIRPORT,GMR Airports Ltd.,"Services, spares and execution",engineering services,Services and Execution,installed base and project owners,service,recurring_or_project,"NSE annual-report archive, NSE classification and sector value-chain curation",0.62,True
ind_nifty500,GODFRYPHLP,Godfrey Phillips India Ltd.,Branded consumer products,consumer products,Consumer Products,retail consumers,core_product,branded,"NSE annual-report archive, NSE classification and sector value-chain curation",0.62,True
ind_nifty500,GODFRYPHLP,Godfrey Phillips India Ltd.,Distribution and channel portfolio,distribution,Distribution and Channels,trade channels and consumers,service,recurring,"NSE annual-report archive, NSE classification and sector value-chain curation",0.62,True
ind_nifty500,GODIGIT,Go Digit General Insurance Ltd.,Core products or services,core business,Core Business,industry customers,core_product,mixed,"NSE annual-report archive, NSE classification and sector value-chain curation",0.62,True
ind_nifty500,GODIGIT,Go Digit General Insurance Ltd.,Value-added or ancillary services,ancillary business,Ancillary Business,adjacent customers,service,mixed,"NSE annual-report archive, NSE classification and sector value-chain curation",0.62,True
ind_nifty500,GODREJIND,Godrej Industries Ltd.,Core products or services,core business,Core Business,industry customers,core_product,mixed,"NSE annual-report archive, NSE classification and sector value-chain curation",0.62,True
ind_nifty500,GODREJIND,Godrej Industries Ltd.,Value-added or ancillary services,ancillary business,Ancillary Business,adjacent customers,service,mixed,"NSE annual-report archive, NSE classification and sector value-chain curation",0.62,True
ind_nifty500,GODREJPROP,Godrej Properties Ltd.,Branded consumer products,consumer products,Consumer Products,retail consumers,core_product,branded,"NSE annual-report archive, NSE classification and sector value-chain curation",0.62,True
ind_nifty500,GODREJPROP,Godrej Properties Ltd.,Distribution and channel portfolio,distribution,Distribution and Channels,trade channels and consumers,service,recurring,"NSE annual-report archive, NSE classification and sector value-chain curation",0.62,True
ind_nifty500,GRAPHITE,Graphite India Ltd.,Industrial equipment and project supplies,capital goods,Capital Goods,industrial and infrastructure customers,core_product,project_based,"NSE annual-report archive, NSE classification and sector value-chain curation",0.62,True
ind_nifty500,GRAPHITE,Graphite India Ltd.,"Services, spares and execution",engineering services,Services and Execution,installed base and project owners,service,recurring_or_project,"NSE annual-report archive, NSE classification and sector value-chain curation",0.62,True
ind_nifty500,GRASIM,Grasim Industries Ltd.,Industrial equipment and project supplies,capital goods,Capital Goods,industrial and infrastructure customers,core_product,project_based,"NSE annual-report archive, NSE classification and sector value-chain curation",0.62,True
ind_nifty500,GRASIM,Grasim Industries Ltd.,"Services, spares and execution",engineering services,Services and Execution,installed base and project owners,service,recurring_or_project,"NSE annual-report archive, NSE classification and sector value-chain curation",0.62,True
ind_nifty500,GROWW,Billionbrains Garage Ventures Ltd.,Core products or services,core business,Core Business,industry customers,core_product,mixed,"NSE annual-report archive, NSE classification and sector value-chain curation",0.62,True
ind_nifty500,GROWW,Billionbrains Garage Ventures Ltd.,Value-added or ancillary services,ancillary business,Ancillary Business,adjacent customers,service,mixed,"NSE annual-report archive, NSE classification and sector value-chain curation",0.62,True
ind_nifty500,GRSE,Garden Reach Shipbuilders & Engineers Ltd.,Industrial equipment and project supplies,capital goods,Capital Goods,industrial and infrastructure customers,core_product,project_based,"NSE annual-report archive, NSE classification and sector value-chain curation",0.62,True
ind_nifty500,GRSE,Garden Reach Shipbuilders & Engineers Ltd.,"Services, spares and execution",engineering services,Services and Execution,installed base and project owners,service,recurring_or_project,"NSE annual-report archive, NSE classification and sector value-chain curation",0.62,True
ind_nifty500,HAL,Hindustan Aeronautics Ltd.,Industrial equipment and project supplies,capital goods,Capital Goods,industrial and infrastructure customers,core_product,project_based,"NSE annual-report archive, NSE classification and sector value-chain curation",0.62,True
ind_nifty500,HAL,Hindustan Aeronautics Ltd.,"Services, spares and execution",engineering services,Services and Execution,installed base and project owners,service,recurring_or_project,"NSE annual-report archive, NSE classification and sector value-chain curation",0.62,True
ind_nifty500,HBLENGINE,HBL Engineering Ltd.,Industrial equipment and project supplies,capital goods,Capital Goods,industrial and infrastructure customers,core_product,project_based,"NSE annual-report archive, NSE classification and sector value-chain curation",0.62,True
ind_nifty500,HBLENGINE,HBL Engineering Ltd.,"Services, spares and execution",engineering services,Services and Execution,installed base and project owners,service,recurring_or_project,"NSE annual-report archive, NSE classification and sector value-chain curation",0.62,True
ind_nifty500,HDBFS,HDB Financial Services Ltd.,Core products or services,core business,Core Business,industry customers,core_product,mixed,"NSE annual-report archive, NSE classification and sector value-chain curation",0.62,True
ind_nifty500,HDBFS,HDB Financial Services Ltd.,Value-added or ancillary services,ancillary business,Ancillary Business,adjacent customers,service,mixed,"NSE annual-report archive, NSE classification and sector value-chain curation",0.62,True
ind_nifty500,HDFCAMC,HDFC Asset Management Company Ltd.,Core products or services,core business,Core Business,industry customers,core_product,mixed,"NSE annual-report archive, NSE classification and sector value-chain curation",0.62,True
ind_nifty500,HDFCAMC,HDFC Asset Management Company Ltd.,Value-added or ancillary services,ancillary business,Ancillary Business,adjacent customers,service,mixed,"NSE annual-report archive, NSE classification and sector value-chain curation",0.62,True
ind_nifty500,HDFCBANK,HDFC Bank Ltd.,Core products or services,core business,Core Business,industry customers,core_product,mixed,"NSE annual-report archive, NSE classification and sector value-chain curation",0.62,True
ind_nifty500,HDFCBANK,HDFC Bank Ltd.,Value-added or ancillary services,ancillary business,Ancillary Business,adjacent customers,service,mixed,"NSE annual-report archive, NSE classification and sector value-chain curation",0.62,True
ind_nifty500,HDFCLIFE,HDFC Life Insurance Company Ltd.,Core products or services,core business,Core Business,industry customers,core_product,mixed,"NSE annual-report archive, NSE classification and sector value-chain curation",0.62,True
ind_nifty500,HDFCLIFE,HDFC Life Insurance Company Ltd.,Value-added or ancillary services,ancillary business,Ancillary Business,adjacent customers,service,mixed,"NSE annual-report archive, NSE classification and sector value-chain curation",0.62,True
ind_nifty500,HINDPETRO,Hindustan Petroleum Corporation Ltd.,Energy products or utility services,energy,Energy and Utilities,industrial and retail users,core_product,regulated,"NSE annual-report archive, NSE classification and sector value-chain curation",0.62,True
ind_nifty500,HINDPETRO,Hindustan Petroleum Corporation Ltd.,Network and infrastructure services,energy infrastructure,Infrastructure,regulated users and project customers,service,regulated,"NSE annual-report archive, NSE classification and sector value-chain curation",0.62,True
ind_nifty500,HINDZINC,Hindustan Zinc Ltd.,Metal products,metals,Metals,industrial customers,core_product,commodity_like,"NSE annual-report archive, NSE classification and sector value-chain curation",0.62,True
ind_nifty500,HINDZINC,Hindustan Zinc Ltd.,Value-added metal products,value added metals,Value Added Metals,manufacturing and construction,core_product,commodity_like,"NSE annual-report archive, NSE classification and sector value-chain curation",0.62,True
ind_nifty500,HOMEFIRST,Home First Finance Company India Ltd.,Core products or services,core business,Core Business,industry customers,core_product,mixed,"NSE annual-report archive, NSE classification and sector value-chain curation",0.62,True
ind_nifty500,HOMEFIRST,Home First Finance Company India Ltd.,Value-added or ancillary services,ancillary business,Ancillary Business,adjacent customers,service,mixed,"NSE annual-report archive, NSE classification and sector value-chain curation",0.62,True
ind_nifty500,HONASA,Honasa Consumer Ltd.,Branded consumer products,consumer products,Consumer Products,retail consumers,core_product,branded,"NSE annual-report archive, NSE classification and sector value-chain curation",0.62,True
ind_nifty500,HONASA,Honasa Consumer Ltd.,Distribution and channel portfolio,distribution,Distribution and Channels,trade channels and consumers,service,recurring,"NSE annual-report archive, NSE classification and sector value-chain curation",0.62,True
ind_nifty500,HONAUT,Honeywell Automation India Ltd.,Automotive products or components,automotive,Automotive,OEM and replacement customers,core_product,branded_or_contract,"NSE annual-report archive, NSE classification and sector value-chain curation",0.62,True
ind_nifty500,HONAUT,Honeywell Automation India Ltd.,Aftermarket and services,aftermarket,Aftermarket,replacement and service channels,service,recurring,"NSE annual-report archive, NSE classification and sector value-chain curation",0.62,True
ind_nifty500,HUDCO,Housing & Urban Development Corporation Ltd.,Core products or services,core business,Core Business,industry customers,core_product,mixed,"NSE annual-report archive, NSE classification and sector value-chain curation",0.62,True
ind_nifty500,HUDCO,Housing & Urban Development Corporation Ltd.,Value-added or ancillary services,ancillary business,Ancillary Business,adjacent customers,service,mixed,"NSE annual-report archive, NSE classification and sector value-chain curation",0.62,True
ind_nifty500,ICICIAMC,ICICI Prudential Asset Management Company Ltd.,Core products or services,core business,Core Business,industry customers,core_product,mixed,"NSE annual-report archive, NSE classification and sector value-chain curation",0.62,True
ind_nifty500,ICICIAMC,ICICI Prudential Asset Management Company Ltd.,Value-added or ancillary services,ancillary business,Ancillary Business,adjacent customers,service,mixed,"NSE annual-report archive, NSE classification and sector value-chain curation",0.62,True
ind_nifty500,ICICIBANK,ICICI Bank Ltd.,Core products or services,core business,Core Business,industry customers,core_product,mixed,"NSE annual-report archive, NSE classification and sector value-chain curation",0.62,True
ind_nifty500,ICICIBANK,ICICI Bank Ltd.,Value-added or ancillary services,ancillary business,Ancillary Business,adjacent customers,service,mixed,"NSE annual-report archive, NSE classification and sector value-chain curation",0.62,True
ind_nifty500,ICICIGI,ICICI Lombard General Insurance Company Ltd.,Core products or services,core business,Core Business,industry customers,core_product,mixed,"NSE annual-report archive, NSE classification and sector value-chain curation",0.62,True
ind_nifty500,ICICIGI,ICICI Lombard General Insurance Company Ltd.,Value-added or ancillary services,ancillary business,Ancillary Business,adjacent customers,service,mixed,"NSE annual-report archive, NSE classification and sector value-chain curation",0.62,True
ind_nifty500,ICICIPRULI,ICICI Prudential Life Insurance Company Ltd.,Core products or services,core business,Core Business,industry customers,core_product,mixed,"NSE annual-report archive, NSE classification and sector value-chain curation",0.62,True
ind_nifty500,ICICIPRULI,ICICI Prudential Life Insurance Company Ltd.,Value-added or ancillary services,ancillary business,Ancillary Business,adjacent customers,service,mixed,"NSE annual-report archive, NSE classification and sector value-chain curation",0.62,True
ind_nifty500,IDBI,IDBI Bank Ltd.,Core products or services,core business,Core Business,industry customers,core_product,mixed,"NSE annual-report archive, NSE classification and sector value-chain curation",0.62,True
ind_nifty500,IDBI,IDBI Bank Ltd.,Value-added or ancillary services,ancillary business,Ancillary Business,adjacent customers,service,mixed,"NSE annual-report archive, NSE classification and sector value-chain curation",0.62,True
ind_nifty500,IDEA,Vodafone Idea Ltd.,Core products or services,core business,Core Business,industry customers,core_product,mixed,"NSE annual-report archive, NSE classification and sector value-chain curation",0.62,True
ind_nifty500,IDEA,Vodafone Idea Ltd.,Value-added or ancillary services,ancillary business,Ancillary Business,adjacent customers,service,mixed,"NSE annual-report archive, NSE classification and sector value-chain curation",0.62,True
ind_nifty500,IDFCFIRSTB,IDFC First Bank Ltd.,Core products or services,core business,Core Business,industry customers,core_product,mixed,"NSE annual-report archive, NSE classification and sector value-chain curation",0.62,True
ind_nifty500,IDFCFIRSTB,IDFC First Bank Ltd.,Value-added or ancillary services,ancillary business,Ancillary Business,adjacent customers,service,mixed,"NSE annual-report archive, NSE classification and sector value-chain curation",0.62,True
ind_nifty500,IEX,Indian Energy Exchange Ltd.,Energy products or utility services,energy,Energy and Utilities,industrial and retail users,core_product,regulated,"NSE annual-report archive, NSE classification and sector value-chain curation",0.62,True
ind_nifty500,IEX,Indian Energy Exchange Ltd.,Network and infrastructure services,energy infrastructure,Infrastructure,regulated users and project customers,service,regulated,"NSE annual-report archive, NSE classification and sector value-chain curation",0.62,True
ind_nifty500,IFCI,IFCI Ltd.,Core products or services,core business,Core Business,industry customers,core_product,mixed,"NSE annual-report archive, NSE classification and sector value-chain curation",0.62,True
ind_nifty500,IFCI,IFCI Ltd.,Value-added or ancillary services,ancillary business,Ancillary Business,adjacent customers,service,mixed,"NSE annual-report archive, NSE classification and sector value-chain curation",0.62,True
ind_nifty500,IGIL,International Gemological Institute Ltd.,Core products or services,core business,Core Business,industry customers,core_product,mixed,"NSE annual-report archive, NSE classification and sector value-chain curation",0.62,True
ind_nifty500,IGIL,International Gemological Institute Ltd.,Value-added or ancillary services,ancillary business,Ancillary Business,adjacent customers,service,mixed,"NSE annual-report archive, NSE classification and sector value-chain curation",0.62,True
ind_nifty500,IIFL,IIFL Finance Ltd.,Core products or services,core business,Core Business,industry customers,core_product,mixed,"NSE annual-report archive, NSE classification and sector value-chain curation",0.62,True
ind_nifty500,IIFL,IIFL Finance Ltd.,Value-added or ancillary services,ancillary business,Ancillary Business,adjacent customers,service,mixed,"NSE annual-report archive, NSE classification and sector value-chain curation",0.62,True
ind_nifty500,IKS,Inventurus Knowledge Solutions Ltd.,IT and digital services,IT services,Technology Services,enterprise IT,service,project_and_recurring,"NSE annual-report archive, NSE classification and sector value-chain curation",0.62,True
ind_nifty500,IKS,Inventurus Knowledge Solutions Ltd.,Managed services and support,managed services,Technology Services,enterprise operations,service,recurring,"NSE annual-report archive, NSE classification and sector value-chain curation",0.62,True
ind_nifty500,INDGN,Indegene Ltd.,Core healthcare products or services,healthcare,Core Healthcare,patients and healthcare distribution,core_product,regulated,"NSE annual-report archive, NSE classification and sector value-chain curation",0.62,True
ind_nifty500,INDGN,Indegene Ltd.,Specialty or institutional portfolio,specialty healthcare,Specialty and Institutional,hospitals and institutional buyers,service,regulated,"NSE annual-report archive, NSE classification and sector value-chain curation",0.62,True
ind_nifty500,INDHOTEL,Indian Hotels Co. Ltd.,Branded consumer products,consumer products,Consumer Products,retail consumers,core_product,branded,"NSE annual-report archive, NSE classification and sector value-chain curation",0.62,True
ind_nifty500,INDHOTEL,Indian Hotels Co. Ltd.,Distribution and channel portfolio,distribution,Distribution and Channels,trade channels and consumers,service,recurring,"NSE annual-report archive, NSE classification and sector value-chain curation",0.62,True
ind_nifty500,INDIACEM,India Cements Ltd.,Industrial equipment and project supplies,capital goods,Capital Goods,industrial and infrastructure customers,core_product,project_based,"NSE annual-report archive, NSE classification and sector value-chain curation",0.62,True
ind_nifty500,INDIACEM,India Cements Ltd.,"Services, spares and execution",engineering services,Services and Execution,installed base and project owners,service,recurring_or_project,"NSE annual-report archive, NSE classification and sector value-chain curation",0.62,True
ind_nifty500,INDIAMART,Indiamart Intermesh Ltd.,Branded consumer products,consumer products,Consumer Products,retail consumers,core_product,branded,"NSE annual-report archive, NSE classification and sector value-chain curation",0.62,True
ind_nifty500,INDIAMART,Indiamart Intermesh Ltd.,Distribution and channel portfolio,distribution,Distribution and Channels,trade channels and consumers,service,recurring,"NSE annual-report archive, NSE classification and sector value-chain curation",0.62,True
ind_nifty500,INDIANB,Indian Bank,Core products or services,core business,Core Business,industry customers,core_product,mixed,"NSE annual-report archive, NSE classification and sector value-chain curation",0.62,True
ind_nifty500,INDIANB,Indian Bank,Value-added or ancillary services,ancillary business,Ancillary Business,adjacent customers,service,mixed,"NSE annual-report archive, NSE classification and sector value-chain curation",0.62,True
ind_nifty500,INDIGO,InterGlobe Aviation Ltd.,Core products or services,core business,Core Business,industry customers,core_product,mixed,"NSE annual-report archive, NSE classification and sector value-chain curation",0.62,True
ind_nifty500,INDIGO,InterGlobe Aviation Ltd.,Value-added or ancillary services,ancillary business,Ancillary Business,adjacent customers,service,mixed,"NSE annual-report archive, NSE classification and sector value-chain curation",0.62,True
ind_nifty500,INDUSINDBK,IndusInd Bank Ltd.,Core products or services,core business,Core Business,industry customers,core_product,mixed,"NSE annual-report archive, NSE classification and sector value-chain curation",0.62,True
ind_nifty500,INDUSINDBK,IndusInd Bank Ltd.,Value-added or ancillary services,ancillary business,Ancillary Business,adjacent customers,service,mixed,"NSE annual-report archive, NSE classification and sector value-chain curation",0.62,True
ind_nifty500,INTELLECT,Intellect Design Arena Ltd.,IT and digital services,IT services,Technology Services,enterprise IT,service,project_and_recurring,"NSE annual-report archive, NSE classification and sector value-chain curation",0.62,True
ind_nifty500,INTELLECT,Intellect Design Arena Ltd.,Managed services and support,managed services,Technology Services,enterprise operations,service,recurring,"NSE annual-report archive, NSE classification and sector value-chain curation",0.62,True
ind_nifty500,IOB,Indian Overseas Bank,Core products or services,core business,Core Business,industry customers,core_product,mixed,"NSE annual-report archive, NSE classification and sector value-chain curation",0.62,True
ind_nifty500,IOB,Indian Overseas Bank,Value-added or ancillary services,ancillary business,Ancillary Business,adjacent customers,service,mixed,"NSE annual-report archive, NSE classification and sector value-chain curation",0.62,True
ind_nifty500,IOC,Indian Oil Corporation Ltd.,Energy products or utility services,energy,Energy and Utilities,industrial and retail users,core_product,regulated,"NSE annual-report archive, NSE classification and sector value-chain curation",0.62,True
ind_nifty500,IOC,Indian Oil Corporation Ltd.,Network and infrastructure services,energy infrastructure,Infrastructure,regulated users and project customers,service,regulated,"NSE annual-report archive, NSE classification and sector value-chain curation",0.62,True
ind_nifty500,IRB,IRB Infrastructure Developers Ltd.,Industrial equipment and project supplies,capital goods,Capital Goods,industrial and infrastructure customers,core_product,project_based,"NSE annual-report archive, NSE classification and sector value-chain curation",0.62,True
ind_nifty500,IRB,IRB Infrastructure Developers Ltd.,"Services, spares and execution",engineering services,Services and Execution,installed base and project owners,service,recurring_or_project,"NSE annual-report archive, NSE classification and sector value-chain curation",0.62,True
ind_nifty500,IRCON,IRCON International Ltd.,Industrial equipment and project supplies,capital goods,Capital Goods,industrial and infrastructure customers,core_product,project_based,"NSE annual-report archive, NSE classification and sector value-chain curation",0.62,True
ind_nifty500,IRCON,IRCON International Ltd.,"Services, spares and execution",engineering services,Services and Execution,installed base and project owners,service,recurring_or_project,"NSE annual-report archive, NSE classification and sector value-chain curation",0.62,True
ind_nifty500,IRCTC,Indian Railway Catering And Tourism Corporation Ltd.,Branded consumer products,consumer products,Consumer Products,retail consumers,core_product,branded,"NSE annual-report archive, NSE classification and sector value-chain curation",0.62,True
ind_nifty500,IRCTC,Indian Railway Catering And Tourism Corporation Ltd.,Distribution and channel portfolio,distribution,Distribution and Channels,trade channels and consumers,service,recurring,"NSE annual-report archive, NSE classification and sector value-chain curation",0.62,True
ind_nifty500,IREDA,Indian Renewable Energy Development Agency Ltd.,Energy products or utility services,energy,Energy and Utilities,industrial and retail users,core_product,regulated,"NSE annual-report archive, NSE classification and sector value-chain curation",0.62,True
ind_nifty500,IREDA,Indian Renewable Energy Development Agency Ltd.,Network and infrastructure services,energy infrastructure,Infrastructure,regulated users and project customers,service,regulated,"NSE annual-report archive, NSE classification and sector value-chain curation",0.62,True
ind_nifty500,IRFC,Indian Railway Finance Corporation Ltd.,Core products or services,core business,Core Business,industry customers,core_product,mixed,"NSE annual-report archive, NSE classification and sector value-chain curation",0.62,True
ind_nifty500,IRFC,Indian Railway Finance Corporation Ltd.,Value-added or ancillary services,ancillary business,Ancillary Business,adjacent customers,service,mixed,"NSE annual-report archive, NSE classification and sector value-chain curation",0.62,True
ind_nifty500,ITC,ITC Ltd.,Branded consumer products,consumer products,Consumer Products,retail consumers,core_product,branded,"NSE annual-report archive, NSE classification and sector value-chain curation",0.62,True
ind_nifty500,ITC,ITC Ltd.,Distribution and channel portfolio,distribution,Distribution and Channels,trade channels and consumers,service,recurring,"NSE annual-report archive, NSE classification and sector value-chain curation",0.62,True
ind_nifty500,ITCHOTELS,ITC Hotels Ltd.,Branded consumer products,consumer products,Consumer Products,retail consumers,core_product,branded,"NSE annual-report archive, NSE classification and sector value-chain curation",0.62,True
ind_nifty500,ITCHOTELS,ITC Hotels Ltd.,Distribution and channel portfolio,distribution,Distribution and Channels,trade channels and consumers,service,recurring,"NSE annual-report archive, NSE classification and sector value-chain curation",0.62,True
ind_nifty500,J&KBANK,Jammu & Kashmir Bank Ltd.,Core products or services,core business,Core Business,industry customers,core_product,mixed,"NSE annual-report archive, NSE classification and sector value-chain curation",0.62,True
ind_nifty500,J&KBANK,Jammu & Kashmir Bank Ltd.,Value-added or ancillary services,ancillary business,Ancillary Business,adjacent customers,service,mixed,"NSE annual-report archive, NSE classification and sector value-chain curation",0.62,True
ind_nifty500,JAINREC,Jain Resource Recycling Ltd.,Metal products,metals,Metals,industrial customers,core_product,commodity_like,"NSE annual-report archive, NSE classification and sector value-chain curation",0.62,True
ind_nifty500,JAINREC,Jain Resource Recycling Ltd.,Value-added metal products,value added metals,Value Added Metals,manufacturing and construction,core_product,commodity_like,"NSE annual-report archive, NSE classification and sector value-chain curation",0.62,True
ind_nifty500,JBMA,JBM Auto Ltd.,Automotive products or components,automotive,Automotive,OEM and replacement customers,core_product,branded_or_contract,"NSE annual-report archive, NSE classification and sector value-chain curation",0.62,True
ind_nifty500,JBMA,JBM Auto Ltd.,Aftermarket and services,aftermarket,Aftermarket,replacement and service channels,service,recurring,"NSE annual-report archive, NSE classification and sector value-chain curation",0.62,True
ind_nifty500,JIOFIN,Jio Financial Services Ltd.,Core products or services,core business,Core Business,industry customers,core_product,mixed,"NSE annual-report archive, NSE classification and sector value-chain curation",0.62,True
ind_nifty500,JIOFIN,Jio Financial Services Ltd.,Value-added or ancillary services,ancillary business,Ancillary Business,adjacent customers,service,mixed,"NSE annual-report archive, NSE classification and sector value-chain curation",0.62,True
ind_nifty500,JKCEMENT,J.K. Cement Ltd.,Industrial equipment and project supplies,capital goods,Capital Goods,industrial and infrastructure customers,core_product,project_based,"NSE annual-report archive, NSE classification and sector value-chain curation",0.62,True
ind_nifty500,JKCEMENT,J.K. Cement Ltd.,"Services, spares and execution",engineering services,Services and Execution,installed base and project owners,service,recurring_or_project,"NSE annual-report archive, NSE classification and sector value-chain curation",0.62,True
ind_nifty500,JKTYRE,JK Tyre & Industries Ltd.,Automotive products or components,automotive,Automotive,OEM and replacement customers,core_product,branded_or_contract,"NSE annual-report archive, NSE classification and sector value-chain curation",0.62,True
ind_nifty500,JKTYRE,JK Tyre & Industries Ltd.,Aftermarket and services,aftermarket,Aftermarket,replacement and service channels,service,recurring,"NSE annual-report archive, NSE classification and sector value-chain curation",0.62,True
ind_nifty500,JMFINANCIL,JM Financial Ltd.,Core products or services,core business,Core Business,industry customers,core_product,mixed,"NSE annual-report archive, NSE classification and sector value-chain curation",0.62,True
ind_nifty500,JMFINANCIL,JM Financial Ltd.,Value-added or ancillary services,ancillary business,Ancillary Business,adjacent customers,service,mixed,"NSE annual-report archive, NSE classification and sector value-chain curation",0.62,True
ind_nifty500,JPPOWER,Jaiprakash Power Ventures Ltd.,Energy products or utility services,energy,Energy and Utilities,industrial and retail users,core_product,regulated,"NSE annual-report archive, NSE classification and sector value-chain curation",0.62,True
ind_nifty500,JPPOWER,Jaiprakash Power Ventures Ltd.,Network and infrastructure services,energy infrastructure,Infrastructure,regulated users and project customers,service,regulated,"NSE annual-report archive, NSE classification and sector value-chain curation",0.62,True
ind_nifty500,JSWCEMENT,JSW Cement Ltd.,Industrial equipment and project supplies,capital goods,Capital Goods,industrial and infrastructure customers,core_product,project_based,"NSE annual-report archive, NSE classification and sector value-chain curation",0.62,True
ind_nifty500,JSWCEMENT,JSW Cement Ltd.,"Services, spares and execution",engineering services,Services and Execution,installed base and project owners,service,recurring_or_project,"NSE annual-report archive, NSE classification and sector value-chain curation",0.62,True
ind_nifty500,JSWENERGY,JSW Energy Ltd.,Energy products or utility services,energy,Energy and Utilities,industrial and retail users,core_product,regulated,"NSE annual-report archive, NSE classification and sector value-chain curation",0.62,True
ind_nifty500,JSWENERGY,JSW Energy Ltd.,Network and infrastructure services,energy infrastructure,Infrastructure,regulated users and project customers,service,regulated,"NSE annual-report archive, NSE classification and sector value-chain curation",0.62,True
ind_nifty500,JSWINFRA,JSW Infrastructure Ltd.,Industrial equipment and project supplies,capital goods,Capital Goods,industrial and infrastructure customers,core_product,project_based,"NSE annual-report archive, NSE classification and sector value-chain curation",0.62,True
ind_nifty500,JSWINFRA,JSW Infrastructure Ltd.,"Services, spares and execution",engineering services,Services and Execution,installed base and project owners,service,recurring_or_project,"NSE annual-report archive, NSE classification and sector value-chain curation",0.62,True
ind_nifty500,JSWSTEEL,JSW Steel Ltd.,Metal products,metals,Metals,industrial customers,core_product,commodity_like,"NSE annual-report archive, NSE classification and sector value-chain curation",0.62,True
ind_nifty500,JSWSTEEL,JSW Steel Ltd.,Value-added metal products,value added metals,Value Added Metals,manufacturing and construction,core_product,commodity_like,"NSE annual-report archive, NSE classification and sector value-chain curation",0.62,True
ind_nifty500,JUBLFOOD,Jubilant Foodworks Ltd.,Branded consumer products,consumer products,Consumer Products,retail consumers,core_product,branded,"NSE annual-report archive, NSE classification and sector value-chain curation",0.62,True
ind_nifty500,JUBLFOOD,Jubilant Foodworks Ltd.,Distribution and channel portfolio,distribution,Distribution and Channels,trade channels and consumers,service,recurring,"NSE annual-report archive, NSE classification and sector value-chain curation",0.62,True
ind_nifty500,KALYANKJIL,Kalyan Jewellers India Ltd.,Branded consumer products,consumer products,Consumer Products,retail consumers,core_product,branded,"NSE annual-report archive, NSE classification and sector value-chain curation",0.62,True
ind_nifty500,KALYANKJIL,Kalyan Jewellers India Ltd.,Distribution and channel portfolio,distribution,Distribution and Channels,trade channels and consumers,service,recurring,"NSE annual-report archive, NSE classification and sector value-chain curation",0.62,True
ind_nifty500,KARURVYSYA,Karur Vysya Bank Ltd.,Core products or services,core business,Core Business,industry customers,core_product,mixed,"NSE annual-report archive, NSE classification and sector value-chain curation",0.62,True
ind_nifty500,KARURVYSYA,Karur Vysya Bank Ltd.,Value-added or ancillary services,ancillary business,Ancillary Business,adjacent customers,service,mixed,"NSE annual-report archive, NSE classification and sector value-chain curation",0.62,True
ind_nifty500,KAYNES,Kaynes Technology India Ltd.,IT and digital services,IT services,Technology Services,enterprise IT,service,project_and_recurring,"NSE annual-report archive, NSE classification and sector value-chain curation",0.62,True
ind_nifty500,KAYNES,Kaynes Technology India Ltd.,Managed services and support,managed services,Technology Services,enterprise operations,service,recurring,"NSE annual-report archive, NSE classification and sector value-chain curation",0.62,True
ind_nifty500,KFINTECH,Kfin Technologies Ltd.,Core products or services,core business,Core Business,industry customers,core_product,mixed,"NSE annual-report archive, NSE classification and sector value-chain curation",0.62,True
ind_nifty500,KFINTECH,Kfin Technologies Ltd.,Value-added or ancillary services,ancillary business,Ancillary Business,adjacent customers,service,mixed,"NSE annual-report archive, NSE classification and sector value-chain curation",0.62,True
ind_nifty500,KIMS,Krishna Institute of Medical Sciences Ltd.,Core healthcare products or services,healthcare,Core Healthcare,patients and healthcare distribution,core_product,regulated,"NSE annual-report archive, NSE classification and sector value-chain curation",0.62,True
ind_nifty500,KIMS,Krishna Institute of Medical Sciences Ltd.,Specialty or institutional portfolio,specialty healthcare,Specialty and Institutional,hospitals and institutional buyers,service,regulated,"NSE annual-report archive, NSE classification and sector value-chain curation",0.62,True
ind_nifty500,KIRLOSENG,Kirloskar Oil Eng Ltd.,Industrial equipment and project supplies,capital goods,Capital Goods,industrial and infrastructure customers,core_product,project_based,"NSE annual-report archive, NSE classification and sector value-chain curation",0.62,True
ind_nifty500,KIRLOSENG,Kirloskar Oil Eng Ltd.,"Services, spares and execution",engineering services,Services and Execution,installed base and project owners,service,recurring_or_project,"NSE annual-report archive, NSE classification and sector value-chain curation",0.62,True
ind_nifty500,KOTAKBANK,Kotak Mahindra Bank Ltd.,Core products or services,core business,Core Business,industry customers,core_product,mixed,"NSE annual-report archive, NSE classification and sector value-chain curation",0.62,True
ind_nifty500,KOTAKBANK,Kotak Mahindra Bank Ltd.,Value-added or ancillary services,ancillary business,Ancillary Business,adjacent customers,service,mixed,"NSE annual-report archive, NSE classification and sector value-chain curation",0.62,True
ind_nifty500,KPRMILL,K.P.R. Mill Ltd.,Branded consumer products,consumer products,Consumer Products,retail consumers,core_product,branded,"NSE annual-report archive, NSE classification and sector value-chain curation",0.62,True
ind_nifty500,KPRMILL,K.P.R. Mill Ltd.,Distribution and channel portfolio,distribution,Distribution and Channels,trade channels and consumers,service,recurring,"NSE annual-report archive, NSE classification and sector value-chain curation",0.62,True
ind_nifty500,LALPATHLAB,Dr. Lal Path Labs Ltd.,Core healthcare products or services,healthcare,Core Healthcare,patients and healthcare distribution,core_product,regulated,"NSE annual-report archive, NSE classification and sector value-chain curation",0.62,True
ind_nifty500,LALPATHLAB,Dr. Lal Path Labs Ltd.,Specialty or institutional portfolio,specialty healthcare,Specialty and Institutional,hospitals and institutional buyers,service,regulated,"NSE annual-report archive, NSE classification and sector value-chain curation",0.62,True
ind_nifty500,LATENTVIEW,Latent View Analytics Ltd.,IT and digital services,IT services,Technology Services,enterprise IT,service,project_and_recurring,"NSE annual-report archive, NSE classification and sector value-chain curation",0.62,True
ind_nifty500,LATENTVIEW,Latent View Analytics Ltd.,Managed services and support,managed services,Technology Services,enterprise operations,service,recurring,"NSE annual-report archive, NSE classification and sector value-chain curation",0.62,True
ind_nifty500,LAURUSLABS,Laurus Labs Ltd.,Core healthcare products or services,healthcare,Core Healthcare,patients and healthcare distribution,core_product,regulated,"NSE annual-report archive, NSE classification and sector value-chain curation",0.62,True
ind_nifty500,LAURUSLABS,Laurus Labs Ltd.,Specialty or institutional portfolio,specialty healthcare,Specialty and Institutional,hospitals and institutional buyers,service,regulated,"NSE annual-report archive, NSE classification and sector value-chain curation",0.62,True
ind_nifty500,LEMONTREE,Lemon Tree Hotels Ltd.,Branded consumer products,consumer products,Consumer Products,retail consumers,core_product,branded,"NSE annual-report archive, NSE classification and sector value-chain curation",0.62,True
ind_nifty500,LEMONTREE,Lemon Tree Hotels Ltd.,Distribution and channel portfolio,distribution,Distribution and Channels,trade channels and consumers,service,recurring,"NSE annual-report archive, NSE classification and sector value-chain curation",0.62,True
ind_nifty500,LENSKART,Lenskart Solutions Ltd.,Specialty or industrial chemicals,chemicals,Chemicals,industrial and agricultural customers,core_product,commodity_and_specialty,"NSE annual-report archive, NSE classification and sector value-chain curation",0.62,True
ind_nifty500,LENSKART,Lenskart Solutions Ltd.,Formulated or value-added products,formulations,Value Added Chemicals,industrial users and channel partners,core_product,branded_or_contract,"NSE annual-report archive, NSE classification and sector value-chain curation",0.62,True
ind_nifty500,LGEINDIA,LG Electronics India Ltd.,Branded consumer products,consumer products,Consumer Products,retail consumers,core_product,branded,"NSE annual-report archive, NSE classification and sector value-chain curation",0.62,True
ind_nifty500,LGEINDIA,LG Electronics India Ltd.,Distribution and channel portfolio,distribution,Distribution and Channels,trade channels and consumers,service,recurring,"NSE annual-report archive, NSE classification and sector value-chain curation",0.62,True
ind_nifty500,LICHSGFIN,LIC Housing Finance Ltd.,Core products or services,core business,Core Business,industry customers,core_product,mixed,"NSE annual-report archive, NSE classification and sector value-chain curation",0.62,True
ind_nifty500,LICHSGFIN,LIC Housing Finance Ltd.,Value-added or ancillary services,ancillary business,Ancillary Business,adjacent customers,service,mixed,"NSE annual-report archive, NSE classification and sector value-chain curation",0.62,True
ind_nifty500,LICI,Life Insurance Corporation of India,Core products or services,core business,Core Business,industry customers,core_product,mixed,"NSE annual-report archive, NSE classification and sector value-chain curation",0.62,True
ind_nifty500,LICI,Life Insurance Corporation of India,Value-added or ancillary services,ancillary business,Ancillary Business,adjacent customers,service,mixed,"NSE annual-report archive, NSE classification and sector value-chain curation",0.62,True
ind_nifty500,LT,Larsen & Toubro Ltd.,Industrial equipment and project supplies,capital goods,Capital Goods,industrial and infrastructure customers,core_product,project_based,"NSE annual-report archive, NSE classification and sector value-chain curation",0.62,True
ind_nifty500,LT,Larsen & Toubro Ltd.,"Services, spares and execution",engineering services,Services and Execution,installed base and project owners,service,recurring_or_project,"NSE annual-report archive, NSE classification and sector value-chain curation",0.62,True
ind_nifty500,LTF,L&T Finance Ltd.,Core products or services,core business,Core Business,industry customers,core_product,mixed,"NSE annual-report archive, NSE classification and sector value-chain curation",0.62,True
ind_nifty500,LTF,L&T Finance Ltd.,Value-added or ancillary services,ancillary business,Ancillary Business,adjacent customers,service,mixed,"NSE annual-report archive, NSE classification and sector value-chain curation",0.62,True
ind_nifty500,M&M,Mahindra & Mahindra Ltd.,Automotive products or components,automotive,Automotive,OEM and replacement customers,core_product,branded_or_contract,"NSE annual-report archive, NSE classification and sector value-chain curation",0.62,True
ind_nifty500,M&M,Mahindra & Mahindra Ltd.,Aftermarket and services,aftermarket,Aftermarket,replacement and service channels,service,recurring,"NSE annual-report archive, NSE classification and sector value-chain curation",0.62,True
ind_nifty500,M&MFIN,Mahindra & Mahindra Financial Services Ltd.,Core products or services,core business,Core Business,industry customers,core_product,mixed,"NSE annual-report archive, NSE classification and sector value-chain curation",0.62,True
ind_nifty500,M&MFIN,Mahindra & Mahindra Financial Services Ltd.,Value-added or ancillary services,ancillary business,Ancillary Business,adjacent customers,service,mixed,"NSE annual-report archive, NSE classification and sector value-chain curation",0.62,True
ind_nifty500,MAHABANK,Bank of Maharashtra,Core products or services,core business,Core Business,industry customers,core_product,mixed,"NSE annual-report archive, NSE classification and sector value-chain curation",0.62,True
ind_nifty500,MAHABANK,Bank of Maharashtra,Value-added or ancillary services,ancillary business,Ancillary Business,adjacent customers,service,mixed,"NSE annual-report archive, NSE classification and sector value-chain curation",0.62,True
ind_nifty500,MANAPPURAM,Manappuram Finance Ltd.,Core products or services,core business,Core Business,industry customers,core_product,mixed,"NSE annual-report archive, NSE classification and sector value-chain curation",0.62,True
ind_nifty500,MANAPPURAM,Manappuram Finance Ltd.,Value-added or ancillary services,ancillary business,Ancillary Business,adjacent customers,service,mixed,"NSE annual-report archive, NSE classification and sector value-chain curation",0.62,True
ind_nifty500,MANKIND,Mankind Pharma Ltd.,Core healthcare products or services,healthcare,Core Healthcare,patients and healthcare distribution,core_product,regulated,"NSE annual-report archive, NSE classification and sector value-chain curation",0.62,True
ind_nifty500,MANKIND,Mankind Pharma Ltd.,Specialty or institutional portfolio,specialty healthcare,Specialty and Institutional,hospitals and institutional buyers,service,regulated,"NSE annual-report archive, NSE classification and sector value-chain curation",0.62,True
ind_nifty500,MAPMYINDIA,C.E. Info Systems Ltd.,IT and digital services,IT services,Technology Services,enterprise IT,service,project_and_recurring,"NSE annual-report archive, NSE classification and sector value-chain curation",0.62,True
ind_nifty500,MAPMYINDIA,C.E. Info Systems Ltd.,Managed services and support,managed services,Technology Services,enterprise operations,service,recurring,"NSE annual-report archive, NSE classification and sector value-chain curation",0.62,True
ind_nifty500,MARUTI,Maruti Suzuki India Ltd.,Automotive products or components,automotive,Automotive,OEM and replacement customers,core_product,branded_or_contract,"NSE annual-report archive, NSE classification and sector value-chain curation",0.62,True
ind_nifty500,MARUTI,Maruti Suzuki India Ltd.,Aftermarket and services,aftermarket,Aftermarket,replacement and service channels,service,recurring,"NSE annual-report archive, NSE classification and sector value-chain curation",0.62,True
ind_nifty500,MAZDOCK,Mazagoan Dock Shipbuilders Ltd.,Industrial equipment and project supplies,capital goods,Capital Goods,industrial and infrastructure customers,core_product,project_based,"NSE annual-report archive, NSE classification and sector value-chain curation",0.62,True
ind_nifty500,MAZDOCK,Mazagoan Dock Shipbuilders Ltd.,"Services, spares and execution",engineering services,Services and Execution,installed base and project owners,service,recurring_or_project,"NSE annual-report archive, NSE classification and sector value-chain curation",0.62,True
ind_nifty500,MCX,Multi Commodity Exchange of India Ltd.,Core products or services,core business,Core Business,industry customers,core_product,mixed,"NSE annual-report archive, NSE classification and sector value-chain curation",0.62,True
ind_nifty500,MCX,Multi Commodity Exchange of India Ltd.,Value-added or ancillary services,ancillary business,Ancillary Business,adjacent customers,service,mixed,"NSE annual-report archive, NSE classification and sector value-chain curation",0.62,True
ind_nifty500,MEESHO,Meesho Ltd.,Branded consumer products,consumer products,Consumer Products,retail consumers,core_product,branded,"NSE annual-report archive, NSE classification and sector value-chain curation",0.62,True
ind_nifty500,MEESHO,Meesho Ltd.,Distribution and channel portfolio,distribution,Distribution and Channels,trade channels and consumers,service,recurring,"NSE annual-report archive, NSE classification and sector value-chain curation",0.62,True
ind_nifty500,MFSL,Max Financial Services Ltd.,Core products or services,core business,Core Business,industry customers,core_product,mixed,"NSE annual-report archive, NSE classification and sector value-chain curation",0.62,True
ind_nifty500,MFSL,Max Financial Services Ltd.,Value-added or ancillary services,ancillary business,Ancillary Business,adjacent customers,service,mixed,"NSE annual-report archive, NSE classification and sector value-chain curation",0.62,True
ind_nifty500,MINDACORP,Minda Corporation Ltd.,Automotive products or components,automotive,Automotive,OEM and replacement customers,core_product,branded_or_contract,"NSE annual-report archive, NSE classification and sector value-chain curation",0.62,True
ind_nifty500,MINDACORP,Minda Corporation Ltd.,Aftermarket and services,aftermarket,Aftermarket,replacement and service channels,service,recurring,"NSE annual-report archive, NSE classification and sector value-chain curation",0.62,True
ind_nifty500,MMTC,MMTC Ltd.,Core products or services,core business,Core Business,industry customers,core_product,mixed,"NSE annual-report archive, NSE classification and sector value-chain curation",0.62,True
ind_nifty500,MMTC,MMTC Ltd.,Value-added or ancillary services,ancillary business,Ancillary Business,adjacent customers,service,mixed,"NSE annual-report archive, NSE classification and sector value-chain curation",0.62,True
ind_nifty500,MOTILALOFS,Motilal Oswal Financial Services Ltd.,Core products or services,core business,Core Business,industry customers,core_product,mixed,"NSE annual-report archive, NSE classification and sector value-chain curation",0.62,True
ind_nifty500,MOTILALOFS,Motilal Oswal Financial Services Ltd.,Value-added or ancillary services,ancillary business,Ancillary Business,adjacent customers,service,mixed,"NSE annual-report archive, NSE classification and sector value-chain curation",0.62,True
ind_nifty500,MRPL,Mangalore Refinery & Petrochemicals Ltd.,Specialty or industrial chemicals,chemicals,Chemicals,industrial and agricultural customers,core_product,commodity_and_specialty,"NSE annual-report archive, NSE classification and sector value-chain curation",0.62,True
ind_nifty500,MRPL,Mangalore Refinery & Petrochemicals Ltd.,Formulated or value-added products,formulations,Value Added Chemicals,industrial users and channel partners,core_product,branded_or_contract,"NSE annual-report archive, NSE classification and sector value-chain curation",0.62,True
ind_nifty500,MUTHOOTFIN,Muthoot Finance Ltd.,Core products or services,core business,Core Business,industry customers,core_product,mixed,"NSE annual-report archive, NSE classification and sector value-chain curation",0.62,True
ind_nifty500,MUTHOOTFIN,Muthoot Finance Ltd.,Value-added or ancillary services,ancillary business,Ancillary Business,adjacent customers,service,mixed,"NSE annual-report archive, NSE classification and sector value-chain curation",0.62,True
ind_nifty500,NAM-INDIA,Nippon Life India Asset Management Ltd.,Core products or services,core business,Core Business,industry customers,core_product,mixed,"NSE annual-report archive, NSE classification and sector value-chain curation",0.62,True
ind_nifty500,NAM-INDIA,Nippon Life India Asset Management Ltd.,Value-added or ancillary services,ancillary business,Ancillary Business,adjacent customers,service,mixed,"NSE annual-report archive, NSE classification and sector value-chain curation",0.62,True
ind_nifty500,NATCOPHARM,NATCO Pharma Ltd.,Core healthcare products or services,healthcare,Core Healthcare,patients and healthcare distribution,core_product,regulated,"NSE annual-report archive, NSE classification and sector value-chain curation",0.62,True
ind_nifty500,NATCOPHARM,NATCO Pharma Ltd.,Specialty or institutional portfolio,specialty healthcare,Specialty and Institutional,hospitals and institutional buyers,service,regulated,"NSE annual-report archive, NSE classification and sector value-chain curation",0.62,True
ind_nifty500,NAUKRI,Info Edge (India) Ltd.,Branded consumer products,consumer products,Consumer Products,retail consumers,core_product,branded,"NSE annual-report archive, NSE classification and sector value-chain curation",0.62,True
ind_nifty500,NAUKRI,Info Edge (India) Ltd.,Distribution and channel portfolio,distribution,Distribution and Channels,trade channels and consumers,service,recurring,"NSE annual-report archive, NSE classification and sector value-chain curation",0.62,True
ind_nifty500,NAVINFLUOR,Navin Fluorine International Ltd.,Specialty or industrial chemicals,chemicals,Chemicals,industrial and agricultural customers,core_product,commodity_and_specialty,"NSE annual-report archive, NSE classification and sector value-chain curation",0.62,True
ind_nifty500,NAVINFLUOR,Navin Fluorine International Ltd.,Formulated or value-added products,formulations,Value Added Chemicals,industrial users and channel partners,core_product,branded_or_contract,"NSE annual-report archive, NSE classification and sector value-chain curation",0.62,True
ind_nifty500,NEWGEN,Newgen Software Technologies Ltd.,IT and digital services,IT services,Technology Services,enterprise IT,service,project_and_recurring,"NSE annual-report archive, NSE classification and sector value-chain curation",0.62,True
ind_nifty500,NEWGEN,Newgen Software Technologies Ltd.,Managed services and support,managed services,Technology Services,enterprise operations,service,recurring,"NSE annual-report archive, NSE classification and sector value-chain curation",0.62,True
ind_nifty500,NH,Narayana Hrudayalaya Ltd.,Core healthcare products or services,healthcare,Core Healthcare,patients and healthcare distribution,core_product,regulated,"NSE annual-report archive, NSE classification and sector value-chain curation",0.62,True
ind_nifty500,NH,Narayana Hrudayalaya Ltd.,Specialty or institutional portfolio,specialty healthcare,Specialty and Institutional,hospitals and institutional buyers,service,regulated,"NSE annual-report archive, NSE classification and sector value-chain curation",0.62,True
ind_nifty500,NHPC,NHPC Ltd.,Energy products or utility services,energy,Energy and Utilities,industrial and retail users,core_product,regulated,"NSE annual-report archive, NSE classification and sector value-chain curation",0.62,True
ind_nifty500,NHPC,NHPC Ltd.,Network and infrastructure services,energy infrastructure,Infrastructure,regulated users and project customers,service,regulated,"NSE annual-report archive, NSE classification and sector value-chain curation",0.62,True
ind_nifty500,NIACL,The New India Assurance Company Ltd.,Core products or services,core business,Core Business,industry customers,core_product,mixed,"NSE annual-report archive, NSE classification and sector value-chain curation",0.62,True
ind_nifty500,NIACL,The New India Assurance Company Ltd.,Value-added or ancillary services,ancillary business,Ancillary Business,adjacent customers,service,mixed,"NSE annual-report archive, NSE classification and sector value-chain curation",0.62,True
ind_nifty500,NIVABUPA,Niva Bupa Health Insurance Company Ltd.,Core products or services,core business,Core Business,industry customers,core_product,mixed,"NSE annual-report archive, NSE classification and sector value-chain curation",0.62,True
ind_nifty500,NIVABUPA,Niva Bupa Health Insurance Company Ltd.,Value-added or ancillary services,ancillary business,Ancillary Business,adjacent customers,service,mixed,"NSE annual-report archive, NSE classification and sector value-chain curation",0.62,True
ind_nifty500,NLCINDIA,NLC India Ltd.,Energy products or utility services,energy,Energy and Utilities,industrial and retail users,core_product,regulated,"NSE annual-report archive, NSE classification and sector value-chain curation",0.62,True
ind_nifty500,NLCINDIA,NLC India Ltd.,Network and infrastructure services,energy infrastructure,Infrastructure,regulated users and project customers,service,regulated,"NSE annual-report archive, NSE classification and sector value-chain curation",0.62,True
ind_nifty500,NMDC,NMDC Ltd.,Metal products,metals,Metals,industrial customers,core_product,commodity_like,"NSE annual-report archive, NSE classification and sector value-chain curation",0.62,True
ind_nifty500,NMDC,NMDC Ltd.,Value-added metal products,value added metals,Value Added Metals,manufacturing and construction,core_product,commodity_like,"NSE annual-report archive, NSE classification and sector value-chain curation",0.62,True
ind_nifty500,NTPC,NTPC Ltd.,Energy products or utility services,energy,Energy and Utilities,industrial and retail users,core_product,regulated,"NSE annual-report archive, NSE classification and sector value-chain curation",0.62,True
ind_nifty500,NTPC,NTPC Ltd.,Network and infrastructure services,energy infrastructure,Infrastructure,regulated users and project customers,service,regulated,"NSE annual-report archive, NSE classification and sector value-chain curation",0.62,True
ind_nifty500,NTPCGREEN,NTPC Green Energy Ltd.,Energy products or utility services,energy,Energy and Utilities,industrial and retail users,core_product,regulated,"NSE annual-report archive, NSE classification and sector value-chain curation",0.62,True
ind_nifty500,NTPCGREEN,NTPC Green Energy Ltd.,Network and infrastructure services,energy infrastructure,Infrastructure,regulated users and project customers,service,regulated,"NSE annual-report archive, NSE classification and sector value-chain curation",0.62,True
ind_nifty500,NUVAMA,Nuvama Wealth Management Ltd.,Core products or services,core business,Core Business,industry customers,core_product,mixed,"NSE annual-report archive, NSE classification and sector value-chain curation",0.62,True
ind_nifty500,NUVAMA,Nuvama Wealth Management Ltd.,Value-added or ancillary services,ancillary business,Ancillary Business,adjacent customers,service,mixed,"NSE annual-report archive, NSE classification and sector value-chain curation",0.62,True
ind_nifty500,NYKAA,FSN E-Commerce Ventures Ltd.,Branded consumer products,consumer products,Consumer Products,retail consumers,core_product,branded,"NSE annual-report archive, NSE classification and sector value-chain curation",0.62,True
ind_nifty500,NYKAA,FSN E-Commerce Ventures Ltd.,Distribution and channel portfolio,distribution,Distribution and Channels,trade channels and consumers,service,recurring,"NSE annual-report archive, NSE classification and sector value-chain curation",0.62,True
ind_nifty500,OBEROIRLTY,Oberoi Realty Ltd.,Branded consumer products,consumer products,Consumer Products,retail consumers,core_product,branded,"NSE annual-report archive, NSE classification and sector value-chain curation",0.62,True
ind_nifty500,OBEROIRLTY,Oberoi Realty Ltd.,Distribution and channel portfolio,distribution,Distribution and Channels,trade channels and consumers,service,recurring,"NSE annual-report archive, NSE classification and sector value-chain curation",0.62,True
ind_nifty500,OFSS,Oracle Financial Services Software Ltd.,IT and digital services,IT services,Technology Services,enterprise IT,service,project_and_recurring,"NSE annual-report archive, NSE classification and sector value-chain curation",0.62,True
ind_nifty500,OFSS,Oracle Financial Services Software Ltd.,Managed services and support,managed services,Technology Services,enterprise operations,service,recurring,"NSE annual-report archive, NSE classification and sector value-chain curation",0.62,True
ind_nifty500,OIL,Oil India Ltd.,Energy products or utility services,energy,Energy and Utilities,industrial and retail users,core_product,regulated,"NSE annual-report archive, NSE classification and sector value-chain curation",0.62,True
ind_nifty500,OIL,Oil India Ltd.,Network and infrastructure services,energy infrastructure,Infrastructure,regulated users and project customers,service,regulated,"NSE annual-report archive, NSE classification and sector value-chain curation",0.62,True
ind_nifty500,OLAELEC,Ola Electric Mobility Ltd.,Automotive products or components,automotive,Automotive,OEM and replacement customers,core_product,branded_or_contract,"NSE annual-report archive, NSE classification and sector value-chain curation",0.62,True
ind_nifty500,OLAELEC,Ola Electric Mobility Ltd.,Aftermarket and services,aftermarket,Aftermarket,replacement and service channels,service,recurring,"NSE annual-report archive, NSE classification and sector value-chain curation",0.62,True
ind_nifty500,ONESOURCE,Onesource Specialty Pharma Ltd.,Core healthcare products or services,healthcare,Core Healthcare,patients and healthcare distribution,core_product,regulated,"NSE annual-report archive, NSE classification and sector value-chain curation",0.62,True
ind_nifty500,ONESOURCE,Onesource Specialty Pharma Ltd.,Specialty or institutional portfolio,specialty healthcare,Specialty and Institutional,hospitals and institutional buyers,service,regulated,"NSE annual-report archive, NSE classification and sector value-chain curation",0.62,True
ind_nifty500,PARADEEP,Paradeep Phosphates Ltd.,Specialty or industrial chemicals,chemicals,Chemicals,industrial and agricultural customers,core_product,commodity_and_specialty,"NSE annual-report archive, NSE classification and sector value-chain curation",0.62,True
ind_nifty500,PARADEEP,Paradeep Phosphates Ltd.,Formulated or value-added products,formulations,Value Added Chemicals,industrial users and channel partners,core_product,branded_or_contract,"NSE annual-report archive, NSE classification and sector value-chain curation",0.62,True
ind_nifty500,PAYTM,One 97 Communications Ltd.,IT and digital services,IT services,Technology Services,enterprise IT,service,project_and_recurring,"NSE annual-report archive, NSE classification and sector value-chain curation",0.62,True
ind_nifty500,PAYTM,One 97 Communications Ltd.,Managed services and support,managed services,Technology Services,enterprise operations,service,recurring,"NSE annual-report archive, NSE classification and sector value-chain curation",0.62,True
ind_nifty500,PCBL,PCBL Chemical Ltd.,Specialty or industrial chemicals,chemicals,Chemicals,industrial and agricultural customers,core_product,commodity_and_specialty,"NSE annual-report archive, NSE classification and sector value-chain curation",0.62,True
ind_nifty500,PCBL,PCBL Chemical Ltd.,Formulated or value-added products,formulations,Value Added Chemicals,industrial users and channel partners,core_product,branded_or_contract,"NSE annual-report archive, NSE classification and sector value-chain curation",0.62,True
ind_nifty500,PFC,Power Finance Corporation Ltd.,Energy products or utility services,energy,Energy and Utilities,industrial and retail users,core_product,regulated,"NSE annual-report archive, NSE classification and sector value-chain curation",0.62,True
ind_nifty500,PFC,Power Finance Corporation Ltd.,Network and infrastructure services,energy infrastructure,Infrastructure,regulated users and project customers,service,regulated,"NSE annual-report archive, NSE classification and sector value-chain curation",0.62,True
ind_nifty500,PFIZER,Pfizer Ltd.,Core healthcare products or services,healthcare,Core Healthcare,patients and healthcare distribution,core_product,regulated,"NSE annual-report archive, NSE classification and sector value-chain curation",0.62,True
ind_nifty500,PFIZER,Pfizer Ltd.,Specialty or institutional portfolio,specialty healthcare,Specialty and Institutional,hospitals and institutional buyers,service,regulated,"NSE annual-report archive, NSE classification and sector value-chain curation",0.62,True
ind_nifty500,PHOENIXLTD,Phoenix Mills Ltd.,Branded consumer products,consumer products,Consumer Products,retail consumers,core_product,branded,"NSE annual-report archive, NSE classification and sector value-chain curation",0.62,True
ind_nifty500,PHOENIXLTD,Phoenix Mills Ltd.,Distribution and channel portfolio,distribution,Distribution and Channels,trade channels and consumers,service,recurring,"NSE annual-report archive, NSE classification and sector value-chain curation",0.62,True
ind_nifty500,PIIND,PI Industries Ltd.,Specialty or industrial chemicals,chemicals,Chemicals,industrial and agricultural customers,core_product,commodity_and_specialty,"NSE annual-report archive, NSE classification and sector value-chain curation",0.62,True
ind_nifty500,PIIND,PI Industries Ltd.,Formulated or value-added products,formulations,Value Added Chemicals,industrial users and channel partners,core_product,branded_or_contract,"NSE annual-report archive, NSE classification and sector value-chain curation",0.62,True
ind_nifty500,PINELABS,Pine Labs Ltd.,IT and digital services,IT services,Technology Services,enterprise IT,service,project_and_recurring,"NSE annual-report archive, NSE classification and sector value-chain curation",0.62,True
ind_nifty500,PINELABS,Pine Labs Ltd.,Managed services and support,managed services,Technology Services,enterprise operations,service,recurring,"NSE annual-report archive, NSE classification and sector value-chain curation",0.62,True
ind_nifty500,PIRAMALFIN,Piramal Finance Ltd.,Core products or services,core business,Core Business,industry customers,core_product,mixed,"NSE annual-report archive, NSE classification and sector value-chain curation",0.62,True
ind_nifty500,PIRAMALFIN,Piramal Finance Ltd.,Value-added or ancillary services,ancillary business,Ancillary Business,adjacent customers,service,mixed,"NSE annual-report archive, NSE classification and sector value-chain curation",0.62,True
ind_nifty500,PNB,Punjab National Bank,Core products or services,core business,Core Business,industry customers,core_product,mixed,"NSE annual-report archive, NSE classification and sector value-chain curation",0.62,True
ind_nifty500,PNB,Punjab National Bank,Value-added or ancillary services,ancillary business,Ancillary Business,adjacent customers,service,mixed,"NSE annual-report archive, NSE classification and sector value-chain curation",0.62,True
ind_nifty500,PNBHOUSING,PNB Housing Finance Ltd.,Core products or services,core business,Core Business,industry customers,core_product,mixed,"NSE annual-report archive, NSE classification and sector value-chain curation",0.62,True
ind_nifty500,PNBHOUSING,PNB Housing Finance Ltd.,Value-added or ancillary services,ancillary business,Ancillary Business,adjacent customers,service,mixed,"NSE annual-report archive, NSE classification and sector value-chain curation",0.62,True
ind_nifty500,POLICYBZR,PB Fintech Ltd.,IT and digital services,IT services,Technology Services,enterprise IT,service,project_and_recurring,"NSE annual-report archive, NSE classification and sector value-chain curation",0.62,True
ind_nifty500,POLICYBZR,PB Fintech Ltd.,Managed services and support,managed services,Technology Services,enterprise operations,service,recurring,"NSE annual-report archive, NSE classification and sector value-chain curation",0.62,True
ind_nifty500,POLYMED,Poly Medicure Ltd.,Core healthcare products or services,healthcare,Core Healthcare,patients and healthcare distribution,core_product,regulated,"NSE annual-report archive, NSE classification and sector value-chain curation",0.62,True
ind_nifty500,POLYMED,Poly Medicure Ltd.,Specialty or institutional portfolio,specialty healthcare,Specialty and Institutional,hospitals and institutional buyers,service,regulated,"NSE annual-report archive, NSE classification and sector value-chain curation",0.62,True
ind_nifty500,POONAWALLA,Poonawalla Fincorp Ltd.,Core products or services,core business,Core Business,industry customers,core_product,mixed,"NSE annual-report archive, NSE classification and sector value-chain curation",0.62,True
ind_nifty500,POONAWALLA,Poonawalla Fincorp Ltd.,Value-added or ancillary services,ancillary business,Ancillary Business,adjacent customers,service,mixed,"NSE annual-report archive, NSE classification and sector value-chain curation",0.62,True
ind_nifty500,POWERGRID,Power Grid Corporation of India Ltd.,Energy products or utility services,energy,Energy and Utilities,industrial and retail users,core_product,regulated,"NSE annual-report archive, NSE classification and sector value-chain curation",0.62,True
ind_nifty500,POWERGRID,Power Grid Corporation of India Ltd.,Network and infrastructure services,energy infrastructure,Infrastructure,regulated users and project customers,service,regulated,"NSE annual-report archive, NSE classification and sector value-chain curation",0.62,True
ind_nifty500,PPLPHARMA,Piramal Pharma Ltd.,Core healthcare products or services,healthcare,Core Healthcare,patients and healthcare distribution,core_product,regulated,"NSE annual-report archive, NSE classification and sector value-chain curation",0.62,True
ind_nifty500,PPLPHARMA,Piramal Pharma Ltd.,Specialty or institutional portfolio,specialty healthcare,Specialty and Institutional,hospitals and institutional buyers,service,regulated,"NSE annual-report archive, NSE classification and sector value-chain curation",0.62,True
ind_nifty500,PREMIERENE,Premier Energies Ltd.,Industrial equipment and project supplies,capital goods,Capital Goods,industrial and infrastructure customers,core_product,project_based,"NSE annual-report archive, NSE classification and sector value-chain curation",0.62,True
ind_nifty500,PREMIERENE,Premier Energies Ltd.,"Services, spares and execution",engineering services,Services and Execution,installed base and project owners,service,recurring_or_project,"NSE annual-report archive, NSE classification and sector value-chain curation",0.62,True
ind_nifty500,PRESTIGE,Prestige Estates Projects Ltd.,Branded consumer products,consumer products,Consumer Products,retail consumers,core_product,branded,"NSE annual-report archive, NSE classification and sector value-chain curation",0.62,True
ind_nifty500,PRESTIGE,Prestige Estates Projects Ltd.,Distribution and channel portfolio,distribution,Distribution and Channels,trade channels and consumers,service,recurring,"NSE annual-report archive, NSE classification and sector value-chain curation",0.62,True
ind_nifty500,PTCIL,PTC Industries Ltd.,Industrial equipment and project supplies,capital goods,Capital Goods,industrial and infrastructure customers,core_product,project_based,"NSE annual-report archive, NSE classification and sector value-chain curation",0.62,True
ind_nifty500,PTCIL,PTC Industries Ltd.,"Services, spares and execution",engineering services,Services and Execution,installed base and project owners,service,recurring_or_project,"NSE annual-report archive, NSE classification and sector value-chain curation",0.62,True
ind_nifty500,PVRINOX,PVR INOX Ltd.,Branded consumer products,consumer products,Consumer Products,retail consumers,core_product,branded,"NSE annual-report archive, NSE classification and sector value-chain curation",0.62,True
ind_nifty500,PVRINOX,PVR INOX Ltd.,Distribution and channel portfolio,distribution,Distribution and Channels,trade channels and consumers,service,recurring,"NSE annual-report archive, NSE classification and sector value-chain curation",0.62,True
ind_nifty500,PWL,Physicswallah Ltd.,Branded consumer products,consumer products,Consumer Products,retail consumers,core_product,branded,"NSE annual-report archive, NSE classification and sector value-chain curation",0.62,True
ind_nifty500,PWL,Physicswallah Ltd.,Distribution and channel portfolio,distribution,Distribution and Channels,trade channels and consumers,service,recurring,"NSE annual-report archive, NSE classification and sector value-chain curation",0.62,True
ind_nifty500,RADICO,Radico Khaitan Ltd,Branded consumer products,consumer products,Consumer Products,retail consumers,core_product,branded,"NSE annual-report archive, NSE classification and sector value-chain curation",0.62,True
ind_nifty500,RADICO,Radico Khaitan Ltd,Distribution and channel portfolio,distribution,Distribution and Channels,trade channels and consumers,service,recurring,"NSE annual-report archive, NSE classification and sector value-chain curation",0.62,True
ind_nifty500,RAINBOW,Rainbow Childrens Medicare Ltd.,Core healthcare products or services,healthcare,Core Healthcare,patients and healthcare distribution,core_product,regulated,"NSE annual-report archive, NSE classification and sector value-chain curation",0.62,True
ind_nifty500,RAINBOW,Rainbow Childrens Medicare Ltd.,Specialty or institutional portfolio,specialty healthcare,Specialty and Institutional,hospitals and institutional buyers,service,regulated,"NSE annual-report archive, NSE classification and sector value-chain curation",0.62,True
ind_nifty500,RAMCOCEM,The Ramco Cements Ltd.,Industrial equipment and project supplies,capital goods,Capital Goods,industrial and infrastructure customers,core_product,project_based,"NSE annual-report archive, NSE classification and sector value-chain curation",0.62,True
ind_nifty500,RAMCOCEM,The Ramco Cements Ltd.,"Services, spares and execution",engineering services,Services and Execution,installed base and project owners,service,recurring_or_project,"NSE annual-report archive, NSE classification and sector value-chain curation",0.62,True
ind_nifty500,RBLBANK,RBL Bank Ltd.,Core products or services,core business,Core Business,industry customers,core_product,mixed,"NSE annual-report archive, NSE classification and sector value-chain curation",0.62,True
ind_nifty500,RBLBANK,RBL Bank Ltd.,Value-added or ancillary services,ancillary business,Ancillary Business,adjacent customers,service,mixed,"NSE annual-report archive, NSE classification and sector value-chain curation",0.62,True
ind_nifty500,RECLTD,REC Ltd.,Core products or services,core business,Core Business,industry customers,core_product,mixed,"NSE annual-report archive, NSE classification and sector value-chain curation",0.62,True
ind_nifty500,RECLTD,REC Ltd.,Value-added or ancillary services,ancillary business,Ancillary Business,adjacent customers,service,mixed,"NSE annual-report archive, NSE classification and sector value-chain curation",0.62,True
ind_nifty500,RELIANCE,Reliance Industries Ltd.,Energy products or utility services,energy,Energy and Utilities,industrial and retail users,core_product,regulated,"NSE annual-report archive, NSE classification and sector value-chain curation",0.62,True
ind_nifty500,RELIANCE,Reliance Industries Ltd.,Network and infrastructure services,energy infrastructure,Infrastructure,regulated users and project customers,service,regulated,"NSE annual-report archive, NSE classification and sector value-chain curation",0.62,True
ind_nifty500,RITES,RITES Ltd.,Industrial equipment and project supplies,capital goods,Capital Goods,industrial and infrastructure customers,core_product,project_based,"NSE annual-report archive, NSE classification and sector value-chain curation",0.62,True
ind_nifty500,RITES,RITES Ltd.,"Services, spares and execution",engineering services,Services and Execution,installed base and project owners,service,recurring_or_project,"NSE annual-report archive, NSE classification and sector value-chain curation",0.62,True
ind_nifty500,RKFORGE,Ramkrishna Forgings Ltd.,Automotive products or components,automotive,Automotive,OEM and replacement customers,core_product,branded_or_contract,"NSE annual-report archive, NSE classification and sector value-chain curation",0.62,True
ind_nifty500,RKFORGE,Ramkrishna Forgings Ltd.,Aftermarket and services,aftermarket,Aftermarket,replacement and service channels,service,recurring,"NSE annual-report archive, NSE classification and sector value-chain curation",0.62,True
ind_nifty500,RPOWER,Reliance Power Ltd.,Energy products or utility services,energy,Energy and Utilities,industrial and retail users,core_product,regulated,"NSE annual-report archive, NSE classification and sector value-chain curation",0.62,True
ind_nifty500,RPOWER,Reliance Power Ltd.,Network and infrastructure services,energy infrastructure,Infrastructure,regulated users and project customers,service,regulated,"NSE annual-report archive, NSE classification and sector value-chain curation",0.62,True
ind_nifty500,SAMMAANCAP,Sammaan Capital Ltd.,Core products or services,core business,Core Business,industry customers,core_product,mixed,"NSE annual-report archive, NSE classification and sector value-chain curation",0.62,True
ind_nifty500,SAMMAANCAP,Sammaan Capital Ltd.,Value-added or ancillary services,ancillary business,Ancillary Business,adjacent customers,service,mixed,"NSE annual-report archive, NSE classification and sector value-chain curation",0.62,True
ind_nifty500,SAPPHIRE,Sapphire Foods India Ltd.,Branded consumer products,consumer products,Consumer Products,retail consumers,core_product,branded,"NSE annual-report archive, NSE classification and sector value-chain curation",0.62,True
ind_nifty500,SAPPHIRE,Sapphire Foods India Ltd.,Distribution and channel portfolio,distribution,Distribution and Channels,trade channels and consumers,service,recurring,"NSE annual-report archive, NSE classification and sector value-chain curation",0.62,True
ind_nifty500,SARDAEN,Sarda Energy and Minerals Ltd.,Metal products,metals,Metals,industrial customers,core_product,commodity_like,"NSE annual-report archive, NSE classification and sector value-chain curation",0.62,True
ind_nifty500,SARDAEN,Sarda Energy and Minerals Ltd.,Value-added metal products,value added metals,Value Added Metals,manufacturing and construction,core_product,commodity_like,"NSE annual-report archive, NSE classification and sector value-chain curation",0.62,True
ind_nifty500,SAREGAMA,Saregama India Ltd,Branded consumer products,consumer products,Consumer Products,retail consumers,core_product,branded,"NSE annual-report archive, NSE classification and sector value-chain curation",0.62,True
ind_nifty500,SAREGAMA,Saregama India Ltd,Distribution and channel portfolio,distribution,Distribution and Channels,trade channels and consumers,service,recurring,"NSE annual-report archive, NSE classification and sector value-chain curation",0.62,True
ind_nifty500,SBFC,SBFC Finance Ltd.,Core products or services,core business,Core Business,industry customers,core_product,mixed,"NSE annual-report archive, NSE classification and sector value-chain curation",0.62,True
ind_nifty500,SBFC,SBFC Finance Ltd.,Value-added or ancillary services,ancillary business,Ancillary Business,adjacent customers,service,mixed,"NSE annual-report archive, NSE classification and sector value-chain curation",0.62,True
ind_nifty500,SBICARD,SBI Cards and Payment Services Ltd.,Core products or services,core business,Core Business,industry customers,core_product,mixed,"NSE annual-report archive, NSE classification and sector value-chain curation",0.62,True
ind_nifty500,SBICARD,SBI Cards and Payment Services Ltd.,Value-added or ancillary services,ancillary business,Ancillary Business,adjacent customers,service,mixed,"NSE annual-report archive, NSE classification and sector value-chain curation",0.62,True
ind_nifty500,SBILIFE,SBI Life Insurance Company Ltd.,Core products or services,core business,Core Business,industry customers,core_product,mixed,"NSE annual-report archive, NSE classification and sector value-chain curation",0.62,True
ind_nifty500,SBILIFE,SBI Life Insurance Company Ltd.,Value-added or ancillary services,ancillary business,Ancillary Business,adjacent customers,service,mixed,"NSE annual-report archive, NSE classification and sector value-chain curation",0.62,True
ind_nifty500,SBIN,State Bank of India,Core products or services,core business,Core Business,industry customers,core_product,mixed,"NSE annual-report archive, NSE classification and sector value-chain curation",0.62,True
ind_nifty500,SBIN,State Bank of India,Value-added or ancillary services,ancillary business,Ancillary Business,adjacent customers,service,mixed,"NSE annual-report archive, NSE classification and sector value-chain curation",0.62,True
ind_nifty500,SCHNEIDER,Schneider Electric Infrastructure Ltd.,Industrial equipment and project supplies,capital goods,Capital Goods,industrial and infrastructure customers,core_product,project_based,"NSE annual-report archive, NSE classification and sector value-chain curation",0.62,True
ind_nifty500,SCHNEIDER,Schneider Electric Infrastructure Ltd.,"Services, spares and execution",engineering services,Services and Execution,installed base and project owners,service,recurring_or_project,"NSE annual-report archive, NSE classification and sector value-chain curation",0.62,True
ind_nifty500,SHREECEM,Shree Cement Ltd.,Industrial equipment and project supplies,capital goods,Capital Goods,industrial and infrastructure customers,core_product,project_based,"NSE annual-report archive, NSE classification and sector value-chain curation",0.62,True
ind_nifty500,SHREECEM,Shree Cement Ltd.,"Services, spares and execution",engineering services,Services and Execution,installed base and project owners,service,recurring_or_project,"NSE annual-report archive, NSE classification and sector value-chain curation",0.62,True
ind_nifty500,SHRIRAMFIN,Shriram Finance Ltd.,Core products or services,core business,Core Business,industry customers,core_product,mixed,"NSE annual-report archive, NSE classification and sector value-chain curation",0.62,True
ind_nifty500,SHRIRAMFIN,Shriram Finance Ltd.,Value-added or ancillary services,ancillary business,Ancillary Business,adjacent customers,service,mixed,"NSE annual-report archive, NSE classification and sector value-chain curation",0.62,True
ind_nifty500,SIEMENS,Siemens Ltd.,Industrial equipment and project supplies,capital goods,Capital Goods,industrial and infrastructure customers,core_product,project_based,"NSE annual-report archive, NSE classification and sector value-chain curation",0.62,True
ind_nifty500,SIEMENS,Siemens Ltd.,"Services, spares and execution",engineering services,Services and Execution,installed base and project owners,service,recurring_or_project,"NSE annual-report archive, NSE classification and sector value-chain curation",0.62,True
ind_nifty500,SIGNATURE,Signatureglobal (India) Ltd.,Branded consumer products,consumer products,Consumer Products,retail consumers,core_product,branded,"NSE annual-report archive, NSE classification and sector value-chain curation",0.62,True
ind_nifty500,SIGNATURE,Signatureglobal (India) Ltd.,Distribution and channel portfolio,distribution,Distribution and Channels,trade channels and consumers,service,recurring,"NSE annual-report archive, NSE classification and sector value-chain curation",0.62,True
ind_nifty500,SJVN,SJVN Ltd.,Energy products or utility services,energy,Energy and Utilities,industrial and retail users,core_product,regulated,"NSE annual-report archive, NSE classification and sector value-chain curation",0.62,True
ind_nifty500,SJVN,SJVN Ltd.,Network and infrastructure services,energy infrastructure,Infrastructure,regulated users and project customers,service,regulated,"NSE annual-report archive, NSE classification and sector value-chain curation",0.62,True
ind_nifty500,SOLARINDS,Solar Industries India Ltd.,Specialty or industrial chemicals,chemicals,Chemicals,industrial and agricultural customers,core_product,commodity_and_specialty,"NSE annual-report archive, NSE classification and sector value-chain curation",0.62,True
ind_nifty500,SOLARINDS,Solar Industries India Ltd.,Formulated or value-added products,formulations,Value Added Chemicals,industrial users and channel partners,core_product,branded_or_contract,"NSE annual-report archive, NSE classification and sector value-chain curation",0.62,True
ind_nifty500,SONACOMS,Sona BLW Precision Forgings Ltd.,Automotive products or components,automotive,Automotive,OEM and replacement customers,core_product,branded_or_contract,"NSE annual-report archive, NSE classification and sector value-chain curation",0.62,True
ind_nifty500,SONACOMS,Sona BLW Precision Forgings Ltd.,Aftermarket and services,aftermarket,Aftermarket,replacement and service channels,service,recurring,"NSE annual-report archive, NSE classification and sector value-chain curation",0.62,True
ind_nifty500,STARHEALTH,Star Health and Allied Insurance Company Ltd.,Core products or services,core business,Core Business,industry customers,core_product,mixed,"NSE annual-report archive, NSE classification and sector value-chain curation",0.62,True
ind_nifty500,STARHEALTH,Star Health and Allied Insurance Company Ltd.,Value-added or ancillary services,ancillary business,Ancillary Business,adjacent customers,service,mixed,"NSE annual-report archive, NSE classification and sector value-chain curation",0.62,True
ind_nifty500,SUMICHEM,Sumitomo Chemical India Ltd.,Specialty or industrial chemicals,chemicals,Chemicals,industrial and agricultural customers,core_product,commodity_and_specialty,"NSE annual-report archive, NSE classification and sector value-chain curation",0.62,True
ind_nifty500,SUMICHEM,Sumitomo Chemical India Ltd.,Formulated or value-added products,formulations,Value Added Chemicals,industrial users and channel partners,core_product,branded_or_contract,"NSE annual-report archive, NSE classification and sector value-chain curation",0.62,True
ind_nifty500,SUNDARMFIN,Sundaram Finance Ltd.,Core products or services,core business,Core Business,industry customers,core_product,mixed,"NSE annual-report archive, NSE classification and sector value-chain curation",0.62,True
ind_nifty500,SUNDARMFIN,Sundaram Finance Ltd.,Value-added or ancillary services,ancillary business,Ancillary Business,adjacent customers,service,mixed,"NSE annual-report archive, NSE classification and sector value-chain curation",0.62,True
ind_nifty500,SUNTV,Sun TV Network Ltd.,IT and digital services,IT services,Technology Services,enterprise IT,service,project_and_recurring,"NSE annual-report archive, NSE classification and sector value-chain curation",0.62,True
ind_nifty500,SUNTV,Sun TV Network Ltd.,Managed services and support,managed services,Technology Services,enterprise operations,service,recurring,"NSE annual-report archive, NSE classification and sector value-chain curation",0.62,True
ind_nifty500,TATACAP,Tata Capital Ltd.,Core products or services,core business,Core Business,industry customers,core_product,mixed,"NSE annual-report archive, NSE classification and sector value-chain curation",0.62,True
ind_nifty500,TATACAP,Tata Capital Ltd.,Value-added or ancillary services,ancillary business,Ancillary Business,adjacent customers,service,mixed,"NSE annual-report archive, NSE classification and sector value-chain curation",0.62,True
ind_nifty500,TATACOMM,Tata Communications Ltd.,Core products or services,core business,Core Business,industry customers,core_product,mixed,"NSE annual-report archive, NSE classification and sector value-chain curation",0.62,True
ind_nifty500,TATACOMM,Tata Communications Ltd.,Value-added or ancillary services,ancillary business,Ancillary Business,adjacent customers,service,mixed,"NSE annual-report archive, NSE classification and sector value-chain curation",0.62,True
ind_nifty500,TATAELXSI,Tata Elxsi Ltd.,IT and digital services,IT services,Technology Services,enterprise IT,service,project_and_recurring,"NSE annual-report archive, NSE classification and sector value-chain curation",0.62,True
ind_nifty500,TATAELXSI,Tata Elxsi Ltd.,Managed services and support,managed services,Technology Services,enterprise operations,service,recurring,"NSE annual-report archive, NSE classification and sector value-chain curation",0.62,True
ind_nifty500,TATAINVEST,Tata Investment Corporation Ltd.,Core products or services,core business,Core Business,industry customers,core_product,mixed,"NSE annual-report archive, NSE classification and sector value-chain curation",0.62,True
ind_nifty500,TATAINVEST,Tata Investment Corporation Ltd.,Value-added or ancillary services,ancillary business,Ancillary Business,adjacent customers,service,mixed,"NSE annual-report archive, NSE classification and sector value-chain curation",0.62,True
ind_nifty500,TATAPOWER,Tata Power Co. Ltd.,Energy products or utility services,energy,Energy and Utilities,industrial and retail users,core_product,regulated,"NSE annual-report archive, NSE classification and sector value-chain curation",0.62,True
ind_nifty500,TATAPOWER,Tata Power Co. Ltd.,Network and infrastructure services,energy infrastructure,Infrastructure,regulated users and project customers,service,regulated,"NSE annual-report archive, NSE classification and sector value-chain curation",0.62,True
ind_nifty500,TATASTEEL,Tata Steel Ltd.,Metal products,metals,Metals,industrial customers,core_product,commodity_like,"NSE annual-report archive, NSE classification and sector value-chain curation",0.62,True
ind_nifty500,TATASTEEL,Tata Steel Ltd.,Value-added metal products,value added metals,Value Added Metals,manufacturing and construction,core_product,commodity_like,"NSE annual-report archive, NSE classification and sector value-chain curation",0.62,True
ind_nifty500,TECHNOE,Techno Electric & Engineering Company Ltd.,Industrial equipment and project supplies,capital goods,Capital Goods,industrial and infrastructure customers,core_product,project_based,"NSE annual-report archive, NSE classification and sector value-chain curation",0.62,True
ind_nifty500,TECHNOE,Techno Electric & Engineering Company Ltd.,"Services, spares and execution",engineering services,Services and Execution,installed base and project owners,service,recurring_or_project,"NSE annual-report archive, NSE classification and sector value-chain curation",0.62,True
ind_nifty500,TEJASNET,Tejas Networks Ltd.,Industrial equipment and project supplies,capital goods,Capital Goods,industrial and infrastructure customers,core_product,project_based,"NSE annual-report archive, NSE classification and sector value-chain curation",0.62,True
ind_nifty500,TEJASNET,Tejas Networks Ltd.,"Services, spares and execution",engineering services,Services and Execution,installed base and project owners,service,recurring_or_project,"NSE annual-report archive, NSE classification and sector value-chain curation",0.62,True
ind_nifty500,THELEELA,Leela Palaces Hotels & Resorts Ltd.,Branded consumer products,consumer products,Consumer Products,retail consumers,core_product,branded,"NSE annual-report archive, NSE classification and sector value-chain curation",0.62,True
ind_nifty500,THELEELA,Leela Palaces Hotels & Resorts Ltd.,Distribution and channel portfolio,distribution,Distribution and Channels,trade channels and consumers,service,recurring,"NSE annual-report archive, NSE classification and sector value-chain curation",0.62,True
ind_nifty500,TITAN,Titan Company Ltd.,Branded consumer products,consumer products,Consumer Products,retail consumers,core_product,branded,"NSE annual-report archive, NSE classification and sector value-chain curation",0.62,True
ind_nifty500,TITAN,Titan Company Ltd.,Distribution and channel portfolio,distribution,Distribution and Channels,trade channels and consumers,service,recurring,"NSE annual-report archive, NSE classification and sector value-chain curation",0.62,True
ind_nifty500,TMCV,Tata Motors Ltd.,Automotive products or components,automotive,Automotive,OEM and replacement customers,core_product,branded_or_contract,"NSE annual-report archive, NSE classification and sector value-chain curation",0.62,True
ind_nifty500,TMCV,Tata Motors Ltd.,Aftermarket and services,aftermarket,Aftermarket,replacement and service channels,service,recurring,"NSE annual-report archive, NSE classification and sector value-chain curation",0.62,True
ind_nifty500,TRAVELFOOD,Travel Food Services Ltd.,Branded consumer products,consumer products,Consumer Products,retail consumers,core_product,branded,"NSE annual-report archive, NSE classification and sector value-chain curation",0.62,True
ind_nifty500,TRAVELFOOD,Travel Food Services Ltd.,Distribution and channel portfolio,distribution,Distribution and Channels,trade channels and consumers,service,recurring,"NSE annual-report archive, NSE classification and sector value-chain curation",0.62,True
ind_nifty500,TRITURBINE,Triveni Turbine Ltd.,Industrial equipment and project supplies,capital goods,Capital Goods,industrial and infrastructure customers,core_product,project_based,"NSE annual-report archive, NSE classification and sector value-chain curation",0.62,True
ind_nifty500,TRITURBINE,Triveni Turbine Ltd.,"Services, spares and execution",engineering services,Services and Execution,installed base and project owners,service,recurring_or_project,"NSE annual-report archive, NSE classification and sector value-chain curation",0.62,True
ind_nifty500,TTML,Tata Teleservices (Maharashtra) Ltd.,Core products or services,core business,Core Business,industry customers,core_product,mixed,"NSE annual-report archive, NSE classification and sector value-chain curation",0.62,True
ind_nifty500,TTML,Tata Teleservices (Maharashtra) Ltd.,Value-added or ancillary services,ancillary business,Ancillary Business,adjacent customers,service,mixed,"NSE annual-report archive, NSE classification and sector value-chain curation",0.62,True
ind_nifty500,TVSMOTOR,TVS Motor Company Ltd.,Automotive products or components,automotive,Automotive,OEM and replacement customers,core_product,branded_or_contract,"NSE annual-report archive, NSE classification and sector value-chain curation",0.62,True
ind_nifty500,TVSMOTOR,TVS Motor Company Ltd.,Aftermarket and services,aftermarket,Aftermarket,replacement and service channels,service,recurring,"NSE annual-report archive, NSE classification and sector value-chain curation",0.62,True
ind_nifty500,UBL,United Breweries Ltd.,Branded consumer products,consumer products,Consumer Products,retail consumers,core_product,branded,"NSE annual-report archive, NSE classification and sector value-chain curation",0.62,True
ind_nifty500,UBL,United Breweries Ltd.,Distribution and channel portfolio,distribution,Distribution and Channels,trade channels and consumers,service,recurring,"NSE annual-report archive, NSE classification and sector value-chain curation",0.62,True
ind_nifty500,UCOBANK,UCO Bank,Core products or services,core business,Core Business,industry customers,core_product,mixed,"NSE annual-report archive, NSE classification and sector value-chain curation",0.62,True
ind_nifty500,UCOBANK,UCO Bank,Value-added or ancillary services,ancillary business,Ancillary Business,adjacent customers,service,mixed,"NSE annual-report archive, NSE classification and sector value-chain curation",0.62,True
ind_nifty500,UNIONBANK,Union Bank of India,Core products or services,core business,Core Business,industry customers,core_product,mixed,"NSE annual-report archive, NSE classification and sector value-chain curation",0.62,True
ind_nifty500,UNIONBANK,Union Bank of India,Value-added or ancillary services,ancillary business,Ancillary Business,adjacent customers,service,mixed,"NSE annual-report archive, NSE classification and sector value-chain curation",0.62,True
ind_nifty500,UNITDSPR,United Spirits Ltd.,Branded consumer products,consumer products,Consumer Products,retail consumers,core_product,branded,"NSE annual-report archive, NSE classification and sector value-chain curation",0.62,True
ind_nifty500,UNITDSPR,United Spirits Ltd.,Distribution and channel portfolio,distribution,Distribution and Channels,trade channels and consumers,service,recurring,"NSE annual-report archive, NSE classification and sector value-chain curation",0.62,True
ind_nifty500,UPL,UPL Ltd.,Specialty or industrial chemicals,chemicals,Chemicals,industrial and agricultural customers,core_product,commodity_and_specialty,"NSE annual-report archive, NSE classification and sector value-chain curation",0.62,True
ind_nifty500,UPL,UPL Ltd.,Formulated or value-added products,formulations,Value Added Chemicals,industrial users and channel partners,core_product,branded_or_contract,"NSE annual-report archive, NSE classification and sector value-chain curation",0.62,True
ind_nifty500,URBANCO,Urban Company Ltd.,Branded consumer products,consumer products,Consumer Products,retail consumers,core_product,branded,"NSE annual-report archive, NSE classification and sector value-chain curation",0.62,True
ind_nifty500,URBANCO,Urban Company Ltd.,Distribution and channel portfolio,distribution,Distribution and Channels,trade channels and consumers,service,recurring,"NSE annual-report archive, NSE classification and sector value-chain curation",0.62,True
ind_nifty500,UTIAMC,UTI Asset Management Company Ltd.,Core products or services,core business,Core Business,industry customers,core_product,mixed,"NSE annual-report archive, NSE classification and sector value-chain curation",0.62,True
ind_nifty500,UTIAMC,UTI Asset Management Company Ltd.,Value-added or ancillary services,ancillary business,Ancillary Business,adjacent customers,service,mixed,"NSE annual-report archive, NSE classification and sector value-chain curation",0.62,True
ind_nifty500,VAML,Vedanta Aluminium Metal Ltd.,Metal products,metals,Metals,industrial customers,core_product,commodity_like,"NSE annual-report archive, NSE classification and sector value-chain curation",0.62,True
ind_nifty500,VAML,Vedanta Aluminium Metal Ltd.,Value-added metal products,value added metals,Value Added Metals,manufacturing and construction,core_product,commodity_like,"NSE annual-report archive, NSE classification and sector value-chain curation",0.62,True
ind_nifty500,VBL,Varun Beverages Ltd.,Branded consumer products,consumer products,Consumer Products,retail consumers,core_product,branded,"NSE annual-report archive, NSE classification and sector value-chain curation",0.62,True
ind_nifty500,VBL,Varun Beverages Ltd.,Distribution and channel portfolio,distribution,Distribution and Channels,trade channels and consumers,service,recurring,"NSE annual-report archive, NSE classification and sector value-chain curation",0.62,True
ind_nifty500,VEDL,Vedanta Ltd.,Metal products,metals,Metals,industrial customers,core_product,commodity_like,"NSE annual-report archive, NSE classification and sector value-chain curation",0.62,True
ind_nifty500,VEDL,Vedanta Ltd.,Value-added metal products,value added metals,Value Added Metals,manufacturing and construction,core_product,commodity_like,"NSE annual-report archive, NSE classification and sector value-chain curation",0.62,True
ind_nifty500,VEDPOWER,Vedanta Power Ltd.,Energy products or utility services,energy,Energy and Utilities,industrial and retail users,core_product,regulated,"NSE annual-report archive, NSE classification and sector value-chain curation",0.62,True
ind_nifty500,VEDPOWER,Vedanta Power Ltd.,Network and infrastructure services,energy infrastructure,Infrastructure,regulated users and project customers,service,regulated,"NSE annual-report archive, NSE classification and sector value-chain curation",0.62,True
ind_nifty500,VIJAYA,Vijaya Diagnostic Centre Ltd.,Core healthcare products or services,healthcare,Core Healthcare,patients and healthcare distribution,core_product,regulated,"NSE annual-report archive, NSE classification and sector value-chain curation",0.62,True
ind_nifty500,VIJAYA,Vijaya Diagnostic Centre Ltd.,Specialty or institutional portfolio,specialty healthcare,Specialty and Institutional,hospitals and institutional buyers,service,regulated,"NSE annual-report archive, NSE classification and sector value-chain curation",0.62,True
ind_nifty500,VISL,Vedanta Iron and Steel Ltd.,Metal products,metals,Metals,industrial customers,core_product,commodity_like,"NSE annual-report archive, NSE classification and sector value-chain curation",0.62,True
ind_nifty500,VISL,Vedanta Iron and Steel Ltd.,Value-added metal products,value added metals,Value Added Metals,manufacturing and construction,core_product,commodity_like,"NSE annual-report archive, NSE classification and sector value-chain curation",0.62,True
ind_nifty500,VOGL,Vedanta Oil and Gas Ltd.,Energy products or utility services,energy,Energy and Utilities,industrial and retail users,core_product,regulated,"NSE annual-report archive, NSE classification and sector value-chain curation",0.62,True
ind_nifty500,VOGL,Vedanta Oil and Gas Ltd.,Network and infrastructure services,energy infrastructure,Infrastructure,regulated users and project customers,service,regulated,"NSE annual-report archive, NSE classification and sector value-chain curation",0.62,True
ind_nifty500,WAAREEENER,Waaree Energies Ltd.,Industrial equipment and project supplies,capital goods,Capital Goods,industrial and infrastructure customers,core_product,project_based,"NSE annual-report archive, NSE classification and sector value-chain curation",0.62,True
ind_nifty500,WAAREEENER,Waaree Energies Ltd.,"Services, spares and execution",engineering services,Services and Execution,installed base and project owners,service,recurring_or_project,"NSE annual-report archive, NSE classification and sector value-chain curation",0.62,True
ind_nifty500,WIPRO,Wipro Ltd.,IT and digital services,IT services,Technology Services,enterprise IT,service,project_and_recurring,"NSE annual-report archive, NSE classification and sector value-chain curation",0.62,True
ind_nifty500,WIPRO,Wipro Ltd.,Managed services and support,managed services,Technology Services,enterprise operations,service,recurring,"NSE annual-report archive, NSE classification and sector value-chain curation",0.62,True
ind_nifty500,YESBANK,Yes Bank Ltd.,Core products or services,core business,Core Business,industry customers,core_product,mixed,"NSE annual-report archive, NSE classification and sector value-chain curation",0.62,True
ind_nifty500,YESBANK,Yes Bank Ltd.,Value-added or ancillary services,ancillary business,Ancillary Business,adjacent customers,service,mixed,"NSE annual-report archive, NSE classification and sector value-chain curation",0.62,True
ind_nifty500,ZEEL,Zee Entertainment Enterprises Ltd.,IT and digital services,IT services,Technology Services,enterprise IT,service,project_and_recurring,"NSE annual-report archive, NSE classification and sector value-chain curation",0.62,True
ind_nifty500,ZEEL,Zee Entertainment Enterprises Ltd.,Managed services and support,managed services,Technology Services,enterprise operations,service,recurring,"NSE annual-report archive, NSE classification and sector value-chain curation",0.62,True
ind_nifty500,ZENSARTECH,Zensar Technolgies Ltd.,IT and digital services,IT services,Technology Services,enterprise IT,service,project_and_recurring,"NSE annual-report archive, NSE classification and sector value-chain curation",0.62,True
ind_nifty500,ZENSARTECH,Zensar Technolgies Ltd.,Managed services and support,managed services,Technology Services,enterprise operations,service,recurring,"NSE annual-report archive, NSE classification and sector value-chain curation",0.62,True
ind_nifty500,ZENTEC,Zen Technologies Ltd.,Industrial equipment and project supplies,capital goods,Capital Goods,industrial and infrastructure customers,core_product,project_based,"NSE annual-report archive, NSE classification and sector value-chain curation",0.62,True
ind_nifty500,ZENTEC,Zen Technologies Ltd.,"Services, spares and execution",engineering services,Services and Execution,installed base and project owners,service,recurring_or_project,"NSE annual-report archive, NSE classification and sector value-chain curation",0.62,True
ind_nifty500,ZFCVINDIA,ZF Commercial Vehicle Control Systems India Ltd.,Automotive products or components,automotive,Automotive,OEM and replacement customers,core_product,branded_or_contract,"NSE annual-report archive, NSE classification and sector value-chain curation",0.62,True
ind_nifty500,ZFCVINDIA,ZF Commercial Vehicle Control Systems India Ltd.,Aftermarket and services,aftermarket,Aftermarket,replacement and service channels,service,recurring,"NSE annual-report archive, NSE classification and sector value-chain curation",0.62,True
