batch_id,input_symbol,input_company_name,nse_symbol,nse_issuer_name,symbol_match_status,isin,listing_status,nse_macro,nse_sector,nse_industry,nse_basic_industry,index,index_list,pd_sector_index,source,confidence,notes
ind_nifty500,VAML,Vedanta Aluminium Metal Ltd.,VAML,Vedanta Aluminium Metal Limited,exact_symbol_match,,,,,,,,,,NSE quote API secInfo,0.2,classification_missing_or_fetch_failed
ind_nifty500,VISL,Vedanta Iron and Steel Ltd.,VISL,Vedanta Iron and Steel Limited,exact_symbol_match,,,,,,,,,,NSE quote API secInfo,0.2,classification_missing_or_fetch_failed
ind_nifty500,VEDL,Vedanta Ltd.,VEDL,Vedanta Limited,exact_symbol_match,INE205A01025,Listed,Commodities,Metals & Mining,Diversified Metals,Diversified Metals,Nifty Next 50,NIFTY NEXT 50; NIFTY 100; NIFTY 200; NIFTY 500; NIFTY ALPHA 50; NIFTY COMMODITIES; NIFTY DIVIDEND OPPORTUNITIES 50; NIFTY HIGH BETA 50; NIFTY INDIA FPI 150; NIFTY INDIA MANUFACTURING; NIFTY LARGEMIDCAP 250; NIFTY METAL; NIFTY MNC; NIFTY TOTAL MARKET; NIFTY100 ALPHA 30; NIFTY100 EQUAL WEIGHT; NIFTY100 LIQUID 15; NIFTY200 ALPHA 30; NIFTY200 VALUE 30; NIFTY500 EQUAL WEIGHT; NIFTY500 LARGEMIDSMALL EQUAL-CAP WEIGHTED; NIFTY500 MULTICAP 50:25:25; NIFTY500 VALUE 50,NIFTY 500,NSE quote API secInfo,0.9,
ind_nifty500,VOGL,Vedanta Oil and Gas Ltd.,VOGL,Vedanta Oil and Gas Limited,exact_symbol_match,,,,,,,,,,NSE quote API secInfo,0.2,classification_missing_or_fetch_failed
ind_nifty500,VEDPOWER,Vedanta Power Ltd.,VEDPOWER,Vedanta Power Limited,exact_symbol_match,,,,,,,,,,NSE quote API secInfo,0.2,classification_missing_or_fetch_failed
ind_nifty500,VIJAYA,Vijaya Diagnostic Centre Ltd.,VIJAYA,Vijaya Diagnostic Centre Limited,exact_symbol_match,INE043W01024,Listed,Healthcare,Healthcare,Healthcare Services,Healthcare Service Provider,Nifty 500,NIFTY 500; NIFTY MIDSMALLCAP 400; NIFTY MIDSMALLCAP400 50:50; NIFTY SMALLCAP 250; NIFTY SMALLCAP 500; NIFTY SMALLCAP250 MOMENTUM QUALITY 100; NIFTY TOTAL MARKET; NIFTY500 EQUAL WEIGHT; NIFTY500 HEALTHCARE; NIFTY500 LARGEMIDSMALL EQUAL-CAP WEIGHTED; NIFTY500 MULTICAP 50:25:25,-,NSE quote API secInfo,0.9,
ind_nifty500,IDEA,Vodafone Idea Ltd.,IDEA,Vodafone Idea Limited,exact_symbol_match,INE669E01016,Listed,Telecommunication,Telecommunication,Telecom - Services,Telecom - Cellular & Fixed line services,Nifty 200,NIFTY 200; NIFTY 500; NIFTY CONGLOMERATE 50; NIFTY HIGH BETA 50; NIFTY INDIA CORPORATE GROUP INDEX - ADITYA BIRLA GROUP; NIFTY INDIA DIGITAL; NIFTY INDIA FPI 150; NIFTY INDIA INFRASTRUCTURE & LOGISTICS; NIFTY INDIA NEW AGE CONSUMPTION; NIFTY INDIA SELECT 5 CORPORATE GROUPS (MAATR); NIFTY LARGEMIDCAP 250; NIFTY MIDCAP 100; NIFTY MIDCAP 150; NIFTY MIDCAP150 MOMENTUM 50; NIFTY MIDSMALL INDIA CONSUMPTION; NIFTY MIDSMALL IT & TELECOM; NIFTY MIDSMALLCAP 400; NIFTY MIDSMALLCAP400 50:50; NIFTY RURAL; NIFTY TELECOMMUNICATIONS; NIFTY TOTAL MARKET; NIFTY500 EQUAL WEIGHT; NIFTY500 LARGEMIDSMALL EQUAL-CAP WEIGHTED; NIFTY500 MULTICAP 50:25:25; NIFTY500 MULTICAP INFRASTRUCTURE 50:30:20,NIFTY 500,NSE quote API secInfo,0.9,
ind_nifty500,WAAREEENER,Waaree Energies Ltd.,WAAREEENER,Waaree Energies Limited,exact_symbol_match,INE377N01017,Listed,Industrials,Capital Goods,Electrical Equipment,Other Electrical Equipment,Nifty Midcap 50,NIFTY MIDCAP 50; NIFTY 200; NIFTY 500; NIFTY CAPITAL GOODS; NIFTY INDIA FPI 150; NIFTY LARGEMIDCAP 250; NIFTY MIDCAP 100; NIFTY MIDCAP 150; NIFTY MIDSMALLCAP 400; NIFTY MIDSMALLCAP400 50:50; NIFTY TOTAL MARKET; NIFTY500 EQUAL WEIGHT; NIFTY500 LARGEMIDSMALL EQUAL-CAP WEIGHTED; NIFTY500 MULTICAP 50:25:25,-,NSE quote API secInfo,0.9,
ind_nifty500,WELCORP,Welspun Corp Ltd.,WELCORP,Welspun Corp Limited,exact_symbol_match,INE191B01025,Listed,Industrials,Capital Goods,Industrial Products,Iron & Steel Products,Nifty 500,NIFTY 500; NIFTY CAPITAL GOODS; NIFTY METAL; NIFTY MIDSMALLCAP 400; NIFTY MIDSMALLCAP400 50:50; NIFTY MIDSMALLCAP400 MOMENTUM QUALITY 100; NIFTY SMALLCAP 100; NIFTY SMALLCAP 250; NIFTY SMALLCAP 50; NIFTY SMALLCAP 500; NIFTY SMALLCAP250 MOMENTUM QUALITY 100; NIFTY TOTAL MARKET; NIFTY500 EQUAL WEIGHT; NIFTY500 LARGEMIDSMALL EQUAL-CAP WEIGHTED; NIFTY500 MULTICAP 50:25:25; NIFTY500 MULTICAP INDIA MANUFACTURING 50:30:20; NIFTY500 SHARIAH,NIFTY INFRASTRUCTURE,NSE quote API secInfo,0.9,
ind_nifty500,WELSPUNLIV,Welspun Living Ltd.,WELSPUNLIV,Welspun Living Limited,exact_symbol_match,INE192B01031,Listed,Consumer Discretionary,Textiles,Textiles & Apparels,Other Textile Products,Nifty 500,NIFTY 500; NIFTY MIDSMALLCAP 400; NIFTY MIDSMALLCAP400 50:50; NIFTY SMALLCAP 250; NIFTY SMALLCAP 500; NIFTY SMALLCAP250 MOMENTUM QUALITY 100; NIFTY TOTAL MARKET; NIFTY500 EQUAL WEIGHT; NIFTY500 LARGEMIDSMALL EQUAL-CAP WEIGHTED; NIFTY500 MULTICAP 50:25:25; NIFTY500 SHARIAH,-,NSE quote API secInfo,0.9,
ind_nifty500,WIPRO,Wipro Ltd.,WIPRO,Wipro Limited,exact_symbol_match,INE075A01022,Listed,Information Technology,Information Technology,IT - Software,Computers - Software & Consulting,Nifty 50,NIFTY 50; NIFTY 100; NIFTY 200; NIFTY 500; NIFTY ALPHA QUALITY VALUE LOW-VOLATILITY 30; NIFTY DIVIDEND OPPORTUNITIES 50; NIFTY INDIA DIGITAL; NIFTY INDIA FPI 150; NIFTY IT; NIFTY LARGEMIDCAP 250; NIFTY LOW VOLATILITY 50; NIFTY SERVICES SECTOR; NIFTY TOTAL MARKET; NIFTY100 ENHANCED ESG; NIFTY100 EQUAL WEIGHT; NIFTY100 ESG; NIFTY100 ESG SECTOR LEADERS; NIFTY100 LOW VOLATILITY 30; NIFTY100 QUALITY 30; NIFTY50 EQUAL WEIGHT; NIFTY50 VALUE 20; NIFTY500 EQUAL WEIGHT; NIFTY500 LARGEMIDSMALL EQUAL-CAP WEIGHTED; NIFTY500 LOW VOLATILITY 50; NIFTY500 MULTICAP 50:25:25,NIFTY IT,NSE quote API secInfo,0.9,
ind_nifty500,YESBANK,Yes Bank Ltd.,YESBANK,Yes Bank Limited,exact_symbol_match,INE528G01035,Listed,Financial Services,Financial Services,Banks,Private Sector Bank,Nifty Bank,NIFTY BANK; NIFTY MIDCAP 50; NIFTY 200; NIFTY 500; NIFTY HOUSING; NIFTY INDIA FPI 150; NIFTY LARGEMIDCAP 250; NIFTY MIDCAP 100; NIFTY MIDCAP 150; NIFTY MIDCAP LIQUID 15; NIFTY MIDCAP SELECT; NIFTY MIDSMALL FINANCIAL SERVICES; NIFTY MIDSMALLCAP 400; NIFTY MIDSMALLCAP400 50:50; NIFTY PRIVATE BANK; NIFTY TOTAL MARKET; NIFTY500 EQUAL WEIGHT; NIFTY500 LARGEMIDSMALL EQUAL-CAP WEIGHTED; NIFTY500 MULTICAP 50:25:25,NIFTY BANK,NSE quote API secInfo,0.9,
ind_nifty500,ZFCVINDIA,ZF Commercial Vehicle Control Systems India Ltd.,ZFCVINDIA,ZF Commercial Vehicle Control Systems India Limited,exact_symbol_match,INE342J01019,Listed,Consumer Discretionary,Automobile and Auto Components,Auto Components,Auto Components & Equipments,Nifty 500,NIFTY 500; NIFTY EV & NEW AGE AUTOMOTIVE; NIFTY MIDSMALLCAP 400; NIFTY MIDSMALLCAP400 50:50; NIFTY SMALLCAP 250; NIFTY SMALLCAP 500; NIFTY TOTAL MARKET; NIFTY500 EQUAL WEIGHT; NIFTY500 LARGEMIDSMALL EQUAL-CAP WEIGHTED; NIFTY500 MULTICAP 50:25:25; NIFTY500 MULTICAP INDIA MANUFACTURING 50:30:20; NIFTY500 MULTICAP INFRASTRUCTURE 50:30:20,-,NSE quote API secInfo,0.9,
ind_nifty500,ZEEL,Zee Entertainment Enterprises Ltd.,ZEEL,Zee Entertainment Enterprises Limited,exact_symbol_match,INE256A01028,Listed,Consumer Discretionary,Media Entertainment & Publication,Entertainment,TV Broadcasting & Software Production,Nifty 500,NIFTY 500; NIFTY INDIA NEW AGE CONSUMPTION; NIFTY MEDIA; NIFTY MIDSMALLCAP 400; NIFTY MIDSMALLCAP400 50:50; NIFTY SMALLCAP 250; NIFTY SMALLCAP 500; NIFTY TOTAL MARKET; NIFTY WAVES; NIFTY500 EQUAL WEIGHT; NIFTY500 LARGEMIDSMALL EQUAL-CAP WEIGHTED; NIFTY500 MULTICAP 50:25:25; NIFTY500 VALUE 50,NIFTY MEDIA,NSE quote API secInfo,0.9,
ind_nifty500,ZENTEC,Zen Technologies Ltd.,ZENTEC,Zen Technologies Limited,exact_symbol_match,INE251B01027,Listed,Industrials,Capital Goods,Aerospace & Defense,Aerospace & Defense,Nifty 500,NIFTY 500; NIFTY INDIA DEFENCE; NIFTY INDIA INFRASTRUCTURE & LOGISTICS; NIFTY MIDSMALLCAP 400; NIFTY MIDSMALLCAP400 50:50; NIFTY SMALLCAP 250; NIFTY SMALLCAP 500; NIFTY SMALLCAP250 MOMENTUM QUALITY 100; NIFTY TOTAL MARKET; NIFTY500 EQUAL WEIGHT; NIFTY500 LARGEMIDSMALL EQUAL-CAP WEIGHTED; NIFTY500 MULTICAP 50:25:25; NIFTY500 QUALITY 50,NIFTY IT,NSE quote API secInfo,0.9,
ind_nifty500,ZENSARTECH,Zensar Technolgies Ltd.,ZENSARTECH,Zensar Technologies Limited,exact_symbol_match,INE520A01027,Listed,Information Technology,Information Technology,IT - Software,Computers - Software & Consulting,Nifty 500,NIFTY 500; NIFTY CONGLOMERATE 50; NIFTY INDIA DIGITAL; NIFTY MIDSMALL IT & TELECOM; NIFTY MIDSMALLCAP 400; NIFTY MIDSMALLCAP400 50:50; NIFTY MIDSMALLCAP400 MOMENTUM QUALITY 100; NIFTY SMALLCAP 100; NIFTY SMALLCAP 250; NIFTY SMALLCAP 500; NIFTY SMALLCAP250 MOMENTUM QUALITY 100; NIFTY SMALLCAP250 QUALITY 50; NIFTY TOTAL MARKET; NIFTY500 EQUAL WEIGHT; NIFTY500 LARGEMIDSMALL EQUAL-CAP WEIGHTED; NIFTY500 MULTICAP 50:25:25,NIFTY IT,NSE quote API secInfo,0.9,
ind_nifty500,360ONE,360 ONE WAM Ltd.,360ONE,360 ONE WAM LIMITED,exact_symbol_match,INE466L01038,Listed,Financial Services,Financial Services,Capital Markets,Stockbroking & Allied,Nifty 200,NIFTY 200; NIFTY 500; NIFTY CAPITAL MARKETS; NIFTY FINANCIAL SERVICES EX-BANK; NIFTY INDIA NEW AGE CONSUMPTION; NIFTY LARGEMIDCAP 250; NIFTY MIDCAP 100; NIFTY MIDCAP 150; NIFTY MIDCAP150 QUALITY 50; NIFTY MIDSMALL FINANCIAL SERVICES; NIFTY MIDSMALLCAP 400; NIFTY MIDSMALLCAP400 50:50; NIFTY MIDSMALLCAP400 MOMENTUM QUALITY 100; NIFTY TOTAL MARKET; NIFTY500 EQUAL WEIGHT; NIFTY500 LARGEMIDSMALL EQUAL-CAP WEIGHTED; NIFTY500 MULTICAP 50:25:25; NIFTY500 MULTICAP MOMENTUM QUALITY 50,-,NSE quote API secInfo,0.9,
nifty_500_shariah,3MINDIA,3M India Ltd.,3MINDIA,3M India Limited,exact_symbol_match,INE470A01017,Listed,Diversified,Diversified,Diversified,Diversified,Nifty 500,NIFTY 500; NIFTY LARGEMIDCAP 250; NIFTY MIDCAP 150; NIFTY MIDCAP150 MOMENTUM 50; NIFTY MIDCAP150 QUALITY 50; NIFTY MIDSMALLCAP 400; NIFTY MIDSMALLCAP400 50:50; NIFTY MNC; NIFTY TOTAL MARKET; NIFTY TOTAL MARKET MOMENTUM QUALITY 50; NIFTY500 EQUAL WEIGHT; NIFTY500 LARGEMIDSMALL EQUAL-CAP WEIGHTED; NIFTY500 MULTICAP 50:25:25; NIFTY500 SHARIAH,NIFTY 500,NSE quote API secInfo,0.9,
ind_nifty500,AARTIIND,Aarti Industries Ltd.,AARTIIND,Aarti Industries Limited,exact_symbol_match,INE769A01020,Listed,Commodities,Chemicals,Chemicals & Petrochemicals,Specialty Chemicals,Nifty 500,NIFTY 500; NIFTY CHEMICALS; NIFTY MIDSMALLCAP 400; NIFTY MIDSMALLCAP400 50:50; NIFTY SMALLCAP 100; NIFTY SMALLCAP 250; NIFTY SMALLCAP 500; NIFTY TOTAL MARKET; NIFTY500 EQUAL WEIGHT; NIFTY500 LARGEMIDSMALL EQUAL-CAP WEIGHTED; NIFTY500 MULTICAP 50:25:25; NIFTY500 MULTICAP INDIA MANUFACTURING 50:30:20,NIFTY 500,NSE quote API secInfo,0.9,
ind_nifty500,AAVAS,Aavas Financiers Ltd.,AAVAS,Aavas Financiers Limited,exact_symbol_match,INE216P01012,Listed,Financial Services,Financial Services,Finance,Housing Finance Company,Nifty 500,NIFTY 500; NIFTY HOUSING FINANCE; NIFTY MIDSMALLCAP 400; NIFTY MIDSMALLCAP400 50:50; NIFTY SMALLCAP 250; NIFTY SMALLCAP 500; NIFTY TOTAL MARKET; NIFTY500 EQUAL WEIGHT; NIFTY500 LARGEMIDSMALL EQUAL-CAP WEIGHTED; NIFTY500 MULTICAP 50:25:25,NIFTY FINANCIAL SERVICES,NSE quote API secInfo,0.9,
ind_nifty500,ABB,ABB India Ltd.,ABB,ABB India Limited,exact_symbol_match,INE117A01022,Listed,Industrials,Capital Goods,Electrical Equipment,Heavy Electrical Equipment,Nifty Next 50,NIFTY NEXT 50; NIFTY 100; NIFTY 200; NIFTY 500; NIFTY CAPITAL GOODS; NIFTY ENERGY; NIFTY INDIA INFRASTRUCTURE & LOGISTICS; NIFTY INDIA MANUFACTURING; NIFTY LARGEMIDCAP 250; NIFTY MNC; NIFTY TOTAL MARKET; NIFTY100 ENHANCED ESG; NIFTY100 EQUAL WEIGHT; NIFTY100 ESG; NIFTY100 ESG SECTOR LEADERS; NIFTY100 QUALITY 30; NIFTY500 EQUAL WEIGHT; NIFTY500 LARGEMIDSMALL EQUAL-CAP WEIGHTED; NIFTY500 MULTICAP 50:25:25; NIFTY500 QUALITY 50,NIFTY INFRASTRUCTURE,NSE quote API secInfo,0.9,
ind_nifty500,ABBOTINDIA,Abbott India Ltd.,ABBOTINDIA,Abbott India Limited,exact_symbol_match,INE358A01014,Permitted to trade,Healthcare,Healthcare,Pharmaceuticals & Biotechnology,Pharmaceuticals,Nifty 500,NIFTY 500; NIFTY HEALTHCARE INDEX; NIFTY LARGEMIDCAP 250; NIFTY MIDCAP 150; NIFTY MIDCAP150 MOMENTUM 50; NIFTY MIDCAP150 QUALITY 50; NIFTY MIDSMALL HEALTHCARE; NIFTY MIDSMALL INDIA CONSUMPTION; NIFTY MIDSMALLCAP 400; NIFTY MIDSMALLCAP400 50:50; NIFTY MNC; NIFTY PHARMA; NIFTY TOTAL MARKET; NIFTY500 EQUAL WEIGHT; NIFTY500 HEALTHCARE; NIFTY500 LARGEMIDSMALL EQUAL-CAP WEIGHTED; NIFTY500 MULTICAP 50:25:25,-,NSE quote API secInfo,0.9,
ind_nifty500,ABCAPITAL,Aditya Birla Capital Ltd.,ABCAPITAL,Aditya Birla Capital Limited,exact_symbol_match,INE674K01013,Listed,Financial Services,Financial Services,Finance,Investment Company,Nifty 200,NIFTY 200; NIFTY 500; NIFTY ALPHA 50; NIFTY CONGLOMERATE 50; NIFTY FINANCIAL SERVICES EX-BANK; NIFTY HIGH BETA 50; NIFTY INDIA CORPORATE GROUP INDEX - ADITYA BIRLA GROUP; NIFTY INDIA FPI 150; NIFTY INDIA SELECT 5 CORPORATE GROUPS (MAATR); NIFTY LARGEMIDCAP 250; NIFTY MIDCAP 100; NIFTY MIDCAP 150; NIFTY MIDCAP150 MOMENTUM 50; NIFTY MIDSMALL FINANCIAL SERVICES; NIFTY MIDSMALLCAP 400; NIFTY MIDSMALLCAP400 50:50; NIFTY TOTAL MARKET; NIFTY200 ALPHA 30; NIFTY200 MOMENTUM 30; NIFTY500 EQUAL WEIGHT; NIFTY500 LARGEMIDSMALL EQUAL-CAP WEIGHTED; NIFTY500 MOMENTUM 50; NIFTY500 MULTICAP 50:25:25,NIFTY FINANCIAL SERVICES,NSE quote API secInfo,0.9,
ind_nifty500,ABDL,Allied Blenders and Distillers Ltd.,ABDL,Allied Blenders and Distillers Limited,exact_symbol_match,INE552Z01027,Listed,Fast Moving Consumer Goods,Fast Moving Consumer Goods,Beverages,Breweries & Distilleries,Nifty 500,NIFTY 500; NIFTY MIDSMALLCAP 400; NIFTY MIDSMALLCAP400 50:50; NIFTY SMALLCAP 250; NIFTY SMALLCAP 500; NIFTY TOTAL MARKET; NIFTY500 EQUAL WEIGHT; NIFTY500 LARGEMIDSMALL EQUAL-CAP WEIGHTED; NIFTY500 MULTICAP 50:25:25,-,NSE quote API secInfo,0.9,
nifty_500_shariah,ABFRL,Aditya Birla Fashion and Retail Ltd.,ABFRL,Aditya Birla Fashion and Retail Limited,exact_symbol_match,INE647O01011,Listed,Consumer Discretionary,Consumer Services,Retailing,Speciality Retail,Nifty 500,NIFTY 500; NIFTY INDIA CORPORATE GROUP INDEX - ADITYA BIRLA GROUP; NIFTY INDIA SELECT 5 CORPORATE GROUPS (MAATR); NIFTY MIDSMALLCAP 400; NIFTY MIDSMALLCAP400 50:50; NIFTY SMALLCAP 250; NIFTY SMALLCAP 500; NIFTY TOTAL MARKET; NIFTY500 EQUAL WEIGHT; NIFTY500 LARGEMIDSMALL EQUAL-CAP WEIGHTED; NIFTY500 MULTICAP 50:25:25; NIFTY500 SHARIAH,-,NSE quote API secInfo,0.9,
nifty_500_shariah,ABLBL,Aditya Birla Lifestyle Brands Ltd.,ABLBL,Aditya Birla Lifestyle Brands Limited,exact_symbol_match,INE14LE01019,Listed,Consumer Discretionary,Consumer Services,Retailing,Speciality Retail,Nifty 500,NIFTY 500; NIFTY INDIA CORPORATE GROUP INDEX - ADITYA BIRLA GROUP; NIFTY INDIA NEW AGE CONSUMPTION; NIFTY INDIA SELECT 5 CORPORATE GROUPS (MAATR); NIFTY MIDSMALLCAP 400; NIFTY MIDSMALLCAP400 50:50; NIFTY SMALLCAP 250; NIFTY SMALLCAP 500; NIFTY TOTAL MARKET; NIFTY500 EQUAL WEIGHT; NIFTY500 LARGEMIDSMALL EQUAL-CAP WEIGHTED; NIFTY500 MULTICAP 50:25:25; NIFTY500 SHARIAH,-,NSE quote API secInfo,0.9,
ind_nifty500,ABSLAMC,Aditya Birla Sun Life AMC Ltd.,ABSLAMC,Aditya Birla Sun Life AMC Limited,exact_symbol_match,INE404A01024,Listed,Financial Services,Financial Services,Capital Markets,Asset Management Company,Nifty 500,NIFTY 500; NIFTY CAPITAL MARKETS; NIFTY INDIA CORPORATE GROUP INDEX - ADITYA BIRLA GROUP; NIFTY INDIA SELECT 5 CORPORATE GROUPS (MAATR); NIFTY MIDSMALLCAP 400; NIFTY MIDSMALLCAP400 50:50; NIFTY MIDSMALLCAP400 MOMENTUM QUALITY 100; NIFTY SMALLCAP 250; NIFTY SMALLCAP 500; NIFTY SMALLCAP250 MOMENTUM QUALITY 100; NIFTY SMALLCAP250 QUALITY 50; NIFTY TOTAL MARKET; NIFTY500 EQUAL WEIGHT; NIFTY500 LARGEMIDSMALL EQUAL-CAP WEIGHTED; NIFTY500 MULTICAP 50:25:25; NIFTY500 QUALITY 50,-,NSE quote API secInfo,0.9,
ind_nifty500,ACC,ACC Ltd.,ACC,ACC Limited,exact_symbol_match,INE012A01025,Listed,Commodities,Construction Materials,Cement & Cement Products,Cement & Cement Products,Nifty 500,NIFTY 500; NIFTY CEMENT; NIFTY CORE HOUSING; NIFTY INDIA INFRASTRUCTURE & LOGISTICS; NIFTY INDIA SELECT 5 CORPORATE GROUPS (MAATR); NIFTY LARGEMIDCAP 250; NIFTY MIDCAP 150; NIFTY MIDSMALLCAP 400; NIFTY MIDSMALLCAP400 50:50; NIFTY RURAL; NIFTY TOTAL MARKET; NIFTY500 EQUAL WEIGHT; NIFTY500 LARGEMIDSMALL EQUAL-CAP WEIGHTED; NIFTY500 LOW VOLATILITY 50; NIFTY500 MULTICAP 50:25:25; NIFTY500 MULTIFACTOR MQVLV 50,NIFTY COMMODITIES,NSE quote API secInfo,0.9,
nifty_500_shariah,ACE,Action Construction Equipment Ltd.,ACE,Action Construction Equipment Limited,exact_symbol_match,INE731H01025,Listed,Industrials,Capital Goods,Agricultural Commercial & Construction Vehicles,Construction Vehicles,Nifty 500,NIFTY 500; NIFTY INDIA INFRASTRUCTURE & LOGISTICS; NIFTY MIDSMALLCAP 400; NIFTY MIDSMALLCAP400 50:50; NIFTY SMALLCAP 250; NIFTY SMALLCAP 500; NIFTY SMALLCAP250 MOMENTUM QUALITY 100; NIFTY SMALLCAP250 QUALITY 50; NIFTY TOTAL MARKET; NIFTY500 EQUAL WEIGHT; NIFTY500 LARGEMIDSMALL EQUAL-CAP WEIGHTED; NIFTY500 MULTICAP 50:25:25; NIFTY500 QUALITY 50; NIFTY500 SHARIAH,NIFTY 500,NSE quote API secInfo,0.9,
ind_nifty500,ACMESOLAR,ACME Solar Holdings Ltd.,ACMESOLAR,Acme Solar Holdings Limited,exact_symbol_match,INE622W01025,Listed,Utilities,Power,Power,Power Generation,Nifty 500,NIFTY 500; NIFTY MIDSMALLCAP 400; NIFTY MIDSMALLCAP400 50:50; NIFTY POWER; NIFTY SMALLCAP 250; NIFTY SMALLCAP 500; NIFTY TOTAL MARKET; NIFTY500 EQUAL WEIGHT; NIFTY500 LARGEMIDSMALL EQUAL-CAP WEIGHTED; NIFTY500 MULTICAP 50:25:25,-,NSE quote API secInfo,0.9,
nifty_500_shariah,ACUTAAS,Acutaas Chemicals Ltd.,ACUTAAS,Acutaas Chemicals Limited,exact_symbol_match,INE00FF01025,Listed,Healthcare,Healthcare,Pharmaceuticals & Biotechnology,Pharmaceuticals,Nifty 500,NIFTY 500; NIFTY MIDSMALLCAP 400; NIFTY MIDSMALLCAP400 50:50; NIFTY SMALLCAP 250; NIFTY SMALLCAP 500; NIFTY TOTAL MARKET; NIFTY TOTAL MARKET MOMENTUM QUALITY 50; NIFTY500 EQUAL WEIGHT; NIFTY500 HEALTHCARE; NIFTY500 LARGEMIDSMALL EQUAL-CAP WEIGHTED; NIFTY500 MULTICAP 50:25:25; NIFTY500 SHARIAH,-,NSE quote API secInfo,0.9,
ind_nifty500,ADANIENSOL,Adani Energy Solutions Ltd.,ADANIENSOL,Adani Energy Solutions Limited,exact_symbol_match,INE931S01010,Listed,Utilities,Power,Power,Power Distribution,Nifty Next 50,NIFTY NEXT 50; NIFTY 100; NIFTY 200; NIFTY 500; NIFTY COMMODITIES; NIFTY ENERGY; NIFTY HIGH BETA 50; NIFTY HOUSING; NIFTY INDIA FPI 150; NIFTY INDIA INFRASTRUCTURE & LOGISTICS; NIFTY INDIA SELECT 5 CORPORATE GROUPS (MAATR); NIFTY LARGEMIDCAP 250; NIFTY POWER; NIFTY TOTAL MARKET; NIFTY100 ALPHA 30; NIFTY100 ENHANCED ESG; NIFTY100 EQUAL WEIGHT; NIFTY100 ESG; NIFTY100 ESG SECTOR LEADERS; NIFTY500 EQUAL WEIGHT; NIFTY500 LARGEMIDSMALL EQUAL-CAP WEIGHTED; NIFTY500 MULTICAP 50:25:25,-,NSE quote API secInfo,0.9,
ind_nifty500,ADANIENT,Adani Enterprises Ltd.,ADANIENT,Adani Enterprises Limited,exact_symbol_match,INE423A01024,Listed,Commodities,Metals & Mining,Metals & Minerals Trading,Trading - Minerals,Nifty 50,NIFTY 50; NIFTY 100; NIFTY 200; NIFTY 500; NIFTY CONGLOMERATE 50; NIFTY HIGH BETA 50; NIFTY INDIA FPI 150; NIFTY INDIA SELECT 5 CORPORATE GROUPS (MAATR); NIFTY LARGEMIDCAP 250; NIFTY METAL; NIFTY TOTAL MARKET; NIFTY100 ENHANCED ESG; NIFTY100 EQUAL WEIGHT; NIFTY100 ESG; NIFTY100 ESG SECTOR LEADERS; NIFTY100 LIQUID 15; NIFTY50 EQUAL WEIGHT; NIFTY500 EQUAL WEIGHT; NIFTY500 LARGEMIDSMALL EQUAL-CAP WEIGHTED; NIFTY500 MULTICAP 50:25:25,NIFTY 500,NSE quote API secInfo,0.9,
ind_nifty500,ADANIGREEN,Adani Green Energy Ltd.,ADANIGREEN,Adani Green Energy Limited,exact_symbol_match,INE364U01010,Listed,Utilities,Power,Power,Power Generation,Nifty Next 50,NIFTY NEXT 50; NIFTY 100; NIFTY 200; NIFTY 500; NIFTY COMMODITIES; NIFTY CONGLOMERATE 50; NIFTY ENERGY; NIFTY HIGH BETA 50; NIFTY HOUSING; NIFTY INDIA FPI 150; NIFTY INDIA INFRASTRUCTURE & LOGISTICS; NIFTY INDIA SELECT 5 CORPORATE GROUPS (MAATR); NIFTY INFRASTRUCTURE; NIFTY LARGEMIDCAP 250; NIFTY POWER; NIFTY RURAL; NIFTY TOTAL MARKET; NIFTY100 ENHANCED ESG; NIFTY100 EQUAL WEIGHT; NIFTY100 ESG; NIFTY100 ESG SECTOR LEADERS; NIFTY500 EQUAL WEIGHT; NIFTY500 LARGEMIDSMALL EQUAL-CAP WEIGHTED; NIFTY500 MULTICAP 50:25:25,NIFTY 500,NSE quote API secInfo,0.9,
ind_nifty500,ADANIPORTS,Adani Ports and Special Economic Zone Ltd.,ADANIPORTS,Adani Ports and Special Economic Zone Limited,exact_symbol_match,INE742F01042,Listed,Services,Services,Transport Infrastructure,Port & Port services,Nifty 50,NIFTY 50; NIFTY 100; NIFTY 200; NIFTY 500; NIFTY COMMERCIAL & TRANSPORT SERVICES; NIFTY CONGLOMERATE 50; NIFTY HIGH BETA 50; NIFTY INDIA FPI 150; NIFTY INDIA INFRASTRUCTURE & LOGISTICS; NIFTY INDIA SELECT 5 CORPORATE GROUPS (MAATR); NIFTY INFRASTRUCTURE; NIFTY LARGEMIDCAP 250; NIFTY MOBILITY; NIFTY SERVICES SECTOR; NIFTY TOTAL MARKET; NIFTY TRANSPORTATION & LOGISTICS; NIFTY100 ALPHA 30; NIFTY100 ENHANCED ESG; NIFTY100 EQUAL WEIGHT; NIFTY100 ESG; NIFTY100 ESG SECTOR LEADERS; NIFTY50 EQUAL WEIGHT; NIFTY500 EQUAL WEIGHT; NIFTY500 LARGEMIDSMALL EQUAL-CAP WEIGHTED; NIFTY500 MULTICAP 50:25:25; NIFTY500 MULTICAP INFRASTRUCTURE 50:30:20,NIFTY 500,NSE quote API secInfo,0.9,
ind_nifty500,ADANIPOWER,Adani Power Ltd.,ADANIPOWER,Adani Power Limited,exact_symbol_match,INE814H01029,Listed,Utilities,Power,Power,Integrated Power Utilities,Nifty Next 50,NIFTY NEXT 50; NIFTY 100; NIFTY 200; NIFTY 500; NIFTY ALPHA 50; NIFTY COMMODITIES; NIFTY CONGLOMERATE 50; NIFTY ENERGY; NIFTY HIGH BETA 50; NIFTY HOUSING; NIFTY INDIA CONSUMPTION; NIFTY INDIA FPI 150; NIFTY INDIA INFRASTRUCTURE & LOGISTICS; NIFTY INDIA SELECT 5 CORPORATE GROUPS (MAATR); NIFTY LARGEMIDCAP 250; NIFTY POWER; NIFTY RURAL; NIFTY TOTAL MARKET; NIFTY100 ALPHA 30; NIFTY100 ENHANCED ESG; NIFTY100 EQUAL WEIGHT; NIFTY100 ESG; NIFTY100 ESG SECTOR LEADERS; NIFTY500 EQUAL WEIGHT; NIFTY500 LARGEMIDSMALL EQUAL-CAP WEIGHTED; NIFTY500 MULTICAP 50:25:25,NIFTY INFRASTRUCTURE,NSE quote API secInfo,0.9,
ind_nifty500,AEGISLOG,Aegis Logistics Ltd.,AEGISLOG,Aegis Logistics Limited,exact_symbol_match,INE208C01025,Listed,Energy,Oil Gas & Consumable Fuels,Gas,Trading - Gas,Nifty 500,NIFTY 500; NIFTY ENERGY; NIFTY INDIA INFRASTRUCTURE & LOGISTICS; NIFTY MIDSMALLCAP 400; NIFTY MIDSMALLCAP400 50:50; NIFTY OIL & GAS; NIFTY SMALLCAP 100; NIFTY SMALLCAP 250; NIFTY SMALLCAP 50; NIFTY SMALLCAP 500; NIFTY SMALLCAP250 MOMENTUM QUALITY 100; NIFTY TOTAL MARKET; NIFTY500 EQUAL WEIGHT; NIFTY500 LARGEMIDSMALL EQUAL-CAP WEIGHTED; NIFTY500 MULTICAP 50:25:25; NIFTY500 MULTICAP INFRASTRUCTURE 50:30:20,-,NSE quote API secInfo,0.9,
ind_nifty500,AEGISVOPAK,Aegis Vopak Terminals Ltd.,AEGISVOPAK,Aegis Vopak Terminals Limited,exact_symbol_match,INE0INX01018,Listed,Energy,Oil Gas & Consumable Fuels,Oil,Oil Storage & Transportation,Nifty 500,NIFTY 500; NIFTY IPO; NIFTY MIDSMALLCAP 400; NIFTY MIDSMALLCAP400 50:50; NIFTY OIL & GAS; NIFTY SMALLCAP 250; NIFTY SMALLCAP 500; NIFTY TOTAL MARKET; NIFTY500 EQUAL WEIGHT; NIFTY500 LARGEMIDSMALL EQUAL-CAP WEIGHTED; NIFTY500 MULTICAP 50:25:25,-,NSE quote API secInfo,0.9,
ind_nifty500,AFFLE,Affle 3i Ltd.,AFFLE,Affle 3i Limited,exact_symbol_match,INE00WC01027,Listed,Information Technology,Information Technology,IT - Services,IT Enabled Services,Nifty 500,NIFTY 500; NIFTY INDIA DIGITAL; NIFTY MIDSMALL IT & TELECOM; NIFTY MIDSMALLCAP 400; NIFTY MIDSMALLCAP400 50:50; NIFTY MIDSMALLCAP400 MOMENTUM QUALITY 100; NIFTY SMALLCAP 100; NIFTY SMALLCAP 250; NIFTY SMALLCAP 50; NIFTY SMALLCAP 500; NIFTY SMALLCAP250 MOMENTUM QUALITY 100; NIFTY SMALLCAP250 QUALITY 50; NIFTY TOTAL MARKET; NIFTY500 EQUAL WEIGHT; NIFTY500 FLEXICAP QUALITY 30; NIFTY500 LARGEMIDSMALL EQUAL-CAP WEIGHTED; NIFTY500 MULTICAP 50:25:25; NIFTY500 MULTICAP MOMENTUM QUALITY 50,-,NSE quote API secInfo,0.9,
ind_nifty500,AIAENG,AIA Engineering Ltd.,AIAENG,AIA Engineering Limited,exact_symbol_match,INE212H01026,Listed,Industrials,Capital Goods,Industrial Products,Castings & Forgings,Nifty 500,NIFTY 500; NIFTY CAPITAL GOODS; NIFTY INDIA MANUFACTURING; NIFTY LARGEMIDCAP 250; NIFTY MIDCAP 150; NIFTY MIDCAP150 MOMENTUM 50; NIFTY MIDCAP150 QUALITY 50; NIFTY MIDSMALLCAP 400; NIFTY MIDSMALLCAP400 50:50; NIFTY TOTAL MARKET; NIFTY500 EQUAL WEIGHT; NIFTY500 LARGEMIDSMALL EQUAL-CAP WEIGHTED; NIFTY500 MULTICAP 50:25:25,NIFTY INFRASTRUCTURE,NSE quote API secInfo,0.9,
ind_nifty500,AIIL,Authum Investment & Infrastructure Ltd.,AIIL,Authum Investment & Infrastructure Limited,exact_symbol_match,INE206F01022,Listed,Financial Services,Financial Services,Finance,Non Banking Financial Company (NBFC),Nifty 500,NIFTY 500; NIFTY LARGEMIDCAP 250; NIFTY MIDCAP 150; NIFTY MIDSMALLCAP 400; NIFTY MIDSMALLCAP400 50:50; NIFTY NBFC; NIFTY TOTAL MARKET; NIFTY500 EQUAL WEIGHT; NIFTY500 LARGEMIDSMALL EQUAL-CAP WEIGHTED; NIFTY500 MULTICAP 50:25:25,-,NSE quote API secInfo,0.9,
ind_nifty500,AJANTPHARM,Ajanta Pharmaceuticals Ltd.,AJANTPHARM,Ajanta Pharma Limited,exact_symbol_match,INE031B01049,Listed,Healthcare,Healthcare,Pharmaceuticals & Biotechnology,Pharmaceuticals,Nifty 500,NIFTY 500; NIFTY LARGEMIDCAP 250; NIFTY MIDCAP 150; NIFTY MIDCAP150 QUALITY 50; NIFTY MIDSMALL HEALTHCARE; NIFTY MIDSMALLCAP 400; NIFTY MIDSMALLCAP400 50:50; NIFTY PHARMA; NIFTY TOTAL MARKET; NIFTY500 EQUAL WEIGHT; NIFTY500 HEALTHCARE; NIFTY500 LARGEMIDSMALL EQUAL-CAP WEIGHTED; NIFTY500 MULTICAP 50:25:25; NIFTY500 SHARIAH,NIFTY PHARMA,NSE quote API secInfo,0.9,
nifty_500_shariah,ALKEM,Alkem Laboratories Ltd.,ALKEM,Alkem Laboratories Limited,exact_symbol_match,INE540L01014,Listed,Healthcare,Healthcare,Pharmaceuticals & Biotechnology,Pharmaceuticals,Nifty Midcap 50,NIFTY MIDCAP 50; NIFTY 200; NIFTY 500; NIFTY HEALTHCARE INDEX; NIFTY INDIA FPI 150; NIFTY INDIA MANUFACTURING; NIFTY LARGEMIDCAP 250; NIFTY MIDCAP 100; NIFTY MIDCAP 150; NIFTY MIDCAP150 QUALITY 50; NIFTY MIDSMALL HEALTHCARE; NIFTY MIDSMALL INDIA CONSUMPTION; NIFTY MIDSMALLCAP 400; NIFTY MIDSMALLCAP400 50:50; NIFTY MIDSMALLCAP400 MOMENTUM QUALITY 100; NIFTY PHARMA; NIFTY TOTAL MARKET; NIFTY500 EQUAL WEIGHT; NIFTY500 HEALTHCARE; NIFTY500 LARGEMIDSMALL EQUAL-CAP WEIGHTED; NIFTY500 LOW VOLATILITY 50; NIFTY500 MULTICAP 50:25:25; NIFTY500 MULTICAP INDIA MANUFACTURING 50:30:20; NIFTY500 MULTIFACTOR MQVLV 50; NIFTY500 SHARIAH,NIFTY PHARMA,NSE quote API secInfo,0.9,
nifty_500_shariah,AMBER,Amber Enterprises India Ltd.,AMBER,Amber Enterprises India Limited,exact_symbol_match,INE371P01015,Listed,Consumer Discretionary,Consumer Durables,Consumer Durables,Household Appliances,Nifty 500,NIFTY 500; NIFTY ALPHA 50; NIFTY CONSUMER DURABLES; NIFTY CORE HOUSING; NIFTY HIGH BETA 50; NIFTY INDIA NEW AGE CONSUMPTION; NIFTY MIDSMALLCAP 400; NIFTY MIDSMALLCAP400 50:50; NIFTY SMALLCAP 100; NIFTY SMALLCAP 250; NIFTY SMALLCAP 50; NIFTY SMALLCAP 500; NIFTY SMALLCAP250 MOMENTUM QUALITY 100; NIFTY TOTAL MARKET; NIFTY500 EQUAL WEIGHT; NIFTY500 LARGEMIDSMALL EQUAL-CAP WEIGHTED; NIFTY500 MULTICAP 50:25:25; NIFTY500 MULTICAP INDIA MANUFACTURING 50:30:20; NIFTY500 SHARIAH,NIFTY 500,NSE quote API secInfo,0.9,
ind_nifty500,AMBUJACEM,Ambuja Cements Ltd.,AMBUJACEM,Ambuja Cements Limited,exact_symbol_match,INE079A01024,Listed,Commodities,Construction Materials,Cement & Cement Products,Cement & Cement Products,Nifty Next 50,NIFTY NEXT 50; NIFTY 100; NIFTY 200; NIFTY 500; NIFTY CEMENT; NIFTY COMMODITIES; NIFTY CONGLOMERATE 50; NIFTY CORE HOUSING; NIFTY HOUSING; NIFTY INDIA FPI 150; NIFTY INDIA INFRASTRUCTURE & LOGISTICS; NIFTY INDIA SELECT 5 CORPORATE GROUPS (MAATR); NIFTY INFRASTRUCTURE; NIFTY LARGEMIDCAP 250; NIFTY MNC; NIFTY RURAL; NIFTY TOTAL MARKET; NIFTY100 ENHANCED ESG; NIFTY100 EQUAL WEIGHT; NIFTY100 ESG; NIFTY100 ESG SECTOR LEADERS; NIFTY500 EQUAL WEIGHT; NIFTY500 LARGEMIDSMALL EQUAL-CAP WEIGHTED; NIFTY500 LOW VOLATILITY 50; NIFTY500 MULTICAP 50:25:25,NIFTY COMMODITIES,NSE quote API secInfo,0.9,
ind_nifty500,ANANDRATHI,Anand Rathi Wealth Ltd.,ANANDRATHI,Anand Rathi Wealth Limited,exact_symbol_match,INE463V01026,Listed,Financial Services,Financial Services,Capital Markets,Financial Products Distributor,Nifty 500,NIFTY 500; NIFTY CAPITAL MARKETS; NIFTY MIDSMALLCAP 400; NIFTY MIDSMALLCAP400 50:50; NIFTY MIDSMALLCAP400 MOMENTUM QUALITY 100; NIFTY SMALLCAP 100; NIFTY SMALLCAP 250; NIFTY SMALLCAP 50; NIFTY SMALLCAP 500; NIFTY SMALLCAP250 MOMENTUM QUALITY 100; NIFTY TOTAL MARKET; NIFTY TOTAL MARKET MOMENTUM QUALITY 50; NIFTY500 EQUAL WEIGHT; NIFTY500 LARGEMIDSMALL EQUAL-CAP WEIGHTED; NIFTY500 MOMENTUM 50; NIFTY500 MULTICAP 50:25:25; NIFTY500 MULTICAP MOMENTUM QUALITY 50; NIFTY500 QUALITY 50,-,NSE quote API secInfo,0.9,
nifty_500_shariah,ANANTRAJ,Anant Raj Ltd.,ANANTRAJ,Anant Raj Limited,exact_symbol_match,INE242C01024,Listed,Consumer Discretionary,Realty,Realty,Residential Commercial Projects,Nifty 500,NIFTY 500; NIFTY INDIA INFRASTRUCTURE & LOGISTICS; NIFTY INDIA NEW AGE CONSUMPTION; NIFTY MIDSMALLCAP 400; NIFTY MIDSMALLCAP400 50:50; NIFTY REALTY; NIFTY REITS & REALTY; NIFTY SMALLCAP 100; NIFTY SMALLCAP 250; NIFTY SMALLCAP 500; NIFTY SMALLCAP250 MOMENTUM QUALITY 100; NIFTY TOTAL MARKET; NIFTY500 EQUAL WEIGHT; NIFTY500 LARGEMIDSMALL EQUAL-CAP WEIGHTED; NIFTY500 MULTICAP 50:25:25; NIFTY500 SHARIAH,NIFTY REALTY,NSE quote API secInfo,0.9,
ind_nifty500,ANGELONE,Angel One Ltd.,ANGELONE,Angel One Limited,exact_symbol_match,INE732I01021,Listed,Financial Services,Financial Services,Capital Markets,Stockbroking & Allied,Nifty 500,NIFTY 500; NIFTY CAPITAL MARKETS; NIFTY DIVIDEND OPPORTUNITIES 50; NIFTY FINANCIAL SERVICES EX-BANK; NIFTY HIGH BETA 50; NIFTY INDIA INTERNET; NIFTY INDIA NEW AGE CONSUMPTION; NIFTY MIDSMALL FINANCIAL SERVICES; NIFTY MIDSMALLCAP 400; NIFTY MIDSMALLCAP400 50:50; NIFTY MIDSMALLCAP400 MOMENTUM QUALITY 100; NIFTY SMALLCAP 100; NIFTY SMALLCAP 250; NIFTY SMALLCAP 50; NIFTY SMALLCAP 500; NIFTY SMALLCAP250 MOMENTUM QUALITY 100; NIFTY SMALLCAP250 QUALITY 50; NIFTY TOTAL MARKET; NIFTY500 EQUAL WEIGHT; NIFTY500 FLEXICAP QUALITY 30; NIFTY500 LARGEMIDSMALL EQUAL-CAP WEIGHTED; NIFTY500 MULTICAP 50:25:25; NIFTY500 MULTICAP MOMENTUM QUALITY 50; NIFTY500 QUALITY 50,-,NSE quote API secInfo,0.9,
ind_nifty500,ANTHEM,Anthem Biosciences Ltd.,ANTHEM,Anthem Biosciences Limited,exact_symbol_match,INE0CZ201020,Listed,Healthcare,Healthcare,Pharmaceuticals & Biotechnology,Biotechnology,Nifty 500,NIFTY 500; NIFTY INDIA MANUFACTURING; NIFTY IPO; NIFTY LARGEMIDCAP 250; NIFTY MIDCAP 150; NIFTY MIDSMALLCAP 400; NIFTY MIDSMALLCAP400 50:50; NIFTY TOTAL MARKET; NIFTY500 EQUAL WEIGHT; NIFTY500 HEALTHCARE; NIFTY500 LARGEMIDSMALL EQUAL-CAP WEIGHTED; NIFTY500 MULTICAP 50:25:25,-,NSE quote API secInfo,0.9,
ind_nifty500,ANURAS,Anupam Rasayan India Ltd.,ANURAS,Anupam Rasayan India Limited,exact_symbol_match,INE930P01018,Listed,Commodities,Chemicals,Chemicals & Petrochemicals,Specialty Chemicals,Nifty 500,NIFTY 500; NIFTY MIDSMALLCAP 400; NIFTY MIDSMALLCAP400 50:50; NIFTY SMALLCAP 250; NIFTY SMALLCAP 500; NIFTY TOTAL MARKET; NIFTY500 EQUAL WEIGHT; NIFTY500 LARGEMIDSMALL EQUAL-CAP WEIGHTED; NIFTY500 MULTICAP 50:25:25,-,NSE quote API secInfo,0.9,
ind_nifty500,APARINDS,Apar Industries Ltd.,APARINDS,Apar Industries Limited,exact_symbol_match,INE372A01015,Listed,Industrials,Capital Goods,Electrical Equipment,Other Electrical Equipment,Nifty 500,NIFTY 500; NIFTY ALPHA 50; NIFTY CAPITAL GOODS; NIFTY HIGH BETA 50; NIFTY LARGEMIDCAP 250; NIFTY MIDCAP 150; NIFTY MIDCAP150 QUALITY 50; NIFTY MIDSMALLCAP 400; NIFTY MIDSMALLCAP400 50:50; NIFTY MIDSMALLCAP400 MOMENTUM QUALITY 100; NIFTY TOTAL MARKET; NIFTY500 EQUAL WEIGHT; NIFTY500 LARGEMIDSMALL EQUAL-CAP WEIGHTED; NIFTY500 MULTICAP 50:25:25; NIFTY500 SHARIAH,NIFTY 500,NSE quote API secInfo,0.9,
nifty_500_shariah,APLAPOLLO,APL Apollo Tubes Ltd.,APLAPOLLO,APL Apollo Tubes Limited,exact_symbol_match,INE702C01027,Listed,Industrials,Capital Goods,Industrial Products,Iron & Steel Products,Nifty Midcap 50,NIFTY MIDCAP 50; NIFTY 200; NIFTY 500; NIFTY COMMODITIES; NIFTY INDIA FPI 150; NIFTY INDIA MANUFACTURING; NIFTY LARGEMIDCAP 250; NIFTY METAL; NIFTY MIDCAP 100; NIFTY MIDCAP 150; NIFTY MIDCAP150 MOMENTUM 50; NIFTY MIDCAP150 QUALITY 50; NIFTY MIDSMALLCAP 400; NIFTY MIDSMALLCAP400 50:50; NIFTY MIDSMALLCAP400 MOMENTUM QUALITY 100; NIFTY TOTAL MARKET; NIFTY500 EQUAL WEIGHT; NIFTY500 FLEXICAP QUALITY 30; NIFTY500 LARGEMIDSMALL EQUAL-CAP WEIGHTED; NIFTY500 MULTICAP 50:25:25; NIFTY500 MULTICAP INDIA MANUFACTURING 50:30:20; NIFTY500 SHARIAH,NIFTY METAL,NSE quote API secInfo,0.9,
ind_nifty500,APOLLOHOSP,Apollo Hospitals Enterprise Ltd.,APOLLOHOSP,Apollo Hospitals Enterprise Limited,exact_symbol_match,INE437A01024,Listed,Healthcare,Healthcare,Healthcare Services,Hospital,Nifty 50,NIFTY 50; NIFTY 100; NIFTY 200; NIFTY 500; NIFTY ALPHA LOW-VOLATILITY 30; NIFTY GROWTH SECTORS 15; NIFTY HEALTHCARE INDEX; NIFTY HOSPITALS; NIFTY INDIA CONSUMPTION; NIFTY INDIA FPI 150; NIFTY INFRASTRUCTURE; NIFTY LARGEMIDCAP 250; NIFTY LOW VOLATILITY 50; NIFTY SERVICES SECTOR; NIFTY TOTAL MARKET; NIFTY100 ENHANCED ESG; NIFTY100 EQUAL WEIGHT; NIFTY100 ESG; NIFTY100 ESG SECTOR LEADERS; NIFTY100 LOW VOLATILITY 30; NIFTY50 EQUAL WEIGHT; NIFTY500 EQUAL WEIGHT; NIFTY500 HEALTHCARE; NIFTY500 LARGEMIDSMALL EQUAL-CAP WEIGHTED; NIFTY500 LOW VOLATILITY 50; NIFTY500 MULTICAP 50:25:25; NIFTY500 MULTICAP INFRASTRUCTURE 50:30:20,NIFTY PHARMA,NSE quote API secInfo,0.9,
nifty_500_shariah,APOLLOTYRE,Apollo Tyres Ltd.,APOLLOTYRE,Apollo Tyres Limited,exact_symbol_match,INE438A01022,Listed,Consumer Discretionary,Automobile and Auto Components,Auto Components,Tyres & Rubber Products,Nifty 500,NIFTY 500; NIFTY LARGEMIDCAP 250; NIFTY MIDCAP 150; NIFTY MIDSMALLCAP 400; NIFTY MIDSMALLCAP400 50:50; NIFTY TOTAL MARKET; NIFTY TRANSPORTATION & LOGISTICS; NIFTY500 EQUAL WEIGHT; NIFTY500 LARGEMIDSMALL EQUAL-CAP WEIGHTED; NIFTY500 MULTICAP 50:25:25; NIFTY500 SHARIAH,NIFTY AUTO,NSE quote API secInfo,0.9,
ind_nifty500,APTUS,Aptus Value Housing Finance India Ltd.,APTUS,Aptus Value Housing Finance India Limited,exact_symbol_match,INE852O01025,Listed,Financial Services,Financial Services,Finance,Housing Finance Company,Nifty 500,NIFTY 500; NIFTY HOUSING FINANCE; NIFTY MIDSMALLCAP 400; NIFTY MIDSMALLCAP400 50:50; NIFTY SMALLCAP 100; NIFTY SMALLCAP 250; NIFTY SMALLCAP 500; NIFTY SMALLCAP250 QUALITY 50; NIFTY TOTAL MARKET; NIFTY500 EQUAL WEIGHT; NIFTY500 LARGEMIDSMALL EQUAL-CAP WEIGHTED; NIFTY500 MULTICAP 50:25:25,-,NSE quote API secInfo,0.9,
nifty_500_shariah,ARE&M,Amara Raja Energy & Mobility Ltd.,ARE&M,Amara Raja Energy & Mobility Limited,exact_symbol_match,INE885A01032,Listed,Consumer Discretionary,Automobile and Auto Components,Auto Components,Auto Components & Equipments,Nifty 500,NIFTY 500; NIFTY EV & NEW AGE AUTOMOTIVE; NIFTY MIDSMALLCAP 400; NIFTY MIDSMALLCAP400 50:50; NIFTY SMALLCAP 100; NIFTY SMALLCAP 250; NIFTY SMALLCAP 50; NIFTY SMALLCAP 500; NIFTY SMALLCAP250 MOMENTUM QUALITY 100; NIFTY SMALLCAP250 QUALITY 50; NIFTY TOTAL MARKET; NIFTY500 EQUAL WEIGHT; NIFTY500 FLEXICAP QUALITY 30; NIFTY500 LARGEMIDSMALL EQUAL-CAP WEIGHTED; NIFTY500 MULTICAP 50:25:25; NIFTY500 MULTICAP INDIA MANUFACTURING 50:30:20; NIFTY500 MULTICAP INFRASTRUCTURE 50:30:20; NIFTY500 SHARIAH,-,NSE quote API secInfo,0.9,
ind_nifty500,ASAHIINDIA,Asahi India Glass Ltd.,ASAHIINDIA,Asahi India Glass Limited,exact_symbol_match,INE439A01020,Listed,Consumer Discretionary,Automobile and Auto Components,Auto Components,Auto Components & Equipments,Nifty 500,NIFTY 500; NIFTY MIDSMALLCAP 400; NIFTY MIDSMALLCAP400 50:50; NIFTY SMALLCAP 250; NIFTY SMALLCAP 500; NIFTY SMALLCAP250 MOMENTUM QUALITY 100; NIFTY TOTAL MARKET; NIFTY500 EQUAL WEIGHT; NIFTY500 LARGEMIDSMALL EQUAL-CAP WEIGHTED; NIFTY500 MOMENTUM 50; NIFTY500 MULTICAP 50:25:25; NIFTY500 MULTICAP INDIA MANUFACTURING 50:30:20; NIFTY500 MULTICAP INFRASTRUCTURE 50:30:20,NIFTY AUTO,NSE quote API secInfo,0.9,
ind_nifty500,ASHOKLEY,Ashok Leyland Ltd.,ASHOKLEY,Ashok Leyland Limited,exact_symbol_match,INE208A01029,Listed,Industrials,Capital Goods,Agricultural Commercial & Construction Vehicles,Commercial Vehicles,Nifty Midcap 50,NIFTY MIDCAP 50; NIFTY 200; NIFTY 500; NIFTY ALPHA 50; NIFTY AUTO; NIFTY CAPITAL GOODS; NIFTY DIVIDEND OPPORTUNITIES 50; NIFTY EV & NEW AGE AUTOMOTIVE; NIFTY INDIA INFRASTRUCTURE & LOGISTICS; NIFTY INDIA MANUFACTURING; NIFTY INFRASTRUCTURE; NIFTY LARGEMIDCAP 250; NIFTY MIDCAP 100; NIFTY MIDCAP 150; NIFTY MIDCAP LIQUID 15; NIFTY MIDCAP SELECT; NIFTY MIDCAP150 MOMENTUM 50; NIFTY MIDSMALLCAP 400; NIFTY MIDSMALLCAP400 50:50; NIFTY MNC; NIFTY MOBILITY; NIFTY RURAL; NIFTY TOTAL MARKET; NIFTY TRANSPORTATION & LOGISTICS; NIFTY200 ALPHA 30; NIFTY200 MOMENTUM 30; NIFTY500 EQUAL WEIGHT; NIFTY500 LARGEMIDSMALL EQUAL-CAP WEIGHTED; NIFTY500 MULTICAP 50:25:25; NIFTY500 MULTICAP INDIA MANUFACTURING 50:30:20; NIFTY500 MULTICAP INFRASTRUCTURE 50:30:20,NIFTY 500,NSE quote API secInfo,0.9,
nifty_50_shariah,ASIANPAINT,ASIAN PAINTS LTD.,ASIANPAINT,Asian Paints Limited,exact_symbol_match,INE021A01026,Listed,Consumer Discretionary,Consumer Durables,Consumer Durables,Paints,Nifty 50,NIFTY 50; NIFTY 100; NIFTY 200; NIFTY 500; NIFTY ALPHA LOW-VOLATILITY 30; NIFTY ALPHA QUALITY LOW-VOLATILITY 30; NIFTY ALPHA QUALITY VALUE LOW-VOLATILITY 30; NIFTY CORE HOUSING; NIFTY HOUSING; NIFTY INDIA CONSUMPTION; NIFTY INDIA FPI 150; NIFTY LARGEMIDCAP 250; NIFTY LOW VOLATILITY 50; NIFTY NON-CYCLICAL CONSUMER; NIFTY QUALITY LOW-VOLATILITY 30; NIFTY RURAL; NIFTY SHARIAH 25; NIFTY TOTAL MARKET; NIFTY TOTAL MARKET MOMENTUM QUALITY 50; NIFTY100 ENHANCED ESG; NIFTY100 EQUAL WEIGHT; NIFTY100 ESG; NIFTY100 ESG SECTOR LEADERS; NIFTY100 LOW VOLATILITY 30; NIFTY100 QUALITY 30; NIFTY200 MOMENTUM 30; NIFTY200 QUALITY 30; NIFTY50 EQUAL WEIGHT; NIFTY50 SHARIAH; NIFTY500 EQUAL WEIGHT; NIFTY500 FLEXICAP QUALITY 30; NIFTY500 LARGEMIDSMALL EQUAL-CAP WEIGHTED; NIFTY500 LOW VOLATILITY 50; NIFTY500 MOMENTUM 50; NIFTY500 MULTICAP 50:25:25; NIFTY500 MULTICAP MOMENTUM QUALITY 50; NIFTY500 MULTIFACTOR MQVLV 50; NIFTY500 SHARIAH,NIFTY 500,NSE quote API secInfo,0.9,
nifty_500_shariah,ASTERDM,Aster DM Healthcare Ltd.,ASTERDM,Aster DM Healthcare Limited,exact_symbol_match,INE914M01019,Listed,Healthcare,Healthcare,Healthcare Services,Hospital,Nifty 500,NIFTY 500; NIFTY MIDSMALL HEALTHCARE; NIFTY MIDSMALLCAP 400; NIFTY MIDSMALLCAP400 50:50; NIFTY SMALLCAP 100; NIFTY SMALLCAP 250; NIFTY SMALLCAP 50; NIFTY SMALLCAP 500; NIFTY TOTAL MARKET; NIFTY500 EQUAL WEIGHT; NIFTY500 HEALTHCARE; NIFTY500 LARGEMIDSMALL EQUAL-CAP WEIGHTED; NIFTY500 MOMENTUM 50; NIFTY500 MULTICAP 50:25:25; NIFTY500 MULTICAP INFRASTRUCTURE 50:30:20; NIFTY500 MULTIFACTOR MQVLV 50; NIFTY500 SHARIAH; NIFTY500 VALUE 50,NIFTY PHARMA,NSE quote API secInfo,0.9,
nifty_500_shariah,ASTRAL,Astral Ltd.,ASTRAL,Astral Limited,exact_symbol_match,INE006I01046,Listed,Industrials,Capital Goods,Industrial Products,Plastic Products - Industrial,Nifty 200,NIFTY 200; NIFTY 500; NIFTY INDIA MANUFACTURING; NIFTY LARGEMIDCAP 250; NIFTY MIDCAP 100; NIFTY MIDCAP 150; NIFTY MIDCAP150 QUALITY 50; NIFTY MIDSMALLCAP 400; NIFTY MIDSMALLCAP400 50:50; NIFTY RURAL; NIFTY TOTAL MARKET; NIFTY500 EQUAL WEIGHT; NIFTY500 LARGEMIDSMALL EQUAL-CAP WEIGHTED; NIFTY500 MULTICAP 50:25:25; NIFTY500 MULTICAP INDIA MANUFACTURING 50:30:20; NIFTY500 SHARIAH,NIFTY 500,NSE quote API secInfo,0.9,
nifty_500_shariah,ATGL,Adani Total Gas Ltd.,ATGL,Adani Total Gas Limited,exact_symbol_match,INE399L01023,Listed,Energy,Oil Gas & Consumable Fuels,Gas,LPG/CNG/PNG/LNG Supplier,Nifty 200,NIFTY 200; NIFTY 500; NIFTY ENERGY; NIFTY INDIA INFRASTRUCTURE & LOGISTICS; NIFTY INDIA SELECT 5 CORPORATE GROUPS (MAATR); NIFTY LARGEMIDCAP 250; NIFTY MIDCAP 100; NIFTY MIDCAP 150; NIFTY MIDSMALLCAP 400; NIFTY MIDSMALLCAP400 50:50; NIFTY OIL & GAS; NIFTY TOTAL MARKET; NIFTY500 EQUAL WEIGHT; NIFTY500 LARGEMIDSMALL EQUAL-CAP WEIGHTED; NIFTY500 MULTICAP 50:25:25; NIFTY500 SHARIAH,-,NSE quote API secInfo,0.9,
ind_nifty500,ATHERENERG,Ather Energy Ltd.,ATHERENERG,Ather Energy Limited,exact_symbol_match,INE0LEZ01016,Listed,Consumer Discretionary,Automobile and Auto Components,Automobiles,2/3 Wheelers,Nifty 500,NIFTY 500; NIFTY EV & NEW AGE AUTOMOTIVE; NIFTY INDIA NEW AGE CONSUMPTION; NIFTY IPO; NIFTY MIDSMALLCAP 400; NIFTY MIDSMALLCAP400 50:50; NIFTY SMALLCAP 100; NIFTY SMALLCAP 250; NIFTY SMALLCAP 500; NIFTY TOTAL MARKET; NIFTY500 EQUAL WEIGHT; NIFTY500 LARGEMIDSMALL EQUAL-CAP WEIGHTED; NIFTY500 MULTICAP 50:25:25; NIFTY500 MULTICAP INDIA MANUFACTURING 50:30:20,-,NSE quote API secInfo,0.9,
ind_nifty500,ATUL,Atul Ltd.,ATUL,Atul Limited,exact_symbol_match,INE100A01010,Listed,Commodities,Chemicals,Chemicals & Petrochemicals,Specialty Chemicals,Nifty 500,NIFTY 500; NIFTY CHEMICALS; NIFTY MIDSMALLCAP 400; NIFTY MIDSMALLCAP400 50:50; NIFTY SMALLCAP 250; NIFTY SMALLCAP 500; NIFTY TOTAL MARKET; NIFTY500 EQUAL WEIGHT; NIFTY500 LARGEMIDSMALL EQUAL-CAP WEIGHTED; NIFTY500 MULTICAP 50:25:25; NIFTY500 MULTICAP INDIA MANUFACTURING 50:30:20; NIFTY500 SHARIAH,NIFTY 500,NSE quote API secInfo,0.9,
ind_nifty500,AUBANK,AU Small Finance Bank Ltd.,AUBANK,AU Small Finance Bank Limited,exact_symbol_match,INE949L01017,Listed,Financial Services,Financial Services,Banks,Other Bank,Nifty Bank,NIFTY BANK; NIFTY MIDCAP 50; NIFTY 200; NIFTY 500; NIFTY ALPHA 50; NIFTY INDIA FPI 150; NIFTY LARGEMIDCAP 250; NIFTY MIDCAP 100; NIFTY MIDCAP 150; NIFTY MIDCAP LIQUID 15; NIFTY MIDCAP SELECT; NIFTY MIDCAP150 MOMENTUM 50; NIFTY MIDSMALL FINANCIAL SERVICES; NIFTY MIDSMALLCAP 400; NIFTY MIDSMALLCAP400 50:50; NIFTY MIDSMALLCAP400 MOMENTUM QUALITY 100; NIFTY SMALL FINANCE BANKS & MICROFINANCE INSTITUTIONS; NIFTY TOTAL MARKET; NIFTY200 ALPHA 30; NIFTY200 MOMENTUM 30; NIFTY500 EQUAL WEIGHT; NIFTY500 LARGEMIDSMALL EQUAL-CAP WEIGHTED; NIFTY500 MOMENTUM 50; NIFTY500 MULTICAP 50:25:25,NIFTY BANK,NSE quote API secInfo,0.9,
nifty_500_shariah,AUROPHARMA,Aurobindo Pharma Ltd.,AUROPHARMA,Aurobindo Pharma Limited,exact_symbol_match,INE406A01037,Listed,Healthcare,Healthcare,Pharmaceuticals & Biotechnology,Pharmaceuticals,Nifty Midcap 50,NIFTY MIDCAP 50; NIFTY 200; NIFTY 500; NIFTY HEALTHCARE INDEX; NIFTY INDIA FPI 150; NIFTY INDIA MANUFACTURING; NIFTY LARGEMIDCAP 250; NIFTY MIDCAP 100; NIFTY MIDCAP 150; NIFTY MIDCAP SELECT; NIFTY MIDSMALL HEALTHCARE; NIFTY MIDSMALLCAP 400; NIFTY MIDSMALLCAP400 50:50; NIFTY MIDSMALLCAP400 MOMENTUM QUALITY 100; NIFTY PHARMA; NIFTY TOTAL MARKET; NIFTY500 EQUAL WEIGHT; NIFTY500 HEALTHCARE; NIFTY500 LARGEMIDSMALL EQUAL-CAP WEIGHTED; NIFTY500 MULTICAP 50:25:25; NIFTY500 MULTICAP INDIA MANUFACTURING 50:30:20; NIFTY500 SHARIAH,NIFTY PHARMA,NSE quote API secInfo,0.9,
ind_nifty500,AWL,AWL Agri Business Ltd.,AWL,AWL Agri Business Limited,exact_symbol_match,INE699H01024,Listed,Fast Moving Consumer Goods,Fast Moving Consumer Goods,Agricultural Food & other Products,Edible Oil,Nifty 500,NIFTY 500; NIFTY LARGEMIDCAP 250; NIFTY MIDCAP 150; NIFTY MIDSMALLCAP 400; NIFTY MIDSMALLCAP400 50:50; NIFTY MNC; NIFTY TOTAL MARKET; NIFTY500 EQUAL WEIGHT; NIFTY500 LARGEMIDSMALL EQUAL-CAP WEIGHTED; NIFTY500 MULTICAP 50:25:25,-,NSE quote API secInfo,0.9,
ind_nifty500,AXISBANK,Axis Bank Ltd.,AXISBANK,Axis Bank Limited,exact_symbol_match,INE238A01034,Listed,Financial Services,Financial Services,Banks,Private Sector Bank,Nifty 50,NIFTY 50; NIFTY BANK; NIFTY FINANCIAL SERVICES; NIFTY 100; NIFTY 200; NIFTY 500; NIFTY FINANCIAL SERVICES 25/50; NIFTY HOUSING; NIFTY INDIA FPI 150; NIFTY LARGEMIDCAP 250; NIFTY LOW VOLATILITY 50; NIFTY PRIVATE BANK; NIFTY SERVICES SECTOR; NIFTY TOP 10 EQUAL WEIGHT; NIFTY TOP 15 EQUAL WEIGHT; NIFTY TOP 20 EQUAL WEIGHT; NIFTY TOTAL MARKET; NIFTY100 ENHANCED ESG; NIFTY100 EQUAL WEIGHT; NIFTY100 ESG; NIFTY100 ESG SECTOR LEADERS; NIFTY50 EQUAL WEIGHT; NIFTY50 VALUE 20; NIFTY500 EQUAL WEIGHT; NIFTY500 LARGEMIDSMALL EQUAL-CAP WEIGHTED; NIFTY500 MULTICAP 50:25:25,NIFTY BANK,NSE quote API secInfo,0.9,
ind_nifty500,BAJAJ-AUTO,Bajaj Auto Ltd.,BAJAJ-AUTO,Bajaj Auto Limited,exact_symbol_match,INE917I01010,Listed,Consumer Discretionary,Automobile and Auto Components,Automobiles,2/3 Wheelers,Nifty 50,NIFTY 50; NIFTY 100; NIFTY 200; NIFTY 500; NIFTY ALPHA QUALITY LOW-VOLATILITY 30; NIFTY ALPHA QUALITY VALUE LOW-VOLATILITY 30; NIFTY AUTO; NIFTY CONGLOMERATE 50; NIFTY DIVIDEND OPPORTUNITIES 50; NIFTY EV & NEW AGE AUTOMOTIVE; NIFTY INDIA CONSUMPTION; NIFTY INDIA FPI 150; NIFTY INDIA MANUFACTURING; NIFTY INDIA NEW AGE CONSUMPTION; NIFTY LARGEMIDCAP 250; NIFTY LOW VOLATILITY 50; NIFTY MOBILITY; NIFTY QUALITY LOW-VOLATILITY 30; NIFTY RURAL; NIFTY TOTAL MARKET; NIFTY TRANSPORTATION & LOGISTICS; NIFTY100 ENHANCED ESG; NIFTY100 EQUAL WEIGHT; NIFTY100 ESG; NIFTY100 LOW VOLATILITY 30; NIFTY100 QUALITY 30; NIFTY200 QUALITY 30; NIFTY50 EQUAL WEIGHT; NIFTY50 VALUE 20; NIFTY500 EQUAL WEIGHT; NIFTY500 LARGEMIDSMALL EQUAL-CAP WEIGHTED; NIFTY500 LOW VOLATILITY 50; NIFTY500 MULTICAP 50:25:25; NIFTY500 MULTICAP INDIA MANUFACTURING 50:30:20; NIFTY500 MULTIFACTOR MQVLV 50; NIFTY500 QUALITY 50,NIFTY AUTO,NSE quote API secInfo,0.9,
ind_nifty500,BAJAJFINSV,Bajaj Finserv Ltd.,BAJAJFINSV,Bajaj Finserv Limited,exact_symbol_match,INE918I01026,Listed,Financial Services,Financial Services,Finance,Holding Company,Nifty 50,NIFTY 50; NIFTY FINANCIAL SERVICES; NIFTY 100; NIFTY 200; NIFTY 500; NIFTY ALPHA LOW-VOLATILITY 30; NIFTY CONGLOMERATE 50; NIFTY FINANCIAL SERVICES 25/50; NIFTY FINANCIAL SERVICES EX-BANK; NIFTY INDIA FPI 150; NIFTY LARGEMIDCAP 250; NIFTY LOW VOLATILITY 50; NIFTY SERVICES SECTOR; NIFTY TOTAL MARKET; NIFTY100 ENHANCED ESG; NIFTY100 EQUAL WEIGHT; NIFTY100 ESG; NIFTY100 LOW VOLATILITY 30; NIFTY50 EQUAL WEIGHT; NIFTY500 EQUAL WEIGHT; NIFTY500 LARGEMIDSMALL EQUAL-CAP WEIGHTED; NIFTY500 MULTICAP 50:25:25,NIFTY FINANCIAL SERVICES,NSE quote API secInfo,0.9,
ind_nifty500,BAJAJHFL,Bajaj Housing Finance Ltd.,BAJAJHFL,Bajaj Housing Finance Limited,exact_symbol_match,INE377Y01014,Listed,Financial Services,Financial Services,Finance,Housing Finance Company,Nifty 500,NIFTY 500; NIFTY CONGLOMERATE 50; NIFTY CORE HOUSING; NIFTY HOUSING FINANCE; NIFTY LARGEMIDCAP 250; NIFTY MIDCAP 150; NIFTY MIDSMALLCAP 400; NIFTY MIDSMALLCAP400 50:50; NIFTY TOTAL MARKET; NIFTY100 ENHANCED ESG; NIFTY100 ESG; NIFTY100 ESG SECTOR LEADERS; NIFTY500 EQUAL WEIGHT; NIFTY500 LARGEMIDSMALL EQUAL-CAP WEIGHTED; NIFTY500 MULTICAP 50:25:25,-,NSE quote API secInfo,0.9,
ind_nifty500,BAJAJHLDNG,Bajaj Holdings & Investment Ltd.,BAJAJHLDNG,Bajaj Holdings & Investment Limited,exact_symbol_match,INE118A01012,Listed,Financial Services,Financial Services,Finance,Holding Company,Nifty Next 50,NIFTY NEXT 50; NIFTY 100; NIFTY 200; NIFTY 500; NIFTY CONGLOMERATE 50; NIFTY FINANCIAL SERVICES EX-BANK; NIFTY INDIA FPI 150; NIFTY LARGEMIDCAP 250; NIFTY TOTAL MARKET; NIFTY100 ENHANCED ESG; NIFTY100 EQUAL WEIGHT; NIFTY100 ESG; NIFTY500 EQUAL WEIGHT; NIFTY500 LARGEMIDSMALL EQUAL-CAP WEIGHTED; NIFTY500 MULTICAP 50:25:25,NIFTY FINANCIAL SERVICES,NSE quote API secInfo,0.9,
ind_nifty500,BAJFINANCE,Bajaj Finance Ltd.,BAJFINANCE,Bajaj Finance Limited,exact_symbol_match,INE296A01032,Listed,Financial Services,Financial Services,Finance,Non Banking Financial Company (NBFC),Nifty 50,NIFTY 50; NIFTY FINANCIAL SERVICES; NIFTY 100; NIFTY 200; NIFTY 500; NIFTY ALPHA LOW-VOLATILITY 30; NIFTY ALPHA QUALITY LOW-VOLATILITY 30; NIFTY CONGLOMERATE 50; NIFTY FINANCIAL SERVICES 25/50; NIFTY FINANCIAL SERVICES EX-BANK; NIFTY INDIA FPI 150; NIFTY LARGEMIDCAP 250; NIFTY NBFC; NIFTY RURAL; NIFTY SERVICES SECTOR; NIFTY TOP 15 EQUAL WEIGHT; NIFTY TOP 20 EQUAL WEIGHT; NIFTY TOTAL MARKET; NIFTY TOTAL MARKET MOMENTUM QUALITY 50; NIFTY100 ENHANCED ESG; NIFTY100 EQUAL WEIGHT; NIFTY100 ESG; NIFTY100 ESG SECTOR LEADERS; NIFTY100 LIQUID 15; NIFTY200 MOMENTUM 30; NIFTY50 EQUAL WEIGHT; NIFTY500 EQUAL WEIGHT; NIFTY500 LARGEMIDSMALL EQUAL-CAP WEIGHTED; NIFTY500 LOW VOLATILITY 50; NIFTY500 MOMENTUM 50; NIFTY500 MULTICAP 50:25:25; NIFTY500 MULTICAP MOMENTUM QUALITY 50; NIFTY500 MULTIFACTOR MQVLV 50,NIFTY FINANCIAL SERVICES,NSE quote API secInfo,0.9,
nifty_500_shariah,BALKRISIND,Balkrishna Industries Ltd.,BALKRISIND,Balkrishna Industries Limited,exact_symbol_match,INE787D01026,Listed,Consumer Discretionary,Automobile and Auto Components,Auto Components,Tyres & Rubber Products,Nifty 500,NIFTY 500; NIFTY INDIA MANUFACTURING; NIFTY LARGEMIDCAP 250; NIFTY MIDCAP 150; NIFTY MIDCAP150 QUALITY 50; NIFTY MIDSMALLCAP 400; NIFTY MIDSMALLCAP400 50:50; NIFTY MOBILITY; NIFTY TOTAL MARKET; NIFTY TRANSPORTATION & LOGISTICS; NIFTY500 EQUAL WEIGHT; NIFTY500 LARGEMIDSMALL EQUAL-CAP WEIGHTED; NIFTY500 MULTICAP 50:25:25; NIFTY500 SHARIAH,NIFTY AUTO,NSE quote API secInfo,0.9,
ind_nifty500,BALRAMCHIN,Balrampur Chini Mills Ltd.,BALRAMCHIN,Balrampur Chini Mills Limited,exact_symbol_match,INE119A01028,Listed,Fast Moving Consumer Goods,Fast Moving Consumer Goods,Agricultural Food & other Products,Sugar,Nifty 500,NIFTY 500; NIFTY MIDSMALLCAP 400; NIFTY MIDSMALLCAP400 50:50; NIFTY SMALLCAP 250; NIFTY SMALLCAP 500; NIFTY SUGAR & ETHANOL; NIFTY TOTAL MARKET; NIFTY500 EQUAL WEIGHT; NIFTY500 LARGEMIDSMALL EQUAL-CAP WEIGHTED; NIFTY500 MULTICAP 50:25:25,NIFTY FMCG,NSE quote API secInfo,0.9,
ind_nifty500,BANDHANBNK,Bandhan Bank Ltd.,BANDHANBNK,Bandhan Bank Limited,exact_symbol_match,INE545U01014,Listed,Financial Services,Financial Services,Banks,Private Sector Bank,Nifty 500,NIFTY 500; NIFTY HIGH BETA 50; NIFTY MIDSMALL FINANCIAL SERVICES; NIFTY MIDSMALLCAP 400; NIFTY MIDSMALLCAP400 50:50; NIFTY PRIVATE BANK; NIFTY RURAL; NIFTY SMALLCAP 100; NIFTY SMALLCAP 250; NIFTY SMALLCAP 50; NIFTY SMALLCAP 500; NIFTY TOTAL MARKET; NIFTY500 EQUAL WEIGHT; NIFTY500 LARGEMIDSMALL EQUAL-CAP WEIGHTED; NIFTY500 MULTICAP 50:25:25; NIFTY500 VALUE 50,NIFTY BANK,NSE quote API secInfo,0.9,
ind_nifty500,BANKBARODA,Bank of Baroda,BANKBARODA,Bank of Baroda,exact_symbol_match,INE028A01039,Listed,Financial Services,Financial Services,Banks,Public Sector Bank,Nifty Bank,NIFTY BANK; NIFTY NEXT 50; NIFTY 100; NIFTY 200; NIFTY 500; NIFTY DIVIDEND OPPORTUNITIES 50; NIFTY HOUSING; NIFTY INDIA FPI 150; NIFTY LARGEMIDCAP 250; NIFTY PSU BANK; NIFTY RURAL; NIFTY TOTAL MARKET; NIFTY100 ALPHA 30; NIFTY100 ENHANCED ESG; NIFTY100 EQUAL WEIGHT; NIFTY100 ESG; NIFTY200 VALUE 30; NIFTY500 EQUAL WEIGHT; NIFTY500 LARGEMIDSMALL EQUAL-CAP WEIGHTED; NIFTY500 MULTICAP 50:25:25; NIFTY500 MULTIFACTOR MQVLV 50; NIFTY500 VALUE 50,NIFTY BANK,NSE quote API secInfo,0.9,
ind_nifty500,BANKINDIA,Bank of India,BANKINDIA,Bank of India,exact_symbol_match,INE084A01016,Listed,Financial Services,Financial Services,Banks,Public Sector Bank,Nifty 200,NIFTY 200; NIFTY 500; NIFTY ALPHA 50; NIFTY DIVIDEND OPPORTUNITIES 50; NIFTY LARGEMIDCAP 250; NIFTY MIDCAP 100; NIFTY MIDCAP 150; NIFTY MIDCAP150 MOMENTUM 50; NIFTY MIDSMALL FINANCIAL SERVICES; NIFTY MIDSMALLCAP 400; NIFTY MIDSMALLCAP400 50:50; NIFTY PSU BANK; NIFTY RURAL; NIFTY TOTAL MARKET; NIFTY200 ALPHA 30; NIFTY200 VALUE 30; NIFTY500 EQUAL WEIGHT; NIFTY500 LARGEMIDSMALL EQUAL-CAP WEIGHTED; NIFTY500 MULTICAP 50:25:25; NIFTY500 VALUE 50,NIFTY BANK,NSE quote API secInfo,0.9,
nifty_500_shariah,BATAINDIA,Bata India Ltd.,BATAINDIA,Bata India Limited,exact_symbol_match,INE176A01028,Listed,Consumer Discretionary,Consumer Durables,Consumer Durables,Footwear,Nifty 500,NIFTY 500; NIFTY CONSUMER DURABLES; NIFTY INDIA NEW AGE CONSUMPTION; NIFTY MIDSMALLCAP 400; NIFTY MIDSMALLCAP400 50:50; NIFTY SMALLCAP 250; NIFTY SMALLCAP 500; NIFTY TOTAL MARKET; NIFTY500 EQUAL WEIGHT; NIFTY500 LARGEMIDSMALL EQUAL-CAP WEIGHTED; NIFTY500 MULTICAP 50:25:25; NIFTY500 SHARIAH,NIFTY 500,NSE quote API secInfo,0.9,
nifty_500_shariah,BAYERCROP,Bayer Cropscience Ltd.,BAYERCROP,Bayer Cropscience Limited,exact_symbol_match,INE462A01022,Permitted to trade,Commodities,Chemicals,Fertilizers & Agrochemicals,Pesticides & Agrochemicals,Nifty 500,NIFTY 500; NIFTY CHEMICALS; NIFTY MIDSMALLCAP 400; NIFTY MIDSMALLCAP400 50:50; NIFTY SMALLCAP 250; NIFTY SMALLCAP 500; NIFTY SMALLCAP250 QUALITY 50; NIFTY TOTAL MARKET; NIFTY500 EQUAL WEIGHT; NIFTY500 LARGEMIDSMALL EQUAL-CAP WEIGHTED; NIFTY500 MULTICAP 50:25:25; NIFTY500 SHARIAH,-,NSE quote API secInfo,0.9,
nifty_500_shariah,BBTC,The Bombay Burmah Trading Corporation Ltd.,BBTC,The Bombay Burmah Trading Corporation Limited,exact_symbol_match,INE050A01025,Listed,Fast Moving Consumer Goods,Fast Moving Consumer Goods,Food Products,Packaged Foods,Nifty 500,NIFTY 500; NIFTY MIDSMALLCAP 400; NIFTY MIDSMALLCAP400 50:50; NIFTY SMALLCAP 250; NIFTY SMALLCAP 500; NIFTY TOTAL MARKET; NIFTY500 EQUAL WEIGHT; NIFTY500 LARGEMIDSMALL EQUAL-CAP WEIGHTED; NIFTY500 MULTICAP 50:25:25; NIFTY500 SHARIAH,NIFTY 500,NSE quote API secInfo,0.9,
ind_nifty500,BDL,Bharat Dynamics Ltd.,BDL,Bharat Dynamics Limited,exact_symbol_match,INE171Z01026,Listed,Industrials,Capital Goods,Aerospace & Defense,Aerospace & Defense,Nifty 200,NIFTY 200; NIFTY 500; NIFTY ALPHA 50; NIFTY CAPITAL GOODS; NIFTY INDIA DEFENCE; NIFTY INDIA INFRASTRUCTURE & LOGISTICS; NIFTY LARGEMIDCAP 250; NIFTY MIDCAP 100; NIFTY MIDCAP 150; NIFTY MIDCAP150 QUALITY 50; NIFTY MIDSMALLCAP 400; NIFTY MIDSMALLCAP400 50:50; NIFTY MIDSMALLCAP400 MOMENTUM QUALITY 100; NIFTY TOTAL MARKET; NIFTY500 EQUAL WEIGHT; NIFTY500 LARGEMIDSMALL EQUAL-CAP WEIGHTED; NIFTY500 MULTICAP 50:25:25,NIFTY INFRASTRUCTURE,NSE quote API secInfo,0.9,
ind_nifty500,BEL,Bharat Electronics Ltd.,BEL,Bharat Electronics Limited,exact_symbol_match,INE263A01024,Listed,Industrials,Capital Goods,Aerospace & Defense,Aerospace & Defense,Nifty 50,NIFTY 50; NIFTY 100; NIFTY 200; NIFTY 500; NIFTY ALPHA 50; NIFTY ALPHA QUALITY LOW-VOLATILITY 30; NIFTY ALPHA QUALITY VALUE LOW-VOLATILITY 30; NIFTY CAPITAL GOODS; NIFTY CPSE; NIFTY INDIA DEFENCE; NIFTY INDIA FPI 150; NIFTY INDIA INFRASTRUCTURE & LOGISTICS; NIFTY INDIA MANUFACTURING; NIFTY INDIA RAILWAYS PSU; NIFTY LARGEMIDCAP 250; NIFTY PSE; NIFTY TOTAL MARKET; NIFTY TOTAL MARKET MOMENTUM QUALITY 50; NIFTY100 ALPHA 30; NIFTY100 EQUAL WEIGHT; NIFTY100 LIQUID 15; NIFTY100 QUALITY 30; NIFTY200 ALPHA 30; NIFTY200 QUALITY 30; NIFTY50 EQUAL WEIGHT; NIFTY500 EQUAL WEIGHT; NIFTY500 FLEXICAP QUALITY 30; NIFTY500 LARGEMIDSMALL EQUAL-CAP WEIGHTED; NIFTY500 MULTICAP 50:25:25; NIFTY500 MULTICAP INDIA MANUFACTURING 50:30:20; NIFTY500 MULTICAP MOMENTUM QUALITY 50; NIFTY500 QUALITY 50,NIFTY 500,NSE quote API secInfo,0.9,
ind_nifty500,BELRISE,Belrise Industries Ltd.,BELRISE,Belrise Industries Limited,exact_symbol_match,INE894V01022,Listed,Consumer Discretionary,Automobile and Auto Components,Auto Components,Auto Components & Equipments,Nifty 500,NIFTY 500; NIFTY IPO; NIFTY MIDSMALLCAP 400; NIFTY MIDSMALLCAP400 50:50; NIFTY SMALLCAP 250; NIFTY SMALLCAP 500; NIFTY TOTAL MARKET; NIFTY500 EQUAL WEIGHT; NIFTY500 LARGEMIDSMALL EQUAL-CAP WEIGHTED; NIFTY500 MULTICAP 50:25:25,-,NSE quote API secInfo,0.9,
ind_nifty500,BEML,BEML Ltd.,BEML,BEML Limited,exact_symbol_match,INE258A01024,Listed,Industrials,Capital Goods,Agricultural Commercial & Construction Vehicles,Construction Vehicles,Nifty 500,NIFTY 500; NIFTY CAPITAL GOODS; NIFTY INDIA DEFENCE; NIFTY INDIA INFRASTRUCTURE & LOGISTICS; NIFTY INDIA RAILWAYS PSU; NIFTY MIDSMALLCAP 400; NIFTY MIDSMALLCAP400 50:50; NIFTY SMALLCAP 100; NIFTY SMALLCAP 250; NIFTY SMALLCAP 500; NIFTY SMALLCAP250 MOMENTUM QUALITY 100; NIFTY TOTAL MARKET; NIFTY500 EQUAL WEIGHT; NIFTY500 LARGEMIDSMALL EQUAL-CAP WEIGHTED; NIFTY500 MULTICAP 50:25:25; NIFTY500 MULTICAP INFRASTRUCTURE 50:30:20,NIFTY 500,NSE quote API secInfo,0.9,
nifty_500_shariah,BERGEPAINT,Berger Paints (India) Ltd.,BERGEPAINT,Berger Paints (I) Limited,exact_symbol_match,INE463A01038,Listed,Consumer Discretionary,Consumer Durables,Consumer Durables,Paints,Nifty 500,NIFTY 500; NIFTY CORE HOUSING; NIFTY LARGEMIDCAP 250; NIFTY MIDCAP 150; NIFTY MIDCAP150 MOMENTUM 50; NIFTY MIDCAP150 QUALITY 50; NIFTY MIDSMALLCAP 400; NIFTY MIDSMALLCAP400 50:50; NIFTY RURAL; NIFTY TOTAL MARKET; NIFTY500 EQUAL WEIGHT; NIFTY500 LARGEMIDSMALL EQUAL-CAP WEIGHTED; NIFTY500 MULTICAP 50:25:25; NIFTY500 SHARIAH,NIFTY 500,NSE quote API secInfo,0.9,
ind_nifty500,BHARATFORG,Bharat Forge Ltd.,BHARATFORG,Bharat Forge Limited,exact_symbol_match,INE465A01025,Listed,Consumer Discretionary,Automobile and Auto Components,Auto Components,Auto Components & Equipments,Nifty Midcap 50,NIFTY MIDCAP 50; NIFTY 200; NIFTY 500; NIFTY ALPHA 50; NIFTY AUTO; NIFTY EV & NEW AGE AUTOMOTIVE; NIFTY INDIA DEFENCE; NIFTY INDIA FPI 150; NIFTY INDIA MANUFACTURING; NIFTY INFRASTRUCTURE; NIFTY LARGEMIDCAP 250; NIFTY MIDCAP 100; NIFTY MIDCAP 150; NIFTY MIDCAP SELECT; NIFTY MIDSMALLCAP 400; NIFTY MIDSMALLCAP400 50:50; NIFTY MOBILITY; NIFTY TOTAL MARKET; NIFTY TRANSPORTATION & LOGISTICS; NIFTY200 ALPHA 30; NIFTY500 EQUAL WEIGHT; NIFTY500 LARGEMIDSMALL EQUAL-CAP WEIGHTED; NIFTY500 MULTICAP 50:25:25; NIFTY500 MULTICAP INDIA MANUFACTURING 50:30:20; NIFTY500 MULTICAP INFRASTRUCTURE 50:30:20,NIFTY 500,NSE quote API secInfo,0.9,
ind_nifty500,BHARTIARTL,Bharti Airtel Ltd.,BHARTIARTL,Bharti Airtel Limited,exact_symbol_match,INE397D01024,Listed,Telecommunication,Telecommunication,Telecom - Services,Telecom - Cellular & Fixed line services,Nifty 50,NIFTY 50; NIFTY 100; NIFTY 200; NIFTY 500; NIFTY ALPHA LOW-VOLATILITY 30; NIFTY INDIA CONSUMPTION; NIFTY INDIA DIGITAL; NIFTY INDIA FPI 150; NIFTY INDIA INFRASTRUCTURE & LOGISTICS; NIFTY INDIA NEW AGE CONSUMPTION; NIFTY INFRASTRUCTURE; NIFTY LARGEMIDCAP 250; NIFTY LOW VOLATILITY 50; NIFTY NON-CYCLICAL CONSUMER; NIFTY RURAL; NIFTY SERVICES SECTOR; NIFTY TELECOMMUNICATIONS; NIFTY TOP 10 EQUAL WEIGHT; NIFTY TOP 15 EQUAL WEIGHT; NIFTY TOP 20 EQUAL WEIGHT; NIFTY TOTAL MARKET; NIFTY100 ENHANCED ESG; NIFTY100 EQUAL WEIGHT; NIFTY100 ESG; NIFTY100 ESG SECTOR LEADERS; NIFTY100 LIQUID 15; NIFTY100 LOW VOLATILITY 30; NIFTY200 MOMENTUM 30; NIFTY50 EQUAL WEIGHT; NIFTY500 EQUAL WEIGHT; NIFTY500 LARGEMIDSMALL EQUAL-CAP WEIGHTED; NIFTY500 LOW VOLATILITY 50; NIFTY500 MOMENTUM 50; NIFTY500 MULTICAP 50:25:25; NIFTY500 MULTICAP INFRASTRUCTURE 50:30:20,NIFTY 500,NSE quote API secInfo,0.9,
ind_nifty500,BHARTIHEXA,Bharti Hexacom Ltd.,BHARTIHEXA,Bharti Hexacom Limited,exact_symbol_match,INE343G01021,Listed,Telecommunication,Telecommunication,Telecom - Services,Telecom - Cellular & Fixed line services,Nifty 500,NIFTY 500; NIFTY INDIA DIGITAL; NIFTY INDIA INFRASTRUCTURE & LOGISTICS; NIFTY INDIA NEW AGE CONSUMPTION; NIFTY LARGEMIDCAP 250; NIFTY MIDCAP 150; NIFTY MIDCAP150 MOMENTUM 50; NIFTY MIDSMALL IT & TELECOM; NIFTY MIDSMALLCAP 400; NIFTY MIDSMALLCAP400 50:50; NIFTY TELECOMMUNICATIONS; NIFTY TOTAL MARKET; NIFTY500 EQUAL WEIGHT; NIFTY500 LARGEMIDSMALL EQUAL-CAP WEIGHTED; NIFTY500 MULTICAP 50:25:25,-,NSE quote API secInfo,0.9,
nifty_500_shariah,BHEL,Bharat Heavy Electricals Ltd.,BHEL,Bharat Heavy Electricals Limited,exact_symbol_match,INE257A01026,Listed,Industrials,Capital Goods,Electrical Equipment,Heavy Electrical Equipment,Nifty Midcap 50,NIFTY MIDCAP 50; NIFTY 200; NIFTY 500; NIFTY ENERGY; NIFTY HIGH BETA 50; NIFTY INDIA FPI 150; NIFTY INDIA INFRASTRUCTURE & LOGISTICS; NIFTY INDIA MANUFACTURING; NIFTY INDIA RAILWAYS PSU; NIFTY LARGEMIDCAP 250; NIFTY MIDCAP 100; NIFTY MIDCAP 150; NIFTY MIDCAP SELECT; NIFTY MIDSMALLCAP 400; NIFTY MIDSMALLCAP400 50:50; NIFTY PSE; NIFTY TOTAL MARKET; NIFTY500 EQUAL WEIGHT; NIFTY500 LARGEMIDSMALL EQUAL-CAP WEIGHTED; NIFTY500 MULTICAP 50:25:25; NIFTY500 MULTICAP INDIA MANUFACTURING 50:30:20; NIFTY500 MULTICAP INFRASTRUCTURE 50:30:20; NIFTY500 SHARIAH,NIFTY 500,NSE quote API secInfo,0.9,
nifty_500_shariah,BIKAJI,Bikaji Foods International Ltd.,BIKAJI,Bikaji Foods International Limited,exact_symbol_match,INE00E101023,Listed,Fast Moving Consumer Goods,Fast Moving Consumer Goods,Food Products,Packaged Foods,Nifty 500,NIFTY 500; NIFTY MIDSMALLCAP 400; NIFTY MIDSMALLCAP400 50:50; NIFTY SMALLCAP 250; NIFTY SMALLCAP 500; NIFTY TOTAL MARKET; NIFTY500 EQUAL WEIGHT; NIFTY500 LARGEMIDSMALL EQUAL-CAP WEIGHTED; NIFTY500 MULTICAP 50:25:25; NIFTY500 SHARIAH,-,NSE quote API secInfo,0.9,
ind_nifty500,BIOCON,Biocon Ltd.,BIOCON,Biocon Limited,exact_symbol_match,INE376G01013,Listed,Healthcare,Healthcare,Pharmaceuticals & Biotechnology,Pharmaceuticals,Nifty 200,NIFTY 200; NIFTY 500; NIFTY HEALTHCARE INDEX; NIFTY LARGEMIDCAP 250; NIFTY MIDCAP 100; NIFTY MIDCAP 150; NIFTY MIDCAP150 MOMENTUM 50; NIFTY MIDSMALL HEALTHCARE; NIFTY MIDSMALLCAP 400; NIFTY MIDSMALLCAP400 50:50; NIFTY PHARMA; NIFTY TOTAL MARKET; NIFTY500 EQUAL WEIGHT; NIFTY500 HEALTHCARE; NIFTY500 LARGEMIDSMALL EQUAL-CAP WEIGHTED; NIFTY500 MULTICAP 50:25:25,NIFTY PHARMA,NSE quote API secInfo,0.9,
ind_nifty500,BLS,BLS International Services Ltd.,BLS,BLS International Services Limited,exact_symbol_match,INE153T01027,Listed,Consumer Discretionary,Consumer Services,Leisure Services,Tour Travel Related Services,Nifty 500,NIFTY 500; NIFTY CONSUMER SERVICES; NIFTY INDIA DIGITAL; NIFTY INDIA TOURISM; NIFTY MIDSMALLCAP 400; NIFTY MIDSMALLCAP400 50:50; NIFTY MIDSMALLCAP400 MOMENTUM QUALITY 100; NIFTY SMALLCAP 100; NIFTY SMALLCAP 250; NIFTY SMALLCAP 500; NIFTY SMALLCAP250 MOMENTUM QUALITY 100; NIFTY SMALLCAP250 QUALITY 50; NIFTY TOTAL MARKET; NIFTY500 EQUAL WEIGHT; NIFTY500 LARGEMIDSMALL EQUAL-CAP WEIGHTED; NIFTY500 MULTICAP 50:25:25; NIFTY500 QUALITY 50,NIFTY 500,NSE quote API secInfo,0.9,
nifty_500_shariah,BLUEDART,Blue Dart Express Ltd.,BLUEDART,Blue Dart Express Limited,exact_symbol_match,INE233B01017,Listed,Services,Services,Transport Services,Logistics Solution Provider,Nifty 500,NIFTY 500; NIFTY INDIA INFRASTRUCTURE & LOGISTICS; NIFTY MIDSMALLCAP 400; NIFTY MIDSMALLCAP400 50:50; NIFTY SMALLCAP 250; NIFTY SMALLCAP 500; NIFTY TOTAL MARKET; NIFTY500 EQUAL WEIGHT; NIFTY500 LARGEMIDSMALL EQUAL-CAP WEIGHTED; NIFTY500 MULTICAP 50:25:25; NIFTY500 SHARIAH,NIFTY INFRASTRUCTURE,NSE quote API secInfo,0.9,
nifty_500_shariah,BLUEJET,Blue Jet Healthcare Ltd,BLUEJET,Blue Jet Healthcare Limited,exact_symbol_match,INE0KBH01020,Listed,Healthcare,Healthcare,Pharmaceuticals & Biotechnology,Pharmaceuticals,Nifty 500,NIFTY 500; NIFTY MIDSMALLCAP 400; NIFTY MIDSMALLCAP400 50:50; NIFTY SMALLCAP 250; NIFTY SMALLCAP 500; NIFTY TOTAL MARKET; NIFTY500 EQUAL WEIGHT; NIFTY500 HEALTHCARE; NIFTY500 LARGEMIDSMALL EQUAL-CAP WEIGHTED; NIFTY500 MULTICAP 50:25:25; NIFTY500 SHARIAH,-,NSE quote API secInfo,0.9,
nifty_500_shariah,BLUESTARCO,Blue Star Ltd.,BLUESTARCO,Blue Star Limited,exact_symbol_match,INE472A01039,Listed,Consumer Discretionary,Consumer Durables,Consumer Durables,Household Appliances,Nifty 200,NIFTY 200; NIFTY 500; NIFTY CONSUMER DURABLES; NIFTY CORE HOUSING; NIFTY HOUSING; NIFTY INDIA FPI 150; NIFTY INDIA MANUFACTURING; NIFTY INDIA NEW AGE CONSUMPTION; NIFTY LARGEMIDCAP 250; NIFTY MIDCAP 100; NIFTY MIDCAP 150; NIFTY MIDSMALL INDIA CONSUMPTION; NIFTY MIDSMALLCAP 400; NIFTY MIDSMALLCAP400 50:50; NIFTY MIDSMALLCAP400 MOMENTUM QUALITY 100; NIFTY RURAL; NIFTY TOTAL MARKET; NIFTY500 EQUAL WEIGHT; NIFTY500 LARGEMIDSMALL EQUAL-CAP WEIGHTED; NIFTY500 MULTICAP 50:25:25; NIFTY500 SHARIAH,NIFTY INDIA CONSUMPTION,NSE quote API secInfo,0.9,
ind_nifty500,BOSCHLTD,Bosch Ltd.,BOSCHLTD,Bosch Limited,exact_symbol_match,INE323A01026,Listed,Consumer Discretionary,Automobile and Auto Components,Auto Components,Auto Components & Equipments,Nifty Next 50,NIFTY NEXT 50; NIFTY 100; NIFTY 200; NIFTY 500; NIFTY ALPHA QUALITY LOW-VOLATILITY 30; NIFTY ALPHA QUALITY VALUE LOW-VOLATILITY 30; NIFTY AUTO; NIFTY EV & NEW AGE AUTOMOTIVE; NIFTY INDIA MANUFACTURING; NIFTY LARGEMIDCAP 250; NIFTY MNC; NIFTY MOBILITY; NIFTY QUALITY LOW-VOLATILITY 30; NIFTY TOTAL MARKET; NIFTY TOTAL MARKET MOMENTUM QUALITY 50; NIFTY TRANSPORTATION & LOGISTICS; NIFTY100 ENHANCED ESG; NIFTY100 EQUAL WEIGHT; NIFTY100 ESG; NIFTY100 ESG SECTOR LEADERS; NIFTY100 LOW VOLATILITY 30; NIFTY100 QUALITY 30; NIFTY500 EQUAL WEIGHT; NIFTY500 LARGEMIDSMALL EQUAL-CAP WEIGHTED; NIFTY500 LOW VOLATILITY 50; NIFTY500 MULTICAP 50:25:25,NIFTY 500,NSE quote API secInfo,0.9,
nifty_500_shariah,BPCL,Bharat Petroleum Corporation Ltd.,BPCL,Bharat Petroleum Corporation Limited,exact_symbol_match,INE029A01011,Listed,Energy,Oil Gas & Consumable Fuels,Petroleum Products,Refineries & Marketing,Nifty Next 50,NIFTY NEXT 50; NIFTY 100; NIFTY 200; NIFTY 500; NIFTY ALPHA QUALITY VALUE LOW-VOLATILITY 30; NIFTY COMMODITIES; NIFTY DIVIDEND OPPORTUNITIES 50; NIFTY ENERGY; NIFTY INDIA FPI 150; NIFTY INDIA MANUFACTURING; NIFTY INDIA RAILWAYS PSU; NIFTY INFRASTRUCTURE; NIFTY LARGEMIDCAP 250; NIFTY MOBILITY; NIFTY OIL & GAS; NIFTY PSE; NIFTY TOTAL MARKET; NIFTY100 ALPHA 30; NIFTY100 ENHANCED ESG; NIFTY100 EQUAL WEIGHT; NIFTY100 ESG; NIFTY100 ESG SECTOR LEADERS; NIFTY200 VALUE 30; NIFTY500 EQUAL WEIGHT; NIFTY500 LARGEMIDSMALL EQUAL-CAP WEIGHTED; NIFTY500 MULTICAP 50:25:25; NIFTY500 MULTICAP INFRASTRUCTURE 50:30:20; NIFTY500 MULTIFACTOR MQVLV 50; NIFTY500 SHARIAH; NIFTY500 VALUE 50,NIFTY 500,NSE quote API secInfo,0.9,
ind_nifty500,BRIGADE,Brigade Enterprises Ltd.,BRIGADE,Brigade Enterprises Limited,exact_symbol_match,INE791I01019,Listed,Consumer Discretionary,Realty,Realty,Residential Commercial Projects,Nifty 500,NIFTY 500; NIFTY CORE HOUSING; NIFTY INDIA INFRASTRUCTURE & LOGISTICS; NIFTY INDIA NEW AGE CONSUMPTION; NIFTY MIDSMALLCAP 400; NIFTY MIDSMALLCAP400 50:50; NIFTY REALTY; NIFTY REITS & REALTY; NIFTY SMALLCAP 100; NIFTY SMALLCAP 250; NIFTY SMALLCAP 500; NIFTY TOTAL MARKET; NIFTY500 EQUAL WEIGHT; NIFTY500 LARGEMIDSMALL EQUAL-CAP WEIGHTED; NIFTY500 MULTICAP 50:25:25; NIFTY500 MULTICAP INFRASTRUCTURE 50:30:20,NIFTY REALTY,NSE quote API secInfo,0.9,
nifty_500_shariah,BRITANNIA,Britannia Industries Ltd.,BRITANNIA,Britannia Industries Limited,exact_symbol_match,INE216A01030,Listed,Fast Moving Consumer Goods,Fast Moving Consumer Goods,Food Products,Packaged Foods,Nifty Next 50,NIFTY NEXT 50; NIFTY 100; NIFTY 200; NIFTY 500; NIFTY ALPHA LOW-VOLATILITY 30; NIFTY ALPHA QUALITY LOW-VOLATILITY 30; NIFTY ALPHA QUALITY VALUE LOW-VOLATILITY 30; NIFTY DIVIDEND OPPORTUNITIES 50; NIFTY FMCG; NIFTY INDIA CONSUMPTION; NIFTY INDIA FPI 150; NIFTY LARGEMIDCAP 250; NIFTY LOW VOLATILITY 50; NIFTY MNC; NIFTY NON-CYCLICAL CONSUMER; NIFTY QUALITY LOW-VOLATILITY 30; NIFTY RURAL; NIFTY TOTAL MARKET; NIFTY TOTAL MARKET MOMENTUM QUALITY 50; NIFTY100 ENHANCED ESG; NIFTY100 EQUAL WEIGHT; NIFTY100 ESG; NIFTY100 ESG SECTOR LEADERS; NIFTY100 LOW VOLATILITY 30; NIFTY100 QUALITY 30; NIFTY200 QUALITY 30; NIFTY500 EQUAL WEIGHT; NIFTY500 LARGEMIDSMALL EQUAL-CAP WEIGHTED; NIFTY500 LOW VOLATILITY 50; NIFTY500 MULTICAP 50:25:25; NIFTY500 MULTICAP MOMENTUM QUALITY 50; NIFTY500 MULTIFACTOR MQVLV 50; NIFTY500 QUALITY 50; NIFTY500 SHARIAH,NIFTY FMCG,NSE quote API secInfo,0.9,
ind_nifty500,BSE,BSE Ltd.,BSE,BSE Limited,exact_symbol_match,INE118H01025,Listed,Financial Services,Financial Services,Capital Markets,Exchange and Data Platform,Nifty Financial Services,NIFTY FINANCIAL SERVICES; NIFTY MIDCAP 50; NIFTY 200; NIFTY 500; NIFTY ALPHA 50; NIFTY CAPITAL MARKETS; NIFTY FINANCIAL SERVICES 25/50; NIFTY FINANCIAL SERVICES EX-BANK; NIFTY HIGH BETA 50; NIFTY INDIA FPI 150; NIFTY LARGEMIDCAP 250; NIFTY MIDCAP 100; NIFTY MIDCAP 150; NIFTY MIDCAP LIQUID 15; NIFTY MIDCAP SELECT; NIFTY MIDCAP150 MOMENTUM 50; NIFTY MIDSMALL FINANCIAL SERVICES; NIFTY MIDSMALLCAP 400; NIFTY MIDSMALLCAP400 50:50; NIFTY MIDSMALLCAP400 MOMENTUM QUALITY 100; NIFTY SERVICES SECTOR; NIFTY TOTAL MARKET; NIFTY TOTAL MARKET MOMENTUM QUALITY 50; NIFTY200 ALPHA 30; NIFTY200 MOMENTUM 30; NIFTY500 EQUAL WEIGHT; NIFTY500 LARGEMIDSMALL EQUAL-CAP WEIGHTED; NIFTY500 MOMENTUM 50; NIFTY500 MULTICAP 50:25:25; NIFTY500 MULTICAP MOMENTUM QUALITY 50; NIFTY500 QUALITY 50,NIFTY FINANCIAL SERVICES,NSE quote API secInfo,0.9,
nifty_500_shariah,BSOFT,Birlasoft Ltd.,BSOFT,BIRLASOFT LIMITED,exact_symbol_match,INE836A01035,Listed,Information Technology,Information Technology,IT - Software,Computers - Software & Consulting,Nifty 500,NIFTY 500; NIFTY INDIA DIGITAL; NIFTY MIDSMALLCAP 400; NIFTY MIDSMALLCAP400 50:50; NIFTY SMALLCAP 250; NIFTY SMALLCAP 500; NIFTY SMALLCAP250 MOMENTUM QUALITY 100; NIFTY SMALLCAP250 QUALITY 50; NIFTY TOTAL MARKET; NIFTY500 EQUAL WEIGHT; NIFTY500 LARGEMIDSMALL EQUAL-CAP WEIGHTED; NIFTY500 MULTICAP 50:25:25; NIFTY500 SHARIAH,NIFTY IT,NSE quote API secInfo,0.9,
ind_nifty500,CAMS,Computer Age Management Services Ltd.,CAMS,Computer Age Management Services Limited,exact_symbol_match,INE596I01020,Listed,Financial Services,Financial Services,Capital Markets,Depositories Clearing Houses and Other Intermediaries,Nifty 500,NIFTY 500; NIFTY CAPITAL MARKETS; NIFTY FINANCIAL SERVICES EX-BANK; NIFTY MIDSMALL FINANCIAL SERVICES; NIFTY MIDSMALLCAP 400; NIFTY MIDSMALLCAP400 50:50; NIFTY MIDSMALLCAP400 MOMENTUM QUALITY 100; NIFTY SMALLCAP 100; NIFTY SMALLCAP 250; NIFTY SMALLCAP 50; NIFTY SMALLCAP 500; NIFTY SMALLCAP250 MOMENTUM QUALITY 100; NIFTY SMALLCAP250 QUALITY 50; NIFTY TOTAL MARKET; NIFTY500 EQUAL WEIGHT; NIFTY500 FLEXICAP QUALITY 30; NIFTY500 LARGEMIDSMALL EQUAL-CAP WEIGHTED; NIFTY500 MULTICAP 50:25:25; NIFTY500 MULTICAP MOMENTUM QUALITY 50; NIFTY500 MULTIFACTOR MQVLV 50; NIFTY500 QUALITY 50,-,NSE quote API secInfo,0.9,
ind_nifty500,CANBK,Canara Bank,CANBK,Canara Bank,exact_symbol_match,INE476A01022,Listed,Financial Services,Financial Services,Banks,Public Sector Bank,Nifty Bank,NIFTY BANK; NIFTY NEXT 50; NIFTY 100; NIFTY 200; NIFTY 500; NIFTY ALPHA 50; NIFTY DIVIDEND OPPORTUNITIES 50; NIFTY HOUSING; NIFTY LARGEMIDCAP 250; NIFTY PSU BANK; NIFTY TOTAL MARKET; NIFTY TOTAL MARKET MOMENTUM QUALITY 50; NIFTY100 ALPHA 30; NIFTY100 ENHANCED ESG; NIFTY100 EQUAL WEIGHT; NIFTY100 ESG; NIFTY200 ALPHA 30; NIFTY200 MOMENTUM 30; NIFTY200 VALUE 30; NIFTY500 EQUAL WEIGHT; NIFTY500 LARGEMIDSMALL EQUAL-CAP WEIGHTED; NIFTY500 MOMENTUM 50; NIFTY500 MULTICAP 50:25:25; NIFTY500 MULTICAP MOMENTUM QUALITY 50; NIFTY500 MULTIFACTOR MQVLV 50; NIFTY500 VALUE 50,NIFTY BANK,NSE quote API secInfo,0.9,
ind_nifty500,CANFINHOME,Can Fin Homes Ltd.,CANFINHOME,Can Fin Homes Limited,exact_symbol_match,INE477A01020,Listed,Financial Services,Financial Services,Finance,Housing Finance Company,Nifty 500,NIFTY 500; NIFTY HOUSING FINANCE; NIFTY MIDSMALLCAP 400; NIFTY MIDSMALLCAP400 50:50; NIFTY MIDSMALLCAP400 MOMENTUM QUALITY 100; NIFTY SMALLCAP 250; NIFTY SMALLCAP 500; NIFTY SMALLCAP250 MOMENTUM QUALITY 100; NIFTY SMALLCAP250 QUALITY 50; NIFTY TOTAL MARKET; NIFTY500 EQUAL WEIGHT; NIFTY500 LARGEMIDSMALL EQUAL-CAP WEIGHTED; NIFTY500 MULTICAP 50:25:25; NIFTY500 MULTICAP MOMENTUM QUALITY 50,NIFTY FINANCIAL SERVICES,NSE quote API secInfo,0.9,
ind_nifty500,CANHLIFE,Canara HSBC Life Insurance Company Ltd.,CANHLIFE,Canara HSBC Life Insurance Company Limited,exact_symbol_match,INE01TY01017,Listed,Financial Services,Financial Services,Insurance,Life Insurance,Nifty 500,NIFTY 500; NIFTY INSURANCE; NIFTY IPO; NIFTY MIDSMALLCAP 400; NIFTY MIDSMALLCAP400 50:50; NIFTY SMALLCAP 250; NIFTY SMALLCAP 500; NIFTY TOTAL MARKET; NIFTY500 EQUAL WEIGHT; NIFTY500 LARGEMIDSMALL EQUAL-CAP WEIGHTED; NIFTY500 MULTICAP 50:25:25,-,NSE quote API secInfo,0.9,
ind_nifty500,CAPLIPOINT,Caplin Point Laboratories Ltd.,CAPLIPOINT,Caplin Point Laboratories Limited,exact_symbol_match,INE475E01026,Listed,Healthcare,Healthcare,Pharmaceuticals & Biotechnology,Pharmaceuticals,Nifty 500,NIFTY 500; NIFTY MIDSMALLCAP 400; NIFTY MIDSMALLCAP400 50:50; NIFTY SMALLCAP 250; NIFTY SMALLCAP 500; NIFTY TOTAL MARKET; NIFTY500 EQUAL WEIGHT; NIFTY500 HEALTHCARE; NIFTY500 LARGEMIDSMALL EQUAL-CAP WEIGHTED; NIFTY500 MULTICAP 50:25:25,NIFTY PHARMA,NSE quote API secInfo,0.9,
nifty_500_shariah,CARBORUNIV,Carborundum Universal Ltd.,CARBORUNIV,Carborundum Universal Limited,exact_symbol_match,INE120A01034,Listed,Industrials,Capital Goods,Industrial Products,Abrasives & Bearings,Nifty 500,NIFTY 500; NIFTY MIDSMALLCAP 400; NIFTY MIDSMALLCAP400 50:50; NIFTY SMALLCAP 250; NIFTY SMALLCAP 500; NIFTY TOTAL MARKET; NIFTY500 EQUAL WEIGHT; NIFTY500 LARGEMIDSMALL EQUAL-CAP WEIGHTED; NIFTY500 MULTICAP 50:25:25; NIFTY500 MULTICAP INDIA MANUFACTURING 50:30:20; NIFTY500 SHARIAH,NIFTY INFRASTRUCTURE,NSE quote API secInfo,0.9,
ind_nifty500,CARTRADE,Cartrade Tech Ltd.,CARTRADE,Cartrade Tech Limited,exact_symbol_match,INE290S01011,Listed,Consumer Discretionary,Consumer Services,Retailing,E-Retail/ E-Commerce,Nifty 500,NIFTY 500; NIFTY CONSUMER SERVICES; NIFTY HIGH BETA 50; NIFTY INDIA DIGITAL; NIFTY INDIA INTERNET; NIFTY INDIA NEW AGE CONSUMPTION; NIFTY MIDSMALLCAP 400; NIFTY MIDSMALLCAP400 50:50; NIFTY RETAIL; NIFTY SMALLCAP 250; NIFTY SMALLCAP 500; NIFTY TOTAL MARKET; NIFTY500 EQUAL WEIGHT; NIFTY500 LARGEMIDSMALL EQUAL-CAP WEIGHTED; NIFTY500 MULTICAP 50:25:25,-,NSE quote API secInfo,0.9,
nifty_500_shariah,CASTROLIND,Castrol India Ltd.,CASTROLIND,Castrol India Limited,exact_symbol_match,INE172A01027,Listed,Energy,Oil Gas & Consumable Fuels,Petroleum Products,Lubricants,Nifty 500,NIFTY 500; NIFTY ENERGY; NIFTY INDIA MANUFACTURING; NIFTY MIDSMALLCAP 400; NIFTY MIDSMALLCAP400 50:50; NIFTY MIDSMALLCAP400 MOMENTUM QUALITY 100; NIFTY MNC; NIFTY OIL & GAS; NIFTY SMALLCAP 100; NIFTY SMALLCAP 250; NIFTY SMALLCAP 50; NIFTY SMALLCAP 500; NIFTY SMALLCAP250 MOMENTUM QUALITY 100; NIFTY SMALLCAP250 QUALITY 50; NIFTY TOTAL MARKET; NIFTY500 EQUAL WEIGHT; NIFTY500 LARGEMIDSMALL EQUAL-CAP WEIGHTED; NIFTY500 MULTICAP 50:25:25; NIFTY500 MULTICAP INDIA MANUFACTURING 50:30:20; NIFTY500 MULTICAP INFRASTRUCTURE 50:30:20; NIFTY500 MULTICAP MOMENTUM QUALITY 50; NIFTY500 MULTIFACTOR MQVLV 50; NIFTY500 QUALITY 50; NIFTY500 SHARIAH,NIFTY 500,NSE quote API secInfo,0.9,
ind_nifty500,CCL,CCL Products (I) Ltd.,CCL,CCL Products (India) Limited,exact_symbol_match,INE421D01022,Listed,Fast Moving Consumer Goods,Fast Moving Consumer Goods,Agricultural Food & other Products,Tea & Coffee,Nifty 500,NIFTY 500; NIFTY MIDSMALLCAP 400; NIFTY MIDSMALLCAP400 50:50; NIFTY SMALLCAP 250; NIFTY SMALLCAP 500; NIFTY SMALLCAP250 MOMENTUM QUALITY 100; NIFTY TOTAL MARKET; NIFTY500 EQUAL WEIGHT; NIFTY500 LARGEMIDSMALL EQUAL-CAP WEIGHTED; NIFTY500 MULTICAP 50:25:25,NIFTY FMCG,NSE quote API secInfo,0.9,
ind_nifty500,CDSL,Central Depository Services (India) Ltd.,CDSL,Central Depository Services (India) Limited,exact_symbol_match,INE736A01011,Listed,Financial Services,Financial Services,Capital Markets,Depositories Clearing Houses and Other Intermediaries,Nifty 500,NIFTY 500; NIFTY CAPITAL MARKETS; NIFTY FINANCIAL SERVICES EX-BANK; NIFTY HIGH BETA 50; NIFTY MIDSMALL FINANCIAL SERVICES; NIFTY MIDSMALLCAP 400; NIFTY MIDSMALLCAP400 50:50; NIFTY MIDSMALLCAP400 MOMENTUM QUALITY 100; NIFTY SMALLCAP 100; NIFTY SMALLCAP 250; NIFTY SMALLCAP 50; NIFTY SMALLCAP 500; NIFTY SMALLCAP250 MOMENTUM QUALITY 100; NIFTY SMALLCAP250 QUALITY 50; NIFTY TOTAL MARKET; NIFTY500 EQUAL WEIGHT; NIFTY500 FLEXICAP QUALITY 30; NIFTY500 LARGEMIDSMALL EQUAL-CAP WEIGHTED; NIFTY500 MULTICAP 50:25:25; NIFTY500 MULTICAP MOMENTUM QUALITY 50; NIFTY500 QUALITY 50,NIFTY FINANCIAL SERVICES,NSE quote API secInfo,0.9,
nifty_500_shariah,CEATLTD,Ceat Ltd.,CEATLTD,CEAT Limited,exact_symbol_match,INE482A01020,Listed,Consumer Discretionary,Automobile and Auto Components,Auto Components,Tyres & Rubber Products,Nifty 500,NIFTY 500; NIFTY CONGLOMERATE 50; NIFTY MIDSMALLCAP 400; NIFTY MIDSMALLCAP400 50:50; NIFTY MIDSMALLCAP400 MOMENTUM QUALITY 100; NIFTY SMALLCAP 250; NIFTY SMALLCAP 500; NIFTY SMALLCAP250 MOMENTUM QUALITY 100; NIFTY TOTAL MARKET; NIFTY500 EQUAL WEIGHT; NIFTY500 LARGEMIDSMALL EQUAL-CAP WEIGHTED; NIFTY500 MULTICAP 50:25:25; NIFTY500 SHARIAH,NIFTY AUTO,NSE quote API secInfo,0.9,
nifty_500_shariah,CEMPRO,Cemindia Projects Ltd.,CEMPRO,Cemindia Projects Limited,exact_symbol_match,INE686A01026,Listed,Industrials,Construction,Construction,Civil Construction,Nifty 500,NIFTY 500; NIFTY INDIA SELECT 5 CORPORATE GROUPS (MAATR); NIFTY MIDSMALLCAP 400; NIFTY MIDSMALLCAP400 50:50; NIFTY SMALLCAP 250; NIFTY SMALLCAP 500; NIFTY TOTAL MARKET; NIFTY500 EQUAL WEIGHT; NIFTY500 LARGEMIDSMALL EQUAL-CAP WEIGHTED; NIFTY500 MULTICAP 50:25:25; NIFTY500 SHARIAH,-,NSE quote API secInfo,0.9,
ind_nifty500,CENTRALBK,Central Bank of India,CENTRALBK,Central Bank of India,exact_symbol_match,INE483A01010,Listed,Financial Services,Financial Services,Banks,Public Sector Bank,Nifty 500,NIFTY 500; NIFTY MIDSMALLCAP 400; NIFTY MIDSMALLCAP400 50:50; NIFTY PSU BANK; NIFTY SMALLCAP 250; NIFTY SMALLCAP 500; NIFTY TOTAL MARKET; NIFTY500 EQUAL WEIGHT; NIFTY500 LARGEMIDSMALL EQUAL-CAP WEIGHTED; NIFTY500 MULTICAP 50:25:25,NIFTY BANK,NSE quote API secInfo,0.9,
ind_nifty500,CESC,CESC Ltd.,CESC,CESC Limited,exact_symbol_match,INE486A01021,Listed,Utilities,Power,Power,Integrated Power Utilities,Nifty 500,NIFTY 500; NIFTY CONGLOMERATE 50; NIFTY ENERGY; NIFTY INDIA INFRASTRUCTURE & LOGISTICS; NIFTY MIDSMALLCAP 400; NIFTY MIDSMALLCAP400 50:50; NIFTY POWER; NIFTY SMALLCAP 100; NIFTY SMALLCAP 250; NIFTY SMALLCAP 50; NIFTY SMALLCAP 500; NIFTY TOTAL MARKET; NIFTY500 EQUAL WEIGHT; NIFTY500 LARGEMIDSMALL EQUAL-CAP WEIGHTED; NIFTY500 MULTICAP 50:25:25; NIFTY500 MULTICAP INFRASTRUCTURE 50:30:20; NIFTY500 VALUE 50,NIFTY INFRASTRUCTURE,NSE quote API secInfo,0.9,
ind_nifty500,CGCL,Capri Global Capital Ltd.,CGCL,Capri Global Capital Limited,exact_symbol_match,INE180C01042,Listed,Financial Services,Financial Services,Finance,Non Banking Financial Company (NBFC),Nifty 500,NIFTY 500; NIFTY MIDSMALLCAP 400; NIFTY MIDSMALLCAP400 50:50; NIFTY NBFC; NIFTY SMALLCAP 100; NIFTY SMALLCAP 250; NIFTY SMALLCAP 500; NIFTY SMALLCAP250 MOMENTUM QUALITY 100; NIFTY TOTAL MARKET; NIFTY500 EQUAL WEIGHT; NIFTY500 LARGEMIDSMALL EQUAL-CAP WEIGHTED; NIFTY500 MULTICAP 50:25:25,NIFTY FINANCIAL SERVICES,NSE quote API secInfo,0.9,
nifty_500_shariah,CGPOWER,CG Power and Industrial Solutions Ltd.,CGPOWER,CG Power and Industrial Solutions Limited,exact_symbol_match,INE067A01029,Listed,Industrials,Capital Goods,Electrical Equipment,Heavy Electrical Equipment,Nifty Next 50,NIFTY NEXT 50; NIFTY 100; NIFTY 200; NIFTY 500; NIFTY CONGLOMERATE 50; NIFTY ENERGY; NIFTY EV & NEW AGE AUTOMOTIVE; NIFTY INDIA FPI 150; NIFTY INDIA INFRASTRUCTURE & LOGISTICS; NIFTY INDIA MANUFACTURING; NIFTY INFRASTRUCTURE; NIFTY LARGEMIDCAP 250; NIFTY SHARIAH 25; NIFTY TOTAL MARKET; NIFTY100 ENHANCED ESG; NIFTY100 EQUAL WEIGHT; NIFTY100 ESG; NIFTY100 ESG SECTOR LEADERS; NIFTY500 EQUAL WEIGHT; NIFTY500 LARGEMIDSMALL EQUAL-CAP WEIGHTED; NIFTY500 MULTICAP 50:25:25; NIFTY500 QUALITY 50; NIFTY500 SHARIAH,NIFTY 500,NSE quote API secInfo,0.9,
ind_nifty500,CHALET,Chalet Hotels Ltd.,CHALET,Chalet Hotels Limited,exact_symbol_match,INE427F01016,Listed,Consumer Discretionary,Consumer Services,Leisure Services,Hotels & Resorts,Nifty 500,NIFTY 500; NIFTY CONSUMER SERVICES; NIFTY INDIA NEW AGE CONSUMPTION; NIFTY INDIA TOURISM; NIFTY MIDSMALLCAP 400; NIFTY MIDSMALLCAP400 50:50; NIFTY SMALLCAP 250; NIFTY SMALLCAP 500; NIFTY TOTAL MARKET; NIFTY500 EQUAL WEIGHT; NIFTY500 LARGEMIDSMALL EQUAL-CAP WEIGHTED; NIFTY500 MULTICAP 50:25:25,NIFTY SERVICES SECTOR,NSE quote API secInfo,0.9,
nifty_500_shariah,CHAMBLFERT,Chambal Fertilisers & Chemicals Ltd.,CHAMBLFERT,Chambal Fertilizers & Chemicals Limited,exact_symbol_match,INE085A01013,Listed,Commodities,Chemicals,Fertilizers & Agrochemicals,Fertilizers,Nifty 500,NIFTY 500; NIFTY CHEMICALS; NIFTY MIDSMALLCAP 400; NIFTY MIDSMALLCAP400 50:50; NIFTY SMALLCAP 100; NIFTY SMALLCAP 250; NIFTY SMALLCAP 500; NIFTY SMALLCAP250 MOMENTUM QUALITY 100; NIFTY SMALLCAP250 QUALITY 50; NIFTY TOTAL MARKET; NIFTY500 EQUAL WEIGHT; NIFTY500 LARGEMIDSMALL EQUAL-CAP WEIGHTED; NIFTY500 MULTICAP 50:25:25; NIFTY500 MULTICAP INDIA MANUFACTURING 50:30:20; NIFTY500 SHARIAH; NIFTY500 VALUE 50,NIFTY 500,NSE quote API secInfo,0.9,
nifty_500_shariah,CHENNPETRO,Chennai Petroleum Corporation Ltd.,CHENNPETRO,Chennai Petroleum Corporation Limited,exact_symbol_match,INE178A01016,Listed,Energy,Oil Gas & Consumable Fuels,Petroleum Products,Refineries & Marketing,Nifty 500,NIFTY 500; NIFTY MIDSMALLCAP 400; NIFTY MIDSMALLCAP400 50:50; NIFTY OIL & GAS; NIFTY SMALLCAP 250; NIFTY SMALLCAP 500; NIFTY SMALLCAP250 MOMENTUM QUALITY 100; NIFTY TOTAL MARKET; NIFTY500 EQUAL WEIGHT; NIFTY500 LARGEMIDSMALL EQUAL-CAP WEIGHTED; NIFTY500 MULTICAP 50:25:25; NIFTY500 MULTIFACTOR MQVLV 50; NIFTY500 SHARIAH,NIFTY 500,NSE quote API secInfo,0.9,
ind_nifty500,CHOICEIN,Choice International Ltd.,CHOICEIN,Choice International Limited,exact_symbol_match,INE102B01014,Listed,Financial Services,Financial Services,Finance,Holding Company,Nifty 500,NIFTY 500; NIFTY MIDSMALLCAP 400; NIFTY MIDSMALLCAP400 50:50; NIFTY MIDSMALLCAP400 MOMENTUM QUALITY 100; NIFTY SMALLCAP 250; NIFTY SMALLCAP 500; NIFTY SMALLCAP250 MOMENTUM QUALITY 100; NIFTY TOTAL MARKET; NIFTY TOTAL MARKET MOMENTUM QUALITY 50; NIFTY500 EQUAL WEIGHT; NIFTY500 LARGEMIDSMALL EQUAL-CAP WEIGHTED; NIFTY500 MOMENTUM 50; NIFTY500 MULTICAP 50:25:25,-,NSE quote API secInfo,0.9,
ind_nifty500,CHOLAFIN,Cholamandalam Investment and Finance Company Ltd.,CHOLAFIN,Cholamandalam Investment and Finance Company Limited,exact_symbol_match,INE121A01024,Listed,Financial Services,Financial Services,Finance,Non Banking Financial Company (NBFC),Nifty Next 50,NIFTY NEXT 50; NIFTY FINANCIAL SERVICES; NIFTY 100; NIFTY 200; NIFTY 500; NIFTY CONGLOMERATE 50; NIFTY FINANCIAL SERVICES 25/50; NIFTY FINANCIAL SERVICES EX-BANK; NIFTY INDIA FPI 150; NIFTY LARGEMIDCAP 250; NIFTY NBFC; NIFTY RURAL; NIFTY TOTAL MARKET; NIFTY100 ENHANCED ESG; NIFTY100 EQUAL WEIGHT; NIFTY100 ESG; NIFTY100 ESG SECTOR LEADERS; NIFTY200 MOMENTUM 30; NIFTY500 EQUAL WEIGHT; NIFTY500 LARGEMIDSMALL EQUAL-CAP WEIGHTED; NIFTY500 MOMENTUM 50; NIFTY500 MULTICAP 50:25:25,NIFTY FINANCIAL SERVICES,NSE quote API secInfo,0.9,
ind_nifty500,CHOLAHLDNG,Cholamandalam Financial Holdings Ltd.,CHOLAHLDNG,Cholamandalam Financial Holdings Limited,exact_symbol_match,INE149A01033,Listed,Financial Services,Financial Services,Finance,Investment Company,Nifty 500,NIFTY 500; NIFTY CONGLOMERATE 50; NIFTY MIDSMALLCAP 400; NIFTY MIDSMALLCAP400 50:50; NIFTY SMALLCAP 100; NIFTY SMALLCAP 250; NIFTY SMALLCAP 50; NIFTY SMALLCAP 500; NIFTY TOTAL MARKET; NIFTY500 EQUAL WEIGHT; NIFTY500 LARGEMIDSMALL EQUAL-CAP WEIGHTED; NIFTY500 MULTICAP 50:25:25; NIFTY500 VALUE 50,-,NSE quote API secInfo,0.9,
ind_nifty500,CIEINDIA,CIE Automotive India Ltd.,CIEINDIA,CIE Automotive India Limited,exact_symbol_match,INE536H01010,Listed,Consumer Discretionary,Automobile and Auto Components,Auto Components,Auto Components & Equipments,Nifty 500,NIFTY 500; NIFTY MIDSMALLCAP 400; NIFTY MIDSMALLCAP400 50:50; NIFTY SMALLCAP 250; NIFTY SMALLCAP 500; NIFTY TOTAL MARKET; NIFTY500 EQUAL WEIGHT; NIFTY500 LARGEMIDSMALL EQUAL-CAP WEIGHTED; NIFTY500 MULTICAP 50:25:25; NIFTY500 SHARIAH,-,NSE quote API secInfo,0.9,
nifty_50_shariah,CIPLA,CIPLA LTD.,CIPLA,Cipla Limited,exact_symbol_match,INE059A01026,Listed,Healthcare,Healthcare,Pharmaceuticals & Biotechnology,Pharmaceuticals,Nifty 50,NIFTY 50; NIFTY 100; NIFTY 200; NIFTY 500; NIFTY ALPHA QUALITY VALUE LOW-VOLATILITY 30; NIFTY GROWTH SECTORS 15; NIFTY HEALTHCARE INDEX; NIFTY INDIA FPI 150; NIFTY INDIA MANUFACTURING; NIFTY LARGEMIDCAP 250; NIFTY LOW VOLATILITY 50; NIFTY PHARMA; NIFTY QUALITY LOW-VOLATILITY 30; NIFTY SHARIAH 25; NIFTY TOTAL MARKET; NIFTY100 EQUAL WEIGHT; NIFTY100 LOW VOLATILITY 30; NIFTY50 EQUAL WEIGHT; NIFTY50 SHARIAH; NIFTY50 VALUE 20; NIFTY500 EQUAL WEIGHT; NIFTY500 HEALTHCARE; NIFTY500 LARGEMIDSMALL EQUAL-CAP WEIGHTED; NIFTY500 MULTICAP 50:25:25; NIFTY500 MULTICAP INDIA MANUFACTURING 50:30:20; NIFTY500 SHARIAH,NIFTY PHARMA,NSE quote API secInfo,0.9,
ind_nifty500,CLEAN,Clean Science and Technology Ltd.,CLEAN,Clean Science and Technology Limited,exact_symbol_match,INE227W01023,Listed,Commodities,Chemicals,Chemicals & Petrochemicals,Specialty Chemicals,Nifty 500,NIFTY 500; NIFTY MIDSMALLCAP 400; NIFTY MIDSMALLCAP400 50:50; NIFTY SMALLCAP 250; NIFTY SMALLCAP 500; NIFTY SMALLCAP250 QUALITY 50; NIFTY TOTAL MARKET; NIFTY500 EQUAL WEIGHT; NIFTY500 LARGEMIDSMALL EQUAL-CAP WEIGHTED; NIFTY500 MULTICAP 50:25:25,-,NSE quote API secInfo,0.9,
ind_nifty500,COALINDIA,Coal India Ltd.,COALINDIA,Coal India Limited,exact_symbol_match,INE522F01014,Listed,Energy,Oil Gas & Consumable Fuels,Consumable Fuels,Coal,Nifty 50,NIFTY 50; NIFTY 100; NIFTY 200; NIFTY 500; NIFTY ALPHA QUALITY LOW-VOLATILITY 30; NIFTY ALPHA QUALITY VALUE LOW-VOLATILITY 30; NIFTY COMMODITIES; NIFTY CPSE; NIFTY DIVIDEND OPPORTUNITIES 50; NIFTY ENERGY; NIFTY INDIA FPI 150; NIFTY LARGEMIDCAP 250; NIFTY PSE; NIFTY QUALITY LOW-VOLATILITY 30; NIFTY TOTAL MARKET; NIFTY100 EQUAL WEIGHT; NIFTY100 QUALITY 30; NIFTY200 QUALITY 30; NIFTY200 VALUE 30; NIFTY50 EQUAL WEIGHT; NIFTY50 VALUE 20; NIFTY500 EQUAL WEIGHT; NIFTY500 LARGEMIDSMALL EQUAL-CAP WEIGHTED; NIFTY500 LOW VOLATILITY 50; NIFTY500 MULTICAP 50:25:25; NIFTY500 MULTIFACTOR MQVLV 50; NIFTY500 QUALITY 50; NIFTY500 VALUE 50,NIFTY 500,NSE quote API secInfo,0.9,
ind_nifty500,COCHINSHIP,Cochin Shipyard Ltd.,COCHINSHIP,Cochin Shipyard Limited,exact_symbol_match,INE704P01025,Listed,Industrials,Capital Goods,Industrial Manufacturing,Ship Building & Allied Services,Nifty 200,NIFTY 200; NIFTY 500; NIFTY CAPITAL GOODS; NIFTY CPSE; NIFTY INDIA DEFENCE; NIFTY INDIA INFRASTRUCTURE & LOGISTICS; NIFTY INDIA MANUFACTURING; NIFTY LARGEMIDCAP 250; NIFTY MIDCAP 100; NIFTY MIDCAP 150; NIFTY MIDSMALLCAP 400; NIFTY MIDSMALLCAP400 50:50; NIFTY MIDSMALLCAP400 MOMENTUM QUALITY 100; NIFTY TOTAL MARKET; NIFTY500 EQUAL WEIGHT; NIFTY500 LARGEMIDSMALL EQUAL-CAP WEIGHTED; NIFTY500 MULTICAP 50:25:25,NIFTY 500,NSE quote API secInfo,0.9,
nifty_500_shariah,COFORGE,Coforge Ltd.,COFORGE,Coforge Limited,exact_symbol_match,INE591G01025,Listed,Information Technology,Information Technology,IT - Software,Computers - Software & Consulting,Nifty Midcap 50,NIFTY MIDCAP 50; NIFTY 200; NIFTY 500; NIFTY HIGH BETA 50; NIFTY INDIA DIGITAL; NIFTY INDIA FPI 150; NIFTY IT; NIFTY LARGEMIDCAP 250; NIFTY MIDCAP 100; NIFTY MIDCAP 150; NIFTY MIDCAP LIQUID 15; NIFTY MIDCAP150 MOMENTUM 50; NIFTY MIDCAP150 QUALITY 50; NIFTY MIDSMALL IT & TELECOM; NIFTY MIDSMALLCAP 400; NIFTY MIDSMALLCAP400 50:50; NIFTY MIDSMALLCAP400 MOMENTUM QUALITY 100; NIFTY SHARIAH 25; NIFTY TOTAL MARKET; NIFTY500 EQUAL WEIGHT; NIFTY500 FLEXICAP QUALITY 30; NIFTY500 LARGEMIDSMALL EQUAL-CAP WEIGHTED; NIFTY500 MULTICAP 50:25:25; NIFTY500 SHARIAH,-,NSE quote API secInfo,0.9,
nifty_500_shariah,COHANCE,Cohance Lifesciences Ltd.,COHANCE,Cohance Lifesciences Limited,exact_symbol_match,INE03QK01018,Listed,Healthcare,Healthcare,Pharmaceuticals & Biotechnology,Pharmaceuticals,Nifty 500,NIFTY 500; NIFTY MIDSMALL HEALTHCARE; NIFTY MIDSMALLCAP 400; NIFTY MIDSMALLCAP400 50:50; NIFTY MNC; NIFTY SMALLCAP 100; NIFTY SMALLCAP 250; NIFTY SMALLCAP 50; NIFTY SMALLCAP 500; NIFTY TOTAL MARKET; NIFTY500 EQUAL WEIGHT; NIFTY500 HEALTHCARE; NIFTY500 LARGEMIDSMALL EQUAL-CAP WEIGHTED; NIFTY500 MULTICAP 50:25:25; NIFTY500 MULTICAP INDIA MANUFACTURING 50:30:20; NIFTY500 SHARIAH,-,NSE quote API secInfo,0.9,
ind_nifty500,COLPAL,Colgate Palmolive (India) Ltd.,COLPAL,Colgate Palmolive (India) Limited,exact_symbol_match,INE259A01022,Listed,Fast Moving Consumer Goods,Fast Moving Consumer Goods,Personal Products,Personal Care,Nifty Midcap 50,NIFTY MIDCAP 50; NIFTY 200; NIFTY 500; NIFTY ALPHA QUALITY LOW-VOLATILITY 30; NIFTY ALPHA QUALITY VALUE LOW-VOLATILITY 30; NIFTY DIVIDEND OPPORTUNITIES 50; NIFTY FMCG; NIFTY INDIA FPI 150; NIFTY LARGEMIDCAP 250; NIFTY LOW VOLATILITY 50; NIFTY MIDCAP 100; NIFTY MIDCAP 150; NIFTY MIDCAP150 QUALITY 50; NIFTY MIDSMALL INDIA CONSUMPTION; NIFTY MIDSMALLCAP 400; NIFTY MIDSMALLCAP400 50:50; NIFTY MIDSMALLCAP400 MOMENTUM QUALITY 100; NIFTY MNC; NIFTY NON-CYCLICAL CONSUMER; NIFTY QUALITY LOW-VOLATILITY 30; NIFTY RURAL; NIFTY TOTAL MARKET; NIFTY200 QUALITY 30; NIFTY500 EQUAL WEIGHT; NIFTY500 FLEXICAP QUALITY 30; NIFTY500 LARGEMIDSMALL EQUAL-CAP WEIGHTED; NIFTY500 LOW VOLATILITY 50; NIFTY500 MULTICAP 50:25:25; NIFTY500 MULTIFACTOR MQVLV 50; NIFTY500 QUALITY 50; NIFTY500 SHARIAH,NIFTY FMCG,NSE quote API secInfo,0.9,
ind_nifty500,CONCOR,Container Corporation of India Ltd.,CONCOR,Container Corporation of India Limited,exact_symbol_match,INE111A01025,Listed,Services,Services,Transport Services,Logistics Solution Provider,Nifty 200,NIFTY 200; NIFTY 500; NIFTY COMMERCIAL & TRANSPORT SERVICES; NIFTY INDIA INFRASTRUCTURE & LOGISTICS; NIFTY INDIA RAILWAYS PSU; NIFTY LARGEMIDCAP 250; NIFTY MIDCAP 100; NIFTY MIDCAP 150; NIFTY MIDSMALLCAP 400; NIFTY MIDSMALLCAP400 50:50; NIFTY MOBILITY; NIFTY PSE; NIFTY TOTAL MARKET; NIFTY TRANSPORTATION & LOGISTICS; NIFTY500 EQUAL WEIGHT; NIFTY500 LARGEMIDSMALL EQUAL-CAP WEIGHTED; NIFTY500 MULTICAP 50:25:25; NIFTY500 MULTICAP INFRASTRUCTURE 50:30:20,NIFTY 500,NSE quote API secInfo,0.9,
nifty_500_shariah,CONCORDBIO,Concord Biotech Ltd.,CONCORDBIO,Concord Biotech Limited,exact_symbol_match,INE338H01029,Listed,Healthcare,Healthcare,Pharmaceuticals & Biotechnology,Pharmaceuticals,Nifty 500,NIFTY 500; NIFTY MIDSMALLCAP 400; NIFTY MIDSMALLCAP400 50:50; NIFTY SMALLCAP 250; NIFTY SMALLCAP 500; NIFTY TOTAL MARKET; NIFTY500 EQUAL WEIGHT; NIFTY500 HEALTHCARE; NIFTY500 LARGEMIDSMALL EQUAL-CAP WEIGHTED; NIFTY500 MULTICAP 50:25:25; NIFTY500 SHARIAH,-,NSE quote API secInfo,0.9,
ind_nifty500,COROMANDEL,Coromandel International Ltd.,COROMANDEL,Coromandel International Limited,exact_symbol_match,INE169A01031,Listed,Commodities,Chemicals,Fertilizers & Agrochemicals,Fertilizers,Nifty 200,NIFTY 200; NIFTY 500; NIFTY CHEMICALS; NIFTY CONGLOMERATE 50; NIFTY INDIA MANUFACTURING; NIFTY LARGEMIDCAP 250; NIFTY MIDCAP 100; NIFTY MIDCAP 150; NIFTY MIDCAP150 MOMENTUM 50; NIFTY MIDCAP150 QUALITY 50; NIFTY MIDSMALLCAP 400; NIFTY MIDSMALLCAP400 50:50; NIFTY MIDSMALLCAP400 MOMENTUM QUALITY 100; NIFTY RURAL; NIFTY TOTAL MARKET; NIFTY TOTAL MARKET MOMENTUM QUALITY 50; NIFTY500 EQUAL WEIGHT; NIFTY500 LARGEMIDSMALL EQUAL-CAP WEIGHTED; NIFTY500 MULTICAP 50:25:25; NIFTY500 MULTICAP MOMENTUM QUALITY 50; NIFTY500 SHARIAH,NIFTY 500,NSE quote API secInfo,0.9,
nifty_500_shariah,CPPLUS,Aditya Infotech Ltd.,CPPLUS,Aditya Infotech Limited,exact_symbol_match,INE819V01029,Listed,Industrials,Capital Goods,Industrial Manufacturing,Industrial Products,Nifty 500,NIFTY 500; NIFTY IPO; NIFTY MIDSMALLCAP 400; NIFTY MIDSMALLCAP400 50:50; NIFTY SMALLCAP 250; NIFTY SMALLCAP 500; NIFTY TOTAL MARKET; NIFTY500 EQUAL WEIGHT; NIFTY500 LARGEMIDSMALL EQUAL-CAP WEIGHTED; NIFTY500 MULTICAP 50:25:25; NIFTY500 SHARIAH,-,NSE quote API secInfo,0.9,
ind_nifty500,CRAFTSMAN,Craftsman Automation Ltd.,CRAFTSMAN,Craftsman Automation Limited,exact_symbol_match,INE00LO01017,Listed,Consumer Discretionary,Automobile and Auto Components,Auto Components,Auto Components & Equipments,Nifty 500,NIFTY 500; NIFTY MIDSMALLCAP 400; NIFTY MIDSMALLCAP400 50:50; NIFTY SMALLCAP 250; NIFTY SMALLCAP 500; NIFTY TOTAL MARKET; NIFTY500 EQUAL WEIGHT; NIFTY500 LARGEMIDSMALL EQUAL-CAP WEIGHTED; NIFTY500 MULTICAP 50:25:25; NIFTY500 MULTICAP INFRASTRUCTURE 50:30:20,-,NSE quote API secInfo,0.9,
ind_nifty500,CREDITACC,CreditAccess Grameen Ltd.,CREDITACC,CREDITACCESS GRAMEEN LIMITED,exact_symbol_match,INE741K01010,Listed,Financial Services,Financial Services,Finance,Microfinance Institutions,Nifty 500,NIFTY 500; NIFTY MIDSMALLCAP 400; NIFTY MIDSMALLCAP400 50:50; NIFTY MIDSMALLCAP400 MOMENTUM QUALITY 100; NIFTY SMALL FINANCE BANKS & MICROFINANCE INSTITUTIONS; NIFTY SMALLCAP 100; NIFTY SMALLCAP 250; NIFTY SMALLCAP 500; NIFTY SMALLCAP250 MOMENTUM QUALITY 100; NIFTY TOTAL MARKET; NIFTY500 EQUAL WEIGHT; NIFTY500 LARGEMIDSMALL EQUAL-CAP WEIGHTED; NIFTY500 MULTICAP 50:25:25,NIFTY FINANCIAL SERVICES,NSE quote API secInfo,0.9,
nifty_500_shariah,CRISIL,Crisil Ltd.,CRISIL,CRISIL Limited,exact_symbol_match,INE007A01025,Listed,Financial Services,Financial Services,Finance,Other Financial Services,Nifty 500,NIFTY 500; NIFTY LARGEMIDCAP 250; NIFTY MIDCAP 150; NIFTY MIDCAP150 QUALITY 50; NIFTY MIDSMALLCAP 400; NIFTY MIDSMALLCAP400 50:50; NIFTY MNC; NIFTY TOTAL MARKET; NIFTY500 EQUAL WEIGHT; NIFTY500 LARGEMIDSMALL EQUAL-CAP WEIGHTED; NIFTY500 MULTICAP 50:25:25; NIFTY500 SHARIAH,NIFTY 500,NSE quote API secInfo,0.9,
ind_nifty500,CROMPTON,Crompton Greaves Consumer Electricals Ltd.,CROMPTON,Crompton Greaves Consumer Electricals Limited,exact_symbol_match,INE299U01018,Listed,Consumer Discretionary,Consumer Durables,Consumer Durables,Household Appliances,Nifty 500,NIFTY 500; NIFTY CONSUMER DURABLES; NIFTY CORE HOUSING; NIFTY HOUSING; NIFTY INDIA MANUFACTURING; NIFTY INDIA NEW AGE CONSUMPTION; NIFTY MIDSMALL INDIA CONSUMPTION; NIFTY MIDSMALLCAP 400; NIFTY MIDSMALLCAP400 50:50; NIFTY RURAL; NIFTY SMALLCAP 100; NIFTY SMALLCAP 250; NIFTY SMALLCAP 50; NIFTY SMALLCAP 500; NIFTY SMALLCAP250 MOMENTUM QUALITY 100; NIFTY TOTAL MARKET; NIFTY500 EQUAL WEIGHT; NIFTY500 LARGEMIDSMALL EQUAL-CAP WEIGHTED; NIFTY500 LOW VOLATILITY 50; NIFTY500 MULTICAP 50:25:25; NIFTY500 MULTICAP INDIA MANUFACTURING 50:30:20; NIFTY500 SHARIAH,NIFTY INDIA CONSUMPTION,NSE quote API secInfo,0.9,
ind_nifty500,CUB,City Union Bank Ltd.,CUB,City Union Bank Limited,exact_symbol_match,INE491A01021,Listed,Financial Services,Financial Services,Banks,Private Sector Bank,Nifty 500,NIFTY 500; NIFTY MIDSMALLCAP 400; NIFTY MIDSMALLCAP400 50:50; NIFTY MIDSMALLCAP400 MOMENTUM QUALITY 100; NIFTY SMALLCAP 100; NIFTY SMALLCAP 250; NIFTY SMALLCAP 50; NIFTY SMALLCAP 500; NIFTY SMALLCAP250 MOMENTUM QUALITY 100; NIFTY TOTAL MARKET; NIFTY500 EQUAL WEIGHT; NIFTY500 LARGEMIDSMALL EQUAL-CAP WEIGHTED; NIFTY500 MOMENTUM 50; NIFTY500 MULTICAP 50:25:25,NIFTY BANK,NSE quote API secInfo,0.9,
nifty_500_shariah,CUMMINSIND,Cummins India Ltd.,CUMMINSIND,Cummins India Limited,exact_symbol_match,INE298A01020,Listed,Industrials,Capital Goods,Industrial Products,Compressors Pumps & Diesel Engines,Nifty Next 50,NIFTY NEXT 50; NIFTY 100; NIFTY 200; NIFTY 500; NIFTY ALPHA 50; NIFTY ALPHA QUALITY LOW-VOLATILITY 30; NIFTY DIVIDEND OPPORTUNITIES 50; NIFTY INDIA FPI 150; NIFTY INDIA INFRASTRUCTURE & LOGISTICS; NIFTY INDIA MANUFACTURING; NIFTY INFRASTRUCTURE; NIFTY LARGEMIDCAP 250; NIFTY MIDCAP150 MOMENTUM 50; NIFTY MIDCAP150 QUALITY 50; NIFTY MIDSMALLCAP400 MOMENTUM QUALITY 100; NIFTY MNC; NIFTY RURAL; NIFTY SHARIAH 25; NIFTY TOTAL MARKET; NIFTY TOTAL MARKET MOMENTUM QUALITY 50; NIFTY100 ALPHA 30; NIFTY100 EQUAL WEIGHT; NIFTY200 ALPHA 30; NIFTY200 MOMENTUM 30; NIFTY200 QUALITY 30; NIFTY500 EQUAL WEIGHT; NIFTY500 FLEXICAP QUALITY 30; NIFTY500 LARGEMIDSMALL EQUAL-CAP WEIGHTED; NIFTY500 MOMENTUM 50; NIFTY500 MULTICAP 50:25:25; NIFTY500 MULTICAP MOMENTUM QUALITY 50; NIFTY500 MULTIFACTOR MQVLV 50; NIFTY500 SHARIAH,NIFTY 500,NSE quote API secInfo,0.9,
ind_nifty500,CYIENT,Cyient Ltd.,CYIENT,Cyient Limited,exact_symbol_match,INE136B01020,Listed,Information Technology,Information Technology,IT - Services,IT Enabled Services,Nifty 500,NIFTY 500; NIFTY INDIA DIGITAL; NIFTY MIDSMALL IT & TELECOM; NIFTY MIDSMALLCAP 400; NIFTY MIDSMALLCAP400 50:50; NIFTY SMALLCAP 250; NIFTY SMALLCAP 500; NIFTY SMALLCAP250 MOMENTUM QUALITY 100; NIFTY SMALLCAP250 QUALITY 50; NIFTY TOTAL MARKET; NIFTY500 EQUAL WEIGHT; NIFTY500 FLEXICAP QUALITY 30; NIFTY500 LARGEMIDSMALL EQUAL-CAP WEIGHTED; NIFTY500 MULTICAP 50:25:25; NIFTY500 SHARIAH,NIFTY IT,NSE quote API secInfo,0.9,
ind_nifty500,DABUR,Dabur India Ltd.,DABUR,Dabur India Limited,exact_symbol_match,INE016A01026,Listed,Fast Moving Consumer Goods,Fast Moving Consumer Goods,Personal Products,Personal Care,Nifty Midcap 50,NIFTY MIDCAP 50; NIFTY 200; NIFTY 500; NIFTY ALPHA QUALITY LOW-VOLATILITY 30; NIFTY FMCG; NIFTY INDIA FPI 150; NIFTY LARGEMIDCAP 250; NIFTY LOW VOLATILITY 50; NIFTY MIDCAP 100; NIFTY MIDCAP 150; NIFTY MIDSMALL INDIA CONSUMPTION; NIFTY MIDSMALLCAP 400; NIFTY MIDSMALLCAP400 50:50; NIFTY NON-CYCLICAL CONSUMER; NIFTY QUALITY LOW-VOLATILITY 30; NIFTY RURAL; NIFTY TOTAL MARKET; NIFTY500 EQUAL WEIGHT; NIFTY500 LARGEMIDSMALL EQUAL-CAP WEIGHTED; NIFTY500 LOW VOLATILITY 50; NIFTY500 MULTICAP 50:25:25; NIFTY500 MULTIFACTOR MQVLV 50,NIFTY FMCG,NSE quote API secInfo,0.9,
nifty_500_shariah,DALBHARAT,Dalmia Bharat Ltd.,DALBHARAT,Dalmia Bharat Limited,exact_symbol_match,INE00R701025,Listed,Commodities,Construction Materials,Cement & Cement Products,Cement & Cement Products,Nifty 500,NIFTY 500; NIFTY CEMENT; NIFTY CORE HOUSING; NIFTY INDIA INFRASTRUCTURE & LOGISTICS; NIFTY LARGEMIDCAP 250; NIFTY MIDCAP 150; NIFTY MIDCAP150 MOMENTUM 50; NIFTY MIDSMALLCAP 400; NIFTY MIDSMALLCAP400 50:50; NIFTY RURAL; NIFTY TOTAL MARKET; NIFTY500 EQUAL WEIGHT; NIFTY500 LARGEMIDSMALL EQUAL-CAP WEIGHTED; NIFTY500 LOW VOLATILITY 50; NIFTY500 MULTICAP 50:25:25; NIFTY500 MULTICAP INFRASTRUCTURE 50:30:20; NIFTY500 SHARIAH,NIFTY COMMODITIES,NSE quote API secInfo,0.9,
ind_nifty500,DATAPATTNS,Data Patterns (India) Ltd.,DATAPATTNS,Data Patterns (India) Limited,exact_symbol_match,INE0IX101010,Listed,Industrials,Capital Goods,Aerospace & Defense,Aerospace & Defense,Nifty 500,NIFTY 500; NIFTY CAPITAL GOODS; NIFTY INDIA DEFENCE; NIFTY INDIA INFRASTRUCTURE & LOGISTICS; NIFTY MIDSMALLCAP 400; NIFTY MIDSMALLCAP400 50:50; NIFTY MIDSMALLCAP400 MOMENTUM QUALITY 100; NIFTY SMALLCAP 100; NIFTY SMALLCAP 250; NIFTY SMALLCAP 500; NIFTY SMALLCAP250 MOMENTUM QUALITY 100; NIFTY TOTAL MARKET; NIFTY500 EQUAL WEIGHT; NIFTY500 LARGEMIDSMALL EQUAL-CAP WEIGHTED; NIFTY500 MULTICAP 50:25:25,-,NSE quote API secInfo,0.9,
ind_nifty500,DCMSHRIRAM,DCM Shriram Ltd.,DCMSHRIRAM,DCM Shriram Limited,exact_symbol_match,INE499A01024,Listed,Diversified,Diversified,Diversified,Diversified,Nifty 500,NIFTY 500; NIFTY MIDSMALLCAP 400; NIFTY MIDSMALLCAP400 50:50; NIFTY SMALLCAP 250; NIFTY SMALLCAP 500; NIFTY TOTAL MARKET; NIFTY500 EQUAL WEIGHT; NIFTY500 LARGEMIDSMALL EQUAL-CAP WEIGHTED; NIFTY500 MULTICAP 50:25:25,NIFTY 500,NSE quote API secInfo,0.9,
ind_nifty500,DEEPAKFERT,Deepak Fertilisers & Petrochemicals Corp. Ltd.,DEEPAKFERT,Deepak Fertilizers and Petrochemicals Corporation Limited,exact_symbol_match,INE501A01019,Listed,Commodities,Chemicals,Chemicals & Petrochemicals,Commodity Chemicals,Nifty 500,NIFTY 500; NIFTY CHEMICALS; NIFTY MIDSMALLCAP 400; NIFTY MIDSMALLCAP400 50:50; NIFTY SMALLCAP 100; NIFTY SMALLCAP 250; NIFTY SMALLCAP 500; NIFTY TOTAL MARKET; NIFTY500 EQUAL WEIGHT; NIFTY500 LARGEMIDSMALL EQUAL-CAP WEIGHTED; NIFTY500 MULTICAP 50:25:25,NIFTY 500,NSE quote API secInfo,0.9,
nifty_500_shariah,DEEPAKNTR,Deepak Nitrite Ltd.,DEEPAKNTR,Deepak Nitrite Limited,exact_symbol_match,INE288B01029,Listed,Commodities,Chemicals,Chemicals & Petrochemicals,Specialty Chemicals,Nifty 500,NIFTY 500; NIFTY CHEMICALS; NIFTY MIDSMALLCAP 400; NIFTY MIDSMALLCAP400 50:50; NIFTY SMALLCAP 250; NIFTY SMALLCAP 500; NIFTY TOTAL MARKET; NIFTY500 EQUAL WEIGHT; NIFTY500 LARGEMIDSMALL EQUAL-CAP WEIGHTED; NIFTY500 MULTICAP 50:25:25; NIFTY500 MULTICAP INDIA MANUFACTURING 50:30:20; NIFTY500 SHARIAH,NIFTY 500,NSE quote API secInfo,0.9,
ind_nifty500,DELHIVERY,Delhivery Ltd.,DELHIVERY,Delhivery Limited,exact_symbol_match,INE148O01028,Listed,Services,Services,Transport Services,Logistics Solution Provider,Nifty 500,NIFTY 500; NIFTY ALPHA 50; NIFTY COMMERCIAL & TRANSPORT SERVICES; NIFTY INDIA FPI 150; NIFTY INDIA INFRASTRUCTURE & LOGISTICS; NIFTY MIDSMALLCAP 400; NIFTY MIDSMALLCAP400 50:50; NIFTY SMALLCAP 100; NIFTY SMALLCAP 250; NIFTY SMALLCAP 50; NIFTY SMALLCAP 500; NIFTY TOTAL MARKET; NIFTY TRANSPORTATION & LOGISTICS; NIFTY500 EQUAL WEIGHT; NIFTY500 LARGEMIDSMALL EQUAL-CAP WEIGHTED; NIFTY500 MULTICAP 50:25:25; NIFTY500 MULTICAP INFRASTRUCTURE 50:30:20,-,NSE quote API secInfo,0.9,
ind_nifty500,DEVYANI,Devyani International Ltd.,DEVYANI,Devyani International Limited,exact_symbol_match,INE872J01023,Listed,Consumer Discretionary,Consumer Services,Leisure Services,Restaurants,Nifty 500,NIFTY 500; NIFTY CONSUMER SERVICES; NIFTY INDIA NEW AGE CONSUMPTION; NIFTY INDIA TOURISM; NIFTY MIDSMALLCAP 400; NIFTY MIDSMALLCAP400 50:50; NIFTY SMALLCAP 100; NIFTY SMALLCAP 250; NIFTY SMALLCAP 500; NIFTY TOTAL MARKET; NIFTY500 EQUAL WEIGHT; NIFTY500 LARGEMIDSMALL EQUAL-CAP WEIGHTED; NIFTY500 MULTICAP 50:25:25,-,NSE quote API secInfo,0.9,
ind_nifty500,DIVISLAB,Divi's Laboratories Ltd.,DIVISLAB,Divi's Laboratories Limited,exact_symbol_match,INE361B01024,Listed,Healthcare,Healthcare,Pharmaceuticals & Biotechnology,Pharmaceuticals,Nifty Next 50,NIFTY NEXT 50; NIFTY 100; NIFTY 200; NIFTY 500; NIFTY ALPHA QUALITY LOW-VOLATILITY 30; NIFTY GROWTH SECTORS 15; NIFTY HEALTHCARE INDEX; NIFTY INDIA FPI 150; NIFTY INDIA MANUFACTURING; NIFTY LARGEMIDCAP 250; NIFTY LOW VOLATILITY 50; NIFTY PHARMA; NIFTY TOTAL MARKET; NIFTY100 ENHANCED ESG; NIFTY100 EQUAL WEIGHT; NIFTY100 ESG; NIFTY100 QUALITY 30; NIFTY500 EQUAL WEIGHT; NIFTY500 HEALTHCARE; NIFTY500 LARGEMIDSMALL EQUAL-CAP WEIGHTED; NIFTY500 LOW VOLATILITY 50; NIFTY500 MULTICAP 50:25:25; NIFTY500 MULTICAP INDIA MANUFACTURING 50:30:20,NIFTY PHARMA,NSE quote API secInfo,0.9,
nifty_500_shariah,DIXON,Dixon Technologies (India) Ltd.,DIXON,Dixon Technologies (India) Limited,exact_symbol_match,INE935N01020,Listed,Consumer Discretionary,Consumer Durables,Consumer Durables,Consumer Electronics,Nifty Midcap 50,NIFTY MIDCAP 50; NIFTY 200; NIFTY 500; NIFTY CONSUMER DURABLES; NIFTY CORE HOUSING; NIFTY HOUSING; NIFTY INDIA CONSUMPTION; NIFTY INDIA FPI 150; NIFTY INDIA MANUFACTURING; NIFTY INDIA NEW AGE CONSUMPTION; NIFTY LARGEMIDCAP 250; NIFTY MIDCAP 100; NIFTY MIDCAP 150; NIFTY MIDCAP LIQUID 15; NIFTY MIDCAP SELECT; NIFTY MIDCAP150 QUALITY 50; NIFTY MIDSMALL INDIA CONSUMPTION; NIFTY MIDSMALLCAP 400; NIFTY MIDSMALLCAP400 50:50; NIFTY MIDSMALLCAP400 MOMENTUM QUALITY 100; NIFTY NON-CYCLICAL CONSUMER; NIFTY RURAL; NIFTY SHARIAH 25; NIFTY TOTAL MARKET; NIFTY200 QUALITY 30; NIFTY500 EQUAL WEIGHT; NIFTY500 FLEXICAP QUALITY 30; NIFTY500 LARGEMIDSMALL EQUAL-CAP WEIGHTED; NIFTY500 MULTICAP 50:25:25; NIFTY500 MULTICAP INDIA MANUFACTURING 50:30:20; NIFTY500 MULTICAP MOMENTUM QUALITY 50; NIFTY500 QUALITY 50; NIFTY500 SHARIAH,NIFTY INDIA CONSUMPTION,NSE quote API secInfo,0.9,
ind_nifty500,DLF,DLF Ltd.,DLF,DLF Limited,exact_symbol_match,INE271C01023,Listed,Consumer Discretionary,Realty,Realty,Residential Commercial Projects,Nifty Next 50,NIFTY NEXT 50; NIFTY 100; NIFTY 200; NIFTY 500; NIFTY CORE HOUSING; NIFTY HIGH BETA 50; NIFTY HOUSING; NIFTY INDIA CONSUMPTION; NIFTY INDIA FPI 150; NIFTY INDIA INFRASTRUCTURE & LOGISTICS; NIFTY INDIA NEW AGE CONSUMPTION; NIFTY INFRASTRUCTURE; NIFTY LARGEMIDCAP 250; NIFTY REALTY; NIFTY REITS & REALTY; NIFTY TOTAL MARKET; NIFTY100 ENHANCED ESG; NIFTY100 EQUAL WEIGHT; NIFTY100 ESG; NIFTY100 ESG SECTOR LEADERS; NIFTY500 EQUAL WEIGHT; NIFTY500 LARGEMIDSMALL EQUAL-CAP WEIGHTED; NIFTY500 MULTICAP 50:25:25,NIFTY INFRASTRUCTURE,NSE quote API secInfo,0.9,
nifty_500_shariah,DMART,Avenue Supermarts Ltd.,DMART,Avenue Supermarts Limited,exact_symbol_match,INE192R01011,Listed,Consumer Discretionary,Consumer Services,Retailing,Diversified Retail,Nifty Next 50,NIFTY NEXT 50; NIFTY 100; NIFTY 200; NIFTY 500; NIFTY INDIA CONSUMPTION; NIFTY INDIA FPI 150; NIFTY INDIA NEW AGE CONSUMPTION; NIFTY LARGEMIDCAP 250; NIFTY LOW VOLATILITY 50; NIFTY NON-CYCLICAL CONSUMER; NIFTY SERVICES SECTOR; NIFTY TOTAL MARKET; NIFTY100 ENHANCED ESG; NIFTY100 EQUAL WEIGHT; NIFTY100 ESG; NIFTY100 ESG SECTOR LEADERS; NIFTY500 EQUAL WEIGHT; NIFTY500 LARGEMIDSMALL EQUAL-CAP WEIGHTED; NIFTY500 MULTICAP 50:25:25; NIFTY500 SHARIAH,NIFTY 500,NSE quote API secInfo,0.9,
nifty_500_shariah,DOMS,DOMS Industries Ltd.,DOMS,DOMS Industries Limited,exact_symbol_match,INE321T01012,Listed,Fast Moving Consumer Goods,Fast Moving Consumer Goods,Household Products,Stationary,Nifty 500,NIFTY 500; NIFTY MIDSMALLCAP 400; NIFTY MIDSMALLCAP400 50:50; NIFTY SMALLCAP 250; NIFTY SMALLCAP 500; NIFTY TOTAL MARKET; NIFTY500 EQUAL WEIGHT; NIFTY500 LARGEMIDSMALL EQUAL-CAP WEIGHTED; NIFTY500 MULTICAP 50:25:25; NIFTY500 SHARIAH,-,NSE quote API secInfo,0.9,
nifty_50_shariah,DRREDDY,DR.REDDY'S LABORATORIES LTD.,DRREDDY,Dr. Reddy's Laboratories Limited,exact_symbol_match,INE089A01031,Listed,Healthcare,Healthcare,Pharmaceuticals & Biotechnology,Pharmaceuticals,Nifty 50,NIFTY 50; NIFTY 100; NIFTY 200; NIFTY 500; NIFTY ALPHA LOW-VOLATILITY 30; NIFTY ALPHA QUALITY LOW-VOLATILITY 30; NIFTY ALPHA QUALITY VALUE LOW-VOLATILITY 30; NIFTY HEALTHCARE INDEX; NIFTY INDIA FPI 150; NIFTY INDIA MANUFACTURING; NIFTY LARGEMIDCAP 250; NIFTY LOW VOLATILITY 50; NIFTY PHARMA; NIFTY QUALITY LOW-VOLATILITY 30; NIFTY SHARIAH 25; NIFTY TOTAL MARKET; NIFTY100 EQUAL WEIGHT; NIFTY100 LOW VOLATILITY 30; NIFTY100 QUALITY 30; NIFTY50 EQUAL WEIGHT; NIFTY50 SHARIAH; NIFTY50 VALUE 20; NIFTY500 EQUAL WEIGHT; NIFTY500 HEALTHCARE; NIFTY500 LARGEMIDSMALL EQUAL-CAP WEIGHTED; NIFTY500 LOW VOLATILITY 50; NIFTY500 MULTICAP 50:25:25; NIFTY500 MULTICAP INDIA MANUFACTURING 50:30:20; NIFTY500 MULTIFACTOR MQVLV 50; NIFTY500 SHARIAH,NIFTY PHARMA,NSE quote API secInfo,0.9,
nifty_500_shariah,ECLERX,eClerx Services Ltd.,ECLERX,eClerx Services Limited,exact_symbol_match,INE738I01010,Listed,Services,Services,Commercial Services & Supplies,Business Process Outsourcing (BPO)/ Knowledge Process Outsourcing (KPO),Nifty 500,NIFTY 500; NIFTY MIDSMALLCAP 400; NIFTY MIDSMALLCAP400 50:50; NIFTY MIDSMALLCAP400 MOMENTUM QUALITY 100; NIFTY SMALLCAP 250; NIFTY SMALLCAP 500; NIFTY SMALLCAP250 MOMENTUM QUALITY 100; NIFTY SMALLCAP250 QUALITY 50; NIFTY TOTAL MARKET; NIFTY TOTAL MARKET MOMENTUM QUALITY 50; NIFTY500 EQUAL WEIGHT; NIFTY500 LARGEMIDSMALL EQUAL-CAP WEIGHTED; NIFTY500 MULTICAP 50:25:25; NIFTY500 MULTICAP MOMENTUM QUALITY 50; NIFTY500 QUALITY 50; NIFTY500 SHARIAH,NIFTY IT,NSE quote API secInfo,0.9,
ind_nifty500,EICHERMOT,Eicher Motors Ltd.,EICHERMOT,Eicher Motors Limited,exact_symbol_match,INE066A01021,Listed,Consumer Discretionary,Automobile and Auto Components,Automobiles,2/3 Wheelers,Nifty 50,NIFTY 50; NIFTY 100; NIFTY 200; NIFTY 500; NIFTY ALPHA 50; NIFTY ALPHA LOW-VOLATILITY 30; NIFTY ALPHA QUALITY LOW-VOLATILITY 30; NIFTY ALPHA QUALITY VALUE LOW-VOLATILITY 30; NIFTY AUTO; NIFTY EV & NEW AGE AUTOMOTIVE; NIFTY GROWTH SECTORS 15; NIFTY INDIA CONSUMPTION; NIFTY INDIA FPI 150; NIFTY INDIA MANUFACTURING; NIFTY INDIA NEW AGE CONSUMPTION; NIFTY LARGEMIDCAP 250; NIFTY MOBILITY; NIFTY QUALITY LOW-VOLATILITY 30; NIFTY RURAL; NIFTY TOTAL MARKET; NIFTY TOTAL MARKET MOMENTUM QUALITY 50; NIFTY TRANSPORTATION & LOGISTICS; NIFTY100 ALPHA 30; NIFTY100 ENHANCED ESG; NIFTY100 EQUAL WEIGHT; NIFTY100 ESG; NIFTY100 QUALITY 30; NIFTY200 ALPHA 30; NIFTY200 MOMENTUM 30; NIFTY50 EQUAL WEIGHT; NIFTY500 EQUAL WEIGHT; NIFTY500 LARGEMIDSMALL EQUAL-CAP WEIGHTED; NIFTY500 LOW VOLATILITY 50; NIFTY500 MOMENTUM 50; NIFTY500 MULTICAP 50:25:25; NIFTY500 MULTICAP INDIA MANUFACTURING 50:30:20; NIFTY500 MULTICAP MOMENTUM QUALITY 50; NIFTY500 MULTIFACTOR MQVLV 50,NIFTY AUTO,NSE quote API secInfo,0.9,
ind_nifty500,EIDPARRY,E.I.D. Parry (India) Ltd.,EIDPARRY,EID Parry India Limited,exact_symbol_match,INE126A01031,Listed,Fast Moving Consumer Goods,Fast Moving Consumer Goods,Food Products,Other Food Products,Nifty 500,NIFTY 500; NIFTY MIDSMALLCAP 400; NIFTY MIDSMALLCAP400 50:50; NIFTY SMALLCAP 250; NIFTY SMALLCAP 500; NIFTY SUGAR & ETHANOL; NIFTY TOTAL MARKET; NIFTY500 EQUAL WEIGHT; NIFTY500 LARGEMIDSMALL EQUAL-CAP WEIGHTED; NIFTY500 MULTICAP 50:25:25,NIFTY FMCG,NSE quote API secInfo,0.9,
ind_nifty500,EIHOTEL,EIH Ltd.,EIHOTEL,EIH Limited,exact_symbol_match,INE230A01023,Listed,Consumer Discretionary,Consumer Services,Leisure Services,Hotels & Resorts,Nifty 500,NIFTY 500; NIFTY CONSUMER SERVICES; NIFTY INDIA NEW AGE CONSUMPTION; NIFTY INDIA TOURISM; NIFTY MIDSMALLCAP 400; NIFTY MIDSMALLCAP400 50:50; NIFTY SMALLCAP 250; NIFTY SMALLCAP 500; NIFTY TOTAL MARKET; NIFTY500 EQUAL WEIGHT; NIFTY500 LARGEMIDSMALL EQUAL-CAP WEIGHTED; NIFTY500 MULTICAP 50:25:25; NIFTY500 MULTICAP INFRASTRUCTURE 50:30:20,NIFTY SERVICES SECTOR,NSE quote API secInfo,0.9,
nifty_500_shariah,ELECON,Elecon Engineering Company Ltd.,ELECON,Elecon Engineering Company Limited,exact_symbol_match,INE205B01031,Listed,Industrials,Capital Goods,Electrical Equipment,Heavy Electrical Equipment,Nifty 500,NIFTY 500; NIFTY INDIA INFRASTRUCTURE & LOGISTICS; NIFTY MIDSMALLCAP 400; NIFTY MIDSMALLCAP400 50:50; NIFTY SMALLCAP 250; NIFTY SMALLCAP 500; NIFTY SMALLCAP250 MOMENTUM QUALITY 100; NIFTY TOTAL MARKET; NIFTY500 EQUAL WEIGHT; NIFTY500 LARGEMIDSMALL EQUAL-CAP WEIGHTED; NIFTY500 MULTICAP 50:25:25; NIFTY500 SHARIAH,NIFTY INFRASTRUCTURE,NSE quote API secInfo,0.9,
nifty_500_shariah,ELGIEQUIP,Elgi Equipments Ltd.,ELGIEQUIP,Elgi Equipments Limited,exact_symbol_match,INE285A01027,Listed,Industrials,Capital Goods,Industrial Products,Compressors Pumps & Diesel Engines,Nifty 500,NIFTY 500; NIFTY INDIA INFRASTRUCTURE & LOGISTICS; NIFTY MIDSMALLCAP 400; NIFTY MIDSMALLCAP400 50:50; NIFTY SMALLCAP 250; NIFTY SMALLCAP 500; NIFTY SMALLCAP250 QUALITY 50; NIFTY TOTAL MARKET; NIFTY500 EQUAL WEIGHT; NIFTY500 LARGEMIDSMALL EQUAL-CAP WEIGHTED; NIFTY500 MULTICAP 50:25:25; NIFTY500 MULTICAP INDIA MANUFACTURING 50:30:20; NIFTY500 MULTICAP INFRASTRUCTURE 50:30:20; NIFTY500 SHARIAH,NIFTY INFRASTRUCTURE,NSE quote API secInfo,0.9,
nifty_500_shariah,EMAMILTD,Emami Ltd.,EMAMILTD,Emami Limited,exact_symbol_match,INE548C01032,Listed,Fast Moving Consumer Goods,Fast Moving Consumer Goods,Personal Products,Personal Care,Nifty 500,NIFTY 500; NIFTY FMCG; NIFTY MIDSMALLCAP 400; NIFTY MIDSMALLCAP400 50:50; NIFTY SMALLCAP 250; NIFTY SMALLCAP 500; NIFTY SMALLCAP250 MOMENTUM QUALITY 100; NIFTY SMALLCAP250 QUALITY 50; NIFTY TOTAL MARKET; NIFTY500 EQUAL WEIGHT; NIFTY500 LARGEMIDSMALL EQUAL-CAP WEIGHTED; NIFTY500 MULTICAP 50:25:25; NIFTY500 MULTIFACTOR MQVLV 50; NIFTY500 QUALITY 50; NIFTY500 SHARIAH,NIFTY FMCG,NSE quote API secInfo,0.9,
nifty_500_shariah,EMCURE,Emcure Pharmaceuticals Ltd.,EMCURE,Emcure Pharmaceuticals Limited,exact_symbol_match,INE168P01015,Listed,Healthcare,Healthcare,Pharmaceuticals & Biotechnology,Pharmaceuticals,Nifty 500,NIFTY 500; NIFTY MIDSMALLCAP 400; NIFTY MIDSMALLCAP400 50:50; NIFTY SMALLCAP 250; NIFTY SMALLCAP 500; NIFTY TOTAL MARKET; NIFTY500 EQUAL WEIGHT; NIFTY500 HEALTHCARE; NIFTY500 LARGEMIDSMALL EQUAL-CAP WEIGHTED; NIFTY500 MULTICAP 50:25:25; NIFTY500 SHARIAH,-,NSE quote API secInfo,0.9,
ind_nifty500,EMMVEE,Emmvee Photovoltaic Power Ltd.,EMMVEE,Emmvee Photovoltaic Power Limited,exact_symbol_match,INE1C6T01020,Listed,Industrials,Capital Goods,Electrical Equipment,Other Electrical Equipment,Nifty 500,NIFTY 500; NIFTY IPO; NIFTY MIDSMALLCAP 400; NIFTY MIDSMALLCAP400 50:50; NIFTY SMALLCAP 250; NIFTY SMALLCAP 500; NIFTY TOTAL MARKET; NIFTY500 EQUAL WEIGHT; NIFTY500 LARGEMIDSMALL EQUAL-CAP WEIGHTED; NIFTY500 MULTICAP 50:25:25,-,NSE quote API secInfo,0.9,
nifty_500_shariah,ENDURANCE,Endurance Technologies Ltd.,ENDURANCE,Endurance Technologies Limited,exact_symbol_match,INE913H01037,Listed,Consumer Discretionary,Automobile and Auto Components,Auto Components,Auto Components & Equipments,Nifty 500,NIFTY 500; NIFTY LARGEMIDCAP 250; NIFTY MIDCAP 150; NIFTY MIDSMALLCAP 400; NIFTY MIDSMALLCAP400 50:50; NIFTY TOTAL MARKET; NIFTY500 EQUAL WEIGHT; NIFTY500 LARGEMIDSMALL EQUAL-CAP WEIGHTED; NIFTY500 MULTICAP 50:25:25; NIFTY500 SHARIAH,NIFTY AUTO,NSE quote API secInfo,0.9,
ind_nifty500,ENGINERSIN,Engineers India Ltd.,ENGINERSIN,Engineers India Limited,exact_symbol_match,INE510A01028,Listed,Industrials,Construction,Construction,Civil Construction,Nifty 500,NIFTY 500; NIFTY CONSTRUCTION; NIFTY INDIA INFRASTRUCTURE & LOGISTICS; NIFTY MIDSMALLCAP 400; NIFTY MIDSMALLCAP400 50:50; NIFTY SMALLCAP 250; NIFTY SMALLCAP 500; NIFTY SMALLCAP250 MOMENTUM QUALITY 100; NIFTY SMALLCAP250 QUALITY 50; NIFTY TOTAL MARKET; NIFTY500 EQUAL WEIGHT; NIFTY500 LARGEMIDSMALL EQUAL-CAP WEIGHTED; NIFTY500 MULTICAP 50:25:25,NIFTY INFRASTRUCTURE,NSE quote API secInfo,0.9,
nifty_500_shariah,ENRIN,Siemens Energy India Ltd.,ENRIN,Siemens Energy India Limited,exact_symbol_match,INE1NPP01017,Listed,Industrials,Capital Goods,Electrical Equipment,Heavy Electrical Equipment,Nifty Next 50,NIFTY NEXT 50; NIFTY 100; NIFTY 200; NIFTY 500; NIFTY ENERGY; NIFTY INDIA INFRASTRUCTURE & LOGISTICS; NIFTY INDIA MANUFACTURING; NIFTY LARGEMIDCAP 250; NIFTY MNC; NIFTY TOTAL MARKET; NIFTY100 EQUAL WEIGHT; NIFTY500 EQUAL WEIGHT; NIFTY500 LARGEMIDSMALL EQUAL-CAP WEIGHTED; NIFTY500 MULTICAP 50:25:25; NIFTY500 SHARIAH,-,NSE quote API secInfo,0.9,
ind_nifty500,ERIS,Eris Lifesciences Ltd.,ERIS,Eris Lifesciences Limited,exact_symbol_match,INE406M01024,Listed,Healthcare,Healthcare,Pharmaceuticals & Biotechnology,Pharmaceuticals,Nifty 500,NIFTY 500; NIFTY MIDSMALLCAP 400; NIFTY MIDSMALLCAP400 50:50; NIFTY SMALLCAP 250; NIFTY SMALLCAP 500; NIFTY SMALLCAP250 MOMENTUM QUALITY 100; NIFTY TOTAL MARKET; NIFTY500 EQUAL WEIGHT; NIFTY500 HEALTHCARE; NIFTY500 LARGEMIDSMALL EQUAL-CAP WEIGHTED; NIFTY500 MULTICAP 50:25:25,NIFTY PHARMA,NSE quote API secInfo,0.9,
ind_nifty500,ESCORTS,Escorts Kubota Ltd.,ESCORTS,Escorts Kubota Limited,exact_symbol_match,INE042A01014,Listed,Industrials,Capital Goods,Agricultural Commercial & Construction Vehicles,Tractors,Nifty 500,NIFTY 500; NIFTY CAPITAL GOODS; NIFTY INDIA MANUFACTURING; NIFTY LARGEMIDCAP 250; NIFTY MIDCAP 150; NIFTY MIDSMALLCAP 400; NIFTY MIDSMALLCAP400 50:50; NIFTY MIDSMALLCAP400 MOMENTUM QUALITY 100; NIFTY MNC; NIFTY RURAL; NIFTY TOTAL MARKET; NIFTY500 EQUAL WEIGHT; NIFTY500 LARGEMIDSMALL EQUAL-CAP WEIGHTED; NIFTY500 MULTICAP 50:25:25,NIFTY 500,NSE quote API secInfo,0.9,
ind_nifty500,ETERNAL,Eternal Ltd.,ETERNAL,ETERNAL LIMITED,exact_symbol_match,INE758T01015,Listed,Consumer Discretionary,Consumer Services,Retailing,E-Retail/ E-Commerce,Nifty 50,NIFTY 50; NIFTY 100; NIFTY 200; NIFTY 500; NIFTY CONSUMER SERVICES; NIFTY INDIA CONSUMPTION; NIFTY INDIA DIGITAL; NIFTY INDIA FPI 150; NIFTY INDIA INTERNET; NIFTY INDIA NEW AGE CONSUMPTION; NIFTY LARGEMIDCAP 250; NIFTY MOBILITY; NIFTY NON-CYCLICAL CONSUMER; NIFTY RETAIL; NIFTY SERVICES SECTOR; NIFTY TOP 20 EQUAL WEIGHT; NIFTY TOTAL MARKET; NIFTY TRANSPORTATION & LOGISTICS; NIFTY100 ENHANCED ESG; NIFTY100 EQUAL WEIGHT; NIFTY100 ESG; NIFTY100 ESG SECTOR LEADERS; NIFTY100 LIQUID 15; NIFTY50 EQUAL WEIGHT; NIFTY500 EQUAL WEIGHT; NIFTY500 LARGEMIDSMALL EQUAL-CAP WEIGHTED; NIFTY500 MULTICAP 50:25:25,-,NSE quote API secInfo,0.9,
nifty_500_shariah,EXIDEIND,Exide Industries Ltd.,EXIDEIND,Exide Industries Limited,exact_symbol_match,INE302A01020,Listed,Consumer Discretionary,Automobile and Auto Components,Auto Components,Auto Components & Equipments,Nifty 200,NIFTY 200; NIFTY 500; NIFTY AUTO; NIFTY EV & NEW AGE AUTOMOTIVE; NIFTY LARGEMIDCAP 250; NIFTY MIDCAP 100; NIFTY MIDCAP 150; NIFTY MIDSMALLCAP 400; NIFTY MIDSMALLCAP400 50:50; NIFTY TOTAL MARKET; NIFTY TRANSPORTATION & LOGISTICS; NIFTY500 EQUAL WEIGHT; NIFTY500 LARGEMIDSMALL EQUAL-CAP WEIGHTED; NIFTY500 MULTICAP 50:25:25; NIFTY500 MULTICAP INDIA MANUFACTURING 50:30:20; NIFTY500 MULTICAP INFRASTRUCTURE 50:30:20; NIFTY500 SHARIAH,NIFTY 500,NSE quote API secInfo,0.9,
ind_nifty500,FACT,Fertilisers and Chemicals Travancore Ltd.,FACT,Fertilizers and Chemicals Travancore Limited,exact_symbol_match,INE188A01015,Listed,Commodities,Chemicals,Fertilizers & Agrochemicals,Fertilizers,Nifty 500,NIFTY 500; NIFTY MIDSMALLCAP 400; NIFTY MIDSMALLCAP400 50:50; NIFTY SMALLCAP 250; NIFTY SMALLCAP 500; NIFTY TOTAL MARKET; NIFTY500 EQUAL WEIGHT; NIFTY500 LARGEMIDSMALL EQUAL-CAP WEIGHTED; NIFTY500 MULTICAP 50:25:25,-,NSE quote API secInfo,0.9,
ind_nifty500,FEDERALBNK,Federal Bank Ltd.,FEDERALBNK,The Federal Bank  Limited,exact_symbol_match,INE171A01029,Listed,Financial Services,Financial Services,Banks,Private Sector Bank,Nifty Bank,NIFTY BANK; NIFTY MIDCAP 50; NIFTY 200; NIFTY 500; NIFTY ALPHA 50; NIFTY ALPHA LOW-VOLATILITY 30; NIFTY ALPHA QUALITY VALUE LOW-VOLATILITY 30; NIFTY HOUSING; NIFTY INDIA FPI 150; NIFTY LARGEMIDCAP 250; NIFTY MIDCAP 100; NIFTY MIDCAP 150; NIFTY MIDCAP150 MOMENTUM 50; NIFTY MIDSMALL FINANCIAL SERVICES; NIFTY MIDSMALLCAP 400; NIFTY MIDSMALLCAP400 50:50; NIFTY MIDSMALLCAP400 MOMENTUM QUALITY 100; NIFTY PRIVATE BANK; NIFTY TOTAL MARKET; NIFTY200 ALPHA 30; NIFTY200 MOMENTUM 30; NIFTY200 VALUE 30; NIFTY500 EQUAL WEIGHT; NIFTY500 LARGEMIDSMALL EQUAL-CAP WEIGHTED; NIFTY500 LOW VOLATILITY 50; NIFTY500 MOMENTUM 50; NIFTY500 MULTICAP 50:25:25; NIFTY500 MULTIFACTOR MQVLV 50; NIFTY500 VALUE 50,NIFTY BANK,NSE quote API secInfo,0.9,
nifty_500_shariah,FINCABLES,Finolex Cables Ltd.,FINCABLES,Finolex Cables Limited,exact_symbol_match,INE235A01022,Listed,Industrials,Capital Goods,Industrial Products,Cables - Electricals,Nifty 500,NIFTY 500; NIFTY MIDSMALLCAP 400; NIFTY MIDSMALLCAP400 50:50; NIFTY SMALLCAP 250; NIFTY SMALLCAP 500; NIFTY SMALLCAP250 QUALITY 50; NIFTY TOTAL MARKET; NIFTY500 EQUAL WEIGHT; NIFTY500 LARGEMIDSMALL EQUAL-CAP WEIGHTED; NIFTY500 MULTICAP 50:25:25; NIFTY500 SHARIAH,NIFTY 500,NSE quote API secInfo,0.9,
nifty_500_shariah,FIRSTCRY,Brainbees Solutions Ltd.,FIRSTCRY,Brainbees Solutions Limited,exact_symbol_match,INE02RE01045,Listed,Consumer Discretionary,Consumer Services,Retailing,E-Retail/ E-Commerce,Nifty 500,NIFTY 500; NIFTY INDIA DIGITAL; NIFTY INDIA INTERNET; NIFTY INDIA NEW AGE CONSUMPTION; NIFTY MIDSMALLCAP 400; NIFTY MIDSMALLCAP400 50:50; NIFTY SMALLCAP 100; NIFTY SMALLCAP 250; NIFTY SMALLCAP 500; NIFTY TOTAL MARKET; NIFTY500 EQUAL WEIGHT; NIFTY500 LARGEMIDSMALL EQUAL-CAP WEIGHTED; NIFTY500 MULTICAP 50:25:25; NIFTY500 SHARIAH,-,NSE quote API secInfo,0.9,
ind_nifty500,FIVESTAR,Five-Star Business Finance Ltd.,FIVESTAR,Five-Star Business Finance Limited,exact_symbol_match,INE128S01021,Listed,Financial Services,Financial Services,Finance,Non Banking Financial Company (NBFC),Nifty 500,NIFTY 500; NIFTY MIDSMALLCAP 400; NIFTY MIDSMALLCAP400 50:50; NIFTY NBFC; NIFTY SMALLCAP 100; NIFTY SMALLCAP 250; NIFTY SMALLCAP 50; NIFTY SMALLCAP 500; NIFTY TOTAL MARKET; NIFTY500 EQUAL WEIGHT; NIFTY500 LARGEMIDSMALL EQUAL-CAP WEIGHTED; NIFTY500 MULTICAP 50:25:25,-,NSE quote API secInfo,0.9,
nifty_500_shariah,FLUOROCHEM,Gujarat Fluorochemicals Ltd.,FLUOROCHEM,Gujarat Fluorochemicals Limited,exact_symbol_match,INE09N301011,Listed,Commodities,Chemicals,Chemicals & Petrochemicals,Specialty Chemicals,Nifty 500,NIFTY 500; NIFTY CHEMICALS; NIFTY EV & NEW AGE AUTOMOTIVE; NIFTY LARGEMIDCAP 250; NIFTY MIDCAP 150; NIFTY MIDSMALLCAP 400; NIFTY MIDSMALLCAP400 50:50; NIFTY TOTAL MARKET; NIFTY500 EQUAL WEIGHT; NIFTY500 LARGEMIDSMALL EQUAL-CAP WEIGHTED; NIFTY500 MULTICAP 50:25:25; NIFTY500 SHARIAH,-,NSE quote API secInfo,0.9,
nifty_500_shariah,FORCEMOT,Force Motors Ltd.,FORCEMOT,FORCE MOTORS LTD,exact_symbol_match,INE451A01017,Listed,Consumer Discretionary,Automobile and Auto Components,Automobiles,Passenger Cars & Utility Vehicles,Nifty 500,NIFTY 500; NIFTY EV & NEW AGE AUTOMOTIVE; NIFTY INDIA NEW AGE CONSUMPTION; NIFTY MIDSMALLCAP 400; NIFTY MIDSMALLCAP400 50:50; NIFTY MIDSMALLCAP400 MOMENTUM QUALITY 100; NIFTY SMALLCAP 100; NIFTY SMALLCAP 250; NIFTY SMALLCAP 500; NIFTY SMALLCAP250 MOMENTUM QUALITY 100; NIFTY TOTAL MARKET; NIFTY TOTAL MARKET MOMENTUM QUALITY 50; NIFTY500 EQUAL WEIGHT; NIFTY500 LARGEMIDSMALL EQUAL-CAP WEIGHTED; NIFTY500 MOMENTUM 50; NIFTY500 MULTICAP 50:25:25; NIFTY500 MULTICAP MOMENTUM QUALITY 50; NIFTY500 QUALITY 50; NIFTY500 SHARIAH,-,NSE quote API secInfo,0.9,
nifty_500_shariah,FORTIS,Fortis Healthcare Ltd.,FORTIS,Fortis Healthcare Limited,exact_symbol_match,INE061F01013,Listed,Healthcare,Healthcare,Healthcare Services,Hospital,Nifty Midcap 50,NIFTY MIDCAP 50; NIFTY 200; NIFTY 500; NIFTY ALPHA 50; NIFTY HEALTHCARE INDEX; NIFTY INDIA FPI 150; NIFTY INFRASTRUCTURE; NIFTY LARGEMIDCAP 250; NIFTY MIDCAP 100; NIFTY MIDCAP 150; NIFTY MIDCAP LIQUID 15; NIFTY MIDCAP SELECT; NIFTY MIDCAP150 MOMENTUM 50; NIFTY MIDSMALL HEALTHCARE; NIFTY MIDSMALL INDIA CONSUMPTION; NIFTY MIDSMALLCAP 400; NIFTY MIDSMALLCAP400 50:50; NIFTY TOTAL MARKET; NIFTY200 ALPHA 30; NIFTY200 MOMENTUM 30; NIFTY500 EQUAL WEIGHT; NIFTY500 HEALTHCARE; NIFTY500 LARGEMIDSMALL EQUAL-CAP WEIGHTED; NIFTY500 MOMENTUM 50; NIFTY500 MULTICAP 50:25:25; NIFTY500 MULTICAP INFRASTRUCTURE 50:30:20; NIFTY500 SHARIAH,NIFTY PHARMA,NSE quote API secInfo,0.9,
nifty_500_shariah,FSL,Firstsource Solutions Ltd.,FSL,Firstsource Solutions Limited,exact_symbol_match,INE684F01012,Listed,Services,Services,Commercial Services & Supplies,Business Process Outsourcing (BPO)/ Knowledge Process Outsourcing (KPO),Nifty 500,NIFTY 500; NIFTY CONGLOMERATE 50; NIFTY MIDSMALLCAP 400; NIFTY MIDSMALLCAP400 50:50; NIFTY SMALLCAP 100; NIFTY SMALLCAP 250; NIFTY SMALLCAP 500; NIFTY SMALLCAP250 MOMENTUM QUALITY 100; NIFTY TOTAL MARKET; NIFTY500 EQUAL WEIGHT; NIFTY500 LARGEMIDSMALL EQUAL-CAP WEIGHTED; NIFTY500 MULTICAP 50:25:25; NIFTY500 SHARIAH,NIFTY IT,NSE quote API secInfo,0.9,
nifty_500_shariah,GABRIEL,Gabriel India Ltd.,GABRIEL,Gabriel India Limited,exact_symbol_match,INE524A01029,Listed,Consumer Discretionary,Automobile and Auto Components,Auto Components,Auto Components & Equipments,Nifty 500,NIFTY 500; NIFTY MIDSMALLCAP 400; NIFTY MIDSMALLCAP400 50:50; NIFTY SMALLCAP 250; NIFTY SMALLCAP 500; NIFTY TOTAL MARKET; NIFTY TOTAL MARKET MOMENTUM QUALITY 50; NIFTY500 EQUAL WEIGHT; NIFTY500 LARGEMIDSMALL EQUAL-CAP WEIGHTED; NIFTY500 MULTICAP 50:25:25; NIFTY500 SHARIAH,NIFTY AUTO,NSE quote API secInfo,0.9,
nifty_500_shariah,GAIL,GAIL (India) Ltd.,GAIL,GAIL (India) Limited,exact_symbol_match,INE129A01019,Listed,Energy,Oil Gas & Consumable Fuels,Gas,Gas Transmission/Marketing,Nifty Next 50,NIFTY NEXT 50; NIFTY 100; NIFTY 200; NIFTY 500; NIFTY DIVIDEND OPPORTUNITIES 50; NIFTY ENERGY; NIFTY INDIA FPI 150; NIFTY INDIA INFRASTRUCTURE & LOGISTICS; NIFTY INFRASTRUCTURE; NIFTY LARGEMIDCAP 250; NIFTY MOBILITY; NIFTY OIL & GAS; NIFTY PSE; NIFTY SERVICES SECTOR; NIFTY SHARIAH 25; NIFTY TOTAL MARKET; NIFTY100 ENHANCED ESG; NIFTY100 EQUAL WEIGHT; NIFTY100 ESG; NIFTY100 ESG SECTOR LEADERS; NIFTY200 VALUE 30; NIFTY500 EQUAL WEIGHT; NIFTY500 LARGEMIDSMALL EQUAL-CAP WEIGHTED; NIFTY500 MULTICAP 50:25:25; NIFTY500 SHARIAH; NIFTY500 VALUE 50,NIFTY 500,NSE quote API secInfo,0.9,
nifty_500_shariah,GALLANTT,Gallantt Ispat Ltd.,GALLANTT,Gallantt Ispat Limited,exact_symbol_match,INE297H01019,Listed,Industrials,Capital Goods,Industrial Products,Iron & Steel Products,Nifty 500,NIFTY 500; NIFTY MIDSMALLCAP 400; NIFTY MIDSMALLCAP400 50:50; NIFTY SMALLCAP 250; NIFTY SMALLCAP 500; NIFTY TOTAL MARKET; NIFTY500 EQUAL WEIGHT; NIFTY500 LARGEMIDSMALL EQUAL-CAP WEIGHTED; NIFTY500 MULTICAP 50:25:25; NIFTY500 SHARIAH,NIFTY METAL,NSE quote API secInfo,0.9,
ind_nifty500,GESHIP,Great Eastern Shipping Co. Ltd.,GESHIP,The Great Eastern Shipping Company Limited,exact_symbol_match,INE017A01032,Listed,Services,Services,Transport Services,Shipping,Nifty 500,NIFTY 500; NIFTY COMMERCIAL & TRANSPORT SERVICES; NIFTY INDIA INFRASTRUCTURE & LOGISTICS; NIFTY MIDSMALLCAP 400; NIFTY MIDSMALLCAP400 50:50; NIFTY MIDSMALLCAP400 MOMENTUM QUALITY 100; NIFTY SMALLCAP 100; NIFTY SMALLCAP 250; NIFTY SMALLCAP 500; NIFTY SMALLCAP250 MOMENTUM QUALITY 100; NIFTY TOTAL MARKET; NIFTY500 EQUAL WEIGHT; NIFTY500 LARGEMIDSMALL EQUAL-CAP WEIGHTED; NIFTY500 MULTICAP 50:25:25; NIFTY500 MULTICAP INFRASTRUCTURE 50:30:20; NIFTY500 MULTIFACTOR MQVLV 50; NIFTY500 VALUE 50,NIFTY 500,NSE quote API secInfo,0.9,
ind_nifty500,GICRE,General Insurance Corporation of India,GICRE,General Insurance Corporation of India,exact_symbol_match,INE481Y01014,Listed,Financial Services,Financial Services,Insurance,General Insurance,Nifty 500,NIFTY 500; NIFTY INSURANCE; NIFTY LARGEMIDCAP 250; NIFTY MIDCAP 150; NIFTY MIDSMALLCAP 400; NIFTY MIDSMALLCAP400 50:50; NIFTY TOTAL MARKET; NIFTY500 EQUAL WEIGHT; NIFTY500 LARGEMIDSMALL EQUAL-CAP WEIGHTED; NIFTY500 MULTICAP 50:25:25,NIFTY FINANCIAL SERVICES,NSE quote API secInfo,0.9,
nifty_500_shariah,GILLETTE,Gillette India Ltd.,GILLETTE,Gillette India Limited,exact_symbol_match,INE322A01010,Listed,Fast Moving Consumer Goods,Fast Moving Consumer Goods,Personal Products,Personal Care,Nifty 500,NIFTY 500; NIFTY MIDSMALLCAP 400; NIFTY MIDSMALLCAP400 50:50; NIFTY MIDSMALLCAP400 MOMENTUM QUALITY 100; NIFTY SMALLCAP 250; NIFTY SMALLCAP 500; NIFTY SMALLCAP250 MOMENTUM QUALITY 100; NIFTY SMALLCAP250 QUALITY 50; NIFTY TOTAL MARKET; NIFTY500 EQUAL WEIGHT; NIFTY500 LARGEMIDSMALL EQUAL-CAP WEIGHTED; NIFTY500 MULTICAP 50:25:25; NIFTY500 MULTICAP MOMENTUM QUALITY 50; NIFTY500 MULTIFACTOR MQVLV 50; NIFTY500 QUALITY 50; NIFTY500 SHARIAH,NIFTY FMCG,NSE quote API secInfo,0.9,
ind_nifty500,GLAND,Gland Pharma Ltd.,GLAND,Gland Pharma Limited,exact_symbol_match,INE068V01023,Listed,Healthcare,Healthcare,Pharmaceuticals & Biotechnology,Pharmaceuticals,Nifty 500,NIFTY 500; NIFTY MIDSMALL HEALTHCARE; NIFTY MIDSMALLCAP 400; NIFTY MIDSMALLCAP400 50:50; NIFTY MNC; NIFTY PHARMA; NIFTY SMALLCAP 100; NIFTY SMALLCAP 250; NIFTY SMALLCAP 50; NIFTY SMALLCAP 500; NIFTY SMALLCAP250 MOMENTUM QUALITY 100; NIFTY TOTAL MARKET; NIFTY500 EQUAL WEIGHT; NIFTY500 HEALTHCARE; NIFTY500 LARGEMIDSMALL EQUAL-CAP WEIGHTED; NIFTY500 MULTICAP 50:25:25; NIFTY500 MULTICAP INDIA MANUFACTURING 50:30:20,-,NSE quote API secInfo,0.9,
ind_nifty500,GLAXO,Glaxosmithkline Pharmaceuticals Ltd.,GLAXO,GlaxoSmithKline Pharmaceuticals Limited,exact_symbol_match,INE159A01016,Listed,Healthcare,Healthcare,Pharmaceuticals & Biotechnology,Pharmaceuticals,Nifty 500,NIFTY 500; NIFTY LARGEMIDCAP 250; NIFTY MIDCAP 150; NIFTY MIDCAP150 QUALITY 50; NIFTY MIDSMALL HEALTHCARE; NIFTY MIDSMALLCAP 400; NIFTY MIDSMALLCAP400 50:50; NIFTY TOTAL MARKET; NIFTY500 EQUAL WEIGHT; NIFTY500 HEALTHCARE; NIFTY500 LARGEMIDSMALL EQUAL-CAP WEIGHTED; NIFTY500 MULTICAP 50:25:25; NIFTY500 MULTIFACTOR MQVLV 50; NIFTY500 QUALITY 50,NIFTY PHARMA,NSE quote API secInfo,0.9,
nifty_500_shariah,GLENMARK,Glenmark Pharmaceuticals Ltd.,GLENMARK,Glenmark Pharmaceuticals Limited,exact_symbol_match,INE935A01035,Listed,Healthcare,Healthcare,Pharmaceuticals & Biotechnology,Pharmaceuticals,Nifty 200,NIFTY 200; NIFTY 500; NIFTY ALPHA 50; NIFTY HEALTHCARE INDEX; NIFTY INDIA FPI 150; NIFTY LARGEMIDCAP 250; NIFTY MIDCAP 100; NIFTY MIDCAP 150; NIFTY MIDCAP150 MOMENTUM 50; NIFTY MIDSMALL HEALTHCARE; NIFTY MIDSMALLCAP 400; NIFTY MIDSMALLCAP400 50:50; NIFTY MIDSMALLCAP400 MOMENTUM QUALITY 100; NIFTY PHARMA; NIFTY TOTAL MARKET; NIFTY200 ALPHA 30; NIFTY200 MOMENTUM 30; NIFTY500 EQUAL WEIGHT; NIFTY500 HEALTHCARE; NIFTY500 LARGEMIDSMALL EQUAL-CAP WEIGHTED; NIFTY500 MOMENTUM 50; NIFTY500 MULTICAP 50:25:25; NIFTY500 MULTICAP INDIA MANUFACTURING 50:30:20; NIFTY500 SHARIAH,NIFTY PHARMA,NSE quote API secInfo,0.9,
ind_nifty500,GMDCLTD,Gujarat Mineral Development Corporation Ltd.,GMDCLTD,Gujarat Mineral Development Corporation Limited,exact_symbol_match,INE131A01031,Listed,Commodities,Metals & Mining,Minerals & Mining,Industrial Minerals,Nifty 500,NIFTY 500; NIFTY MIDSMALLCAP 400; NIFTY MIDSMALLCAP400 50:50; NIFTY MIDSMALLCAP400 MOMENTUM QUALITY 100; NIFTY SMALLCAP 100; NIFTY SMALLCAP 250; NIFTY SMALLCAP 500; NIFTY SMALLCAP250 MOMENTUM QUALITY 100; NIFTY TOTAL MARKET; NIFTY500 EQUAL WEIGHT; NIFTY500 LARGEMIDSMALL EQUAL-CAP WEIGHTED; NIFTY500 MOMENTUM 50; NIFTY500 MULTICAP 50:25:25; NIFTY500 MULTICAP MOMENTUM QUALITY 50,NIFTY METAL,NSE quote API secInfo,0.9,
ind_nifty500,GMRAIRPORT,GMR Airports Ltd.,GMRAIRPORT,GMR AIRPORTS LIMITED,exact_symbol_match,INE776C01039,Listed,Services,Services,Transport Infrastructure,Airport & Airport services,Nifty Midcap 50,NIFTY MIDCAP 50; NIFTY 200; NIFTY 500; NIFTY COMMERCIAL & TRANSPORT SERVICES; NIFTY INDIA FPI 150; NIFTY INDIA INFRASTRUCTURE & LOGISTICS; NIFTY INDIA TOURISM; NIFTY LARGEMIDCAP 250; NIFTY MIDCAP 100; NIFTY MIDCAP 150; NIFTY MIDCAP150 MOMENTUM 50; NIFTY MIDSMALLCAP 400; NIFTY MIDSMALLCAP400 50:50; NIFTY MOBILITY; NIFTY TOTAL MARKET; NIFTY TRANSPORTATION & LOGISTICS; NIFTY200 MOMENTUM 30; NIFTY500 EQUAL WEIGHT; NIFTY500 LARGEMIDSMALL EQUAL-CAP WEIGHTED; NIFTY500 MOMENTUM 50; NIFTY500 MULTICAP 50:25:25; NIFTY500 MULTICAP INFRASTRUCTURE 50:30:20,-,NSE quote API secInfo,0.9,
ind_nifty500,GODFRYPHLP,Godfrey Phillips India Ltd.,GODFRYPHLP,Godfrey Phillips India Limited,exact_symbol_match,INE260B01028,Listed,Fast Moving Consumer Goods,Fast Moving Consumer Goods,Cigarettes & Tobacco Products,Cigarettes & Tobacco Products,Nifty 200,NIFTY 200; NIFTY 500; NIFTY LARGEMIDCAP 250; NIFTY MIDCAP 100; NIFTY MIDCAP 150; NIFTY MIDCAP150 QUALITY 50; NIFTY MIDSMALLCAP 400; NIFTY MIDSMALLCAP400 50:50; NIFTY MIDSMALLCAP400 MOMENTUM QUALITY 100; NIFTY TOTAL MARKET; NIFTY TOTAL MARKET MOMENTUM QUALITY 50; NIFTY500 EQUAL WEIGHT; NIFTY500 LARGEMIDSMALL EQUAL-CAP WEIGHTED; NIFTY500 MULTICAP 50:25:25; NIFTY500 MULTICAP MOMENTUM QUALITY 50,NIFTY 500,NSE quote API secInfo,0.9,
ind_nifty500,GODIGIT,Go Digit General Insurance Ltd.,GODIGIT,Go Digit General Insurance Limited,exact_symbol_match,INE03JT01014,Listed,Financial Services,Financial Services,Insurance,General Insurance,Nifty 500,NIFTY 500; NIFTY INSURANCE; NIFTY MIDSMALLCAP 400; NIFTY MIDSMALLCAP400 50:50; NIFTY SMALLCAP 250; NIFTY SMALLCAP 500; NIFTY TOTAL MARKET; NIFTY500 EQUAL WEIGHT; NIFTY500 LARGEMIDSMALL EQUAL-CAP WEIGHTED; NIFTY500 MULTICAP 50:25:25,-,NSE quote API secInfo,0.9,
nifty_500_shariah,GODREJCP,Godrej Consumer Products Ltd.,GODREJCP,Godrej Consumer Products Limited,exact_symbol_match,INE102D01028,Listed,Fast Moving Consumer Goods,Fast Moving Consumer Goods,Personal Products,Personal Care,Nifty Next 50,NIFTY NEXT 50; NIFTY 100; NIFTY 200; NIFTY 500; NIFTY CONGLOMERATE 50; NIFTY DIVIDEND OPPORTUNITIES 50; NIFTY FMCG; NIFTY INDIA CONSUMPTION; NIFTY INDIA FPI 150; NIFTY LARGEMIDCAP 250; NIFTY LOW VOLATILITY 50; NIFTY NON-CYCLICAL CONSUMER; NIFTY RURAL; NIFTY SHARIAH 25; NIFTY TOTAL MARKET; NIFTY100 ENHANCED ESG; NIFTY100 EQUAL WEIGHT; NIFTY100 ESG; NIFTY100 ESG SECTOR LEADERS; NIFTY100 QUALITY 30; NIFTY500 EQUAL WEIGHT; NIFTY500 LARGEMIDSMALL EQUAL-CAP WEIGHTED; NIFTY500 LOW VOLATILITY 50; NIFTY500 MULTICAP 50:25:25; NIFTY500 SHARIAH,NIFTY FMCG,NSE quote API secInfo,0.9,
ind_nifty500,GODREJIND,Godrej Industries Ltd.,GODREJIND,Godrej Industries Limited,exact_symbol_match,INE233A01035,Listed,Diversified,Diversified,Diversified,Diversified,Nifty 500,NIFTY 500; NIFTY CONGLOMERATE 50; NIFTY LARGEMIDCAP 250; NIFTY MIDCAP 150; NIFTY MIDSMALLCAP 400; NIFTY MIDSMALLCAP400 50:50; NIFTY TOTAL MARKET; NIFTY500 EQUAL WEIGHT; NIFTY500 LARGEMIDSMALL EQUAL-CAP WEIGHTED; NIFTY500 MULTICAP 50:25:25,NIFTY 500,NSE quote API secInfo,0.9,
ind_nifty500,GODREJPROP,Godrej Properties Ltd.,GODREJPROP,Godrej Properties Limited,exact_symbol_match,INE484J01027,Listed,Consumer Discretionary,Realty,Realty,Residential Commercial Projects,Nifty Midcap 50,NIFTY MIDCAP 50; NIFTY 200; NIFTY 500; NIFTY CONGLOMERATE 50; NIFTY CORE HOUSING; NIFTY HIGH BETA 50; NIFTY HOUSING; NIFTY INDIA FPI 150; NIFTY INDIA INFRASTRUCTURE & LOGISTICS; NIFTY INDIA NEW AGE CONSUMPTION; NIFTY LARGEMIDCAP 250; NIFTY MIDCAP 100; NIFTY MIDCAP 150; NIFTY MIDSMALL INDIA CONSUMPTION; NIFTY MIDSMALLCAP 400; NIFTY MIDSMALLCAP400 50:50; NIFTY REALTY; NIFTY REITS & REALTY; NIFTY TOTAL MARKET; NIFTY500 EQUAL WEIGHT; NIFTY500 LARGEMIDSMALL EQUAL-CAP WEIGHTED; NIFTY500 MULTICAP 50:25:25; NIFTY500 MULTICAP INFRASTRUCTURE 50:30:20,NIFTY REALTY,NSE quote API secInfo,0.9,
nifty_500_shariah,GPIL,Godawari Power & Ispat Ltd.,GPIL,Godawari Power And Ispat limited,exact_symbol_match,INE177H01039,Listed,Industrials,Capital Goods,Industrial Products,Iron & Steel Products,Nifty 500,NIFTY 500; NIFTY MIDSMALLCAP 400; NIFTY MIDSMALLCAP400 50:50; NIFTY MIDSMALLCAP400 MOMENTUM QUALITY 100; NIFTY SMALLCAP 100; NIFTY SMALLCAP 250; NIFTY SMALLCAP 500; NIFTY SMALLCAP250 MOMENTUM QUALITY 100; NIFTY SMALLCAP250 QUALITY 50; NIFTY TOTAL MARKET; NIFTY500 EQUAL WEIGHT; NIFTY500 LARGEMIDSMALL EQUAL-CAP WEIGHTED; NIFTY500 MULTICAP 50:25:25; NIFTY500 MULTICAP MOMENTUM QUALITY 50; NIFTY500 SHARIAH,NIFTY METAL,NSE quote API secInfo,0.9,
nifty_500_shariah,GRANULES,Granules India Ltd.,GRANULES,Granules India Limited,exact_symbol_match,INE101D01020,Listed,Healthcare,Healthcare,Pharmaceuticals & Biotechnology,Pharmaceuticals,Nifty 500,NIFTY 500; NIFTY MIDSMALL HEALTHCARE; NIFTY MIDSMALLCAP 400; NIFTY MIDSMALLCAP400 50:50; NIFTY SMALLCAP 250; NIFTY SMALLCAP 500; NIFTY TOTAL MARKET; NIFTY500 EQUAL WEIGHT; NIFTY500 HEALTHCARE; NIFTY500 LARGEMIDSMALL EQUAL-CAP WEIGHTED; NIFTY500 MULTICAP 50:25:25; NIFTY500 MULTICAP INDIA MANUFACTURING 50:30:20; NIFTY500 SHARIAH,NIFTY PHARMA,NSE quote API secInfo,0.9,
ind_nifty500,GRAPHITE,Graphite India Ltd.,GRAPHITE,Graphite India Limited,exact_symbol_match,INE371A01025,Listed,Industrials,Capital Goods,Industrial Products,Electrodes & Refractories,Nifty 500,NIFTY 500; NIFTY MIDSMALLCAP 400; NIFTY MIDSMALLCAP400 50:50; NIFTY SMALLCAP 250; NIFTY SMALLCAP 500; NIFTY TOTAL MARKET; NIFTY500 EQUAL WEIGHT; NIFTY500 LARGEMIDSMALL EQUAL-CAP WEIGHTED; NIFTY500 MULTICAP 50:25:25,NIFTY INFRASTRUCTURE,NSE quote API secInfo,0.9,
ind_nifty500,GRASIM,Grasim Industries Ltd.,GRASIM,Grasim Industries Limited,exact_symbol_match,INE047A01021,Listed,Commodities,Construction Materials,Cement & Cement Products,Cement & Cement Products,Nifty 50,NIFTY 50; NIFTY 100; NIFTY 200; NIFTY 500; NIFTY ALPHA LOW-VOLATILITY 30; NIFTY CEMENT; NIFTY COMMODITIES; NIFTY CONGLOMERATE 50; NIFTY CORE HOUSING; NIFTY HOUSING; NIFTY INDIA CORPORATE GROUP INDEX - ADITYA BIRLA GROUP; NIFTY INDIA FPI 150; NIFTY INDIA INFRASTRUCTURE & LOGISTICS; NIFTY INDIA SELECT 5 CORPORATE GROUPS (MAATR); NIFTY INFRASTRUCTURE; NIFTY LARGEMIDCAP 250; NIFTY LOW VOLATILITY 50; NIFTY RURAL; NIFTY TOTAL MARKET; NIFTY100 ENHANCED ESG; NIFTY100 EQUAL WEIGHT; NIFTY100 ESG; NIFTY100 ESG SECTOR LEADERS; NIFTY200 VALUE 30; NIFTY50 EQUAL WEIGHT; NIFTY500 EQUAL WEIGHT; NIFTY500 LARGEMIDSMALL EQUAL-CAP WEIGHTED; NIFTY500 MULTICAP 50:25:25; NIFTY500 MULTICAP INFRASTRUCTURE 50:30:20; NIFTY500 VALUE 50,NIFTY 500,NSE quote API secInfo,0.9,
nifty_500_shariah,GRAVITA,Gravita India Ltd.,GRAVITA,Gravita India Limited,exact_symbol_match,INE024L01027,Listed,Commodities,Metals & Mining,Minerals & Mining,Industrial Minerals,Nifty 500,NIFTY 500; NIFTY MIDSMALLCAP 400; NIFTY MIDSMALLCAP400 50:50; NIFTY SMALLCAP 250; NIFTY SMALLCAP 500; NIFTY SMALLCAP250 MOMENTUM QUALITY 100; NIFTY SMALLCAP250 QUALITY 50; NIFTY TOTAL MARKET; NIFTY500 EQUAL WEIGHT; NIFTY500 LARGEMIDSMALL EQUAL-CAP WEIGHTED; NIFTY500 MULTICAP 50:25:25; NIFTY500 SHARIAH,NIFTY METAL,NSE quote API secInfo,0.9,
ind_nifty500,GROWW,Billionbrains Garage Ventures Ltd.,GROWW,Billionbrains Garage Ventures Limited,exact_symbol_match,INE0HOQ01053,Listed,Financial Services,Financial Services,Capital Markets,Stockbroking & Allied,Nifty 200,NIFTY 200; NIFTY 500; NIFTY CAPITAL MARKETS; NIFTY INDIA INTERNET; NIFTY INDIA NEW AGE CONSUMPTION; NIFTY IPO; NIFTY LARGEMIDCAP 250; NIFTY MIDCAP 100; NIFTY MIDCAP 150; NIFTY MIDSMALLCAP 400; NIFTY MIDSMALLCAP400 50:50; NIFTY TOTAL MARKET; NIFTY500 EQUAL WEIGHT; NIFTY500 LARGEMIDSMALL EQUAL-CAP WEIGHTED; NIFTY500 MULTICAP 50:25:25,-,NSE quote API secInfo,0.9,
ind_nifty500,GRSE,Garden Reach Shipbuilders & Engineers Ltd.,GRSE,Garden Reach Shipbuilders & Engineers Limited,exact_symbol_match,INE382Z01011,Listed,Industrials,Capital Goods,Aerospace & Defense,Aerospace & Defense,Nifty 500,NIFTY 500; NIFTY CAPITAL GOODS; NIFTY INDIA DEFENCE; NIFTY INDIA INFRASTRUCTURE & LOGISTICS; NIFTY MIDSMALLCAP 400; NIFTY MIDSMALLCAP400 50:50; NIFTY MIDSMALLCAP400 MOMENTUM QUALITY 100; NIFTY SMALLCAP 100; NIFTY SMALLCAP 250; NIFTY SMALLCAP 500; NIFTY SMALLCAP250 MOMENTUM QUALITY 100; NIFTY TOTAL MARKET; NIFTY TOTAL MARKET MOMENTUM QUALITY 50; NIFTY500 EQUAL WEIGHT; NIFTY500 LARGEMIDSMALL EQUAL-CAP WEIGHTED; NIFTY500 MULTICAP 50:25:25; NIFTY500 MULTICAP MOMENTUM QUALITY 50; NIFTY500 QUALITY 50,NIFTY 500,NSE quote API secInfo,0.9,
nifty_500_shariah,GVT&D,GE Vernova T&D India Ltd.,GVT&D,GE Vernova T&D India Limited,exact_symbol_match,INE200A01026,Listed,Industrials,Capital Goods,Electrical Equipment,Heavy Electrical Equipment,Nifty 200,NIFTY 200; NIFTY 500; NIFTY ALPHA 50; NIFTY ENERGY; NIFTY INDIA FPI 150; NIFTY INDIA INFRASTRUCTURE & LOGISTICS; NIFTY INDIA MANUFACTURING; NIFTY LARGEMIDCAP 250; NIFTY MIDCAP 100; NIFTY MIDCAP 150; NIFTY MIDCAP150 MOMENTUM 50; NIFTY MIDSMALLCAP 400; NIFTY MIDSMALLCAP400 50:50; NIFTY MIDSMALLCAP400 MOMENTUM QUALITY 100; NIFTY TOTAL MARKET; NIFTY TOTAL MARKET MOMENTUM QUALITY 50; NIFTY500 EQUAL WEIGHT; NIFTY500 LARGEMIDSMALL EQUAL-CAP WEIGHTED; NIFTY500 MOMENTUM 50; NIFTY500 MULTICAP 50:25:25; NIFTY500 MULTICAP MOMENTUM QUALITY 50; NIFTY500 QUALITY 50; NIFTY500 SHARIAH,-,NSE quote API secInfo,0.9,
ind_nifty500,HAL,Hindustan Aeronautics Ltd.,HAL,Hindustan Aeronautics Limited,exact_symbol_match,INE066F01020,Listed,Industrials,Capital Goods,Aerospace & Defense,Aerospace & Defense,Nifty Next 50,NIFTY NEXT 50; NIFTY 100; NIFTY 200; NIFTY 500; NIFTY CAPITAL GOODS; NIFTY INDIA DEFENCE; NIFTY INDIA FPI 150; NIFTY INDIA INFRASTRUCTURE & LOGISTICS; NIFTY INDIA MANUFACTURING; NIFTY LARGEMIDCAP 250; NIFTY PSE; NIFTY TOTAL MARKET; NIFTY100 EQUAL WEIGHT; NIFTY100 LIQUID 15; NIFTY100 QUALITY 30; NIFTY200 QUALITY 30; NIFTY500 EQUAL WEIGHT; NIFTY500 LARGEMIDSMALL EQUAL-CAP WEIGHTED; NIFTY500 MULTICAP 50:25:25; NIFTY500 MULTICAP INDIA MANUFACTURING 50:30:20,NIFTY 500,NSE quote API secInfo,0.9,
nifty_500_shariah,HAVELLS,Havells India Ltd.,HAVELLS,Havells India Limited,exact_symbol_match,INE176B01034,Listed,Consumer Discretionary,Consumer Durables,Consumer Durables,Consumer Electronics,Nifty Midcap 50,NIFTY MIDCAP 50; NIFTY 200; NIFTY 500; NIFTY CONSUMER DURABLES; NIFTY CORE HOUSING; NIFTY HOUSING; NIFTY INDIA CONSUMPTION; NIFTY INDIA FPI 150; NIFTY INDIA MANUFACTURING; NIFTY INDIA NEW AGE CONSUMPTION; NIFTY LARGEMIDCAP 250; NIFTY MIDCAP 100; NIFTY MIDCAP 150; NIFTY MIDSMALL INDIA CONSUMPTION; NIFTY MIDSMALLCAP 400; NIFTY MIDSMALLCAP400 50:50; NIFTY NON-CYCLICAL CONSUMER; NIFTY QUALITY LOW-VOLATILITY 30; NIFTY RURAL; NIFTY SHARIAH 25; NIFTY TOTAL MARKET; NIFTY100 ENHANCED ESG; NIFTY100 ESG; NIFTY100 ESG SECTOR LEADERS; NIFTY100 QUALITY 30; NIFTY200 QUALITY 30; NIFTY500 EQUAL WEIGHT; NIFTY500 LARGEMIDSMALL EQUAL-CAP WEIGHTED; NIFTY500 LOW VOLATILITY 50; NIFTY500 MULTICAP 50:25:25; NIFTY500 MULTICAP INDIA MANUFACTURING 50:30:20; NIFTY500 MULTIFACTOR MQVLV 50; NIFTY500 SHARIAH,NIFTY INDIA CONSUMPTION,NSE quote API secInfo,0.9,
ind_nifty500,HBLENGINE,HBL Engineering Ltd.,HBLENGINE,HBL Engineering Limited,exact_symbol_match,INE292B01021,Listed,Industrials,Capital Goods,Industrial Products,Other Industrial Products,Nifty 500,NIFTY 500; NIFTY CAPITAL GOODS; NIFTY MIDSMALLCAP 400; NIFTY MIDSMALLCAP400 50:50; NIFTY MIDSMALLCAP400 MOMENTUM QUALITY 100; NIFTY SMALLCAP 100; NIFTY SMALLCAP 250; NIFTY SMALLCAP 500; NIFTY SMALLCAP250 MOMENTUM QUALITY 100; NIFTY TOTAL MARKET; NIFTY TOTAL MARKET MOMENTUM QUALITY 50; NIFTY500 EQUAL WEIGHT; NIFTY500 LARGEMIDSMALL EQUAL-CAP WEIGHTED; NIFTY500 MOMENTUM 50; NIFTY500 MULTICAP 50:25:25; NIFTY500 MULTICAP MOMENTUM QUALITY 50,-,NSE quote API secInfo,0.9,
nifty_50_shariah,HCLTECH,HCL TECHNOLOGIES LTD.,HCLTECH,HCL Technologies Limited,exact_symbol_match,INE860A01027,Listed,Information Technology,Information Technology,IT - Software,Computers - Software & Consulting,Nifty 50,NIFTY 50; NIFTY 100; NIFTY 200; NIFTY 500; NIFTY ALPHA QUALITY VALUE LOW-VOLATILITY 30; NIFTY DIVIDEND OPPORTUNITIES 50; NIFTY INDIA DIGITAL; NIFTY INDIA FPI 150; NIFTY IT; NIFTY LARGEMIDCAP 250; NIFTY LOW VOLATILITY 50; NIFTY QUALITY LOW-VOLATILITY 30; NIFTY SERVICES SECTOR; NIFTY SHARIAH 25; NIFTY TOP 20 EQUAL WEIGHT; NIFTY TOTAL MARKET; NIFTY100 ENHANCED ESG; NIFTY100 EQUAL WEIGHT; NIFTY100 ESG; NIFTY100 ESG SECTOR LEADERS; NIFTY100 LOW VOLATILITY 30; NIFTY100 QUALITY 30; NIFTY200 QUALITY 30; NIFTY50 EQUAL WEIGHT; NIFTY50 SHARIAH; NIFTY50 VALUE 20; NIFTY500 EQUAL WEIGHT; NIFTY500 FLEXICAP QUALITY 30; NIFTY500 LARGEMIDSMALL EQUAL-CAP WEIGHTED; NIFTY500 MULTICAP 50:25:25; NIFTY500 SHARIAH,NIFTY IT,NSE quote API secInfo,0.9,
ind_nifty500,HDBFS,HDB Financial Services Ltd.,HDBFS,HDB Financial Services Limited,exact_symbol_match,INE756I01012,Listed,Financial Services,Financial Services,Finance,Non Banking Financial Company (NBFC),Nifty 500,NIFTY 500; NIFTY IPO; NIFTY LARGEMIDCAP 250; NIFTY MIDCAP 150; NIFTY MIDSMALLCAP 400; NIFTY MIDSMALLCAP400 50:50; NIFTY NBFC; NIFTY TOTAL MARKET; NIFTY500 EQUAL WEIGHT; NIFTY500 LARGEMIDSMALL EQUAL-CAP WEIGHTED; NIFTY500 MULTICAP 50:25:25,-,NSE quote API secInfo,0.9,
ind_nifty500,HDFCAMC,HDFC Asset Management Company Ltd.,HDFCAMC,HDFC Asset Management Company Limited,exact_symbol_match,INE127D01025,Listed,Financial Services,Financial Services,Capital Markets,Asset Management Company,Nifty Next 50,NIFTY NEXT 50; NIFTY 100; NIFTY 200; NIFTY 500; NIFTY ALPHA 50; NIFTY ALPHA QUALITY LOW-VOLATILITY 30; NIFTY ALPHA QUALITY VALUE LOW-VOLATILITY 30; NIFTY CAPITAL MARKETS; NIFTY DIVIDEND OPPORTUNITIES 50; NIFTY FINANCIAL SERVICES EX-BANK; NIFTY INDIA FPI 150; NIFTY INDIA NEW AGE CONSUMPTION; NIFTY LARGEMIDCAP 250; NIFTY MIDCAP150 MOMENTUM 50; NIFTY MIDCAP150 QUALITY 50; NIFTY MIDSMALLCAP400 MOMENTUM QUALITY 100; NIFTY TOTAL MARKET; NIFTY TOTAL MARKET MOMENTUM QUALITY 50; NIFTY100 EQUAL WEIGHT; NIFTY200 QUALITY 30; NIFTY500 EQUAL WEIGHT; NIFTY500 FLEXICAP QUALITY 30; NIFTY500 LARGEMIDSMALL EQUAL-CAP WEIGHTED; NIFTY500 MULTICAP 50:25:25; NIFTY500 MULTICAP MOMENTUM QUALITY 50; NIFTY500 MULTIFACTOR MQVLV 50; NIFTY500 QUALITY 50,NIFTY FINANCIAL SERVICES,NSE quote API secInfo,0.9,
ind_nifty500,HDFCBANK,HDFC Bank Ltd.,HDFCBANK,HDFC Bank Limited,exact_symbol_match,INE040A01034,Listed,Financial Services,Financial Services,Banks,Private Sector Bank,Nifty 50,NIFTY 50; NIFTY BANK; NIFTY FINANCIAL SERVICES; NIFTY 100; NIFTY 200; NIFTY 500; NIFTY ALPHA LOW-VOLATILITY 30; NIFTY ALPHA QUALITY VALUE LOW-VOLATILITY 30; NIFTY FINANCIAL SERVICES 25/50; NIFTY HOUSING; NIFTY INDIA FPI 150; NIFTY LARGEMIDCAP 250; NIFTY LOW VOLATILITY 50; NIFTY PRIVATE BANK; NIFTY QUALITY LOW-VOLATILITY 30; NIFTY SERVICES SECTOR; NIFTY TOP 10 EQUAL WEIGHT; NIFTY TOP 15 EQUAL WEIGHT; NIFTY TOP 20 EQUAL WEIGHT; NIFTY TOTAL MARKET; NIFTY100 ENHANCED ESG; NIFTY100 EQUAL WEIGHT; NIFTY100 ESG; NIFTY100 ESG SECTOR LEADERS; NIFTY100 LOW VOLATILITY 30; NIFTY50 EQUAL WEIGHT; NIFTY500 EQUAL WEIGHT; NIFTY500 LARGEMIDSMALL EQUAL-CAP WEIGHTED; NIFTY500 MULTICAP 50:25:25,NIFTY BANK,NSE quote API secInfo,0.9,
ind_nifty500,HDFCLIFE,HDFC Life Insurance Company Ltd.,HDFCLIFE,HDFC Life Insurance Company Limited,exact_symbol_match,INE795G01014,Listed,Financial Services,Financial Services,Insurance,Life Insurance,Nifty 50,NIFTY 50; NIFTY FINANCIAL SERVICES; NIFTY 100; NIFTY 200; NIFTY 500; NIFTY ALPHA LOW-VOLATILITY 30; NIFTY FINANCIAL SERVICES 25/50; NIFTY FINANCIAL SERVICES EX-BANK; NIFTY INDIA FPI 150; NIFTY INSURANCE; NIFTY LARGEMIDCAP 250; NIFTY LOW VOLATILITY 50; NIFTY RURAL; NIFTY SERVICES SECTOR; NIFTY TOTAL MARKET; NIFTY100 ENHANCED ESG; NIFTY100 EQUAL WEIGHT; NIFTY100 ESG; NIFTY100 ESG SECTOR LEADERS; NIFTY50 EQUAL WEIGHT; NIFTY500 EQUAL WEIGHT; NIFTY500 LARGEMIDSMALL EQUAL-CAP WEIGHTED; NIFTY500 LOW VOLATILITY 50; NIFTY500 MULTICAP 50:25:25,NIFTY FINANCIAL SERVICES,NSE quote API secInfo,0.9,
nifty_500_shariah,HEG,HEG Ltd.,HEG,HEG Limited,exact_symbol_match,INE545A01024,Listed,Industrials,Capital Goods,Industrial Products,Electrodes & Refractories,Nifty 500,NIFTY 500; NIFTY MIDSMALLCAP 400; NIFTY MIDSMALLCAP400 50:50; NIFTY SMALLCAP 250; NIFTY SMALLCAP 500; NIFTY TOTAL MARKET; NIFTY500 EQUAL WEIGHT; NIFTY500 LARGEMIDSMALL EQUAL-CAP WEIGHTED; NIFTY500 MULTICAP 50:25:25; NIFTY500 SHARIAH,NIFTY INFRASTRUCTURE,NSE quote API secInfo,0.9,
nifty_500_shariah,HEROMOTOCO,Hero MotoCorp Ltd.,HEROMOTOCO,Hero MotoCorp Limited,exact_symbol_match,INE158A01026,Listed,Consumer Discretionary,Automobile and Auto Components,Automobiles,2/3 Wheelers,Nifty Midcap 50,NIFTY MIDCAP 50; NIFTY 200; NIFTY 500; NIFTY ALPHA QUALITY LOW-VOLATILITY 30; NIFTY ALPHA QUALITY VALUE LOW-VOLATILITY 30; NIFTY AUTO; NIFTY DIVIDEND OPPORTUNITIES 50; NIFTY EV & NEW AGE AUTOMOTIVE; NIFTY INDIA CONSUMPTION; NIFTY INDIA FPI 150; NIFTY INDIA NEW AGE CONSUMPTION; NIFTY LARGEMIDCAP 250; NIFTY LOW VOLATILITY 50; NIFTY MIDCAP 100; NIFTY MIDCAP 150; NIFTY MIDCAP LIQUID 15; NIFTY MIDCAP SELECT; NIFTY MIDCAP150 MOMENTUM 50; NIFTY MIDCAP150 QUALITY 50; NIFTY MIDSMALL INDIA CONSUMPTION; NIFTY MIDSMALLCAP 400; NIFTY MIDSMALLCAP400 50:50; NIFTY MIDSMALLCAP400 MOMENTUM QUALITY 100; NIFTY MOBILITY; NIFTY QUALITY LOW-VOLATILITY 30; NIFTY RURAL; NIFTY SHARIAH 25; NIFTY TOTAL MARKET; NIFTY TOTAL MARKET MOMENTUM QUALITY 50; NIFTY TRANSPORTATION & LOGISTICS; NIFTY200 MOMENTUM 30; NIFTY200 QUALITY 30; NIFTY500 EQUAL WEIGHT; NIFTY500 FLEXICAP QUALITY 30; NIFTY500 LARGEMIDSMALL EQUAL-CAP WEIGHTED; NIFTY500 LOW VOLATILITY 50; NIFTY500 MOMENTUM 50; NIFTY500 MULTICAP 50:25:25; NIFTY500 MULTICAP INDIA MANUFACTURING 50:30:20; NIFTY500 MULTICAP MOMENTUM QUALITY 50; NIFTY500 MULTIFACTOR MQVLV 50; NIFTY500 SHARIAH,NIFTY AUTO,NSE quote API secInfo,0.9,
nifty_500_shariah,HEXT,Hexaware Technologies Ltd.,HEXT,Hexaware Technologies Limited,exact_symbol_match,INE093A01041,Listed,Information Technology,Information Technology,IT - Software,Computers - Software & Consulting,Nifty 500,NIFTY 500; NIFTY INDIA DIGITAL; NIFTY LARGEMIDCAP 250; NIFTY MIDCAP 150; NIFTY MIDSMALL IT & TELECOM; NIFTY MIDSMALLCAP 400; NIFTY MIDSMALLCAP400 50:50; NIFTY TOTAL MARKET; NIFTY500 EQUAL WEIGHT; NIFTY500 LARGEMIDSMALL EQUAL-CAP WEIGHTED; NIFTY500 MULTICAP 50:25:25; NIFTY500 SHARIAH,-,NSE quote API secInfo,0.9,
nifty_500_shariah,HFCL,HFCL Ltd.,HFCL,HFCL Limited,exact_symbol_match,INE548A01028,Listed,Telecommunication,Telecommunication,Telecom - Services,Telecom - Infrastructure,Nifty 500,NIFTY 500; NIFTY INDIA INFRASTRUCTURE & LOGISTICS; NIFTY MIDSMALL IT & TELECOM; NIFTY MIDSMALLCAP 400; NIFTY MIDSMALLCAP400 50:50; NIFTY SMALLCAP 250; NIFTY SMALLCAP 500; NIFTY TOTAL MARKET; NIFTY500 EQUAL WEIGHT; NIFTY500 LARGEMIDSMALL EQUAL-CAP WEIGHTED; NIFTY500 MULTICAP 50:25:25; NIFTY500 MULTICAP INFRASTRUCTURE 50:30:20; NIFTY500 SHARIAH,NIFTY 500,NSE quote API secInfo,0.9,
nifty_50_shariah,HINDALCO,Hindalco Industries,HINDALCO,Hindalco Industries Limited,exact_symbol_match,INE038A01020,Listed,Commodities,Metals & Mining,Non - Ferrous Metals,Aluminium,Nifty 50,NIFTY 50; NIFTY 100; NIFTY 200; NIFTY 500; NIFTY COMMODITIES; NIFTY CONGLOMERATE 50; NIFTY INDIA CORPORATE GROUP INDEX - ADITYA BIRLA GROUP; NIFTY INDIA FPI 150; NIFTY INDIA MANUFACTURING; NIFTY INDIA SELECT 5 CORPORATE GROUPS (MAATR); NIFTY LARGEMIDCAP 250; NIFTY METAL; NIFTY TOTAL MARKET; NIFTY100 ALPHA 30; NIFTY100 ENHANCED ESG; NIFTY100 EQUAL WEIGHT; NIFTY100 ESG; NIFTY100 ESG SECTOR LEADERS; NIFTY200 MOMENTUM 30; NIFTY200 VALUE 30; NIFTY50 EQUAL WEIGHT; NIFTY50 SHARIAH; NIFTY50 VALUE 20; NIFTY500 EQUAL WEIGHT; NIFTY500 LARGEMIDSMALL EQUAL-CAP WEIGHTED; NIFTY500 MOMENTUM 50; NIFTY500 MULTICAP 50:25:25; NIFTY500 MULTICAP INDIA MANUFACTURING 50:30:20; NIFTY500 SHARIAH; NIFTY500 VALUE 50,NIFTY 500,NSE quote API secInfo,0.9,
nifty_500_shariah,HINDCOPPER,Hindustan Copper Ltd.,HINDCOPPER,Hindustan Copper Limited,exact_symbol_match,INE531E01026,Listed,Commodities,Metals & Mining,Non - Ferrous Metals,Copper,Nifty 500,NIFTY 500; NIFTY ALPHA 50; NIFTY HIGH BETA 50; NIFTY INDIA MANUFACTURING; NIFTY METAL; NIFTY MIDSMALLCAP 400; NIFTY MIDSMALLCAP400 50:50; NIFTY MIDSMALLCAP400 MOMENTUM QUALITY 100; NIFTY SMALLCAP 100; NIFTY SMALLCAP 250; NIFTY SMALLCAP 50; NIFTY SMALLCAP 500; NIFTY SMALLCAP250 MOMENTUM QUALITY 100; NIFTY TOTAL MARKET; NIFTY TOTAL MARKET MOMENTUM QUALITY 50; NIFTY500 EQUAL WEIGHT; NIFTY500 LARGEMIDSMALL EQUAL-CAP WEIGHTED; NIFTY500 MULTICAP 50:25:25; NIFTY500 MULTICAP INDIA MANUFACTURING 50:30:20; NIFTY500 MULTICAP MOMENTUM QUALITY 50; NIFTY500 SHARIAH,NIFTY METAL,NSE quote API secInfo,0.9,
ind_nifty500,HINDPETRO,Hindustan Petroleum Corporation Ltd.,HINDPETRO,Hindustan Petroleum Corporation Limited,exact_symbol_match,INE094A01015,Listed,Energy,Oil Gas & Consumable Fuels,Petroleum Products,Refineries & Marketing,Nifty Midcap 50,NIFTY MIDCAP 50; NIFTY 200; NIFTY 500; NIFTY COMMODITIES; NIFTY DIVIDEND OPPORTUNITIES 50; NIFTY ENERGY; NIFTY INDIA FPI 150; NIFTY INDIA RAILWAYS PSU; NIFTY INFRASTRUCTURE; NIFTY LARGEMIDCAP 250; NIFTY MIDCAP 100; NIFTY MIDCAP 150; NIFTY MIDCAP SELECT; NIFTY MIDCAP150 MOMENTUM 50; NIFTY MIDSMALLCAP 400; NIFTY MIDSMALLCAP400 50:50; NIFTY MOBILITY; NIFTY OIL & GAS; NIFTY PSE; NIFTY TOTAL MARKET; NIFTY200 VALUE 30; NIFTY500 EQUAL WEIGHT; NIFTY500 LARGEMIDSMALL EQUAL-CAP WEIGHTED; NIFTY500 MULTICAP 50:25:25; NIFTY500 MULTICAP INDIA MANUFACTURING 50:30:20; NIFTY500 MULTICAP INFRASTRUCTURE 50:30:20; NIFTY500 MULTIFACTOR MQVLV 50; NIFTY500 VALUE 50,NIFTY 500,NSE quote API secInfo,0.9,
nifty_50_shariah,HINDUNILVR,HINDUSTAN UNILEVER LTD.,HINDUNILVR,Hindustan Unilever Limited,exact_symbol_match,INE030A01027,Listed,Fast Moving Consumer Goods,Fast Moving Consumer Goods,Diversified FMCG,Diversified FMCG,Nifty 50,NIFTY 50; NIFTY 100; NIFTY 200; NIFTY 500; NIFTY ALPHA QUALITY LOW-VOLATILITY 30; NIFTY ALPHA QUALITY VALUE LOW-VOLATILITY 30; NIFTY DIVIDEND OPPORTUNITIES 50; NIFTY FMCG; NIFTY GROWTH SECTORS 15; NIFTY INDIA CONSUMPTION; NIFTY INDIA FPI 150; NIFTY LARGEMIDCAP 250; NIFTY LOW VOLATILITY 50; NIFTY MNC; NIFTY NON-CYCLICAL CONSUMER; NIFTY QUALITY LOW-VOLATILITY 30; NIFTY RURAL; NIFTY SHARIAH 25; NIFTY TOP 15 EQUAL WEIGHT; NIFTY TOP 20 EQUAL WEIGHT; NIFTY TOTAL MARKET; NIFTY100 ENHANCED ESG; NIFTY100 EQUAL WEIGHT; NIFTY100 ESG; NIFTY100 ESG SECTOR LEADERS; NIFTY100 LOW VOLATILITY 30; NIFTY100 QUALITY 30; NIFTY200 QUALITY 30; NIFTY50 EQUAL WEIGHT; NIFTY50 SHARIAH; NIFTY500 EQUAL WEIGHT; NIFTY500 FLEXICAP QUALITY 30; NIFTY500 LARGEMIDSMALL EQUAL-CAP WEIGHTED; NIFTY500 MULTICAP 50:25:25; NIFTY500 SHARIAH,NIFTY FMCG,NSE quote API secInfo,0.9,
ind_nifty500,HINDZINC,Hindustan Zinc Ltd.,HINDZINC,Hindustan Zinc Limited,exact_symbol_match,INE267A01025,Listed,Commodities,Metals & Mining,Non - Ferrous Metals,Zinc,Nifty Next 50,NIFTY NEXT 50; NIFTY 100; NIFTY 200; NIFTY 500; NIFTY DIVIDEND OPPORTUNITIES 50; NIFTY INDIA MANUFACTURING; NIFTY LARGEMIDCAP 250; NIFTY METAL; NIFTY TOTAL MARKET; NIFTY100 ALPHA 30; NIFTY100 ENHANCED ESG; NIFTY100 EQUAL WEIGHT; NIFTY100 ESG; NIFTY100 ESG SECTOR LEADERS; NIFTY100 QUALITY 30; NIFTY200 QUALITY 30; NIFTY500 EQUAL WEIGHT; NIFTY500 LARGEMIDSMALL EQUAL-CAP WEIGHTED; NIFTY500 MULTICAP 50:25:25,NIFTY METAL,NSE quote API secInfo,0.9,
ind_nifty500,HOMEFIRST,Home First Finance Company India Ltd.,HOMEFIRST,Home First Finance Company India Limited,exact_symbol_match,INE481N01025,Listed,Financial Services,Financial Services,Finance,Housing Finance Company,Nifty 500,NIFTY 500; NIFTY HOUSING FINANCE; NIFTY MIDSMALLCAP 400; NIFTY MIDSMALLCAP400 50:50; NIFTY MIDSMALLCAP400 MOMENTUM QUALITY 100; NIFTY SMALLCAP 250; NIFTY SMALLCAP 500; NIFTY SMALLCAP250 MOMENTUM QUALITY 100; NIFTY TOTAL MARKET; NIFTY500 EQUAL WEIGHT; NIFTY500 LARGEMIDSMALL EQUAL-CAP WEIGHTED; NIFTY500 MULTICAP 50:25:25,-,NSE quote API secInfo,0.9,
ind_nifty500,HONASA,Honasa Consumer Ltd.,HONASA,Honasa Consumer Limited,exact_symbol_match,INE0J5401028,Listed,Fast Moving Consumer Goods,Fast Moving Consumer Goods,Personal Products,Personal Care,Nifty 500,NIFTY 500; NIFTY MIDSMALLCAP 400; NIFTY MIDSMALLCAP400 50:50; NIFTY SMALLCAP 250; NIFTY SMALLCAP 500; NIFTY TOTAL MARKET; NIFTY500 EQUAL WEIGHT; NIFTY500 LARGEMIDSMALL EQUAL-CAP WEIGHTED; NIFTY500 MULTICAP 50:25:25,-,NSE quote API secInfo,0.9,
ind_nifty500,HONAUT,Honeywell Automation India Ltd.,HONAUT,Honeywell Automation India Limited,exact_symbol_match,INE671A01010,Listed,Industrials,Capital Goods,Industrial Manufacturing,Industrial Products,Nifty 500,NIFTY 500; NIFTY CAPITAL GOODS; NIFTY INDIA MANUFACTURING; NIFTY LARGEMIDCAP 250; NIFTY MIDCAP 150; NIFTY MIDCAP150 QUALITY 50; NIFTY MIDSMALLCAP 400; NIFTY MIDSMALLCAP400 50:50; NIFTY TOTAL MARKET; NIFTY500 EQUAL WEIGHT; NIFTY500 LARGEMIDSMALL EQUAL-CAP WEIGHTED; NIFTY500 MULTICAP 50:25:25,NIFTY AUTO,NSE quote API secInfo,0.9,
nifty_500_shariah,HSCL,Himadri Speciality Chemical Ltd.,HSCL,Himadri Speciality Chemical Limited,exact_symbol_match,INE019C01026,Listed,Commodities,Chemicals,Chemicals & Petrochemicals,Carbon Black,Nifty 500,NIFTY 500; NIFTY CHEMICALS; NIFTY EV & NEW AGE AUTOMOTIVE; NIFTY INDIA MANUFACTURING; NIFTY MIDSMALLCAP 400; NIFTY MIDSMALLCAP400 50:50; NIFTY MIDSMALLCAP400 MOMENTUM QUALITY 100; NIFTY SMALLCAP 100; NIFTY SMALLCAP 250; NIFTY SMALLCAP 50; NIFTY SMALLCAP 500; NIFTY SMALLCAP250 MOMENTUM QUALITY 100; NIFTY TOTAL MARKET; NIFTY500 EQUAL WEIGHT; NIFTY500 LARGEMIDSMALL EQUAL-CAP WEIGHTED; NIFTY500 MULTICAP 50:25:25; NIFTY500 MULTICAP INDIA MANUFACTURING 50:30:20; NIFTY500 SHARIAH,NIFTY 500,NSE quote API secInfo,0.9,
ind_nifty500,HUDCO,Housing & Urban Development Corporation Ltd.,HUDCO,Housing & Urban Development Corporation Limited,exact_symbol_match,INE031A01017,Listed,Financial Services,Financial Services,Finance,Financial Institution,Nifty 200,NIFTY 200; NIFTY 500; NIFTY DIVIDEND OPPORTUNITIES 50; NIFTY HIGH BETA 50; NIFTY LARGEMIDCAP 250; NIFTY MIDCAP 100; NIFTY MIDCAP 150; NIFTY MIDSMALL FINANCIAL SERVICES; NIFTY MIDSMALLCAP 400; NIFTY MIDSMALLCAP400 50:50; NIFTY TOTAL MARKET; NIFTY500 EQUAL WEIGHT; NIFTY500 LARGEMIDSMALL EQUAL-CAP WEIGHTED; NIFTY500 MULTICAP 50:25:25,NIFTY FINANCIAL SERVICES,NSE quote API secInfo,0.9,
nifty_500_shariah,HYUNDAI,Hyundai Motor India Ltd.,HYUNDAI,Hyundai Motor India Limited,exact_symbol_match,INE0V6F01027,Listed,Consumer Discretionary,Automobile and Auto Components,Automobiles,Passenger Cars & Utility Vehicles,Nifty Next 50,NIFTY NEXT 50; NIFTY 100; NIFTY 200; NIFTY 500; NIFTY EV & NEW AGE AUTOMOTIVE; NIFTY INDIA MANUFACTURING; NIFTY INDIA NEW AGE CONSUMPTION; NIFTY LARGEMIDCAP 250; NIFTY MNC; NIFTY MOBILITY; NIFTY RURAL; NIFTY TOTAL MARKET; NIFTY TRANSPORTATION & LOGISTICS; NIFTY100 ALPHA 30; NIFTY100 ENHANCED ESG; NIFTY100 EQUAL WEIGHT; NIFTY100 ESG; NIFTY100 ESG SECTOR LEADERS; NIFTY500 EQUAL WEIGHT; NIFTY500 LARGEMIDSMALL EQUAL-CAP WEIGHTED; NIFTY500 MULTICAP 50:25:25; NIFTY500 SHARIAH,-,NSE quote API secInfo,0.9,
ind_nifty500,ICICIAMC,ICICI Prudential Asset Management Company Ltd.,ICICIAMC,ICICI Prudential Asset Management Company Limited,exact_symbol_match,INE346A01027,Listed,Financial Services,Financial Services,Capital Markets,Asset Management Company,Nifty 200,NIFTY 200; NIFTY 500; NIFTY CAPITAL MARKETS; NIFTY INDIA NEW AGE CONSUMPTION; NIFTY IPO; NIFTY LARGEMIDCAP 250; NIFTY MIDCAP 100; NIFTY MIDCAP 150; NIFTY MIDSMALLCAP 400; NIFTY MIDSMALLCAP400 50:50; NIFTY TOTAL MARKET; NIFTY500 EQUAL WEIGHT; NIFTY500 LARGEMIDSMALL EQUAL-CAP WEIGHTED; NIFTY500 MULTICAP 50:25:25,-,NSE quote API secInfo,0.9,
ind_nifty500,ICICIBANK,ICICI Bank Ltd.,ICICIBANK,ICICI Bank Limited,exact_symbol_match,INE090A01021,Listed,Financial Services,Financial Services,Banks,Private Sector Bank,Nifty 50,NIFTY 50; NIFTY BANK; NIFTY FINANCIAL SERVICES; NIFTY 100; NIFTY 200; NIFTY 500; NIFTY ALPHA LOW-VOLATILITY 30; NIFTY ALPHA QUALITY LOW-VOLATILITY 30; NIFTY ALPHA QUALITY VALUE LOW-VOLATILITY 30; NIFTY FINANCIAL SERVICES 25/50; NIFTY HOUSING; NIFTY INDIA FPI 150; NIFTY LARGEMIDCAP 250; NIFTY LOW VOLATILITY 50; NIFTY PRIVATE BANK; NIFTY QUALITY LOW-VOLATILITY 30; NIFTY SERVICES SECTOR; NIFTY TOP 10 EQUAL WEIGHT; NIFTY TOP 15 EQUAL WEIGHT; NIFTY TOP 20 EQUAL WEIGHT; NIFTY TOTAL MARKET; NIFTY100 ENHANCED ESG; NIFTY100 EQUAL WEIGHT; NIFTY100 ESG; NIFTY100 ESG SECTOR LEADERS; NIFTY100 LOW VOLATILITY 30; NIFTY50 EQUAL WEIGHT; NIFTY50 VALUE 20; NIFTY500 EQUAL WEIGHT; NIFTY500 LARGEMIDSMALL EQUAL-CAP WEIGHTED; NIFTY500 MULTICAP 50:25:25,NIFTY BANK,NSE quote API secInfo,0.9,
ind_nifty500,ICICIGI,ICICI Lombard General Insurance Company Ltd.,ICICIGI,ICICI Lombard General Insurance Company Limited,exact_symbol_match,INE765G01017,Listed,Financial Services,Financial Services,Insurance,General Insurance,Nifty Financial Services,NIFTY FINANCIAL SERVICES; NIFTY MIDCAP 50; NIFTY 200; NIFTY 500; NIFTY FINANCIAL SERVICES 25/50; NIFTY FINANCIAL SERVICES EX-BANK; NIFTY INDIA FPI 150; NIFTY INSURANCE; NIFTY LARGEMIDCAP 250; NIFTY LOW VOLATILITY 50; NIFTY MIDCAP 100; NIFTY MIDCAP 150; NIFTY MIDSMALL FINANCIAL SERVICES; NIFTY MIDSMALLCAP 400; NIFTY MIDSMALLCAP400 50:50; NIFTY TOTAL MARKET; NIFTY100 ENHANCED ESG; NIFTY100 ESG; NIFTY100 ESG SECTOR LEADERS; NIFTY500 EQUAL WEIGHT; NIFTY500 LARGEMIDSMALL EQUAL-CAP WEIGHTED; NIFTY500 LOW VOLATILITY 50; NIFTY500 MULTICAP 50:25:25,NIFTY FINANCIAL SERVICES,NSE quote API secInfo,0.9,
ind_nifty500,ICICIPRULI,ICICI Prudential Life Insurance Company Ltd.,ICICIPRULI,ICICI Prudential Life Insurance Company Limited,exact_symbol_match,INE726G01019,Listed,Financial Services,Financial Services,Insurance,Life Insurance,Nifty 500,NIFTY 500; NIFTY FINANCIAL SERVICES EX-BANK; NIFTY INDIA FPI 150; NIFTY INSURANCE; NIFTY LARGEMIDCAP 250; NIFTY MIDCAP 150; NIFTY MIDSMALL FINANCIAL SERVICES; NIFTY MIDSMALLCAP 400; NIFTY MIDSMALLCAP400 50:50; NIFTY RURAL; NIFTY TOTAL MARKET; NIFTY500 EQUAL WEIGHT; NIFTY500 LARGEMIDSMALL EQUAL-CAP WEIGHTED; NIFTY500 LOW VOLATILITY 50; NIFTY500 MULTICAP 50:25:25,NIFTY FINANCIAL SERVICES,NSE quote API secInfo,0.9,
ind_nifty500,IDBI,IDBI Bank Ltd.,IDBI,IDBI Bank Limited,exact_symbol_match,INE008A01015,Listed,Financial Services,Financial Services,Banks,Private Sector Bank,Nifty 500,NIFTY 500; NIFTY MIDSMALLCAP 400; NIFTY MIDSMALLCAP400 50:50; NIFTY SMALLCAP 100; NIFTY SMALLCAP 250; NIFTY SMALLCAP 500; NIFTY TOTAL MARKET; NIFTY500 EQUAL WEIGHT; NIFTY500 LARGEMIDSMALL EQUAL-CAP WEIGHTED; NIFTY500 MULTICAP 50:25:25,NIFTY BANK,NSE quote API secInfo,0.9,
ind_nifty500,IDFCFIRSTB,IDFC First Bank Ltd.,IDFCFIRSTB,IDFC First Bank Limited,exact_symbol_match,INE092T01019,Listed,Financial Services,Financial Services,Banks,Private Sector Bank,Nifty Bank,NIFTY BANK; NIFTY MIDCAP 50; NIFTY 200; NIFTY 500; NIFTY HOUSING; NIFTY LARGEMIDCAP 250; NIFTY MIDCAP 100; NIFTY MIDCAP 150; NIFTY MIDCAP150 MOMENTUM 50; NIFTY MIDSMALL FINANCIAL SERVICES; NIFTY MIDSMALLCAP 400; NIFTY MIDSMALLCAP400 50:50; NIFTY PRIVATE BANK; NIFTY TOTAL MARKET; NIFTY500 EQUAL WEIGHT; NIFTY500 LARGEMIDSMALL EQUAL-CAP WEIGHTED; NIFTY500 MULTICAP 50:25:25,NIFTY BANK,NSE quote API secInfo,0.9,
ind_nifty500,IEX,Indian Energy Exchange Ltd.,IEX,Indian Energy Exchange Limited,exact_symbol_match,INE022Q01020,Listed,Financial Services,Financial Services,Capital Markets,Exchange and Data Platform,Nifty 500,NIFTY 500; NIFTY CAPITAL MARKETS; NIFTY MIDSMALL FINANCIAL SERVICES; NIFTY MIDSMALLCAP 400; NIFTY MIDSMALLCAP400 50:50; NIFTY MIDSMALLCAP400 MOMENTUM QUALITY 100; NIFTY SMALLCAP 250; NIFTY SMALLCAP 500; NIFTY SMALLCAP250 MOMENTUM QUALITY 100; NIFTY SMALLCAP250 QUALITY 50; NIFTY TOTAL MARKET; NIFTY500 EQUAL WEIGHT; NIFTY500 FLEXICAP QUALITY 30; NIFTY500 LARGEMIDSMALL EQUAL-CAP WEIGHTED; NIFTY500 MULTICAP 50:25:25; NIFTY500 MULTIFACTOR MQVLV 50; NIFTY500 QUALITY 50,NIFTY FINANCIAL SERVICES,NSE quote API secInfo,0.9,
ind_nifty500,IFCI,IFCI Ltd.,IFCI,IFCI Limited,exact_symbol_match,INE039A01010,Listed,Financial Services,Financial Services,Finance,Financial Institution,Nifty 500,NIFTY 500; NIFTY MIDSMALLCAP 400; NIFTY MIDSMALLCAP400 50:50; NIFTY SMALLCAP 100; NIFTY SMALLCAP 250; NIFTY SMALLCAP 500; NIFTY TOTAL MARKET; NIFTY500 EQUAL WEIGHT; NIFTY500 LARGEMIDSMALL EQUAL-CAP WEIGHTED; NIFTY500 MULTICAP 50:25:25,NIFTY FINANCIAL SERVICES,NSE quote API secInfo,0.9,
ind_nifty500,IGIL,International Gemological Institute Ltd.,IGIL,International Gemological Institute Limited,exact_symbol_match,INE0Q9301021,Listed,Services,Services,Commercial Services & Supplies,Diversified Commercial Services,Nifty 500,NIFTY 500; NIFTY COMMERCIAL & TRANSPORT SERVICES; NIFTY MIDSMALLCAP 400; NIFTY MIDSMALLCAP400 50:50; NIFTY SMALLCAP 250; NIFTY SMALLCAP 500; NIFTY TOTAL MARKET; NIFTY500 EQUAL WEIGHT; NIFTY500 LARGEMIDSMALL EQUAL-CAP WEIGHTED; NIFTY500 MULTICAP 50:25:25,-,NSE quote API secInfo,0.9,
nifty_500_shariah,IGL,Indraprastha Gas Ltd.,IGL,Indraprastha Gas Limited,exact_symbol_match,INE203G01027,Listed,Energy,Oil Gas & Consumable Fuels,Gas,LPG/CNG/PNG/LNG Supplier,Nifty 500,NIFTY 500; NIFTY ENERGY; NIFTY INDIA INFRASTRUCTURE & LOGISTICS; NIFTY MIDCAP150 MOMENTUM 50; NIFTY MIDCAP150 QUALITY 50; NIFTY MIDSMALLCAP 400; NIFTY MIDSMALLCAP400 50:50; NIFTY MIDSMALLCAP400 MOMENTUM QUALITY 100; NIFTY OIL & GAS; NIFTY SMALLCAP 100; NIFTY SMALLCAP 250; NIFTY SMALLCAP 50; NIFTY SMALLCAP 500; NIFTY TOTAL MARKET; NIFTY500 EQUAL WEIGHT; NIFTY500 LARGEMIDSMALL EQUAL-CAP WEIGHTED; NIFTY500 MULTICAP 50:25:25; NIFTY500 MULTICAP INFRASTRUCTURE 50:30:20; NIFTY500 SHARIAH,NIFTY 500,NSE quote API secInfo,0.9,
ind_nifty500,IIFL,IIFL Finance Ltd.,IIFL,IIFL Finance Limited,exact_symbol_match,INE530B01024,Listed,Financial Services,Financial Services,Finance,Non Banking Financial Company (NBFC),Nifty 500,NIFTY 500; NIFTY ALPHA 50; NIFTY HIGH BETA 50; NIFTY MIDSMALLCAP 400; NIFTY MIDSMALLCAP400 50:50; NIFTY NBFC; NIFTY SMALLCAP 100; NIFTY SMALLCAP 250; NIFTY SMALLCAP 50; NIFTY SMALLCAP 500; NIFTY SMALLCAP250 MOMENTUM QUALITY 100; NIFTY TOTAL MARKET; NIFTY500 EQUAL WEIGHT; NIFTY500 LARGEMIDSMALL EQUAL-CAP WEIGHTED; NIFTY500 MOMENTUM 50; NIFTY500 MULTICAP 50:25:25,NIFTY FINANCIAL SERVICES,NSE quote API secInfo,0.9,
ind_nifty500,IKS,Inventurus Knowledge Solutions Ltd.,IKS,Inventurus Knowledge Solutions Limited,exact_symbol_match,INE115Q01022,Listed,Information Technology,Information Technology,IT - Services,IT Enabled Services,Nifty 500,NIFTY 500; NIFTY INDIA DIGITAL; NIFTY MIDSMALLCAP 400; NIFTY MIDSMALLCAP400 50:50; NIFTY SMALLCAP 100; NIFTY SMALLCAP 250; NIFTY SMALLCAP 500; NIFTY TOTAL MARKET; NIFTY500 EQUAL WEIGHT; NIFTY500 LARGEMIDSMALL EQUAL-CAP WEIGHTED; NIFTY500 MULTICAP 50:25:25,-,NSE quote API secInfo,0.9,
ind_nifty500,INDGN,Indegene Ltd.,INDGN,Indegene Limited,exact_symbol_match,INE065X01017,Listed,Healthcare,Healthcare,Healthcare Services,Healthcare Research Analytics & Technology,Nifty 500,NIFTY 500; NIFTY MIDSMALLCAP 400; NIFTY MIDSMALLCAP400 50:50; NIFTY SMALLCAP 250; NIFTY SMALLCAP 500; NIFTY TOTAL MARKET; NIFTY500 EQUAL WEIGHT; NIFTY500 HEALTHCARE; NIFTY500 LARGEMIDSMALL EQUAL-CAP WEIGHTED; NIFTY500 MULTICAP 50:25:25,-,NSE quote API secInfo,0.9,
ind_nifty500,INDHOTEL,Indian Hotels Co. Ltd.,INDHOTEL,The Indian Hotels Company Limited,exact_symbol_match,INE053A01029,Listed,Consumer Discretionary,Consumer Services,Leisure Services,Hotels & Resorts,Nifty Next 50,NIFTY NEXT 50; NIFTY 100; NIFTY 200; NIFTY 500; NIFTY CONSUMER SERVICES; NIFTY INDIA CONSUMPTION; NIFTY INDIA CORPORATE GROUP INDEX - TATA GROUP; NIFTY INDIA CORPORATE GROUP INDEX - TATA GROUP 25% CAP; NIFTY INDIA FPI 150; NIFTY INDIA NEW AGE CONSUMPTION; NIFTY INDIA SELECT 5 CORPORATE GROUPS (MAATR); NIFTY INDIA TOURISM; NIFTY INFRASTRUCTURE; NIFTY LARGEMIDCAP 250; NIFTY NON-CYCLICAL CONSUMER; NIFTY TOTAL MARKET; NIFTY100 ENHANCED ESG; NIFTY100 EQUAL WEIGHT; NIFTY100 ESG; NIFTY500 EQUAL WEIGHT; NIFTY500 LARGEMIDSMALL EQUAL-CAP WEIGHTED; NIFTY500 MULTICAP 50:25:25; NIFTY500 MULTICAP INFRASTRUCTURE 50:30:20,NIFTY 500,NSE quote API secInfo,0.9,
ind_nifty500,INDIACEM,India Cements Ltd.,INDIACEM,The India Cements Limited,exact_symbol_match,INE383A01012,Listed,Commodities,Construction Materials,Cement & Cement Products,Cement & Cement Products,Nifty 500,NIFTY 500; NIFTY CEMENT; NIFTY INDIA CORPORATE GROUP INDEX - ADITYA BIRLA GROUP; NIFTY INDIA SELECT 5 CORPORATE GROUPS (MAATR); NIFTY MIDSMALLCAP 400; NIFTY MIDSMALLCAP400 50:50; NIFTY SMALLCAP 250; NIFTY SMALLCAP 500; NIFTY TOTAL MARKET; NIFTY500 EQUAL WEIGHT; NIFTY500 LARGEMIDSMALL EQUAL-CAP WEIGHTED; NIFTY500 MULTICAP 50:25:25,NIFTY COMMODITIES,NSE quote API secInfo,0.9,
ind_nifty500,INDIAMART,Indiamart Intermesh Ltd.,INDIAMART,Indiamart Intermesh Limited,exact_symbol_match,INE933S01016,Listed,Consumer Discretionary,Consumer Services,Retailing,Internet & Catalogue Retail,Nifty 500,NIFTY 500; NIFTY CONSUMER SERVICES; NIFTY INDIA DIGITAL; NIFTY INDIA INTERNET; NIFTY INDIA NEW AGE CONSUMPTION; NIFTY MIDSMALLCAP 400; NIFTY MIDSMALLCAP400 50:50; NIFTY MIDSMALLCAP400 MOMENTUM QUALITY 100; NIFTY RETAIL; NIFTY SMALLCAP 250; NIFTY SMALLCAP 500; NIFTY SMALLCAP250 MOMENTUM QUALITY 100; NIFTY SMALLCAP250 QUALITY 50; NIFTY TOTAL MARKET; NIFTY500 EQUAL WEIGHT; NIFTY500 LARGEMIDSMALL EQUAL-CAP WEIGHTED; NIFTY500 MULTICAP 50:25:25; NIFTY500 MULTICAP MOMENTUM QUALITY 50; NIFTY500 QUALITY 50,-,NSE quote API secInfo,0.9,
ind_nifty500,INDIANB,Indian Bank,INDIANB,Indian Bank,exact_symbol_match,INE562A01011,Listed,Financial Services,Financial Services,Banks,Public Sector Bank,Nifty 200,NIFTY 200; NIFTY 500; NIFTY ALPHA 50; NIFTY DIVIDEND OPPORTUNITIES 50; NIFTY HOUSING; NIFTY LARGEMIDCAP 250; NIFTY MIDCAP 100; NIFTY MIDCAP 150; NIFTY MIDCAP SELECT; NIFTY MIDCAP150 MOMENTUM 50; NIFTY MIDSMALL FINANCIAL SERVICES; NIFTY MIDSMALLCAP 400; NIFTY MIDSMALLCAP400 50:50; NIFTY MIDSMALLCAP400 MOMENTUM QUALITY 100; NIFTY PSU BANK; NIFTY RURAL; NIFTY TOTAL MARKET; NIFTY TOTAL MARKET MOMENTUM QUALITY 50; NIFTY200 ALPHA 30; NIFTY200 MOMENTUM 30; NIFTY200 VALUE 30; NIFTY500 EQUAL WEIGHT; NIFTY500 LARGEMIDSMALL EQUAL-CAP WEIGHTED; NIFTY500 MOMENTUM 50; NIFTY500 MULTICAP 50:25:25; NIFTY500 MULTIFACTOR MQVLV 50; NIFTY500 VALUE 50,NIFTY BANK,NSE quote API secInfo,0.9,
ind_nifty500,INDIGO,InterGlobe Aviation Ltd.,INDIGO,InterGlobe Aviation Limited,exact_symbol_match,INE646L01027,Listed,Services,Services,Transport Services,Airline,Nifty 50,NIFTY 50; NIFTY 100; NIFTY 200; NIFTY 500; NIFTY COMMERCIAL & TRANSPORT SERVICES; NIFTY INDIA CONSUMPTION; NIFTY INDIA FPI 150; NIFTY INDIA INFRASTRUCTURE & LOGISTICS; NIFTY INDIA NEW AGE CONSUMPTION; NIFTY INDIA TOURISM; NIFTY INFRASTRUCTURE; NIFTY LARGEMIDCAP 250; NIFTY MOBILITY; NIFTY NON-CYCLICAL CONSUMER; NIFTY SERVICES SECTOR; NIFTY TOTAL MARKET; NIFTY TRANSPORTATION & LOGISTICS; NIFTY100 EQUAL WEIGHT; NIFTY100 LIQUID 15; NIFTY200 MOMENTUM 30; NIFTY50 EQUAL WEIGHT; NIFTY500 EQUAL WEIGHT; NIFTY500 LARGEMIDSMALL EQUAL-CAP WEIGHTED; NIFTY500 MOMENTUM 50; NIFTY500 MULTICAP 50:25:25; NIFTY500 MULTICAP INFRASTRUCTURE 50:30:20,-,NSE quote API secInfo,0.9,
ind_nifty500,INDUSINDBK,IndusInd Bank Ltd.,INDUSINDBK,IndusInd Bank Limited,exact_symbol_match,INE095A01012,Listed,Financial Services,Financial Services,Banks,Private Sector Bank,Nifty Bank,NIFTY BANK; NIFTY MIDCAP 50; NIFTY 200; NIFTY 500; NIFTY HOUSING; NIFTY INDIA FPI 150; NIFTY LARGEMIDCAP 250; NIFTY MIDCAP 100; NIFTY MIDCAP 150; NIFTY MIDCAP LIQUID 15; NIFTY MIDCAP SELECT; NIFTY MIDSMALL FINANCIAL SERVICES; NIFTY MIDSMALLCAP 400; NIFTY MIDSMALLCAP400 50:50; NIFTY PRIVATE BANK; NIFTY SERVICES SECTOR; NIFTY TOTAL MARKET; NIFTY200 VALUE 30; NIFTY500 EQUAL WEIGHT; NIFTY500 LARGEMIDSMALL EQUAL-CAP WEIGHTED; NIFTY500 MULTICAP 50:25:25; NIFTY500 VALUE 50,NIFTY BANK,NSE quote API secInfo,0.9,
nifty_500_shariah,INDUSTOWER,Indus Towers Ltd.,INDUSTOWER,Indus Towers Limited,exact_symbol_match,INE121J01017,Listed,Telecommunication,Telecommunication,Telecom - Services,Telecom - Infrastructure,Nifty Midcap 50,NIFTY MIDCAP 50; NIFTY 200; NIFTY 500; NIFTY INDIA FPI 150; NIFTY INDIA INFRASTRUCTURE & LOGISTICS; NIFTY INFRASTRUCTURE; NIFTY LARGEMIDCAP 250; NIFTY MIDCAP 100; NIFTY MIDCAP 150; NIFTY MIDCAP LIQUID 15; NIFTY MIDCAP SELECT; NIFTY MIDCAP150 MOMENTUM 50; NIFTY MIDSMALL IT & TELECOM; NIFTY MIDSMALLCAP 400; NIFTY MIDSMALLCAP400 50:50; NIFTY MIDSMALLCAP400 MOMENTUM QUALITY 100; NIFTY TOTAL MARKET; NIFTY500 EQUAL WEIGHT; NIFTY500 LARGEMIDSMALL EQUAL-CAP WEIGHTED; NIFTY500 MULTICAP 50:25:25; NIFTY500 MULTICAP INFRASTRUCTURE 50:30:20; NIFTY500 SHARIAH,-,NSE quote API secInfo,0.9,
nifty_50_shariah,INFY,INFOSYS LTD.,INFY,Infosys Limited,exact_symbol_match,INE009A01021,Listed,Information Technology,Information Technology,IT - Software,Computers - Software & Consulting,Nifty 50,NIFTY 50; NIFTY 100; NIFTY 200; NIFTY 500; NIFTY ALPHA QUALITY VALUE LOW-VOLATILITY 30; NIFTY DIVIDEND OPPORTUNITIES 50; NIFTY GROWTH SECTORS 15; NIFTY INDIA DIGITAL; NIFTY INDIA FPI 150; NIFTY IT; NIFTY LARGEMIDCAP 250; NIFTY LOW VOLATILITY 50; NIFTY QUALITY LOW-VOLATILITY 30; NIFTY SERVICES SECTOR; NIFTY TOP 10 EQUAL WEIGHT; NIFTY TOP 15 EQUAL WEIGHT; NIFTY TOP 20 EQUAL WEIGHT; NIFTY TOTAL MARKET; NIFTY100 ENHANCED ESG; NIFTY100 EQUAL WEIGHT; NIFTY100 ESG; NIFTY100 ESG SECTOR LEADERS; NIFTY100 LOW VOLATILITY 30; NIFTY100 QUALITY 30; NIFTY200 QUALITY 30; NIFTY50 EQUAL WEIGHT; NIFTY50 SHARIAH; NIFTY50 VALUE 20; NIFTY500 EQUAL WEIGHT; NIFTY500 FLEXICAP QUALITY 30; NIFTY500 LARGEMIDSMALL EQUAL-CAP WEIGHTED; NIFTY500 MULTICAP 50:25:25; NIFTY500 SHARIAH,NIFTY IT,NSE quote API secInfo,0.9,
nifty_500_shariah,INOXWIND,Inox Wind Ltd.,INOXWIND,Inox Wind Limited,exact_symbol_match,INE066P01011,Listed,Industrials,Capital Goods,Electrical Equipment,Heavy Electrical Equipment,Nifty 500,NIFTY 500; NIFTY ENERGY; NIFTY HIGH BETA 50; NIFTY INDIA INFRASTRUCTURE & LOGISTICS; NIFTY MIDSMALLCAP 400; NIFTY MIDSMALLCAP400 50:50; NIFTY SMALLCAP 100; NIFTY SMALLCAP 250; NIFTY SMALLCAP 50; NIFTY SMALLCAP 500; NIFTY TOTAL MARKET; NIFTY500 EQUAL WEIGHT; NIFTY500 LARGEMIDSMALL EQUAL-CAP WEIGHTED; NIFTY500 MULTICAP 50:25:25; NIFTY500 MULTICAP INDIA MANUFACTURING 50:30:20; NIFTY500 MULTICAP INFRASTRUCTURE 50:30:20; NIFTY500 SHARIAH,NIFTY INFRASTRUCTURE,NSE quote API secInfo,0.9,
ind_nifty500,INTELLECT,Intellect Design Arena Ltd.,INTELLECT,Intellect Design Arena Limited,exact_symbol_match,INE306R01017,Listed,Information Technology,Information Technology,IT - Software,Computers - Software & Consulting,Nifty 500,NIFTY 500; NIFTY INDIA DIGITAL; NIFTY MIDSMALL IT & TELECOM; NIFTY MIDSMALLCAP 400; NIFTY MIDSMALLCAP400 50:50; NIFTY MIDSMALLCAP400 MOMENTUM QUALITY 100; NIFTY SMALLCAP 250; NIFTY SMALLCAP 500; NIFTY SMALLCAP250 MOMENTUM QUALITY 100; NIFTY TOTAL MARKET; NIFTY500 EQUAL WEIGHT; NIFTY500 LARGEMIDSMALL EQUAL-CAP WEIGHTED; NIFTY500 MULTICAP 50:25:25; NIFTY500 MULTICAP MOMENTUM QUALITY 50,NIFTY IT,NSE quote API secInfo,0.9,
ind_nifty500,IOB,Indian Overseas Bank,IOB,Indian Overseas Bank,exact_symbol_match,INE565A01014,Listed,Financial Services,Financial Services,Banks,Public Sector Bank,Nifty 500,NIFTY 500; NIFTY MIDSMALLCAP 400; NIFTY MIDSMALLCAP400 50:50; NIFTY PSU BANK; NIFTY SMALLCAP 250; NIFTY SMALLCAP 500; NIFTY TOTAL MARKET; NIFTY500 EQUAL WEIGHT; NIFTY500 LARGEMIDSMALL EQUAL-CAP WEIGHTED; NIFTY500 MULTICAP 50:25:25,NIFTY BANK,NSE quote API secInfo,0.9,
ind_nifty500,IOC,Indian Oil Corporation Ltd.,IOC,Indian Oil Corporation Limited,exact_symbol_match,INE242A01010,Listed,Energy,Oil Gas & Consumable Fuels,Petroleum Products,Refineries & Marketing,Nifty Next 50,NIFTY NEXT 50; NIFTY 100; NIFTY 200; NIFTY 500; NIFTY COMMODITIES; NIFTY DIVIDEND OPPORTUNITIES 50; NIFTY ENERGY; NIFTY INDIA FPI 150; NIFTY INDIA MANUFACTURING; NIFTY INFRASTRUCTURE; NIFTY LARGEMIDCAP 250; NIFTY MOBILITY; NIFTY OIL & GAS; NIFTY PSE; NIFTY TOTAL MARKET; NIFTY100 ALPHA 30; NIFTY100 ENHANCED ESG; NIFTY100 EQUAL WEIGHT; NIFTY100 ESG; NIFTY100 ESG SECTOR LEADERS; NIFTY200 VALUE 30; NIFTY500 EQUAL WEIGHT; NIFTY500 LARGEMIDSMALL EQUAL-CAP WEIGHTED; NIFTY500 LOW VOLATILITY 50; NIFTY500 MULTICAP 50:25:25; NIFTY500 MULTIFACTOR MQVLV 50; NIFTY500 VALUE 50,NIFTY 500,NSE quote API secInfo,0.9,
nifty_500_shariah,IPCALAB,Ipca Laboratories Ltd.,IPCALAB,IPCA Laboratories Limited,exact_symbol_match,INE571A01038,Listed,Healthcare,Healthcare,Pharmaceuticals & Biotechnology,Pharmaceuticals,Nifty 500,NIFTY 500; NIFTY HEALTHCARE INDEX; NIFTY LARGEMIDCAP 250; NIFTY MIDCAP 150; NIFTY MIDSMALL HEALTHCARE; NIFTY MIDSMALLCAP 400; NIFTY MIDSMALLCAP400 50:50; NIFTY PHARMA; NIFTY TOTAL MARKET; NIFTY500 EQUAL WEIGHT; NIFTY500 HEALTHCARE; NIFTY500 LARGEMIDSMALL EQUAL-CAP WEIGHTED; NIFTY500 MULTICAP 50:25:25; NIFTY500 SHARIAH,NIFTY PHARMA,NSE quote API secInfo,0.9,
ind_nifty500,IRB,IRB Infrastructure Developers Ltd.,IRB,IRB Infrastructure Developers Limited,exact_symbol_match,INE821I01022,Listed,Industrials,Construction,Construction,Civil Construction,Nifty 500,NIFTY 500; NIFTY CONSTRUCTION; NIFTY INDIA INFRASTRUCTURE & LOGISTICS; NIFTY MIDSMALLCAP 400; NIFTY MIDSMALLCAP400 50:50; NIFTY SMALLCAP 250; NIFTY SMALLCAP 500; NIFTY TOTAL MARKET; NIFTY500 EQUAL WEIGHT; NIFTY500 LARGEMIDSMALL EQUAL-CAP WEIGHTED; NIFTY500 MULTICAP 50:25:25; NIFTY500 VALUE 50,NIFTY INFRASTRUCTURE,NSE quote API secInfo,0.9,
ind_nifty500,IRCON,IRCON International Ltd.,IRCON,Ircon International Limited,exact_symbol_match,INE962Y01021,Listed,Industrials,Construction,Construction,Civil Construction,Nifty 500,NIFTY 500; NIFTY CONSTRUCTION; NIFTY INDIA INFRASTRUCTURE & LOGISTICS; NIFTY INDIA RAILWAYS PSU; NIFTY MIDSMALLCAP 400; NIFTY MIDSMALLCAP400 50:50; NIFTY SMALLCAP 100; NIFTY SMALLCAP 250; NIFTY SMALLCAP 500; NIFTY SMALLCAP250 MOMENTUM QUALITY 100; NIFTY TOTAL MARKET; NIFTY500 EQUAL WEIGHT; NIFTY500 LARGEMIDSMALL EQUAL-CAP WEIGHTED; NIFTY500 MULTICAP 50:25:25,NIFTY INFRASTRUCTURE,NSE quote API secInfo,0.9,
ind_nifty500,IRCTC,Indian Railway Catering And Tourism Corporation Ltd.,IRCTC,Indian Railway Catering And Tourism Corporation Limited,exact_symbol_match,INE335Y01020,Listed,Consumer Discretionary,Consumer Services,Leisure Services,Tour Travel Related Services,Nifty 200,NIFTY 200; NIFTY 500; NIFTY CONSUMER SERVICES; NIFTY INDIA DIGITAL; NIFTY INDIA INTERNET; NIFTY INDIA NEW AGE CONSUMPTION; NIFTY INDIA RAILWAYS PSU; NIFTY INDIA TOURISM; NIFTY LARGEMIDCAP 250; NIFTY MIDCAP 100; NIFTY MIDCAP 150; NIFTY MIDCAP150 QUALITY 50; NIFTY MIDSMALL INDIA CONSUMPTION; NIFTY MIDSMALLCAP 400; NIFTY MIDSMALLCAP400 50:50; NIFTY MOBILITY; NIFTY NON-CYCLICAL CONSUMER; NIFTY PSE; NIFTY QUALITY LOW-VOLATILITY 30; NIFTY RURAL; NIFTY TOTAL MARKET; NIFTY TRANSPORTATION & LOGISTICS; NIFTY200 QUALITY 30; NIFTY500 EQUAL WEIGHT; NIFTY500 LARGEMIDSMALL EQUAL-CAP WEIGHTED; NIFTY500 LOW VOLATILITY 50; NIFTY500 MULTICAP 50:25:25; NIFTY500 MULTIFACTOR MQVLV 50; NIFTY500 QUALITY 50,-,NSE quote API secInfo,0.9,
ind_nifty500,IREDA,Indian Renewable Energy Development Agency Ltd.,IREDA,Indian Renewable Energy Development Agency Limited,exact_symbol_match,INE202E01016,Listed,Financial Services,Financial Services,Finance,Financial Institution,Nifty 200,NIFTY 200; NIFTY 500; NIFTY HIGH BETA 50; NIFTY LARGEMIDCAP 250; NIFTY MIDCAP 100; NIFTY MIDCAP 150; NIFTY MIDSMALLCAP 400; NIFTY MIDSMALLCAP400 50:50; NIFTY TOTAL MARKET; NIFTY500 EQUAL WEIGHT; NIFTY500 LARGEMIDSMALL EQUAL-CAP WEIGHTED; NIFTY500 MULTICAP 50:25:25,-,NSE quote API secInfo,0.9,
ind_nifty500,IRFC,Indian Railway Finance Corporation Ltd.,IRFC,Indian Railway Finance Corporation Limited,exact_symbol_match,INE053F01010,Listed,Financial Services,Financial Services,Finance,Financial Institution,Nifty Next 50,NIFTY NEXT 50; NIFTY 100; NIFTY 200; NIFTY 500; NIFTY DIVIDEND OPPORTUNITIES 50; NIFTY FINANCIAL SERVICES EX-BANK; NIFTY HIGH BETA 50; NIFTY INDIA FPI 150; NIFTY INDIA RAILWAYS PSU; NIFTY LARGEMIDCAP 250; NIFTY PSE; NIFTY TOTAL MARKET; NIFTY100 ENHANCED ESG; NIFTY100 EQUAL WEIGHT; NIFTY100 ESG; NIFTY500 EQUAL WEIGHT; NIFTY500 LARGEMIDSMALL EQUAL-CAP WEIGHTED; NIFTY500 MULTICAP 50:25:25,-,NSE quote API secInfo,0.9,
ind_nifty500,ITC,ITC Ltd.,ITC,ITC Limited,exact_symbol_match,INE154A01025,Listed,Fast Moving Consumer Goods,Fast Moving Consumer Goods,Diversified FMCG,Diversified FMCG,Nifty 50,NIFTY 50; NIFTY 100; NIFTY 200; NIFTY 500; NIFTY ALPHA QUALITY LOW-VOLATILITY 30; NIFTY ALPHA QUALITY VALUE LOW-VOLATILITY 30; NIFTY DIVIDEND OPPORTUNITIES 50; NIFTY FMCG; NIFTY INDIA CONSUMPTION; NIFTY INDIA FPI 150; NIFTY LARGEMIDCAP 250; NIFTY LOW VOLATILITY 50; NIFTY NON-CYCLICAL CONSUMER; NIFTY QUALITY LOW-VOLATILITY 30; NIFTY RURAL; NIFTY TOP 10 EQUAL WEIGHT; NIFTY TOP 15 EQUAL WEIGHT; NIFTY TOP 20 EQUAL WEIGHT; NIFTY TOTAL MARKET; NIFTY100 EQUAL WEIGHT; NIFTY100 LOW VOLATILITY 30; NIFTY100 QUALITY 30; NIFTY200 QUALITY 30; NIFTY50 EQUAL WEIGHT; NIFTY50 VALUE 20; NIFTY500 EQUAL WEIGHT; NIFTY500 FLEXICAP QUALITY 30; NIFTY500 LARGEMIDSMALL EQUAL-CAP WEIGHTED; NIFTY500 MULTICAP 50:25:25,NIFTY 500,NSE quote API secInfo,0.9,
ind_nifty500,ITCHOTELS,ITC Hotels Ltd.,ITCHOTELS,ITC Hotels Limited,exact_symbol_match,INE379A01028,Listed,Consumer Discretionary,Consumer Services,Leisure Services,Hotels & Resorts,Nifty 500,NIFTY 500; NIFTY CONSUMER SERVICES; NIFTY INDIA NEW AGE CONSUMPTION; NIFTY INDIA TOURISM; NIFTY LARGEMIDCAP 250; NIFTY MIDCAP 150; NIFTY MIDSMALL INDIA CONSUMPTION; NIFTY MIDSMALLCAP 400; NIFTY MIDSMALLCAP400 50:50; NIFTY TOTAL MARKET; NIFTY500 EQUAL WEIGHT; NIFTY500 LARGEMIDSMALL EQUAL-CAP WEIGHTED; NIFTY500 MULTICAP 50:25:25,-,NSE quote API secInfo,0.9,
nifty_500_shariah,ITI,ITI Ltd.,ITI,ITI Limited,exact_symbol_match,INE248A01017,Listed,Telecommunication,Telecommunication,Telecom - Equipment & Accessories,Telecom - Equipment & Accessories,Nifty 500,NIFTY 500; NIFTY INDIA DIGITAL; NIFTY INDIA RAILWAYS PSU; NIFTY MIDSMALLCAP 400; NIFTY MIDSMALLCAP400 50:50; NIFTY SMALLCAP 100; NIFTY SMALLCAP 250; NIFTY SMALLCAP 500; NIFTY TOTAL MARKET; NIFTY500 EQUAL WEIGHT; NIFTY500 LARGEMIDSMALL EQUAL-CAP WEIGHTED; NIFTY500 MULTICAP 50:25:25; NIFTY500 SHARIAH,-,NSE quote API secInfo,0.9,
ind_nifty500,J&KBANK,Jammu & Kashmir Bank Ltd.,J&KBANK,The Jammu & Kashmir Bank Limited,exact_symbol_match,INE168A01041,Listed,Financial Services,Financial Services,Banks,Private Sector Bank,Nifty 500,NIFTY 500; NIFTY MIDSMALLCAP 400; NIFTY MIDSMALLCAP400 50:50; NIFTY SMALLCAP 250; NIFTY SMALLCAP 500; NIFTY SMALLCAP250 MOMENTUM QUALITY 100; NIFTY TOTAL MARKET; NIFTY500 EQUAL WEIGHT; NIFTY500 LARGEMIDSMALL EQUAL-CAP WEIGHTED; NIFTY500 MULTICAP 50:25:25,NIFTY BANK,NSE quote API secInfo,0.9,
ind_nifty500,JAINREC,Jain Resource Recycling Ltd.,JAINREC,Jain Resource Recycling Limited,exact_symbol_match,INE0YD401026,Listed,Commodities,Metals & Mining,Diversified Metals,Diversified Metals,Nifty 500,NIFTY 500; NIFTY IPO; NIFTY MIDSMALLCAP 400; NIFTY MIDSMALLCAP400 50:50; NIFTY SMALLCAP 250; NIFTY SMALLCAP 500; NIFTY TOTAL MARKET; NIFTY500 EQUAL WEIGHT; NIFTY500 LARGEMIDSMALL EQUAL-CAP WEIGHTED; NIFTY500 MULTICAP 50:25:25,-,NSE quote API secInfo,0.9,
nifty_500_shariah,JBCHEPHARM,J B Chemicals & Pharmaceuticals Ltd.,JBCHEPHARM,JB Chemicals & Pharmaceuticals Limited,exact_symbol_match,INE572A01036,Listed,Healthcare,Healthcare,Pharmaceuticals & Biotechnology,Pharmaceuticals,Nifty 500,NIFTY 500; NIFTY MIDSMALL HEALTHCARE; NIFTY MIDSMALLCAP 400; NIFTY MIDSMALLCAP400 50:50; NIFTY PHARMA; NIFTY SMALLCAP 250; NIFTY SMALLCAP 500; NIFTY SMALLCAP250 QUALITY 50; NIFTY TOTAL MARKET; NIFTY500 EQUAL WEIGHT; NIFTY500 FLEXICAP QUALITY 30; NIFTY500 HEALTHCARE; NIFTY500 LARGEMIDSMALL EQUAL-CAP WEIGHTED; NIFTY500 MULTICAP 50:25:25; NIFTY500 MULTICAP INDIA MANUFACTURING 50:30:20; NIFTY500 SHARIAH,NIFTY PHARMA,NSE quote API secInfo,0.9,
ind_nifty500,JBMA,JBM Auto Ltd.,JBMA,JBM Auto Limited,exact_symbol_match,INE927D01051,Listed,Consumer Discretionary,Automobile and Auto Components,Auto Components,Auto Components & Equipments,Nifty 500,NIFTY 500; NIFTY EV & NEW AGE AUTOMOTIVE; NIFTY MIDSMALLCAP 400; NIFTY MIDSMALLCAP400 50:50; NIFTY SMALLCAP 100; NIFTY SMALLCAP 250; NIFTY SMALLCAP 500; NIFTY TOTAL MARKET; NIFTY500 EQUAL WEIGHT; NIFTY500 LARGEMIDSMALL EQUAL-CAP WEIGHTED; NIFTY500 MULTICAP 50:25:25,NIFTY AUTO,NSE quote API secInfo,0.9,
nifty_500_shariah,JINDALSAW,Jindal Saw Ltd.,JINDALSAW,Jindal Saw Limited,exact_symbol_match,INE324A01032,Listed,Industrials,Capital Goods,Industrial Products,Iron & Steel Products,Nifty 500,NIFTY 500; NIFTY MIDSMALLCAP 400; NIFTY MIDSMALLCAP400 50:50; NIFTY SMALLCAP 250; NIFTY SMALLCAP 500; NIFTY SMALLCAP250 MOMENTUM QUALITY 100; NIFTY TOTAL MARKET; NIFTY500 EQUAL WEIGHT; NIFTY500 LARGEMIDSMALL EQUAL-CAP WEIGHTED; NIFTY500 MULTICAP 50:25:25; NIFTY500 SHARIAH,NIFTY METAL,NSE quote API secInfo,0.9,
nifty_500_shariah,JINDALSTEL,Jindal Steel Ltd.,JINDALSTEL,JINDAL STEEL LIMITED,exact_symbol_match,INE749A01030,Listed,Commodities,Metals & Mining,Ferrous Metals,Iron & Steel,Nifty Next 50,NIFTY NEXT 50; NIFTY 100; NIFTY 200; NIFTY 500; NIFTY COMMODITIES; NIFTY CONGLOMERATE 50; NIFTY HOUSING; NIFTY INDIA FPI 150; NIFTY INDIA MANUFACTURING; NIFTY LARGEMIDCAP 250; NIFTY METAL; NIFTY TOTAL MARKET; NIFTY100 EQUAL WEIGHT; NIFTY100 ESG; NIFTY500 EQUAL WEIGHT; NIFTY500 LARGEMIDSMALL EQUAL-CAP WEIGHTED; NIFTY500 MULTICAP 50:25:25; NIFTY500 SHARIAH,NIFTY 500,NSE quote API secInfo,0.9,
ind_nifty500,JIOFIN,Jio Financial Services Ltd.,JIOFIN,Jio Financial Services Limited,exact_symbol_match,INE758E01017,Listed,Financial Services,Financial Services,Finance,Investment Company,Nifty 50,NIFTY 50; NIFTY FINANCIAL SERVICES; NIFTY 100; NIFTY 200; NIFTY 500; NIFTY FINANCIAL SERVICES 25/50; NIFTY FINANCIAL SERVICES EX-BANK; NIFTY HIGH BETA 50; NIFTY INDIA FPI 150; NIFTY INDIA SELECT 5 CORPORATE GROUPS (MAATR); NIFTY LARGEMIDCAP 250; NIFTY SERVICES SECTOR; NIFTY TOTAL MARKET; NIFTY100 ENHANCED ESG; NIFTY100 EQUAL WEIGHT; NIFTY100 ESG; NIFTY100 ESG SECTOR LEADERS; NIFTY50 EQUAL WEIGHT; NIFTY500 EQUAL WEIGHT; NIFTY500 LARGEMIDSMALL EQUAL-CAP WEIGHTED; NIFTY500 MULTICAP 50:25:25,-,NSE quote API secInfo,0.9,
ind_nifty500,JKCEMENT,J.K. Cement Ltd.,JKCEMENT,JK Cement Limited,exact_symbol_match,INE823G01014,Listed,Commodities,Construction Materials,Cement & Cement Products,Cement & Cement Products,Nifty 500,NIFTY 500; NIFTY CEMENT; NIFTY CORE HOUSING; NIFTY HOUSING; NIFTY INDIA INFRASTRUCTURE & LOGISTICS; NIFTY LARGEMIDCAP 250; NIFTY MIDCAP 150; NIFTY MIDCAP150 MOMENTUM 50; NIFTY MIDSMALLCAP 400; NIFTY MIDSMALLCAP400 50:50; NIFTY RURAL; NIFTY TOTAL MARKET; NIFTY500 EQUAL WEIGHT; NIFTY500 LARGEMIDSMALL EQUAL-CAP WEIGHTED; NIFTY500 MULTICAP 50:25:25,NIFTY COMMODITIES,NSE quote API secInfo,0.9,
ind_nifty500,JKTYRE,JK Tyre & Industries Ltd.,JKTYRE,JK Tyre & Industries Limited,exact_symbol_match,INE573A01042,Listed,Consumer Discretionary,Automobile and Auto Components,Auto Components,Tyres & Rubber Products,Nifty 500,NIFTY 500; NIFTY MIDSMALLCAP 400; NIFTY MIDSMALLCAP400 50:50; NIFTY SMALLCAP 250; NIFTY SMALLCAP 500; NIFTY TOTAL MARKET; NIFTY500 EQUAL WEIGHT; NIFTY500 LARGEMIDSMALL EQUAL-CAP WEIGHTED; NIFTY500 MULTICAP 50:25:25,NIFTY AUTO,NSE quote API secInfo,0.9,
ind_nifty500,JMFINANCIL,JM Financial Ltd.,JMFINANCIL,JM Financial Limited,exact_symbol_match,INE780C01023,Listed,Financial Services,Financial Services,Finance,Holding Company,Nifty 500,NIFTY 500; NIFTY MIDSMALLCAP 400; NIFTY MIDSMALLCAP400 50:50; NIFTY SMALLCAP 100; NIFTY SMALLCAP 250; NIFTY SMALLCAP 500; NIFTY TOTAL MARKET; NIFTY500 EQUAL WEIGHT; NIFTY500 LARGEMIDSMALL EQUAL-CAP WEIGHTED; NIFTY500 MULTICAP 50:25:25,NIFTY FINANCIAL SERVICES,NSE quote API secInfo,0.9,
ind_nifty500,JPPOWER,Jaiprakash Power Ventures Ltd.,JPPOWER,Jaiprakash Power Ventures Limited,exact_symbol_match,INE351F01018,Listed,Utilities,Power,Power,Power Generation,Nifty 500,NIFTY 500; NIFTY ENERGY; NIFTY INDIA INFRASTRUCTURE & LOGISTICS; NIFTY MIDSMALLCAP 400; NIFTY MIDSMALLCAP400 50:50; NIFTY POWER; NIFTY SMALLCAP 250; NIFTY SMALLCAP 500; NIFTY TOTAL MARKET; NIFTY500 EQUAL WEIGHT; NIFTY500 LARGEMIDSMALL EQUAL-CAP WEIGHTED; NIFTY500 MULTICAP 50:25:25; NIFTY500 MULTICAP INFRASTRUCTURE 50:30:20,NIFTY INFRASTRUCTURE,NSE quote API secInfo,0.9,
nifty_500_shariah,JSL,Jindal Stainless Ltd.,JSL,Jindal Stainless Limited,exact_symbol_match,INE220G01021,Listed,Commodities,Metals & Mining,Ferrous Metals,Iron & Steel,Nifty 500,NIFTY 500; NIFTY CONGLOMERATE 50; NIFTY HOUSING; NIFTY LARGEMIDCAP 250; NIFTY METAL; NIFTY MIDCAP 150; NIFTY MIDCAP150 MOMENTUM 50; NIFTY MIDSMALLCAP 400; NIFTY MIDSMALLCAP400 50:50; NIFTY TOTAL MARKET; NIFTY500 EQUAL WEIGHT; NIFTY500 LARGEMIDSMALL EQUAL-CAP WEIGHTED; NIFTY500 MULTICAP 50:25:25; NIFTY500 SHARIAH,NIFTY METAL,NSE quote API secInfo,0.9,
ind_nifty500,JSWCEMENT,JSW Cement Ltd.,JSWCEMENT,JSW Cement Limited,exact_symbol_match,INE718I01012,Listed,Commodities,Construction Materials,Cement & Cement Products,Cement & Cement Products,Nifty 500,NIFTY 500; NIFTY CEMENT; NIFTY IPO; NIFTY MIDSMALLCAP 400; NIFTY MIDSMALLCAP400 50:50; NIFTY SMALLCAP 100; NIFTY SMALLCAP 250; NIFTY SMALLCAP 500; NIFTY TOTAL MARKET; NIFTY500 EQUAL WEIGHT; NIFTY500 LARGEMIDSMALL EQUAL-CAP WEIGHTED; NIFTY500 MULTICAP 50:25:25,-,NSE quote API secInfo,0.9,
ind_nifty500,JSWDULUX,JSW Dulux Ltd.,JSWDULUX,JSW Dulux Limited,exact_symbol_match,INE133A01011,Listed,Consumer Discretionary,Consumer Durables,Consumer Durables,Paints,Nifty 500,NIFTY 500; NIFTY MIDSMALLCAP 400; NIFTY MIDSMALLCAP400 50:50; NIFTY MIDSMALLCAP400 MOMENTUM QUALITY 100; NIFTY SMALLCAP 250; NIFTY SMALLCAP 500; NIFTY SMALLCAP250 MOMENTUM QUALITY 100; NIFTY SMALLCAP250 QUALITY 50; NIFTY TOTAL MARKET; NIFTY500 EQUAL WEIGHT; NIFTY500 LARGEMIDSMALL EQUAL-CAP WEIGHTED; NIFTY500 MULTICAP 50:25:25; NIFTY500 SHARIAH,-,NSE quote API secInfo,0.9,
ind_nifty500,JSWENERGY,JSW Energy Ltd.,JSWENERGY,JSW Energy Limited,exact_symbol_match,INE121E01018,Listed,Utilities,Power,Power,Power Generation,Nifty 200,NIFTY 200; NIFTY 500; NIFTY COMMODITIES; NIFTY CONGLOMERATE 50; NIFTY ENERGY; NIFTY HIGH BETA 50; NIFTY HOUSING; NIFTY INDIA FPI 150; NIFTY INDIA INFRASTRUCTURE & LOGISTICS; NIFTY LARGEMIDCAP 250; NIFTY MIDCAP 100; NIFTY MIDCAP 150; NIFTY MIDSMALLCAP 400; NIFTY MIDSMALLCAP400 50:50; NIFTY POWER; NIFTY RURAL; NIFTY TOTAL MARKET; NIFTY100 ENHANCED ESG; NIFTY100 ESG; NIFTY100 ESG SECTOR LEADERS; NIFTY500 EQUAL WEIGHT; NIFTY500 LARGEMIDSMALL EQUAL-CAP WEIGHTED; NIFTY500 MULTICAP 50:25:25; NIFTY500 MULTICAP INFRASTRUCTURE 50:30:20,NIFTY INFRASTRUCTURE,NSE quote API secInfo,0.9,
ind_nifty500,JSWINFRA,JSW Infrastructure Ltd.,JSWINFRA,JSW Infrastructure Limited,exact_symbol_match,INE880J01026,Listed,Services,Services,Transport Infrastructure,Port & Port services,Nifty 500,NIFTY 500; NIFTY COMMERCIAL & TRANSPORT SERVICES; NIFTY CONGLOMERATE 50; NIFTY INDIA INFRASTRUCTURE & LOGISTICS; NIFTY LARGEMIDCAP 250; NIFTY MIDCAP 150; NIFTY MIDSMALLCAP 400; NIFTY MIDSMALLCAP400 50:50; NIFTY TOTAL MARKET; NIFTY500 EQUAL WEIGHT; NIFTY500 LARGEMIDSMALL EQUAL-CAP WEIGHTED; NIFTY500 MULTICAP 50:25:25,-,NSE quote API secInfo,0.9,
ind_nifty500,JSWSTEEL,JSW Steel Ltd.,JSWSTEEL,JSW Steel Limited,exact_symbol_match,INE019A01038,Listed,Commodities,Metals & Mining,Ferrous Metals,Iron & Steel,Nifty 50,NIFTY 50; NIFTY 100; NIFTY 200; NIFTY 500; NIFTY COMMODITIES; NIFTY CONGLOMERATE 50; NIFTY HOUSING; NIFTY INDIA FPI 150; NIFTY INDIA MANUFACTURING; NIFTY LARGEMIDCAP 250; NIFTY LOW VOLATILITY 50; NIFTY METAL; NIFTY TOTAL MARKET; NIFTY100 ALPHA 30; NIFTY100 ENHANCED ESG; NIFTY100 EQUAL WEIGHT; NIFTY100 ESG; NIFTY50 EQUAL WEIGHT; NIFTY500 EQUAL WEIGHT; NIFTY500 LARGEMIDSMALL EQUAL-CAP WEIGHTED; NIFTY500 MULTICAP 50:25:25; NIFTY500 MULTICAP INDIA MANUFACTURING 50:30:20,NIFTY METAL,NSE quote API secInfo,0.9,
ind_nifty500,JUBLFOOD,Jubilant Foodworks Ltd.,JUBLFOOD,Jubilant Foodworks Limited,exact_symbol_match,INE797F01020,Listed,Consumer Discretionary,Consumer Services,Leisure Services,Restaurants,Nifty 200,NIFTY 200; NIFTY 500; NIFTY CONGLOMERATE 50; NIFTY CONSUMER SERVICES; NIFTY INDIA FPI 150; NIFTY INDIA NEW AGE CONSUMPTION; NIFTY INDIA TOURISM; NIFTY LARGEMIDCAP 250; NIFTY MIDCAP 100; NIFTY MIDCAP 150; NIFTY MIDSMALL INDIA CONSUMPTION; NIFTY MIDSMALLCAP 400; NIFTY MIDSMALLCAP400 50:50; NIFTY NON-CYCLICAL CONSUMER; NIFTY TOTAL MARKET; NIFTY500 EQUAL WEIGHT; NIFTY500 LARGEMIDSMALL EQUAL-CAP WEIGHTED; NIFTY500 MULTICAP 50:25:25,NIFTY SERVICES SECTOR,NSE quote API secInfo,0.9,
nifty_500_shariah,JUBLINGREA,Jubilant Ingrevia Ltd.,JUBLINGREA,Jubilant Ingrevia Limited,exact_symbol_match,INE0BY001018,Listed,Commodities,Chemicals,Chemicals & Petrochemicals,Specialty Chemicals,Nifty 500,NIFTY 500; NIFTY CONGLOMERATE 50; NIFTY MIDSMALLCAP 400; NIFTY MIDSMALLCAP400 50:50; NIFTY SMALLCAP 250; NIFTY SMALLCAP 500; NIFTY TOTAL MARKET; NIFTY500 EQUAL WEIGHT; NIFTY500 LARGEMIDSMALL EQUAL-CAP WEIGHTED; NIFTY500 MULTICAP 50:25:25; NIFTY500 SHARIAH,-,NSE quote API secInfo,0.9,
nifty_500_shariah,JUBLPHARMA,Jubilant Pharmova Ltd.,JUBLPHARMA,Jubilant Pharmova Limited,exact_symbol_match,INE700A01033,Listed,Healthcare,Healthcare,Pharmaceuticals & Biotechnology,Pharmaceuticals,Nifty 500,NIFTY 500; NIFTY CONGLOMERATE 50; NIFTY MIDSMALLCAP 400; NIFTY MIDSMALLCAP400 50:50; NIFTY SMALLCAP 250; NIFTY SMALLCAP 500; NIFTY TOTAL MARKET; NIFTY500 EQUAL WEIGHT; NIFTY500 HEALTHCARE; NIFTY500 LARGEMIDSMALL EQUAL-CAP WEIGHTED; NIFTY500 MULTICAP 50:25:25; NIFTY500 SHARIAH,-,NSE quote API secInfo,0.9,
nifty_500_shariah,JWL,Jupiter Wagons Ltd.,JWL,Jupiter Wagons Limited,exact_symbol_match,INE209L01016,Listed,Industrials,Capital Goods,Industrial Manufacturing,Railway Wagons,Nifty 500,NIFTY 500; NIFTY EV & NEW AGE AUTOMOTIVE; NIFTY INDIA INFRASTRUCTURE & LOGISTICS; NIFTY MIDSMALLCAP 400; NIFTY MIDSMALLCAP400 50:50; NIFTY SMALLCAP 250; NIFTY SMALLCAP 500; NIFTY SMALLCAP250 MOMENTUM QUALITY 100; NIFTY TOTAL MARKET; NIFTY500 EQUAL WEIGHT; NIFTY500 LARGEMIDSMALL EQUAL-CAP WEIGHTED; NIFTY500 MULTICAP 50:25:25; NIFTY500 SHARIAH,-,NSE quote API secInfo,0.9,
nifty_500_shariah,JYOTICNC,Jyoti CNC Automation Ltd.,JYOTICNC,Jyoti CNC Automation Limited,exact_symbol_match,INE980O01024,Listed,Industrials,Capital Goods,Industrial Manufacturing,Industrial Products,Nifty 500,NIFTY 500; NIFTY MIDSMALLCAP 400; NIFTY MIDSMALLCAP400 50:50; NIFTY SMALLCAP 100; NIFTY SMALLCAP 250; NIFTY SMALLCAP 500; NIFTY TOTAL MARKET; NIFTY500 EQUAL WEIGHT; NIFTY500 LARGEMIDSMALL EQUAL-CAP WEIGHTED; NIFTY500 MULTICAP 50:25:25; NIFTY500 MULTICAP INFRASTRUCTURE 50:30:20; NIFTY500 SHARIAH,-,NSE quote API secInfo,0.9,
nifty_500_shariah,KAJARIACER,Kajaria Ceramics Ltd.,KAJARIACER,Kajaria Ceramics Limited,exact_symbol_match,INE217B01036,Listed,Consumer Discretionary,Consumer Durables,Consumer Durables,Ceramics,Nifty 500,NIFTY 500; NIFTY CONSUMER DURABLES; NIFTY CORE HOUSING; NIFTY MIDSMALLCAP 400; NIFTY MIDSMALLCAP400 50:50; NIFTY SMALLCAP 250; NIFTY SMALLCAP 500; NIFTY SMALLCAP250 MOMENTUM QUALITY 100; NIFTY SMALLCAP250 QUALITY 50; NIFTY TOTAL MARKET; NIFTY500 EQUAL WEIGHT; NIFTY500 LARGEMIDSMALL EQUAL-CAP WEIGHTED; NIFTY500 MULTICAP 50:25:25; NIFTY500 MULTICAP INDIA MANUFACTURING 50:30:20; NIFTY500 SHARIAH,NIFTY 500,NSE quote API secInfo,0.9,
ind_nifty500,KALYANKJIL,Kalyan Jewellers India Ltd.,KALYANKJIL,Kalyan Jewellers India Limited,exact_symbol_match,INE303R01014,Listed,Consumer Discretionary,Consumer Durables,Consumer Durables,Gems Jewellery And Watches,Nifty 200,NIFTY 200; NIFTY 500; NIFTY CONSUMER DURABLES; NIFTY HIGH BETA 50; NIFTY INDIA NEW AGE CONSUMPTION; NIFTY LARGEMIDCAP 250; NIFTY MIDCAP 100; NIFTY MIDCAP 150; NIFTY MIDSMALL INDIA CONSUMPTION; NIFTY MIDSMALLCAP 400; NIFTY MIDSMALLCAP400 50:50; NIFTY TOTAL MARKET; NIFTY500 EQUAL WEIGHT; NIFTY500 LARGEMIDSMALL EQUAL-CAP WEIGHTED; NIFTY500 MULTICAP 50:25:25,-,NSE quote API secInfo,0.9,
ind_nifty500,KARURVYSYA,Karur Vysya Bank Ltd.,KARURVYSYA,Karur Vysya Bank Limited,exact_symbol_match,INE036D01028,Listed,Financial Services,Financial Services,Banks,Private Sector Bank,Nifty 500,NIFTY 500; NIFTY ALPHA 50; NIFTY MIDSMALLCAP 400; NIFTY MIDSMALLCAP400 50:50; NIFTY SMALLCAP 100; NIFTY SMALLCAP 250; NIFTY SMALLCAP 50; NIFTY SMALLCAP 500; NIFTY SMALLCAP250 QUALITY 50; NIFTY TOTAL MARKET; NIFTY500 EQUAL WEIGHT; NIFTY500 FLEXICAP QUALITY 30; NIFTY500 LARGEMIDSMALL EQUAL-CAP WEIGHTED; NIFTY500 MOMENTUM 50; NIFTY500 MULTICAP 50:25:25; NIFTY500 VALUE 50,NIFTY BANK,NSE quote API secInfo,0.9,
ind_nifty500,KAYNES,Kaynes Technology India Ltd.,KAYNES,Kaynes Technology India Limited,exact_symbol_match,INE918Z01012,Listed,Industrials,Capital Goods,Industrial Manufacturing,Industrial Products,Nifty 500,NIFTY 500; NIFTY CAPITAL GOODS; NIFTY HIGH BETA 50; NIFTY INDIA MANUFACTURING; NIFTY MIDSMALLCAP 400; NIFTY MIDSMALLCAP400 50:50; NIFTY SMALLCAP 100; NIFTY SMALLCAP 250; NIFTY SMALLCAP 50; NIFTY SMALLCAP 500; NIFTY TOTAL MARKET; NIFTY500 EQUAL WEIGHT; NIFTY500 LARGEMIDSMALL EQUAL-CAP WEIGHTED; NIFTY500 MULTICAP 50:25:25; NIFTY500 MULTICAP INDIA MANUFACTURING 50:30:20; NIFTY500 MULTICAP INFRASTRUCTURE 50:30:20,-,NSE quote API secInfo,0.9,
nifty_500_shariah,KEC,KEC International Ltd.,KEC,KEC International Limited,exact_symbol_match,INE389H01022,Listed,Industrials,Construction,Construction,Civil Construction,Nifty 500,NIFTY 500; NIFTY CONGLOMERATE 50; NIFTY INDIA INFRASTRUCTURE & LOGISTICS; NIFTY MIDSMALLCAP 400; NIFTY MIDSMALLCAP400 50:50; NIFTY SMALLCAP 100; NIFTY SMALLCAP 250; NIFTY SMALLCAP 50; NIFTY SMALLCAP 500; NIFTY TOTAL MARKET; NIFTY500 EQUAL WEIGHT; NIFTY500 LARGEMIDSMALL EQUAL-CAP WEIGHTED; NIFTY500 MULTICAP 50:25:25; NIFTY500 MULTICAP INFRASTRUCTURE 50:30:20; NIFTY500 SHARIAH,NIFTY INFRASTRUCTURE,NSE quote API secInfo,0.9,
nifty_500_shariah,KEI,KEI Industries Ltd.,KEI,KEI Industries Limited,exact_symbol_match,INE878B01027,Listed,Industrials,Capital Goods,Industrial Products,Cables - Electricals,Nifty 200,NIFTY 200; NIFTY 500; NIFTY CORE HOUSING; NIFTY EV & NEW AGE AUTOMOTIVE; NIFTY HOUSING; NIFTY INDIA MANUFACTURING; NIFTY LARGEMIDCAP 250; NIFTY MIDCAP 100; NIFTY MIDCAP 150; NIFTY MIDCAP150 QUALITY 50; NIFTY MIDSMALLCAP 400; NIFTY MIDSMALLCAP400 50:50; NIFTY MIDSMALLCAP400 MOMENTUM QUALITY 100; NIFTY TOTAL MARKET; NIFTY500 EQUAL WEIGHT; NIFTY500 LARGEMIDSMALL EQUAL-CAP WEIGHTED; NIFTY500 MULTICAP 50:25:25; NIFTY500 SHARIAH,NIFTY 500,NSE quote API secInfo,0.9,
ind_nifty500,KFINTECH,Kfin Technologies Ltd.,KFINTECH,Kfin Technologies Limited,exact_symbol_match,INE138Y01010,Listed,Financial Services,Financial Services,Capital Markets,Depositories Clearing Houses and Other Intermediaries,Nifty 500,NIFTY 500; NIFTY CAPITAL MARKETS; NIFTY MIDSMALL FINANCIAL SERVICES; NIFTY MIDSMALLCAP 400; NIFTY MIDSMALLCAP400 50:50; NIFTY SMALLCAP 100; NIFTY SMALLCAP 250; NIFTY SMALLCAP 50; NIFTY SMALLCAP 500; NIFTY TOTAL MARKET; NIFTY500 EQUAL WEIGHT; NIFTY500 LARGEMIDSMALL EQUAL-CAP WEIGHTED; NIFTY500 MULTICAP 50:25:25,-,NSE quote API secInfo,0.9,
ind_nifty500,KIMS,Krishna Institute of Medical Sciences Ltd.,KIMS,Krishna Institute of Medical Sciences Limited,exact_symbol_match,INE967H01025,Listed,Healthcare,Healthcare,Healthcare Services,Hospital,Nifty 500,NIFTY 500; NIFTY HOSPITALS; NIFTY MIDSMALL HEALTHCARE; NIFTY MIDSMALLCAP 400; NIFTY MIDSMALLCAP400 50:50; NIFTY SMALLCAP 250; NIFTY SMALLCAP 500; NIFTY TOTAL MARKET; NIFTY500 EQUAL WEIGHT; NIFTY500 HEALTHCARE; NIFTY500 LARGEMIDSMALL EQUAL-CAP WEIGHTED; NIFTY500 MULTICAP 50:25:25; NIFTY500 MULTICAP INFRASTRUCTURE 50:30:20,-,NSE quote API secInfo,0.9,
ind_nifty500,KIRLOSENG,Kirloskar Oil Eng Ltd.,KIRLOSENG,Kirloskar Oil Engines Limited,exact_symbol_match,INE146L01010,Listed,Industrials,Capital Goods,Industrial Products,Compressors Pumps & Diesel Engines,Nifty 500,NIFTY 500; NIFTY CAPITAL GOODS; NIFTY INDIA INFRASTRUCTURE & LOGISTICS; NIFTY MIDSMALLCAP 400; NIFTY MIDSMALLCAP400 50:50; NIFTY SMALLCAP 250; NIFTY SMALLCAP 500; NIFTY TOTAL MARKET; NIFTY500 EQUAL WEIGHT; NIFTY500 LARGEMIDSMALL EQUAL-CAP WEIGHTED; NIFTY500 MULTICAP 50:25:25; NIFTY500 MULTICAP INFRASTRUCTURE 50:30:20,NIFTY AUTO,NSE quote API secInfo,0.9,
ind_nifty500,KOTAKBANK,Kotak Mahindra Bank Ltd.,KOTAKBANK,Kotak Mahindra Bank Limited,exact_symbol_match,INE237A01036,Listed,Financial Services,Financial Services,Banks,Private Sector Bank,Nifty 50,NIFTY 50; NIFTY BANK; NIFTY FINANCIAL SERVICES; NIFTY 100; NIFTY 200; NIFTY 500; NIFTY ALPHA LOW-VOLATILITY 30; NIFTY ALPHA QUALITY VALUE LOW-VOLATILITY 30; NIFTY FINANCIAL SERVICES 25/50; NIFTY HOUSING; NIFTY INDIA FPI 150; NIFTY LARGEMIDCAP 250; NIFTY LOW VOLATILITY 50; NIFTY PRIVATE BANK; NIFTY QUALITY LOW-VOLATILITY 30; NIFTY SERVICES SECTOR; NIFTY TOP 10 EQUAL WEIGHT; NIFTY TOP 15 EQUAL WEIGHT; NIFTY TOP 20 EQUAL WEIGHT; NIFTY TOTAL MARKET; NIFTY100 EQUAL WEIGHT; NIFTY100 LIQUID 15; NIFTY100 LOW VOLATILITY 30; NIFTY50 EQUAL WEIGHT; NIFTY50 VALUE 20; NIFTY500 EQUAL WEIGHT; NIFTY500 LARGEMIDSMALL EQUAL-CAP WEIGHTED; NIFTY500 MULTICAP 50:25:25,NIFTY BANK,NSE quote API secInfo,0.9,
nifty_500_shariah,KPIL,Kalpataru Projects International Ltd.,KPIL,Kalpataru Projects International Limited,exact_symbol_match,INE220B01022,Listed,Industrials,Construction,Construction,Civil Construction,Nifty 500,NIFTY 500; NIFTY INDIA INFRASTRUCTURE & LOGISTICS; NIFTY MIDSMALLCAP 400; NIFTY MIDSMALLCAP400 50:50; NIFTY SMALLCAP 250; NIFTY SMALLCAP 500; NIFTY TOTAL MARKET; NIFTY500 EQUAL WEIGHT; NIFTY500 LARGEMIDSMALL EQUAL-CAP WEIGHTED; NIFTY500 MULTICAP 50:25:25; NIFTY500 MULTICAP INFRASTRUCTURE 50:30:20; NIFTY500 SHARIAH,-,NSE quote API secInfo,0.9,
nifty_500_shariah,KPITTECH,KPIT Technologies Ltd.,KPITTECH,KPIT Technologies Limited,exact_symbol_match,INE04I401011,Listed,Information Technology,Information Technology,IT - Software,Computers - Software & Consulting,Nifty 200,NIFTY 200; NIFTY 500; NIFTY EV & NEW AGE AUTOMOTIVE; NIFTY HIGH BETA 50; NIFTY INDIA DIGITAL; NIFTY LARGEMIDCAP 250; NIFTY MIDCAP 100; NIFTY MIDCAP 150; NIFTY MIDCAP150 QUALITY 50; NIFTY MIDSMALL IT & TELECOM; NIFTY MIDSMALLCAP 400; NIFTY MIDSMALLCAP400 50:50; NIFTY MIDSMALLCAP400 MOMENTUM QUALITY 100; NIFTY TOTAL MARKET; NIFTY200 QUALITY 30; NIFTY500 EQUAL WEIGHT; NIFTY500 LARGEMIDSMALL EQUAL-CAP WEIGHTED; NIFTY500 MULTICAP 50:25:25; NIFTY500 QUALITY 50; NIFTY500 SHARIAH,-,NSE quote API secInfo,0.9,
ind_nifty500,KPRMILL,K.P.R. Mill Ltd.,KPRMILL,K.P.R. Mill Limited,exact_symbol_match,INE930H01031,Listed,Consumer Discretionary,Textiles,Textiles & Apparels,Other Textile Products,Nifty 500,NIFTY 500; NIFTY INDIA MANUFACTURING; NIFTY INDIA NEW AGE CONSUMPTION; NIFTY LARGEMIDCAP 250; NIFTY MIDCAP 150; NIFTY MIDCAP150 QUALITY 50; NIFTY MIDSMALLCAP 400; NIFTY MIDSMALLCAP400 50:50; NIFTY MIDSMALLCAP400 MOMENTUM QUALITY 100; NIFTY TOTAL MARKET; NIFTY500 EQUAL WEIGHT; NIFTY500 LARGEMIDSMALL EQUAL-CAP WEIGHTED; NIFTY500 MULTICAP 50:25:25,NIFTY 500,NSE quote API secInfo,0.9,
ind_nifty500,LALPATHLAB,Dr. Lal Path Labs Ltd.,LALPATHLAB,Dr. Lal Path Labs Ltd.,exact_symbol_match,INE600L01024,Listed,Healthcare,Healthcare,Healthcare Services,Healthcare Service Provider,Nifty 500,NIFTY 500; NIFTY MIDSMALL HEALTHCARE; NIFTY MIDSMALLCAP 400; NIFTY MIDSMALLCAP400 50:50; NIFTY MIDSMALLCAP400 MOMENTUM QUALITY 100; NIFTY SMALLCAP 100; NIFTY SMALLCAP 250; NIFTY SMALLCAP 50; NIFTY SMALLCAP 500; NIFTY SMALLCAP250 MOMENTUM QUALITY 100; NIFTY SMALLCAP250 QUALITY 50; NIFTY TOTAL MARKET; NIFTY TOTAL MARKET MOMENTUM QUALITY 50; NIFTY500 EQUAL WEIGHT; NIFTY500 HEALTHCARE; NIFTY500 LARGEMIDSMALL EQUAL-CAP WEIGHTED; NIFTY500 MULTICAP 50:25:25; NIFTY500 MULTICAP MOMENTUM QUALITY 50,NIFTY PHARMA,NSE quote API secInfo,0.9,
ind_nifty500,LATENTVIEW,Latent View Analytics Ltd.,LATENTVIEW,Latent View Analytics Limited,exact_symbol_match,INE0I7C01011,Listed,Information Technology,Information Technology,IT - Software,Computers - Software & Consulting,Nifty 500,NIFTY 500; NIFTY INDIA DIGITAL; NIFTY MIDSMALLCAP 400; NIFTY MIDSMALLCAP400 50:50; NIFTY MIDSMALLCAP400 MOMENTUM QUALITY 100; NIFTY SMALLCAP 250; NIFTY SMALLCAP 500; NIFTY SMALLCAP250 MOMENTUM QUALITY 100; NIFTY TOTAL MARKET; NIFTY500 EQUAL WEIGHT; NIFTY500 LARGEMIDSMALL EQUAL-CAP WEIGHTED; NIFTY500 MULTICAP 50:25:25,-,NSE quote API secInfo,0.9,
ind_nifty500,LAURUSLABS,Laurus Labs Ltd.,LAURUSLABS,Laurus Labs Limited,exact_symbol_match,INE947Q01028,Listed,Healthcare,Healthcare,Pharmaceuticals & Biotechnology,Pharmaceuticals,Nifty Midcap 50,NIFTY MIDCAP 50; NIFTY 200; NIFTY 500; NIFTY ALPHA 50; NIFTY HEALTHCARE INDEX; NIFTY INDIA FPI 150; NIFTY INDIA MANUFACTURING; NIFTY LARGEMIDCAP 250; NIFTY MIDCAP 100; NIFTY MIDCAP 150; NIFTY MIDSMALL HEALTHCARE; NIFTY MIDSMALLCAP 400; NIFTY MIDSMALLCAP400 50:50; NIFTY PHARMA; NIFTY SMALLCAP250 MOMENTUM QUALITY 100; NIFTY TOTAL MARKET; NIFTY200 ALPHA 30; NIFTY500 EQUAL WEIGHT; NIFTY500 HEALTHCARE; NIFTY500 LARGEMIDSMALL EQUAL-CAP WEIGHTED; NIFTY500 MOMENTUM 50; NIFTY500 MULTICAP 50:25:25; NIFTY500 MULTICAP INDIA MANUFACTURING 50:30:20,NIFTY PHARMA,NSE quote API secInfo,0.9,
ind_nifty500,LEMONTREE,Lemon Tree Hotels Ltd.,LEMONTREE,Lemon Tree Hotels Limited,exact_symbol_match,INE970X01018,Listed,Consumer Discretionary,Consumer Services,Leisure Services,Hotels & Resorts,Nifty 500,NIFTY 500; NIFTY CONSUMER SERVICES; NIFTY INDIA NEW AGE CONSUMPTION; NIFTY INDIA TOURISM; NIFTY MIDSMALLCAP 400; NIFTY MIDSMALLCAP400 50:50; NIFTY SMALLCAP 250; NIFTY SMALLCAP 500; NIFTY TOTAL MARKET; NIFTY500 EQUAL WEIGHT; NIFTY500 LARGEMIDSMALL EQUAL-CAP WEIGHTED; NIFTY500 MULTICAP 50:25:25; NIFTY500 MULTICAP INFRASTRUCTURE 50:30:20,NIFTY SERVICES SECTOR,NSE quote API secInfo,0.9,
ind_nifty500,LENSKART,Lenskart Solutions Ltd.,LENSKART,Lenskart Solutions Limited,exact_symbol_match,INE956O01016,Listed,Consumer Discretionary,Consumer Services,Retailing,Speciality Retail,Nifty 200,NIFTY 200; NIFTY 500; NIFTY CONSUMER SERVICES; NIFTY INDIA NEW AGE CONSUMPTION; NIFTY IPO; NIFTY LARGEMIDCAP 250; NIFTY MIDCAP 100; NIFTY MIDCAP 150; NIFTY MIDSMALLCAP 400; NIFTY MIDSMALLCAP400 50:50; NIFTY RETAIL; NIFTY TOTAL MARKET; NIFTY500 EQUAL WEIGHT; NIFTY500 LARGEMIDSMALL EQUAL-CAP WEIGHTED; NIFTY500 MULTICAP 50:25:25,-,NSE quote API secInfo,0.9,
ind_nifty500,LGEINDIA,LG Electronics India Ltd.,LGEINDIA,LG Electronics India Limited,exact_symbol_match,INE324D01010,Listed,Consumer Discretionary,Consumer Durables,Consumer Durables,Household Appliances,Nifty 200,NIFTY 200; NIFTY 500; NIFTY CONSUMER DURABLES; NIFTY INDIA NEW AGE CONSUMPTION; NIFTY IPO; NIFTY LARGEMIDCAP 250; NIFTY MIDCAP 100; NIFTY MIDCAP 150; NIFTY MIDSMALLCAP 400; NIFTY MIDSMALLCAP400 50:50; NIFTY TOTAL MARKET; NIFTY500 EQUAL WEIGHT; NIFTY500 LARGEMIDSMALL EQUAL-CAP WEIGHTED; NIFTY500 MULTICAP 50:25:25,-,NSE quote API secInfo,0.9,
ind_nifty500,LICHSGFIN,LIC Housing Finance Ltd.,LICHSGFIN,LIC Housing Finance Limited,exact_symbol_match,INE115A01026,Listed,Financial Services,Financial Services,Finance,Housing Finance Company,Nifty Financial Services,NIFTY FINANCIAL SERVICES; NIFTY 200; NIFTY 500; NIFTY CORE HOUSING; NIFTY FINANCIAL SERVICES 25/50; NIFTY FINANCIAL SERVICES EX-BANK; NIFTY HOUSING; NIFTY HOUSING FINANCE; NIFTY LARGEMIDCAP 250; NIFTY MIDCAP 100; NIFTY MIDCAP 150; NIFTY MIDSMALL FINANCIAL SERVICES; NIFTY MIDSMALLCAP 400; NIFTY MIDSMALLCAP400 50:50; NIFTY RURAL; NIFTY TOTAL MARKET; NIFTY200 VALUE 30; NIFTY500 EQUAL WEIGHT; NIFTY500 LARGEMIDSMALL EQUAL-CAP WEIGHTED; NIFTY500 MULTICAP 50:25:25; NIFTY500 MULTIFACTOR MQVLV 50; NIFTY500 VALUE 50,NIFTY FINANCIAL SERVICES,NSE quote API secInfo,0.9,
ind_nifty500,LICI,Life Insurance Corporation of India,LICI,Life Insurance Corporation Of India,exact_symbol_match,INE0J1Y01017,Listed,Financial Services,Financial Services,Insurance,Life Insurance,Nifty 500,NIFTY 500; NIFTY FINANCIAL SERVICES EX-BANK; NIFTY INSURANCE; NIFTY LARGEMIDCAP 250; NIFTY MIDCAP 150; NIFTY MIDCAP SELECT; NIFTY MIDSMALL FINANCIAL SERVICES; NIFTY MIDSMALLCAP 400; NIFTY MIDSMALLCAP400 50:50; NIFTY RURAL; NIFTY TOTAL MARKET; NIFTY100 ENHANCED ESG; NIFTY100 ESG; NIFTY500 EQUAL WEIGHT; NIFTY500 LARGEMIDSMALL EQUAL-CAP WEIGHTED; NIFTY500 LOW VOLATILITY 50; NIFTY500 MULTICAP 50:25:25,-,NSE quote API secInfo,0.9,
nifty_500_shariah,LINDEINDIA,Linde India Ltd.,LINDEINDIA,Linde India Limited,exact_symbol_match,INE473A01011,Listed,Commodities,Chemicals,Chemicals & Petrochemicals,Industrial Gases,Nifty 500,NIFTY 500; NIFTY CHEMICALS; NIFTY INDIA MANUFACTURING; NIFTY LARGEMIDCAP 250; NIFTY MIDCAP 150; NIFTY MIDSMALLCAP 400; NIFTY MIDSMALLCAP400 50:50; NIFTY MNC; NIFTY TOTAL MARKET; NIFTY500 EQUAL WEIGHT; NIFTY500 LARGEMIDSMALL EQUAL-CAP WEIGHTED; NIFTY500 MULTICAP 50:25:25; NIFTY500 SHARIAH,NIFTY 500,NSE quote API secInfo,0.9,
nifty_500_shariah,LLOYDSME,Lloyds Metals & Energy Ltd.,LLOYDSME,Lloyds Metals And Energy Limited,exact_symbol_match,INE281B01032,Listed,Commodities,Metals & Mining,Minerals & Mining,Industrial Minerals,Nifty 500,NIFTY 500; NIFTY LARGEMIDCAP 250; NIFTY METAL; NIFTY MIDCAP 150; NIFTY MIDSMALLCAP 400; NIFTY MIDSMALLCAP400 50:50; NIFTY TOTAL MARKET; NIFTY500 EQUAL WEIGHT; NIFTY500 LARGEMIDSMALL EQUAL-CAP WEIGHTED; NIFTY500 MULTICAP 50:25:25; NIFTY500 SHARIAH,-,NSE quote API secInfo,0.9,
nifty_500_shariah,LODHA,Lodha Developers Ltd.,LODHA,Lodha Developers Limited,exact_symbol_match,INE670K01029,Listed,Consumer Discretionary,Realty,Realty,Residential Commercial Projects,Nifty Next 50,NIFTY NEXT 50; NIFTY 100; NIFTY 200; NIFTY 500; NIFTY CORE HOUSING; NIFTY HIGH BETA 50; NIFTY HOUSING; NIFTY INDIA FPI 150; NIFTY INDIA INFRASTRUCTURE & LOGISTICS; NIFTY INDIA NEW AGE CONSUMPTION; NIFTY LARGEMIDCAP 250; NIFTY REALTY; NIFTY REITS & REALTY; NIFTY TOTAL MARKET; NIFTY100 EQUAL WEIGHT; NIFTY500 EQUAL WEIGHT; NIFTY500 LARGEMIDSMALL EQUAL-CAP WEIGHTED; NIFTY500 MULTICAP 50:25:25; NIFTY500 SHARIAH,-,NSE quote API secInfo,0.9,
ind_nifty500,LT,Larsen & Toubro Ltd.,LT,Larsen & Toubro Limited,exact_symbol_match,INE018A01030,Listed,Industrials,Construction,Construction,Civil Construction,Nifty 50,NIFTY 50; NIFTY 100; NIFTY 200; NIFTY 500; NIFTY CONGLOMERATE 50; NIFTY CONSTRUCTION; NIFTY HOUSING; NIFTY INDIA FPI 150; NIFTY INDIA INFRASTRUCTURE & LOGISTICS; NIFTY INFRASTRUCTURE; NIFTY LARGEMIDCAP 250; NIFTY LOW VOLATILITY 50; NIFTY TOP 10 EQUAL WEIGHT; NIFTY TOP 15 EQUAL WEIGHT; NIFTY TOP 20 EQUAL WEIGHT; NIFTY TOTAL MARKET; NIFTY100 EQUAL WEIGHT; NIFTY100 LOW VOLATILITY 30; NIFTY50 EQUAL WEIGHT; NIFTY500 EQUAL WEIGHT; NIFTY500 LARGEMIDSMALL EQUAL-CAP WEIGHTED; NIFTY500 MULTICAP 50:25:25; NIFTY500 MULTICAP INFRASTRUCTURE 50:30:20,NIFTY INFRASTRUCTURE,NSE quote API secInfo,0.9,
ind_nifty500,LTF,L&T Finance Ltd.,LTF,L&T Finance Limited,exact_symbol_match,INE498L01015,Listed,Financial Services,Financial Services,Finance,Investment Company,Nifty 200,NIFTY 200; NIFTY 500; NIFTY ALPHA 50; NIFTY CONGLOMERATE 50; NIFTY FINANCIAL SERVICES EX-BANK; NIFTY HIGH BETA 50; NIFTY LARGEMIDCAP 250; NIFTY MIDCAP 100; NIFTY MIDCAP 150; NIFTY MIDCAP150 MOMENTUM 50; NIFTY MIDSMALL FINANCIAL SERVICES; NIFTY MIDSMALLCAP 400; NIFTY MIDSMALLCAP400 50:50; NIFTY MIDSMALLCAP400 MOMENTUM QUALITY 100; NIFTY NBFC; NIFTY RURAL; NIFTY TOTAL MARKET; NIFTY200 ALPHA 30; NIFTY200 MOMENTUM 30; NIFTY500 EQUAL WEIGHT; NIFTY500 LARGEMIDSMALL EQUAL-CAP WEIGHTED; NIFTY500 MOMENTUM 50; NIFTY500 MULTICAP 50:25:25; NIFTY500 MULTIFACTOR MQVLV 50,-,NSE quote API secInfo,0.9,
nifty_500_shariah,LTFOODS,LT Foods Ltd.,LTFOODS,LT Foods Limited,exact_symbol_match,INE818H01020,Listed,Fast Moving Consumer Goods,Fast Moving Consumer Goods,Agricultural Food & other Products,Other Agricultural Products,Nifty 500,NIFTY 500; NIFTY MIDSMALLCAP 400; NIFTY MIDSMALLCAP400 50:50; NIFTY MIDSMALLCAP400 MOMENTUM QUALITY 100; NIFTY SMALLCAP 250; NIFTY SMALLCAP 500; NIFTY SMALLCAP250 MOMENTUM QUALITY 100; NIFTY SMALLCAP250 QUALITY 50; NIFTY TOTAL MARKET; NIFTY500 EQUAL WEIGHT; NIFTY500 LARGEMIDSMALL EQUAL-CAP WEIGHTED; NIFTY500 MULTICAP 50:25:25; NIFTY500 SHARIAH,-,NSE quote API secInfo,0.9,
nifty_500_shariah,LTM,LTM Ltd.,LTM,LTM Limited,exact_symbol_match,INE214T01019,Listed,Information Technology,Information Technology,IT - Software,Computers - Software & Consulting,Nifty Next 50,NIFTY NEXT 50; NIFTY 100; NIFTY 200; NIFTY 500; NIFTY CONGLOMERATE 50; NIFTY INDIA DIGITAL; NIFTY INDIA FPI 150; NIFTY IT; NIFTY LARGEMIDCAP 250; NIFTY QUALITY LOW-VOLATILITY 30; NIFTY SHARIAH 25; NIFTY TOTAL MARKET; NIFTY TOTAL MARKET MOMENTUM QUALITY 50; NIFTY100 ENHANCED ESG; NIFTY100 EQUAL WEIGHT; NIFTY100 ESG; NIFTY100 ESG SECTOR LEADERS; NIFTY100 QUALITY 30; NIFTY200 QUALITY 30; NIFTY500 EQUAL WEIGHT; NIFTY500 LARGEMIDSMALL EQUAL-CAP WEIGHTED; NIFTY500 MULTICAP 50:25:25; NIFTY500 MULTICAP MOMENTUM QUALITY 50; NIFTY500 QUALITY 50; NIFTY500 SHARIAH,-,NSE quote API secInfo,0.9,
nifty_500_shariah,LTTS,L&T Technology Services Ltd.,LTTS,L&T Technology Services Limited,exact_symbol_match,INE010V01017,Listed,Information Technology,Information Technology,IT - Services,IT Enabled Services,Nifty 500,NIFTY 500; NIFTY CONGLOMERATE 50; NIFTY EV & NEW AGE AUTOMOTIVE; NIFTY INDIA DIGITAL; NIFTY LARGEMIDCAP 250; NIFTY MIDCAP 150; NIFTY MIDCAP150 QUALITY 50; NIFTY MIDSMALL IT & TELECOM; NIFTY MIDSMALLCAP 400; NIFTY MIDSMALLCAP400 50:50; NIFTY MIDSMALLCAP400 MOMENTUM QUALITY 100; NIFTY TOTAL MARKET; NIFTY500 EQUAL WEIGHT; NIFTY500 LARGEMIDSMALL EQUAL-CAP WEIGHTED; NIFTY500 MULTICAP 50:25:25; NIFTY500 QUALITY 50; NIFTY500 SHARIAH,NIFTY IT,NSE quote API secInfo,0.9,
nifty_500_shariah,LUPIN,Lupin Ltd.,LUPIN,Lupin Limited,exact_symbol_match,INE326A01037,Listed,Healthcare,Healthcare,Pharmaceuticals & Biotechnology,Pharmaceuticals,Nifty Midcap 50,NIFTY MIDCAP 50; NIFTY 200; NIFTY 500; NIFTY HEALTHCARE INDEX; NIFTY INDIA FPI 150; NIFTY INDIA MANUFACTURING; NIFTY LARGEMIDCAP 250; NIFTY LOW VOLATILITY 50; NIFTY MIDCAP 100; NIFTY MIDCAP 150; NIFTY MIDCAP SELECT; NIFTY MIDCAP150 MOMENTUM 50; NIFTY MIDSMALL HEALTHCARE; NIFTY MIDSMALLCAP 400; NIFTY MIDSMALLCAP400 50:50; NIFTY MIDSMALLCAP400 MOMENTUM QUALITY 100; NIFTY PHARMA; NIFTY SHARIAH 25; NIFTY TOTAL MARKET; NIFTY500 EQUAL WEIGHT; NIFTY500 HEALTHCARE; NIFTY500 LARGEMIDSMALL EQUAL-CAP WEIGHTED; NIFTY500 MULTICAP 50:25:25; NIFTY500 MULTICAP INDIA MANUFACTURING 50:30:20; NIFTY500 SHARIAH,NIFTY PHARMA,NSE quote API secInfo,0.9,
ind_nifty500,M&M,Mahindra & Mahindra Ltd.,M&M,Mahindra & Mahindra Limited,exact_symbol_match,INE101A01026,Listed,Consumer Discretionary,Automobile and Auto Components,Automobiles,Passenger Cars & Utility Vehicles,Nifty 50,NIFTY 50; NIFTY 100; NIFTY 200; NIFTY 500; NIFTY ALPHA 50; NIFTY AUTO; NIFTY CONGLOMERATE 50; NIFTY EV & NEW AGE AUTOMOTIVE; NIFTY GROWTH SECTORS 15; NIFTY INDIA CONSUMPTION; NIFTY INDIA CORPORATE GROUP INDEX - MAHINDRA GROUP; NIFTY INDIA FPI 150; NIFTY INDIA MANUFACTURING; NIFTY INDIA NEW AGE CONSUMPTION; NIFTY INDIA SELECT 5 CORPORATE GROUPS (MAATR); NIFTY LARGEMIDCAP 250; NIFTY MOBILITY; NIFTY RURAL; NIFTY TOP 15 EQUAL WEIGHT; NIFTY TOP 20 EQUAL WEIGHT; NIFTY TOTAL MARKET; NIFTY TRANSPORTATION & LOGISTICS; NIFTY100 ALPHA 30; NIFTY100 ENHANCED ESG; NIFTY100 EQUAL WEIGHT; NIFTY100 ESG; NIFTY100 ESG SECTOR LEADERS; NIFTY50 EQUAL WEIGHT; NIFTY500 EQUAL WEIGHT; NIFTY500 LARGEMIDSMALL EQUAL-CAP WEIGHTED; NIFTY500 MOMENTUM 50; NIFTY500 MULTICAP 50:25:25; NIFTY500 MULTICAP INDIA MANUFACTURING 50:30:20,NIFTY AUTO,NSE quote API secInfo,0.9,
ind_nifty500,M&MFIN,Mahindra & Mahindra Financial Services Ltd.,M&MFIN,Mahindra & Mahindra Financial Services Limited,exact_symbol_match,INE774D01024,Listed,Financial Services,Financial Services,Finance,Non Banking Financial Company (NBFC),Nifty 200,NIFTY 200; NIFTY 500; NIFTY CONGLOMERATE 50; NIFTY DIVIDEND OPPORTUNITIES 50; NIFTY INDIA CORPORATE GROUP INDEX - MAHINDRA GROUP; NIFTY INDIA SELECT 5 CORPORATE GROUPS (MAATR); NIFTY LARGEMIDCAP 250; NIFTY MIDCAP 100; NIFTY MIDCAP 150; NIFTY MIDCAP150 MOMENTUM 50; NIFTY MIDSMALLCAP 400; NIFTY MIDSMALLCAP400 50:50; NIFTY NBFC; NIFTY RURAL; NIFTY TOTAL MARKET; NIFTY500 EQUAL WEIGHT; NIFTY500 LARGEMIDSMALL EQUAL-CAP WEIGHTED; NIFTY500 MOMENTUM 50; NIFTY500 MULTICAP 50:25:25; NIFTY500 MULTIFACTOR MQVLV 50,NIFTY FINANCIAL SERVICES,NSE quote API secInfo,0.9,
ind_nifty500,MAHABANK,Bank of Maharashtra,MAHABANK,Bank of Maharashtra,exact_symbol_match,INE457A01014,Listed,Financial Services,Financial Services,Banks,Public Sector Bank,Nifty 500,NIFTY 500; NIFTY DIVIDEND OPPORTUNITIES 50; NIFTY LARGEMIDCAP 250; NIFTY MIDCAP 150; NIFTY MIDCAP150 QUALITY 50; NIFTY MIDSMALLCAP 400; NIFTY MIDSMALLCAP400 50:50; NIFTY MIDSMALLCAP400 MOMENTUM QUALITY 100; NIFTY PSU BANK; NIFTY TOTAL MARKET; NIFTY500 EQUAL WEIGHT; NIFTY500 LARGEMIDSMALL EQUAL-CAP WEIGHTED; NIFTY500 MULTICAP 50:25:25; NIFTY500 VALUE 50,NIFTY BANK,NSE quote API secInfo,0.9,
ind_nifty500,MANAPPURAM,Manappuram Finance Ltd.,MANAPPURAM,Manappuram Finance Limited,exact_symbol_match,INE522D01027,Listed,Financial Services,Financial Services,Finance,Non Banking Financial Company (NBFC),Nifty 500,NIFTY 500; NIFTY ALPHA 50; NIFTY MIDSMALL FINANCIAL SERVICES; NIFTY MIDSMALLCAP 400; NIFTY MIDSMALLCAP400 50:50; NIFTY MIDSMALLCAP400 MOMENTUM QUALITY 100; NIFTY NBFC; NIFTY SMALLCAP 100; NIFTY SMALLCAP 250; NIFTY SMALLCAP 50; NIFTY SMALLCAP 500; NIFTY SMALLCAP250 MOMENTUM QUALITY 100; NIFTY TOTAL MARKET; NIFTY500 EQUAL WEIGHT; NIFTY500 LARGEMIDSMALL EQUAL-CAP WEIGHTED; NIFTY500 MOMENTUM 50; NIFTY500 MULTICAP 50:25:25; NIFTY500 MULTICAP MOMENTUM QUALITY 50; NIFTY500 MULTIFACTOR MQVLV 50; NIFTY500 VALUE 50,NIFTY FINANCIAL SERVICES,NSE quote API secInfo,0.9,
ind_nifty500,MANKIND,Mankind Pharma Ltd.,MANKIND,Mankind Pharma Limited,exact_symbol_match,INE634S01028,Listed,Healthcare,Healthcare,Pharmaceuticals & Biotechnology,Pharmaceuticals,Nifty Midcap 50,NIFTY MIDCAP 50; NIFTY 200; NIFTY 500; NIFTY HEALTHCARE INDEX; NIFTY INDIA FPI 150; NIFTY LARGEMIDCAP 250; NIFTY MIDCAP 100; NIFTY MIDCAP 150; NIFTY MIDSMALL HEALTHCARE; NIFTY MIDSMALL INDIA CONSUMPTION; NIFTY MIDSMALLCAP 400; NIFTY MIDSMALLCAP400 50:50; NIFTY PHARMA; NIFTY TOTAL MARKET; NIFTY500 EQUAL WEIGHT; NIFTY500 HEALTHCARE; NIFTY500 LARGEMIDSMALL EQUAL-CAP WEIGHTED; NIFTY500 MULTICAP 50:25:25; NIFTY500 MULTICAP INDIA MANUFACTURING 50:30:20,-,NSE quote API secInfo,0.9,
ind_nifty500,MAPMYINDIA,C.E. Info Systems Ltd.,MAPMYINDIA,C.E. Info Systems Limited,exact_symbol_match,INE0BV301023,Listed,Information Technology,Information Technology,IT - Software,Software Products,Nifty 500,NIFTY 500; NIFTY INDIA DIGITAL; NIFTY MIDSMALLCAP 400; NIFTY MIDSMALLCAP400 50:50; NIFTY SMALLCAP 250; NIFTY SMALLCAP 500; NIFTY SMALLCAP250 MOMENTUM QUALITY 100; NIFTY SMALLCAP250 QUALITY 50; NIFTY TOTAL MARKET; NIFTY500 EQUAL WEIGHT; NIFTY500 LARGEMIDSMALL EQUAL-CAP WEIGHTED; NIFTY500 MULTICAP 50:25:25,-,NSE quote API secInfo,0.9,
nifty_500_shariah,MARICO,Marico Ltd.,MARICO,Marico Limited,exact_symbol_match,INE196A01026,Listed,Fast Moving Consumer Goods,Fast Moving Consumer Goods,Agricultural Food & other Products,Edible Oil,Nifty Midcap 50,NIFTY MIDCAP 50; NIFTY 200; NIFTY 500; NIFTY ALPHA LOW-VOLATILITY 30; NIFTY ALPHA QUALITY LOW-VOLATILITY 30; NIFTY ALPHA QUALITY VALUE LOW-VOLATILITY 30; NIFTY FMCG; NIFTY INDIA FPI 150; NIFTY LARGEMIDCAP 250; NIFTY LOW VOLATILITY 50; NIFTY MIDCAP 100; NIFTY MIDCAP 150; NIFTY MIDCAP SELECT; NIFTY MIDCAP150 MOMENTUM 50; NIFTY MIDCAP150 QUALITY 50; NIFTY MIDSMALL INDIA CONSUMPTION; NIFTY MIDSMALLCAP 400; NIFTY MIDSMALLCAP400 50:50; NIFTY MIDSMALLCAP400 MOMENTUM QUALITY 100; NIFTY NON-CYCLICAL CONSUMER; NIFTY QUALITY LOW-VOLATILITY 30; NIFTY RURAL; NIFTY TOTAL MARKET; NIFTY TOTAL MARKET MOMENTUM QUALITY 50; NIFTY200 QUALITY 30; NIFTY500 EQUAL WEIGHT; NIFTY500 FLEXICAP QUALITY 30; NIFTY500 LARGEMIDSMALL EQUAL-CAP WEIGHTED; NIFTY500 LOW VOLATILITY 50; NIFTY500 MULTICAP 50:25:25; NIFTY500 MULTICAP MOMENTUM QUALITY 50; NIFTY500 MULTIFACTOR MQVLV 50; NIFTY500 QUALITY 50; NIFTY500 SHARIAH,NIFTY FMCG,NSE quote API secInfo,0.9,
ind_nifty500,MARUTI,Maruti Suzuki India Ltd.,MARUTI,Maruti Suzuki India Limited,exact_symbol_match,INE585B01010,Listed,Consumer Discretionary,Automobile and Auto Components,Automobiles,Passenger Cars & Utility Vehicles,Nifty 50,NIFTY 50; NIFTY 100; NIFTY 200; NIFTY 500; NIFTY ALPHA 50; NIFTY ALPHA LOW-VOLATILITY 30; NIFTY ALPHA QUALITY LOW-VOLATILITY 30; NIFTY ALPHA QUALITY VALUE LOW-VOLATILITY 30; NIFTY AUTO; NIFTY EV & NEW AGE AUTOMOTIVE; NIFTY GROWTH SECTORS 15; NIFTY INDIA CONSUMPTION; NIFTY INDIA FPI 150; NIFTY INDIA MANUFACTURING; NIFTY INDIA NEW AGE CONSUMPTION; NIFTY LARGEMIDCAP 250; NIFTY LOW VOLATILITY 50; NIFTY MNC; NIFTY MOBILITY; NIFTY QUALITY LOW-VOLATILITY 30; NIFTY RURAL; NIFTY TOP 15 EQUAL WEIGHT; NIFTY TOP 20 EQUAL WEIGHT; NIFTY TOTAL MARKET; NIFTY TOTAL MARKET MOMENTUM QUALITY 50; NIFTY TRANSPORTATION & LOGISTICS; NIFTY100 ALPHA 30; NIFTY100 ENHANCED ESG; NIFTY100 EQUAL WEIGHT; NIFTY100 ESG; NIFTY100 ESG SECTOR LEADERS; NIFTY100 LIQUID 15; NIFTY100 LOW VOLATILITY 30; NIFTY100 QUALITY 30; NIFTY200 MOMENTUM 30; NIFTY50 EQUAL WEIGHT; NIFTY50 VALUE 20; NIFTY500 EQUAL WEIGHT; NIFTY500 FLEXICAP QUALITY 30; NIFTY500 LARGEMIDSMALL EQUAL-CAP WEIGHTED; NIFTY500 LOW VOLATILITY 50; NIFTY500 MOMENTUM 50; NIFTY500 MULTICAP 50:25:25; NIFTY500 MULTICAP INDIA MANUFACTURING 50:30:20; NIFTY500 MULTICAP MOMENTUM QUALITY 50; NIFTY500 MULTIFACTOR MQVLV 50,NIFTY AUTO,NSE quote API secInfo,0.9,
ind_nifty500,MAZDOCK,Mazagoan Dock Shipbuilders Ltd.,MAZDOCK,Mazagon Dock Shipbuilders Limited,exact_symbol_match,INE249Z01020,Listed,Industrials,Capital Goods,Industrial Manufacturing,Ship Building & Allied Services,Nifty Next 50,NIFTY NEXT 50; NIFTY 100; NIFTY 200; NIFTY 500; NIFTY CAPITAL GOODS; NIFTY HIGH BETA 50; NIFTY INDIA DEFENCE; NIFTY INDIA INFRASTRUCTURE & LOGISTICS; NIFTY INDIA MANUFACTURING; NIFTY LARGEMIDCAP 250; NIFTY TOTAL MARKET; NIFTY TRANSPORTATION & LOGISTICS; NIFTY100 EQUAL WEIGHT; NIFTY100 QUALITY 30; NIFTY200 QUALITY 30; NIFTY500 EQUAL WEIGHT; NIFTY500 LARGEMIDSMALL EQUAL-CAP WEIGHTED; NIFTY500 MULTICAP 50:25:25; NIFTY500 QUALITY 50,-,NSE quote API secInfo,0.9,
ind_nifty500,MCX,Multi Commodity Exchange of India Ltd.,MCX,Multi Commodity Exchange of India Limited,exact_symbol_match,INE745G01043,Permitted to trade,Financial Services,Financial Services,Capital Markets,Exchange and Data Platform,Nifty Midcap 50,NIFTY MIDCAP 50; NIFTY 200; NIFTY 500; NIFTY ALPHA 50; NIFTY CAPITAL MARKETS; NIFTY FINANCIAL SERVICES EX-BANK; NIFTY HIGH BETA 50; NIFTY LARGEMIDCAP 250; NIFTY MIDCAP 100; NIFTY MIDCAP 150; NIFTY MIDCAP LIQUID 15; NIFTY MIDSMALL FINANCIAL SERVICES; NIFTY MIDSMALLCAP 400; NIFTY MIDSMALLCAP400 50:50; NIFTY MIDSMALLCAP400 MOMENTUM QUALITY 100; NIFTY SMALLCAP250 MOMENTUM QUALITY 100; NIFTY TOTAL MARKET; NIFTY TOTAL MARKET MOMENTUM QUALITY 50; NIFTY200 ALPHA 30; NIFTY500 EQUAL WEIGHT; NIFTY500 LARGEMIDSMALL EQUAL-CAP WEIGHTED; NIFTY500 MOMENTUM 50; NIFTY500 MULTICAP 50:25:25; NIFTY500 MULTICAP MOMENTUM QUALITY 50,-,NSE quote API secInfo,0.9,
nifty_500_shariah,MEDANTA,Global Health Ltd.,MEDANTA,Global Health Limited,exact_symbol_match,INE474Q01031,Listed,Healthcare,Healthcare,Healthcare Services,Hospital,Nifty 500,NIFTY 500; NIFTY LARGEMIDCAP 250; NIFTY MIDCAP 150; NIFTY MIDSMALL HEALTHCARE; NIFTY MIDSMALLCAP 400; NIFTY MIDSMALLCAP400 50:50; NIFTY TOTAL MARKET; NIFTY500 EQUAL WEIGHT; NIFTY500 HEALTHCARE; NIFTY500 LARGEMIDSMALL EQUAL-CAP WEIGHTED; NIFTY500 MULTICAP 50:25:25; NIFTY500 SHARIAH,-,NSE quote API secInfo,0.9,
ind_nifty500,MEESHO,Meesho Ltd.,MEESHO,Meesho Limited,exact_symbol_match,INE0VDM01015,Listed,Consumer Discretionary,Consumer Services,Retailing,E-Retail/ E-Commerce,Nifty 500,NIFTY 500; NIFTY CONSUMER SERVICES; NIFTY INDIA DIGITAL; NIFTY INDIA INTERNET; NIFTY IPO; NIFTY MIDSMALLCAP 400; NIFTY MIDSMALLCAP400 50:50; NIFTY RETAIL; NIFTY SMALLCAP 100; NIFTY SMALLCAP 250; NIFTY SMALLCAP 500; NIFTY TOTAL MARKET; NIFTY500 EQUAL WEIGHT; NIFTY500 LARGEMIDSMALL EQUAL-CAP WEIGHTED; NIFTY500 MULTICAP 50:25:25,-,NSE quote API secInfo,0.9,
ind_nifty500,MFSL,Max Financial Services Ltd.,MFSL,Max Financial Services Limited,exact_symbol_match,INE180A01020,Listed,Financial Services,Financial Services,Insurance,Life Insurance,Nifty Financial Services,NIFTY FINANCIAL SERVICES; NIFTY MIDCAP 50; NIFTY 200; NIFTY 500; NIFTY ALPHA 50; NIFTY ALPHA LOW-VOLATILITY 30; NIFTY FINANCIAL SERVICES 25/50; NIFTY FINANCIAL SERVICES EX-BANK; NIFTY INDIA FPI 150; NIFTY INSURANCE; NIFTY LARGEMIDCAP 250; NIFTY MIDCAP 100; NIFTY MIDCAP 150; NIFTY MIDCAP150 MOMENTUM 50; NIFTY MIDSMALL FINANCIAL SERVICES; NIFTY MIDSMALLCAP 400; NIFTY MIDSMALLCAP400 50:50; NIFTY RURAL; NIFTY TOTAL MARKET; NIFTY200 ALPHA 30; NIFTY200 MOMENTUM 30; NIFTY500 EQUAL WEIGHT; NIFTY500 LARGEMIDSMALL EQUAL-CAP WEIGHTED; NIFTY500 LOW VOLATILITY 50; NIFTY500 MOMENTUM 50; NIFTY500 MULTICAP 50:25:25; NIFTY500 MULTIFACTOR MQVLV 50,NIFTY FINANCIAL SERVICES,NSE quote API secInfo,0.9,
nifty_500_shariah,MGL,Mahanagar Gas Ltd.,MGL,Mahanagar Gas Limited,exact_symbol_match,INE002S01010,Listed,Energy,Oil Gas & Consumable Fuels,Gas,LPG/CNG/PNG/LNG Supplier,Nifty 500,NIFTY 500; NIFTY ENERGY; NIFTY INDIA INFRASTRUCTURE & LOGISTICS; NIFTY MIDSMALLCAP 400; NIFTY MIDSMALLCAP400 50:50; NIFTY MIDSMALLCAP400 MOMENTUM QUALITY 100; NIFTY OIL & GAS; NIFTY SMALLCAP 250; NIFTY SMALLCAP 500; NIFTY SMALLCAP250 MOMENTUM QUALITY 100; NIFTY SMALLCAP250 QUALITY 50; NIFTY TOTAL MARKET; NIFTY500 EQUAL WEIGHT; NIFTY500 LARGEMIDSMALL EQUAL-CAP WEIGHTED; NIFTY500 MULTICAP 50:25:25; NIFTY500 MULTICAP INFRASTRUCTURE 50:30:20; NIFTY500 MULTICAP MOMENTUM QUALITY 50; NIFTY500 SHARIAH; NIFTY500 VALUE 50,NIFTY 500,NSE quote API secInfo,0.9,
ind_nifty500,MINDACORP,Minda Corporation Ltd.,MINDACORP,Minda Corporation Limited,exact_symbol_match,INE842C01021,Listed,Consumer Discretionary,Automobile and Auto Components,Auto Components,Auto Components & Equipments,Nifty 500,NIFTY 500; NIFTY EV & NEW AGE AUTOMOTIVE; NIFTY MIDSMALLCAP 400; NIFTY MIDSMALLCAP400 50:50; NIFTY SMALLCAP 250; NIFTY SMALLCAP 500; NIFTY TOTAL MARKET; NIFTY500 EQUAL WEIGHT; NIFTY500 LARGEMIDSMALL EQUAL-CAP WEIGHTED; NIFTY500 MULTICAP 50:25:25,NIFTY 500,NSE quote API secInfo,0.9,
ind_nifty500,MMTC,MMTC Ltd.,MMTC,MMTC Limited,exact_symbol_match,INE123F01029,Listed,Services,Services,Commercial Services & Supplies,Trading & Distributors,Nifty 500,NIFTY 500; NIFTY COMMERCIAL & TRANSPORT SERVICES; NIFTY MIDSMALLCAP 400; NIFTY MIDSMALLCAP400 50:50; NIFTY SMALLCAP 250; NIFTY SMALLCAP 500; NIFTY TOTAL MARKET; NIFTY500 EQUAL WEIGHT; NIFTY500 LARGEMIDSMALL EQUAL-CAP WEIGHTED; NIFTY500 MULTICAP 50:25:25,NIFTY 500,NSE quote API secInfo,0.9,
nifty_500_shariah,MOTHERSON,Samvardhana Motherson International Ltd.,MOTHERSON,Samvardhana Motherson International Limited,exact_symbol_match,INE775A01035,Listed,Consumer Discretionary,Automobile and Auto Components,Auto Components,Auto Components & Equipments,Nifty Next 50,NIFTY NEXT 50; NIFTY 100; NIFTY 200; NIFTY 500; NIFTY AUTO; NIFTY EV & NEW AGE AUTOMOTIVE; NIFTY HIGH BETA 50; NIFTY INDIA FPI 150; NIFTY INDIA MANUFACTURING; NIFTY INFRASTRUCTURE; NIFTY LARGEMIDCAP 250; NIFTY MOBILITY; NIFTY SHARIAH 25; NIFTY TOTAL MARKET; NIFTY TRANSPORTATION & LOGISTICS; NIFTY100 ALPHA 30; NIFTY100 ENHANCED ESG; NIFTY100 EQUAL WEIGHT; NIFTY100 ESG; NIFTY500 EQUAL WEIGHT; NIFTY500 LARGEMIDSMALL EQUAL-CAP WEIGHTED; NIFTY500 MULTICAP 50:25:25; NIFTY500 SHARIAH,-,NSE quote API secInfo,0.9,
ind_nifty500,MOTILALOFS,Motilal Oswal Financial Services Ltd.,MOTILALOFS,Motilal Oswal Financial Services Limited,exact_symbol_match,INE338I01027,Listed,Financial Services,Financial Services,Capital Markets,Stockbroking & Allied,Nifty 200,NIFTY 200; NIFTY 500; NIFTY CAPITAL MARKETS; NIFTY HIGH BETA 50; NIFTY INDIA INTERNET; NIFTY INDIA NEW AGE CONSUMPTION; NIFTY LARGEMIDCAP 250; NIFTY MIDCAP 100; NIFTY MIDCAP 150; NIFTY MIDCAP150 QUALITY 50; NIFTY MIDSMALLCAP 400; NIFTY MIDSMALLCAP400 50:50; NIFTY MIDSMALLCAP400 MOMENTUM QUALITY 100; NIFTY TOTAL MARKET; NIFTY TOTAL MARKET MOMENTUM QUALITY 50; NIFTY500 EQUAL WEIGHT; NIFTY500 LARGEMIDSMALL EQUAL-CAP WEIGHTED; NIFTY500 MULTICAP 50:25:25; NIFTY500 MULTICAP MOMENTUM QUALITY 50; NIFTY500 QUALITY 50,NIFTY FINANCIAL SERVICES,NSE quote API secInfo,0.9,
nifty_500_shariah,MPHASIS,MphasiS Ltd.,MPHASIS,MphasiS Limited,exact_symbol_match,INE356A01018,Listed,Information Technology,Information Technology,IT - Software,Computers - Software & Consulting,Nifty Midcap 50,NIFTY MIDCAP 50; NIFTY 200; NIFTY 500; NIFTY DIVIDEND OPPORTUNITIES 50; NIFTY INDIA DIGITAL; NIFTY INDIA FPI 150; NIFTY IT; NIFTY LARGEMIDCAP 250; NIFTY MIDCAP 100; NIFTY MIDCAP 150; NIFTY MIDCAP150 QUALITY 50; NIFTY MIDSMALL IT & TELECOM; NIFTY MIDSMALLCAP 400; NIFTY MIDSMALLCAP400 50:50; NIFTY MIDSMALLCAP400 MOMENTUM QUALITY 100; NIFTY TOTAL MARKET; NIFTY500 EQUAL WEIGHT; NIFTY500 LARGEMIDSMALL EQUAL-CAP WEIGHTED; NIFTY500 MULTICAP 50:25:25; NIFTY500 SHARIAH,NIFTY IT,NSE quote API secInfo,0.9,
nifty_500_shariah,MRF,MRF Ltd.,MRF,MRF Limited,exact_symbol_match,INE883A01011,Listed,Consumer Discretionary,Automobile and Auto Components,Auto Components,Tyres & Rubber Products,Nifty 200,NIFTY 200; NIFTY 500; NIFTY INDIA MANUFACTURING; NIFTY LARGEMIDCAP 250; NIFTY LOW VOLATILITY 50; NIFTY MIDCAP 100; NIFTY MIDCAP 150; NIFTY MIDCAP150 MOMENTUM 50; NIFTY MIDSMALLCAP 400; NIFTY MIDSMALLCAP400 50:50; NIFTY MIDSMALLCAP400 MOMENTUM QUALITY 100; NIFTY MOBILITY; NIFTY TOTAL MARKET; NIFTY TRANSPORTATION & LOGISTICS; NIFTY500 EQUAL WEIGHT; NIFTY500 LARGEMIDSMALL EQUAL-CAP WEIGHTED; NIFTY500 LOW VOLATILITY 50; NIFTY500 MULTICAP 50:25:25; NIFTY500 MULTIFACTOR MQVLV 50; NIFTY500 SHARIAH,NIFTY AUTO,NSE quote API secInfo,0.9,
ind_nifty500,MRPL,Mangalore Refinery & Petrochemicals Ltd.,MRPL,Mangalore Refinery and Petrochemicals Limited,exact_symbol_match,INE103A01014,Listed,Energy,Oil Gas & Consumable Fuels,Petroleum Products,Refineries & Marketing,Nifty 500,NIFTY 500; NIFTY INDIA RAILWAYS PSU; NIFTY MIDSMALLCAP 400; NIFTY MIDSMALLCAP400 50:50; NIFTY SMALLCAP 100; NIFTY SMALLCAP 250; NIFTY SMALLCAP 500; NIFTY TOTAL MARKET; NIFTY500 EQUAL WEIGHT; NIFTY500 LARGEMIDSMALL EQUAL-CAP WEIGHTED; NIFTY500 MULTICAP 50:25:25,NIFTY 500,NSE quote API secInfo,0.9,
nifty_500_shariah,MSUMI,Motherson Sumi Wiring India Ltd.,MSUMI,Motherson Sumi Wiring India Limited,exact_symbol_match,INE0FS801015,Listed,Consumer Discretionary,Automobile and Auto Components,Auto Components,Auto Components & Equipments,Nifty 500,NIFTY 500; NIFTY EV & NEW AGE AUTOMOTIVE; NIFTY MIDSMALLCAP 400; NIFTY MIDSMALLCAP400 50:50; NIFTY MIDSMALLCAP400 MOMENTUM QUALITY 100; NIFTY SMALLCAP 250; NIFTY SMALLCAP 500; NIFTY SMALLCAP250 MOMENTUM QUALITY 100; NIFTY SMALLCAP250 QUALITY 50; NIFTY TOTAL MARKET; NIFTY TOTAL MARKET MOMENTUM QUALITY 50; NIFTY500 EQUAL WEIGHT; NIFTY500 LARGEMIDSMALL EQUAL-CAP WEIGHTED; NIFTY500 LOW VOLATILITY 50; NIFTY500 MULTICAP 50:25:25; NIFTY500 MULTICAP INDIA MANUFACTURING 50:30:20; NIFTY500 MULTICAP INFRASTRUCTURE 50:30:20; NIFTY500 MULTICAP MOMENTUM QUALITY 50; NIFTY500 MULTIFACTOR MQVLV 50; NIFTY500 QUALITY 50; NIFTY500 SHARIAH,-,NSE quote API secInfo,0.9,
ind_nifty500,MUTHOOTFIN,Muthoot Finance Ltd.,MUTHOOTFIN,Muthoot Finance Limited,exact_symbol_match,INE414G01012,Listed,Financial Services,Financial Services,Finance,Non Banking Financial Company (NBFC),Nifty Next 50,NIFTY NEXT 50; NIFTY FINANCIAL SERVICES; NIFTY 100; NIFTY 200; NIFTY 500; NIFTY ALPHA 50; NIFTY FINANCIAL SERVICES 25/50; NIFTY FINANCIAL SERVICES EX-BANK; NIFTY INDIA FPI 150; NIFTY LARGEMIDCAP 250; NIFTY MIDCAP150 MOMENTUM 50; NIFTY MIDCAP150 QUALITY 50; NIFTY MIDSMALLCAP400 MOMENTUM QUALITY 100; NIFTY NBFC; NIFTY RURAL; NIFTY TOTAL MARKET; NIFTY TOTAL MARKET MOMENTUM QUALITY 50; NIFTY100 ALPHA 30; NIFTY100 EQUAL WEIGHT; NIFTY200 ALPHA 30; NIFTY200 MOMENTUM 30; NIFTY500 EQUAL WEIGHT; NIFTY500 LARGEMIDSMALL EQUAL-CAP WEIGHTED; NIFTY500 MOMENTUM 50; NIFTY500 MULTICAP 50:25:25; NIFTY500 MULTICAP MOMENTUM QUALITY 50; NIFTY500 MULTIFACTOR MQVLV 50,NIFTY FINANCIAL SERVICES,NSE quote API secInfo,0.9,
ind_nifty500,NAM-INDIA,Nippon Life India Asset Management Ltd.,NAM-INDIA,Nippon Life India Asset Management Limited,exact_symbol_match,INE298J01013,Listed,Financial Services,Financial Services,Capital Markets,Asset Management Company,Nifty 500,NIFTY 500; NIFTY CAPITAL MARKETS; NIFTY INDIA NEW AGE CONSUMPTION; NIFTY LARGEMIDCAP 250; NIFTY MIDCAP 150; NIFTY MIDCAP150 MOMENTUM 50; NIFTY MIDCAP150 QUALITY 50; NIFTY MIDSMALLCAP 400; NIFTY MIDSMALLCAP400 50:50; NIFTY MIDSMALLCAP400 MOMENTUM QUALITY 100; NIFTY MNC; NIFTY TOTAL MARKET; NIFTY TOTAL MARKET MOMENTUM QUALITY 50; NIFTY500 EQUAL WEIGHT; NIFTY500 LARGEMIDSMALL EQUAL-CAP WEIGHTED; NIFTY500 MULTICAP 50:25:25; NIFTY500 MULTICAP MOMENTUM QUALITY 50; NIFTY500 QUALITY 50,-,NSE quote API secInfo,0.9,
ind_nifty500,NATCOPHARM,NATCO Pharma Ltd.,NATCOPHARM,Natco Pharma Limited,exact_symbol_match,INE987B01026,Listed,Healthcare,Healthcare,Pharmaceuticals & Biotechnology,Pharmaceuticals,Nifty 500,NIFTY 500; NIFTY MIDSMALL HEALTHCARE; NIFTY MIDSMALLCAP 400; NIFTY MIDSMALLCAP400 50:50; NIFTY SMALLCAP 100; NIFTY SMALLCAP 250; NIFTY SMALLCAP 50; NIFTY SMALLCAP 500; NIFTY SMALLCAP250 MOMENTUM QUALITY 100; NIFTY SMALLCAP250 QUALITY 50; NIFTY TOTAL MARKET; NIFTY500 EQUAL WEIGHT; NIFTY500 HEALTHCARE; NIFTY500 LARGEMIDSMALL EQUAL-CAP WEIGHTED; NIFTY500 MULTICAP 50:25:25; NIFTY500 MULTICAP INDIA MANUFACTURING 50:30:20; NIFTY500 QUALITY 50,NIFTY PHARMA,NSE quote API secInfo,0.9,
nifty_500_shariah,NATIONALUM,National Aluminium Company Ltd.,NATIONALUM,National Aluminium Company Limited,exact_symbol_match,INE139A01034,Listed,Commodities,Metals & Mining,Non - Ferrous Metals,Aluminium,Nifty 200,NIFTY 200; NIFTY 500; NIFTY ALPHA 50; NIFTY DIVIDEND OPPORTUNITIES 50; NIFTY HIGH BETA 50; NIFTY LARGEMIDCAP 250; NIFTY METAL; NIFTY MIDCAP 100; NIFTY MIDCAP 150; NIFTY MIDCAP150 MOMENTUM 50; NIFTY MIDSMALLCAP 400; NIFTY MIDSMALLCAP400 50:50; NIFTY MIDSMALLCAP400 MOMENTUM QUALITY 100; NIFTY TOTAL MARKET; NIFTY TOTAL MARKET MOMENTUM QUALITY 50; NIFTY200 ALPHA 30; NIFTY500 EQUAL WEIGHT; NIFTY500 LARGEMIDSMALL EQUAL-CAP WEIGHTED; NIFTY500 MULTICAP 50:25:25; NIFTY500 MULTICAP MOMENTUM QUALITY 50; NIFTY500 MULTIFACTOR MQVLV 50; NIFTY500 QUALITY 50; NIFTY500 SHARIAH; NIFTY500 VALUE 50,NIFTY 500,NSE quote API secInfo,0.9,
ind_nifty500,NAUKRI,Info Edge (India) Ltd.,NAUKRI,Info Edge (India) Limited,exact_symbol_match,INE663F01032,Listed,Consumer Discretionary,Consumer Services,Retailing,Internet & Catalogue Retail,Nifty Midcap 50,NIFTY MIDCAP 50; NIFTY 200; NIFTY 500; NIFTY CONSUMER SERVICES; NIFTY HIGH BETA 50; NIFTY INDIA CONSUMPTION; NIFTY INDIA DIGITAL; NIFTY INDIA FPI 150; NIFTY INDIA INTERNET; NIFTY INDIA NEW AGE CONSUMPTION; NIFTY LARGEMIDCAP 250; NIFTY MIDCAP 100; NIFTY MIDCAP 150; NIFTY MIDCAP SELECT; NIFTY MIDSMALL INDIA CONSUMPTION; NIFTY MIDSMALLCAP 400; NIFTY MIDSMALLCAP400 50:50; NIFTY NON-CYCLICAL CONSUMER; NIFTY RETAIL; NIFTY SERVICES SECTOR; NIFTY TOTAL MARKET; NIFTY100 ENHANCED ESG; NIFTY100 ESG; NIFTY100 ESG SECTOR LEADERS; NIFTY500 EQUAL WEIGHT; NIFTY500 LARGEMIDSMALL EQUAL-CAP WEIGHTED; NIFTY500 MULTICAP 50:25:25,NIFTY IT,NSE quote API secInfo,0.9,
nifty_500_shariah,NAVA,NAVA Ltd.,NAVA,NAVA LIMITED,exact_symbol_match,INE725A01030,Listed,Utilities,Power,Power,Power Generation,Nifty 500,NIFTY 500; NIFTY ENERGY; NIFTY INDIA INFRASTRUCTURE & LOGISTICS; NIFTY MIDSMALLCAP 400; NIFTY MIDSMALLCAP400 50:50; NIFTY MIDSMALLCAP400 MOMENTUM QUALITY 100; NIFTY SMALLCAP 250; NIFTY SMALLCAP 500; NIFTY SMALLCAP250 MOMENTUM QUALITY 100; NIFTY TOTAL MARKET; NIFTY500 EQUAL WEIGHT; NIFTY500 LARGEMIDSMALL EQUAL-CAP WEIGHTED; NIFTY500 MULTICAP 50:25:25; NIFTY500 SHARIAH,-,NSE quote API secInfo,0.9,
ind_nifty500,NAVINFLUOR,Navin Fluorine International Ltd.,NAVINFLUOR,Navin Fluorine International Limited,exact_symbol_match,INE048G01026,Listed,Commodities,Chemicals,Chemicals & Petrochemicals,Specialty Chemicals,Nifty 500,NIFTY 500; NIFTY ALPHA 50; NIFTY CHEMICALS; NIFTY INDIA MANUFACTURING; NIFTY MIDSMALLCAP 400; NIFTY MIDSMALLCAP400 50:50; NIFTY SMALLCAP 100; NIFTY SMALLCAP 250; NIFTY SMALLCAP 50; NIFTY SMALLCAP 500; NIFTY SMALLCAP250 MOMENTUM QUALITY 100; NIFTY TOTAL MARKET; NIFTY500 EQUAL WEIGHT; NIFTY500 LARGEMIDSMALL EQUAL-CAP WEIGHTED; NIFTY500 MOMENTUM 50; NIFTY500 MULTICAP 50:25:25; NIFTY500 MULTICAP INDIA MANUFACTURING 50:30:20,NIFTY 500,NSE quote API secInfo,0.9,
nifty_500_shariah,NBCC,NBCC (India) Ltd.,NBCC,NBCC (India) Limited,exact_symbol_match,INE095N01031,Listed,Industrials,Construction,Construction,Civil Construction,Nifty 500,NIFTY 500; NIFTY CPSE; NIFTY HIGH BETA 50; NIFTY INDIA INFRASTRUCTURE & LOGISTICS; NIFTY MIDSMALLCAP 400; NIFTY MIDSMALLCAP400 50:50; NIFTY SMALLCAP 100; NIFTY SMALLCAP 250; NIFTY SMALLCAP 50; NIFTY SMALLCAP 500; NIFTY SMALLCAP250 MOMENTUM QUALITY 100; NIFTY TOTAL MARKET; NIFTY500 EQUAL WEIGHT; NIFTY500 LARGEMIDSMALL EQUAL-CAP WEIGHTED; NIFTY500 MULTICAP 50:25:25; NIFTY500 MULTICAP INFRASTRUCTURE 50:30:20; NIFTY500 SHARIAH,NIFTY INFRASTRUCTURE,NSE quote API secInfo,0.9,
nifty_500_shariah,NCC,NCC Ltd.,NCC,NCC Limited,exact_symbol_match,INE868B01028,Listed,Industrials,Construction,Construction,Civil Construction,Nifty 500,NIFTY 500; NIFTY INDIA INFRASTRUCTURE & LOGISTICS; NIFTY MIDSMALLCAP 400; NIFTY MIDSMALLCAP400 50:50; NIFTY SMALLCAP 250; NIFTY SMALLCAP 500; NIFTY SMALLCAP250 MOMENTUM QUALITY 100; NIFTY TOTAL MARKET; NIFTY500 EQUAL WEIGHT; NIFTY500 LARGEMIDSMALL EQUAL-CAP WEIGHTED; NIFTY500 MULTICAP 50:25:25; NIFTY500 MULTICAP INFRASTRUCTURE 50:30:20; NIFTY500 SHARIAH; NIFTY500 VALUE 50,NIFTY INFRASTRUCTURE,NSE quote API secInfo,0.9,
nifty_50_shariah,NESTLEIND,NESTLE INDIA LTD.,NESTLEIND,Nestle India Limited,exact_symbol_match,INE239A01024,Listed,Fast Moving Consumer Goods,Fast Moving Consumer Goods,Food Products,Packaged Foods,Nifty 50,NIFTY 50; NIFTY 100; NIFTY 200; NIFTY 500; NIFTY ALPHA LOW-VOLATILITY 30; NIFTY ALPHA QUALITY LOW-VOLATILITY 30; NIFTY ALPHA QUALITY VALUE LOW-VOLATILITY 30; NIFTY FMCG; NIFTY GROWTH SECTORS 15; NIFTY INDIA CONSUMPTION; NIFTY INDIA FPI 150; NIFTY LARGEMIDCAP 250; NIFTY LOW VOLATILITY 50; NIFTY MNC; NIFTY NON-CYCLICAL CONSUMER; NIFTY QUALITY LOW-VOLATILITY 30; NIFTY RURAL; NIFTY SHARIAH 25; NIFTY TOTAL MARKET; NIFTY100 ENHANCED ESG; NIFTY100 EQUAL WEIGHT; NIFTY100 ESG; NIFTY100 ESG SECTOR LEADERS; NIFTY100 LOW VOLATILITY 30; NIFTY100 QUALITY 30; NIFTY200 QUALITY 30; NIFTY50 EQUAL WEIGHT; NIFTY50 SHARIAH; NIFTY500 EQUAL WEIGHT; NIFTY500 FLEXICAP QUALITY 30; NIFTY500 LARGEMIDSMALL EQUAL-CAP WEIGHTED; NIFTY500 MULTICAP 50:25:25; NIFTY500 MULTICAP MOMENTUM QUALITY 50; NIFTY500 SHARIAH,-,NSE quote API secInfo,0.9,
nifty_500_shariah,NETWEB,Netweb Technologies India Ltd.,NETWEB,Netweb Technologies India Limited,exact_symbol_match,INE0NT901020,Listed,Information Technology,Information Technology,IT - Services,IT Enabled Services,Nifty 500,NIFTY 500; NIFTY INDIA DIGITAL; NIFTY MIDSMALLCAP 400; NIFTY MIDSMALLCAP400 50:50; NIFTY SMALLCAP 100; NIFTY SMALLCAP 250; NIFTY SMALLCAP 500; NIFTY TOTAL MARKET; NIFTY500 EQUAL WEIGHT; NIFTY500 LARGEMIDSMALL EQUAL-CAP WEIGHTED; NIFTY500 MULTICAP 50:25:25; NIFTY500 SHARIAH,-,NSE quote API secInfo,0.9,
nifty_500_shariah,NEULANDLAB,Neuland Laboratories Ltd.,NEULANDLAB,Neuland Laboratories Limited,exact_symbol_match,INE794A01010,Listed,Healthcare,Healthcare,Pharmaceuticals & Biotechnology,Pharmaceuticals,Nifty 500,NIFTY 500; NIFTY MIDSMALL HEALTHCARE; NIFTY MIDSMALLCAP 400; NIFTY MIDSMALLCAP400 50:50; NIFTY MIDSMALLCAP400 MOMENTUM QUALITY 100; NIFTY SMALLCAP 100; NIFTY SMALLCAP 250; NIFTY SMALLCAP 50; NIFTY SMALLCAP 500; NIFTY SMALLCAP250 MOMENTUM QUALITY 100; NIFTY TOTAL MARKET; NIFTY500 EQUAL WEIGHT; NIFTY500 HEALTHCARE; NIFTY500 LARGEMIDSMALL EQUAL-CAP WEIGHTED; NIFTY500 MULTICAP 50:25:25; NIFTY500 MULTICAP INDIA MANUFACTURING 50:30:20; NIFTY500 SHARIAH,NIFTY PHARMA,NSE quote API secInfo,0.9,
ind_nifty500,NEWGEN,Newgen Software Technologies Ltd.,NEWGEN,Newgen Software Technologies Limited,exact_symbol_match,INE619B01017,Listed,Information Technology,Information Technology,IT - Software,Computers - Software & Consulting,Nifty 500,NIFTY 500; NIFTY INDIA DIGITAL; NIFTY MIDSMALLCAP 400; NIFTY MIDSMALLCAP400 50:50; NIFTY MIDSMALLCAP400 MOMENTUM QUALITY 100; NIFTY SMALLCAP 250; NIFTY SMALLCAP 500; NIFTY SMALLCAP250 MOMENTUM QUALITY 100; NIFTY TOTAL MARKET; NIFTY500 EQUAL WEIGHT; NIFTY500 LARGEMIDSMALL EQUAL-CAP WEIGHTED; NIFTY500 MULTICAP 50:25:25,NIFTY IT,NSE quote API secInfo,0.9,
ind_nifty500,NH,Narayana Hrudayalaya Ltd.,NH,Narayana Hrudayalaya Ltd.,exact_symbol_match,INE410P01011,Listed,Healthcare,Healthcare,Healthcare Services,Hospital,Nifty 500,NIFTY 500; NIFTY ALPHA 50; NIFTY HOSPITALS; NIFTY MIDSMALL HEALTHCARE; NIFTY MIDSMALLCAP 400; NIFTY MIDSMALLCAP400 50:50; NIFTY MIDSMALLCAP400 MOMENTUM QUALITY 100; NIFTY SMALLCAP 100; NIFTY SMALLCAP 250; NIFTY SMALLCAP 50; NIFTY SMALLCAP 500; NIFTY SMALLCAP250 MOMENTUM QUALITY 100; NIFTY TOTAL MARKET; NIFTY500 EQUAL WEIGHT; NIFTY500 HEALTHCARE; NIFTY500 LARGEMIDSMALL EQUAL-CAP WEIGHTED; NIFTY500 MOMENTUM 50; NIFTY500 MULTICAP 50:25:25; NIFTY500 MULTICAP INFRASTRUCTURE 50:30:20; NIFTY500 MULTICAP MOMENTUM QUALITY 50,NIFTY PHARMA,NSE quote API secInfo,0.9,
ind_nifty500,NHPC,NHPC Ltd.,NHPC,NHPC Limited,exact_symbol_match,INE848E01016,Listed,Utilities,Power,Power,Power Generation,Nifty Midcap 50,NIFTY MIDCAP 50; NIFTY 200; NIFTY 500; NIFTY COMMODITIES; NIFTY CPSE; NIFTY DIVIDEND OPPORTUNITIES 50; NIFTY ENERGY; NIFTY HOUSING; NIFTY INDIA FPI 150; NIFTY INDIA INFRASTRUCTURE & LOGISTICS; NIFTY LARGEMIDCAP 250; NIFTY MIDCAP 100; NIFTY MIDCAP 150; NIFTY MIDSMALLCAP 400; NIFTY MIDSMALLCAP400 50:50; NIFTY POWER; NIFTY PSE; NIFTY RURAL; NIFTY TOTAL MARKET; NIFTY500 EQUAL WEIGHT; NIFTY500 LARGEMIDSMALL EQUAL-CAP WEIGHTED; NIFTY500 MULTICAP 50:25:25; NIFTY500 MULTICAP INFRASTRUCTURE 50:30:20,NIFTY INFRASTRUCTURE,NSE quote API secInfo,0.9,
ind_nifty500,NIACL,The New India Assurance Company Ltd.,NIACL,The New India Assurance Company Limited,exact_symbol_match,INE470Y01017,Listed,Financial Services,Financial Services,Insurance,General Insurance,Nifty 500,NIFTY 500; NIFTY INSURANCE; NIFTY LARGEMIDCAP 250; NIFTY MIDCAP 150; NIFTY MIDSMALLCAP 400; NIFTY MIDSMALLCAP400 50:50; NIFTY TOTAL MARKET; NIFTY500 EQUAL WEIGHT; NIFTY500 LARGEMIDSMALL EQUAL-CAP WEIGHTED; NIFTY500 MULTICAP 50:25:25,NIFTY FINANCIAL SERVICES,NSE quote API secInfo,0.9,
ind_nifty500,NIVABUPA,Niva Bupa Health Insurance Company Ltd.,NIVABUPA,Niva Bupa Health Insurance Company Limited,exact_symbol_match,INE995S01015,Listed,Financial Services,Financial Services,Insurance,General Insurance,Nifty 500,NIFTY 500; NIFTY INSURANCE; NIFTY MIDSMALLCAP 400; NIFTY MIDSMALLCAP400 50:50; NIFTY SMALLCAP 250; NIFTY SMALLCAP 500; NIFTY TOTAL MARKET; NIFTY500 EQUAL WEIGHT; NIFTY500 LARGEMIDSMALL EQUAL-CAP WEIGHTED; NIFTY500 MULTICAP 50:25:25,-,NSE quote API secInfo,0.9,
ind_nifty500,NLCINDIA,NLC India Ltd.,NLCINDIA,NLC India Limited,exact_symbol_match,INE589A01014,Listed,Utilities,Power,Power,Power Generation,Nifty 500,NIFTY 500; NIFTY CPSE; NIFTY ENERGY; NIFTY INDIA INFRASTRUCTURE & LOGISTICS; NIFTY LARGEMIDCAP 250; NIFTY MIDCAP 150; NIFTY MIDSMALLCAP 400; NIFTY MIDSMALLCAP400 50:50; NIFTY POWER; NIFTY TOTAL MARKET; NIFTY500 EQUAL WEIGHT; NIFTY500 LARGEMIDSMALL EQUAL-CAP WEIGHTED; NIFTY500 MULTICAP 50:25:25,NIFTY INFRASTRUCTURE,NSE quote API secInfo,0.9,
ind_nifty500,NMDC,NMDC Ltd.,NMDC,NMDC Limited,exact_symbol_match,INE584A01023,Listed,Commodities,Metals & Mining,Minerals & Mining,Industrial Minerals,Nifty Midcap 50,NIFTY MIDCAP 50; NIFTY 200; NIFTY 500; NIFTY COMMODITIES; NIFTY DIVIDEND OPPORTUNITIES 50; NIFTY INDIA FPI 150; NIFTY LARGEMIDCAP 250; NIFTY METAL; NIFTY MIDCAP 100; NIFTY MIDCAP 150; NIFTY MIDCAP150 QUALITY 50; NIFTY MIDSMALLCAP 400; NIFTY MIDSMALLCAP400 50:50; NIFTY MIDSMALLCAP400 MOMENTUM QUALITY 100; NIFTY PSE; NIFTY TOTAL MARKET; NIFTY200 VALUE 30; NIFTY500 EQUAL WEIGHT; NIFTY500 LARGEMIDSMALL EQUAL-CAP WEIGHTED; NIFTY500 MULTICAP 50:25:25; NIFTY500 QUALITY 50; NIFTY500 VALUE 50,NIFTY METAL,NSE quote API secInfo,0.9,
nifty_500_shariah,NSLNISP,NMDC Steel Ltd.,NSLNISP,NMDC Steel Limited,exact_symbol_match,INE0NNS01018,Listed,Commodities,Metals & Mining,Ferrous Metals,Iron & Steel,Nifty 500,NIFTY 500; NIFTY MIDSMALLCAP 400; NIFTY MIDSMALLCAP400 50:50; NIFTY SMALLCAP 250; NIFTY SMALLCAP 500; NIFTY TOTAL MARKET; NIFTY500 EQUAL WEIGHT; NIFTY500 LARGEMIDSMALL EQUAL-CAP WEIGHTED; NIFTY500 MULTICAP 50:25:25; NIFTY500 SHARIAH,-,NSE quote API secInfo,0.9,
ind_nifty500,NTPC,NTPC Ltd.,NTPC,NTPC Limited,exact_symbol_match,INE733E01010,Listed,Utilities,Power,Power,Power Generation,Nifty 50,NIFTY 50; NIFTY 100; NIFTY 200; NIFTY 500; NIFTY COMMODITIES; NIFTY CPSE; NIFTY DIVIDEND OPPORTUNITIES 50; NIFTY ENERGY; NIFTY HOUSING; NIFTY INDIA FPI 150; NIFTY INDIA INFRASTRUCTURE & LOGISTICS; NIFTY INDIA RAILWAYS PSU; NIFTY INFRASTRUCTURE; NIFTY LARGEMIDCAP 250; NIFTY POWER; NIFTY PSE; NIFTY RURAL; NIFTY SERVICES SECTOR; NIFTY TOP 20 EQUAL WEIGHT; NIFTY TOTAL MARKET; NIFTY100 ENHANCED ESG; NIFTY100 EQUAL WEIGHT; NIFTY100 ESG; NIFTY100 ESG SECTOR LEADERS; NIFTY200 VALUE 30; NIFTY50 EQUAL WEIGHT; NIFTY50 VALUE 20; NIFTY500 EQUAL WEIGHT; NIFTY500 LARGEMIDSMALL EQUAL-CAP WEIGHTED; NIFTY500 MULTICAP 50:25:25; NIFTY500 MULTICAP INFRASTRUCTURE 50:30:20; NIFTY500 VALUE 50,NIFTY INFRASTRUCTURE,NSE quote API secInfo,0.9,
ind_nifty500,NTPCGREEN,NTPC Green Energy Ltd.,NTPCGREEN,NTPC Green Energy Limited,exact_symbol_match,INE0ONG01011,Listed,Utilities,Power,Power,Power Generation,Nifty 500,NIFTY 500; NIFTY ENERGY; NIFTY INDIA INFRASTRUCTURE & LOGISTICS; NIFTY LARGEMIDCAP 250; NIFTY MIDCAP 150; NIFTY MIDSMALLCAP 400; NIFTY MIDSMALLCAP400 50:50; NIFTY POWER; NIFTY TOTAL MARKET; NIFTY500 EQUAL WEIGHT; NIFTY500 LARGEMIDSMALL EQUAL-CAP WEIGHTED; NIFTY500 MULTICAP 50:25:25,-,NSE quote API secInfo,0.9,
ind_nifty500,NUVAMA,Nuvama Wealth Management Ltd.,NUVAMA,Nuvama Wealth Management Limited,exact_symbol_match,INE531F01023,Listed,Financial Services,Financial Services,Capital Markets,Stockbroking & Allied,Nifty 500,NIFTY 500; NIFTY CAPITAL MARKETS; NIFTY INDIA NEW AGE CONSUMPTION; NIFTY MIDSMALLCAP 400; NIFTY MIDSMALLCAP400 50:50; NIFTY SMALLCAP 100; NIFTY SMALLCAP 250; NIFTY SMALLCAP 500; NIFTY TOTAL MARKET; NIFTY500 EQUAL WEIGHT; NIFTY500 LARGEMIDSMALL EQUAL-CAP WEIGHTED; NIFTY500 MULTICAP 50:25:25,-,NSE quote API secInfo,0.9,
nifty_500_shariah,NUVOCO,Nuvoco Vistas Corporation Ltd.,NUVOCO,Nuvoco Vistas Corporation Limited,exact_symbol_match,INE118D01016,Listed,Commodities,Construction Materials,Cement & Cement Products,Cement & Cement Products,Nifty 500,NIFTY 500; NIFTY CEMENT; NIFTY MIDSMALLCAP 400; NIFTY MIDSMALLCAP400 50:50; NIFTY SMALLCAP 250; NIFTY SMALLCAP 500; NIFTY TOTAL MARKET; NIFTY500 EQUAL WEIGHT; NIFTY500 LARGEMIDSMALL EQUAL-CAP WEIGHTED; NIFTY500 MULTICAP 50:25:25; NIFTY500 SHARIAH,-,NSE quote API secInfo,0.9,
ind_nifty500,NYKAA,FSN E-Commerce Ventures Ltd.,NYKAA,FSN E-Commerce Ventures Limited,exact_symbol_match,INE388Y01029,Listed,Consumer Discretionary,Consumer Services,Retailing,E-Retail/ E-Commerce,Nifty Midcap 50,NIFTY MIDCAP 50; NIFTY 200; NIFTY 500; NIFTY ALPHA 50; NIFTY CONSUMER SERVICES; NIFTY INDIA DIGITAL; NIFTY INDIA FPI 150; NIFTY INDIA INTERNET; NIFTY INDIA NEW AGE CONSUMPTION; NIFTY LARGEMIDCAP 250; NIFTY MIDCAP 100; NIFTY MIDCAP 150; NIFTY MIDCAP150 MOMENTUM 50; NIFTY MIDSMALL INDIA CONSUMPTION; NIFTY MIDSMALLCAP 400; NIFTY MIDSMALLCAP400 50:50; NIFTY NON-CYCLICAL CONSUMER; NIFTY RETAIL; NIFTY TOTAL MARKET; NIFTY200 ALPHA 30; NIFTY200 MOMENTUM 30; NIFTY500 EQUAL WEIGHT; NIFTY500 LARGEMIDSMALL EQUAL-CAP WEIGHTED; NIFTY500 MOMENTUM 50; NIFTY500 MULTICAP 50:25:25,-,NSE quote API secInfo,0.9,
ind_nifty500,OBEROIRLTY,Oberoi Realty Ltd.,OBEROIRLTY,Oberoi Realty Limited,exact_symbol_match,INE093I01010,Listed,Consumer Discretionary,Realty,Realty,Residential Commercial Projects,Nifty 200,NIFTY 200; NIFTY 500; NIFTY CORE HOUSING; NIFTY HOUSING; NIFTY INDIA INFRASTRUCTURE & LOGISTICS; NIFTY INDIA NEW AGE CONSUMPTION; NIFTY LARGEMIDCAP 250; NIFTY MIDCAP 100; NIFTY MIDCAP 150; NIFTY MIDSMALL INDIA CONSUMPTION; NIFTY MIDSMALLCAP 400; NIFTY MIDSMALLCAP400 50:50; NIFTY REALTY; NIFTY REITS & REALTY; NIFTY TOTAL MARKET; NIFTY500 EQUAL WEIGHT; NIFTY500 LARGEMIDSMALL EQUAL-CAP WEIGHTED; NIFTY500 MULTICAP 50:25:25; NIFTY500 MULTICAP INFRASTRUCTURE 50:30:20,NIFTY REALTY,NSE quote API secInfo,0.9,
ind_nifty500,OFSS,Oracle Financial Services Software Ltd.,OFSS,Oracle Financial Services Software Limited,exact_symbol_match,INE881D01027,Listed,Information Technology,Information Technology,IT - Software,Software Products,Nifty 200,NIFTY 200; NIFTY 500; NIFTY DIVIDEND OPPORTUNITIES 50; NIFTY INDIA DIGITAL; NIFTY IT; NIFTY LARGEMIDCAP 250; NIFTY MIDCAP 100; NIFTY MIDCAP 150; NIFTY MIDCAP150 QUALITY 50; NIFTY MIDSMALL IT & TELECOM; NIFTY MIDSMALLCAP 400; NIFTY MIDSMALLCAP400 50:50; NIFTY MIDSMALLCAP400 MOMENTUM QUALITY 100; NIFTY MNC; NIFTY TOTAL MARKET; NIFTY200 QUALITY 30; NIFTY500 EQUAL WEIGHT; NIFTY500 LARGEMIDSMALL EQUAL-CAP WEIGHTED; NIFTY500 MULTICAP 50:25:25; NIFTY500 QUALITY 50,NIFTY IT,NSE quote API secInfo,0.9,
ind_nifty500,OIL,Oil India Ltd.,OIL,Oil India Limited,exact_symbol_match,INE274J01014,Listed,Energy,Oil Gas & Consumable Fuels,Oil,Oil Exploration & Production,Nifty Midcap 50,NIFTY MIDCAP 50; NIFTY 200; NIFTY 500; NIFTY COMMODITIES; NIFTY CPSE; NIFTY DIVIDEND OPPORTUNITIES 50; NIFTY ENERGY; NIFTY INDIA FPI 150; NIFTY LARGEMIDCAP 250; NIFTY MIDCAP 100; NIFTY MIDCAP 150; NIFTY MIDSMALLCAP 400; NIFTY MIDSMALLCAP400 50:50; NIFTY OIL & GAS; NIFTY PSE; NIFTY TOTAL MARKET; NIFTY200 VALUE 30; NIFTY500 EQUAL WEIGHT; NIFTY500 LARGEMIDSMALL EQUAL-CAP WEIGHTED; NIFTY500 MULTICAP 50:25:25; NIFTY500 MULTICAP INFRASTRUCTURE 50:30:20; NIFTY500 VALUE 50,NIFTY 500,NSE quote API secInfo,0.9,
ind_nifty500,OLAELEC,Ola Electric Mobility Ltd.,OLAELEC,Ola Electric Mobility Limited,exact_symbol_match,INE0LXG01040,Listed,Consumer Discretionary,Automobile and Auto Components,Automobiles,2/3 Wheelers,Nifty 500,NIFTY 500; NIFTY EV & NEW AGE AUTOMOTIVE; NIFTY INDIA NEW AGE CONSUMPTION; NIFTY MIDSMALLCAP 400; NIFTY MIDSMALLCAP400 50:50; NIFTY SMALLCAP 100; NIFTY SMALLCAP 250; NIFTY SMALLCAP 500; NIFTY TOTAL MARKET; NIFTY500 EQUAL WEIGHT; NIFTY500 LARGEMIDSMALL EQUAL-CAP WEIGHTED; NIFTY500 MULTICAP 50:25:25,-,NSE quote API secInfo,0.9,
nifty_500_shariah,OLECTRA,Olectra Greentech Ltd.,OLECTRA,Olectra Greentech Limited,exact_symbol_match,INE260D01016,Listed,Consumer Discretionary,Automobile and Auto Components,Automobiles,Passenger Cars & Utility Vehicles,Nifty 500,NIFTY 500; NIFTY EV & NEW AGE AUTOMOTIVE; NIFTY MIDSMALLCAP 400; NIFTY MIDSMALLCAP400 50:50; NIFTY SMALLCAP 250; NIFTY SMALLCAP 500; NIFTY SMALLCAP250 MOMENTUM QUALITY 100; NIFTY TOTAL MARKET; NIFTY500 EQUAL WEIGHT; NIFTY500 LARGEMIDSMALL EQUAL-CAP WEIGHTED; NIFTY500 MULTICAP 50:25:25; NIFTY500 SHARIAH,NIFTY 500,NSE quote API secInfo,0.9,
ind_nifty500,ONESOURCE,Onesource Specialty Pharma Ltd.,ONESOURCE,Onesource Specialty Pharma Limited,exact_symbol_match,INE013P01021,Listed,Healthcare,Healthcare,Pharmaceuticals & Biotechnology,Pharmaceuticals,Nifty 500,NIFTY 500; NIFTY MIDSMALL HEALTHCARE; NIFTY MIDSMALLCAP 400; NIFTY MIDSMALLCAP400 50:50; NIFTY SMALLCAP 250; NIFTY SMALLCAP 500; NIFTY TOTAL MARKET; NIFTY500 EQUAL WEIGHT; NIFTY500 HEALTHCARE; NIFTY500 LARGEMIDSMALL EQUAL-CAP WEIGHTED; NIFTY500 MULTICAP 50:25:25,-,NSE quote API secInfo,0.9,
nifty_50_shariah,ONGC,Oil & Natural Gas Corporation,ONGC,Oil & Natural Gas Corporation Limited,exact_symbol_match,INE213A01029,Listed,Energy,Oil Gas & Consumable Fuels,Oil,Oil Exploration & Production,Nifty 50,NIFTY 50; NIFTY 100; NIFTY 200; NIFTY 500; NIFTY COMMODITIES; NIFTY CPSE; NIFTY DIVIDEND OPPORTUNITIES 50; NIFTY ENERGY; NIFTY INDIA FPI 150; NIFTY INDIA RAILWAYS PSU; NIFTY INFRASTRUCTURE; NIFTY LARGEMIDCAP 250; NIFTY OIL & GAS; NIFTY PSE; NIFTY SHARIAH 25; NIFTY TOTAL MARKET; NIFTY100 ENHANCED ESG; NIFTY100 EQUAL WEIGHT; NIFTY100 ESG; NIFTY200 VALUE 30; NIFTY50 EQUAL WEIGHT; NIFTY50 SHARIAH; NIFTY50 VALUE 20; NIFTY500 EQUAL WEIGHT; NIFTY500 LARGEMIDSMALL EQUAL-CAP WEIGHTED; NIFTY500 LOW VOLATILITY 50; NIFTY500 MULTICAP 50:25:25; NIFTY500 MULTICAP INFRASTRUCTURE 50:30:20; NIFTY500 MULTIFACTOR MQVLV 50; NIFTY500 SHARIAH; NIFTY500 VALUE 50,NIFTY 500,NSE quote API secInfo,0.9,
nifty_500_shariah,PAGEIND,Page Industries Ltd.,PAGEIND,Page Industries Limited,exact_symbol_match,INE761H01022,Listed,Consumer Discretionary,Textiles,Textiles & Apparels,Garments & Apparels,Nifty 200,NIFTY 200; NIFTY 500; NIFTY ALPHA QUALITY LOW-VOLATILITY 30; NIFTY DIVIDEND OPPORTUNITIES 50; NIFTY INDIA MANUFACTURING; NIFTY INDIA NEW AGE CONSUMPTION; NIFTY LARGEMIDCAP 250; NIFTY LOW VOLATILITY 50; NIFTY MIDCAP 100; NIFTY MIDCAP 150; NIFTY MIDCAP150 QUALITY 50; NIFTY MIDSMALL INDIA CONSUMPTION; NIFTY MIDSMALLCAP 400; NIFTY MIDSMALLCAP400 50:50; NIFTY MIDSMALLCAP400 MOMENTUM QUALITY 100; NIFTY NON-CYCLICAL CONSUMER; NIFTY QUALITY LOW-VOLATILITY 30; NIFTY TOTAL MARKET; NIFTY200 QUALITY 30; NIFTY500 EQUAL WEIGHT; NIFTY500 LARGEMIDSMALL EQUAL-CAP WEIGHTED; NIFTY500 LOW VOLATILITY 50; NIFTY500 MULTICAP 50:25:25; NIFTY500 MULTICAP INDIA MANUFACTURING 50:30:20; NIFTY500 MULTIFACTOR MQVLV 50; NIFTY500 QUALITY 50; NIFTY500 SHARIAH,NIFTY 500,NSE quote API secInfo,0.9,
ind_nifty500,PARADEEP,Paradeep Phosphates Ltd.,PARADEEP,Paradeep Phosphates Limited,exact_symbol_match,INE088F01024,Listed,Commodities,Chemicals,Fertilizers & Agrochemicals,Fertilizers,Nifty 500,NIFTY 500; NIFTY MIDSMALLCAP 400; NIFTY MIDSMALLCAP400 50:50; NIFTY SMALLCAP 250; NIFTY SMALLCAP 500; NIFTY TOTAL MARKET; NIFTY500 EQUAL WEIGHT; NIFTY500 LARGEMIDSMALL EQUAL-CAP WEIGHTED; NIFTY500 MULTICAP 50:25:25,-,NSE quote API secInfo,0.9,
nifty_500_shariah,PATANJALI,Patanjali Foods Ltd.,PATANJALI,Patanjali Foods Limited,exact_symbol_match,INE619A01035,Listed,Fast Moving Consumer Goods,Fast Moving Consumer Goods,Agricultural Food & other Products,Edible Oil,Nifty 200,NIFTY 200; NIFTY 500; NIFTY FMCG; NIFTY LARGEMIDCAP 250; NIFTY MIDCAP 100; NIFTY MIDCAP 150; NIFTY MIDSMALL INDIA CONSUMPTION; NIFTY MIDSMALLCAP 400; NIFTY MIDSMALLCAP400 50:50; NIFTY RURAL; NIFTY TOTAL MARKET; NIFTY500 EQUAL WEIGHT; NIFTY500 LARGEMIDSMALL EQUAL-CAP WEIGHTED; NIFTY500 MULTICAP 50:25:25; NIFTY500 SHARIAH,-,NSE quote API secInfo,0.9,
ind_nifty500,PAYTM,One 97 Communications Ltd.,PAYTM,One 97 Communications Limited,exact_symbol_match,INE982J01020,Listed,Financial Services,Financial Services,Financial Technology (Fintech),Financial Technology (Fintech),Nifty Midcap 50,NIFTY MIDCAP 50; NIFTY 200; NIFTY 500; NIFTY ALPHA 50; NIFTY FINANCIAL SERVICES EX-BANK; NIFTY INDIA DIGITAL; NIFTY INDIA FPI 150; NIFTY INDIA INTERNET; NIFTY INDIA NEW AGE CONSUMPTION; NIFTY LARGEMIDCAP 250; NIFTY MIDCAP 100; NIFTY MIDCAP 150; NIFTY MIDCAP LIQUID 15; NIFTY MIDCAP SELECT; NIFTY MIDCAP150 MOMENTUM 50; NIFTY MIDSMALL FINANCIAL SERVICES; NIFTY MIDSMALLCAP 400; NIFTY MIDSMALLCAP400 50:50; NIFTY TOTAL MARKET; NIFTY200 ALPHA 30; NIFTY200 MOMENTUM 30; NIFTY500 EQUAL WEIGHT; NIFTY500 LARGEMIDSMALL EQUAL-CAP WEIGHTED; NIFTY500 MOMENTUM 50; NIFTY500 MULTICAP 50:25:25,-,NSE quote API secInfo,0.9,
ind_nifty500,PCBL,PCBL Chemical Ltd.,PCBL,PCBL Chemical Limited,exact_symbol_match,INE602A01031,Listed,Commodities,Chemicals,Chemicals & Petrochemicals,Carbon Black,Nifty 500,NIFTY 500; NIFTY CHEMICALS; NIFTY CONGLOMERATE 50; NIFTY MIDSMALLCAP 400; NIFTY MIDSMALLCAP400 50:50; NIFTY SMALLCAP 250; NIFTY SMALLCAP 500; NIFTY TOTAL MARKET; NIFTY500 EQUAL WEIGHT; NIFTY500 LARGEMIDSMALL EQUAL-CAP WEIGHTED; NIFTY500 MULTICAP 50:25:25,-,NSE quote API secInfo,0.9,
nifty_500_shariah,PERSISTENT,Persistent Systems Ltd.,PERSISTENT,Persistent Systems Limited,exact_symbol_match,INE262H01021,Listed,Information Technology,Information Technology,IT - Software,Computers - Software & Consulting,Nifty Midcap 50,NIFTY MIDCAP 50; NIFTY 200; NIFTY 500; NIFTY GROWTH SECTORS 15; NIFTY INDIA DIGITAL; NIFTY INDIA FPI 150; NIFTY IT; NIFTY LARGEMIDCAP 250; NIFTY MIDCAP 100; NIFTY MIDCAP 150; NIFTY MIDCAP LIQUID 15; NIFTY MIDCAP SELECT; NIFTY MIDCAP150 MOMENTUM 50; NIFTY MIDCAP150 QUALITY 50; NIFTY MIDSMALL IT & TELECOM; NIFTY MIDSMALLCAP 400; NIFTY MIDSMALLCAP400 50:50; NIFTY MIDSMALLCAP400 MOMENTUM QUALITY 100; NIFTY SHARIAH 25; NIFTY TOTAL MARKET; NIFTY TOTAL MARKET MOMENTUM QUALITY 50; NIFTY200 QUALITY 30; NIFTY500 EQUAL WEIGHT; NIFTY500 FLEXICAP QUALITY 30; NIFTY500 LARGEMIDSMALL EQUAL-CAP WEIGHTED; NIFTY500 MULTICAP 50:25:25; NIFTY500 MULTICAP MOMENTUM QUALITY 50; NIFTY500 QUALITY 50; NIFTY500 SHARIAH,NIFTY IT,NSE quote API secInfo,0.9,
nifty_500_shariah,PETRONET,Petronet LNG Ltd.,PETRONET,Petronet LNG Limited,exact_symbol_match,INE347G01014,Listed,Energy,Oil Gas & Consumable Fuels,Gas,LPG/CNG/PNG/LNG Supplier,Nifty 500,NIFTY 500; NIFTY ENERGY; NIFTY HOUSING; NIFTY INDIA INFRASTRUCTURE & LOGISTICS; NIFTY LARGEMIDCAP 250; NIFTY MIDCAP 150; NIFTY MIDCAP150 QUALITY 50; NIFTY MIDSMALLCAP 400; NIFTY MIDSMALLCAP400 50:50; NIFTY MOBILITY; NIFTY OIL & GAS; NIFTY TOTAL MARKET; NIFTY500 EQUAL WEIGHT; NIFTY500 LARGEMIDSMALL EQUAL-CAP WEIGHTED; NIFTY500 MULTICAP 50:25:25; NIFTY500 MULTICAP INFRASTRUCTURE 50:30:20; NIFTY500 SHARIAH; NIFTY500 VALUE 50,NIFTY 500,NSE quote API secInfo,0.9,
ind_nifty500,PFC,Power Finance Corporation Ltd.,PFC,Power Finance Corporation Limited,exact_symbol_match,INE134E01011,Listed,Financial Services,Financial Services,Finance,Financial Institution,Nifty Next 50,NIFTY NEXT 50; NIFTY FINANCIAL SERVICES; NIFTY 100; NIFTY 200; NIFTY 500; NIFTY DIVIDEND OPPORTUNITIES 50; NIFTY FINANCIAL SERVICES 25/50; NIFTY FINANCIAL SERVICES EX-BANK; NIFTY HIGH BETA 50; NIFTY INDIA FPI 150; NIFTY LARGEMIDCAP 250; NIFTY PSE; NIFTY TOTAL MARKET; NIFTY100 ENHANCED ESG; NIFTY100 EQUAL WEIGHT; NIFTY100 ESG; NIFTY100 ESG SECTOR LEADERS; NIFTY200 VALUE 30; NIFTY500 EQUAL WEIGHT; NIFTY500 LARGEMIDSMALL EQUAL-CAP WEIGHTED; NIFTY500 MULTICAP 50:25:25; NIFTY500 MULTIFACTOR MQVLV 50; NIFTY500 VALUE 50,NIFTY FINANCIAL SERVICES,NSE quote API secInfo,0.9,
ind_nifty500,PFIZER,Pfizer Ltd.,PFIZER,Pfizer Limited,exact_symbol_match,INE182A01018,Listed,Healthcare,Healthcare,Pharmaceuticals & Biotechnology,Pharmaceuticals,Nifty 500,NIFTY 500; NIFTY MIDSMALL HEALTHCARE; NIFTY MIDSMALLCAP 400; NIFTY MIDSMALLCAP400 50:50; NIFTY SMALLCAP 250; NIFTY SMALLCAP 500; NIFTY SMALLCAP250 QUALITY 50; NIFTY TOTAL MARKET; NIFTY500 EQUAL WEIGHT; NIFTY500 HEALTHCARE; NIFTY500 LARGEMIDSMALL EQUAL-CAP WEIGHTED; NIFTY500 MULTICAP 50:25:25,NIFTY PHARMA,NSE quote API secInfo,0.9,
nifty_500_shariah,PGEL,PG Electroplast Ltd.,PGEL,PG Electroplast Limited,exact_symbol_match,INE457L01029,Listed,Consumer Discretionary,Consumer Durables,Consumer Durables,Consumer Electronics,Nifty 500,NIFTY 500; NIFTY CONSUMER DURABLES; NIFTY CORE HOUSING; NIFTY INDIA NEW AGE CONSUMPTION; NIFTY MIDSMALLCAP 400; NIFTY MIDSMALLCAP400 50:50; NIFTY SMALLCAP 100; NIFTY SMALLCAP 250; NIFTY SMALLCAP 50; NIFTY SMALLCAP 500; NIFTY SMALLCAP250 MOMENTUM QUALITY 100; NIFTY TOTAL MARKET; NIFTY500 EQUAL WEIGHT; NIFTY500 LARGEMIDSMALL EQUAL-CAP WEIGHTED; NIFTY500 MULTICAP 50:25:25; NIFTY500 MULTICAP INDIA MANUFACTURING 50:30:20; NIFTY500 SHARIAH,NIFTY 500,NSE quote API secInfo,0.9,
ind_nifty500,PHOENIXLTD,Phoenix Mills Ltd.,PHOENIXLTD,The Phoenix Mills Limited,exact_symbol_match,INE211B01039,Listed,Consumer Discretionary,Realty,Realty,Residential Commercial Projects,Nifty Midcap 50,NIFTY MIDCAP 50; NIFTY 200; NIFTY 500; NIFTY CORE HOUSING; NIFTY HOUSING; NIFTY INDIA FPI 150; NIFTY INDIA INFRASTRUCTURE & LOGISTICS; NIFTY INDIA NEW AGE CONSUMPTION; NIFTY LARGEMIDCAP 250; NIFTY MIDCAP 100; NIFTY MIDCAP 150; NIFTY MIDSMALL INDIA CONSUMPTION; NIFTY MIDSMALLCAP 400; NIFTY MIDSMALLCAP400 50:50; NIFTY REALTY; NIFTY REITS & REALTY; NIFTY TOTAL MARKET; NIFTY500 EQUAL WEIGHT; NIFTY500 LARGEMIDSMALL EQUAL-CAP WEIGHTED; NIFTY500 MULTICAP 50:25:25; NIFTY500 MULTICAP INFRASTRUCTURE 50:30:20,NIFTY REALTY,NSE quote API secInfo,0.9,
nifty_500_shariah,PIDILITIND,Pidilite Industries Ltd.,PIDILITIND,Pidilite Industries Limited,exact_symbol_match,INE318A01026,Listed,Commodities,Chemicals,Chemicals & Petrochemicals,Specialty Chemicals,Nifty Next 50,NIFTY NEXT 50; NIFTY 100; NIFTY 200; NIFTY 500; NIFTY ALPHA LOW-VOLATILITY 30; NIFTY ALPHA QUALITY LOW-VOLATILITY 30; NIFTY CHEMICALS; NIFTY COMMODITIES; NIFTY INDIA FPI 150; NIFTY INDIA MANUFACTURING; NIFTY LARGEMIDCAP 250; NIFTY LOW VOLATILITY 50; NIFTY QUALITY LOW-VOLATILITY 30; NIFTY SHARIAH 25; NIFTY TOTAL MARKET; NIFTY100 ENHANCED ESG; NIFTY100 EQUAL WEIGHT; NIFTY100 ESG; NIFTY100 ESG SECTOR LEADERS; NIFTY100 LOW VOLATILITY 30; NIFTY100 QUALITY 30; NIFTY200 QUALITY 30; NIFTY500 EQUAL WEIGHT; NIFTY500 LARGEMIDSMALL EQUAL-CAP WEIGHTED; NIFTY500 MULTICAP 50:25:25; NIFTY500 SHARIAH,NIFTY 500,NSE quote API secInfo,0.9,
ind_nifty500,PIIND,PI Industries Ltd.,PIIND,PI Industries Limited,exact_symbol_match,INE603J01030,Listed,Commodities,Chemicals,Fertilizers & Agrochemicals,Pesticides & Agrochemicals,Nifty 200,NIFTY 200; NIFTY 500; NIFTY CHEMICALS; NIFTY COMMODITIES; NIFTY INDIA FPI 150; NIFTY INDIA MANUFACTURING; NIFTY LARGEMIDCAP 250; NIFTY MIDCAP 100; NIFTY MIDCAP 150; NIFTY MIDCAP150 QUALITY 50; NIFTY MIDSMALLCAP 400; NIFTY MIDSMALLCAP400 50:50; NIFTY MIDSMALLCAP400 MOMENTUM QUALITY 100; NIFTY QUALITY LOW-VOLATILITY 30; NIFTY RURAL; NIFTY TOTAL MARKET; NIFTY500 EQUAL WEIGHT; NIFTY500 LARGEMIDSMALL EQUAL-CAP WEIGHTED; NIFTY500 LOW VOLATILITY 50; NIFTY500 MULTICAP 50:25:25; NIFTY500 MULTICAP INDIA MANUFACTURING 50:30:20,NIFTY 500,NSE quote API secInfo,0.9,
ind_nifty500,PINELABS,Pine Labs Ltd.,PINELABS,Pine Labs Limited,exact_symbol_match,INE15B701018,Listed,Financial Services,Financial Services,Financial Technology (Fintech),Financial Technology (Fintech),Nifty 500,NIFTY 500; NIFTY INDIA DIGITAL; NIFTY INDIA INTERNET; NIFTY IPO; NIFTY MIDSMALLCAP 400; NIFTY MIDSMALLCAP400 50:50; NIFTY SMALLCAP 100; NIFTY SMALLCAP 250; NIFTY SMALLCAP 500; NIFTY TOTAL MARKET; NIFTY500 EQUAL WEIGHT; NIFTY500 LARGEMIDSMALL EQUAL-CAP WEIGHTED; NIFTY500 MULTICAP 50:25:25,-,NSE quote API secInfo,0.9,
ind_nifty500,PIRAMALFIN,Piramal Finance Ltd.,PIRAMALFIN,Piramal Finance Limited,exact_symbol_match,INE202B01038,Listed,Financial Services,Financial Services,Finance,Non Banking Financial Company (NBFC),Nifty 500,NIFTY 500; NIFTY MIDSMALLCAP 400; NIFTY MIDSMALLCAP400 50:50; NIFTY NBFC; NIFTY RURAL; NIFTY SMALLCAP 100; NIFTY SMALLCAP 250; NIFTY SMALLCAP 50; NIFTY SMALLCAP 500; NIFTY TOTAL MARKET; NIFTY500 EQUAL WEIGHT; NIFTY500 LARGEMIDSMALL EQUAL-CAP WEIGHTED; NIFTY500 MULTICAP 50:25:25,-,NSE quote API secInfo,0.9,
ind_nifty500,PNB,Punjab National Bank,PNB,Punjab National Bank,exact_symbol_match,INE160A01022,Listed,Financial Services,Financial Services,Banks,Public Sector Bank,Nifty Bank,NIFTY BANK; NIFTY NEXT 50; NIFTY 100; NIFTY 200; NIFTY 500; NIFTY DIVIDEND OPPORTUNITIES 50; NIFTY HOUSING; NIFTY INDIA FPI 150; NIFTY LARGEMIDCAP 250; NIFTY PSU BANK; NIFTY RURAL; NIFTY TOTAL MARKET; NIFTY100 ALPHA 30; NIFTY100 EQUAL WEIGHT; NIFTY200 VALUE 30; NIFTY500 EQUAL WEIGHT; NIFTY500 LARGEMIDSMALL EQUAL-CAP WEIGHTED; NIFTY500 MULTICAP 50:25:25; NIFTY500 VALUE 50,NIFTY BANK,NSE quote API secInfo,0.9,
ind_nifty500,PNBHOUSING,PNB Housing Finance Ltd.,PNBHOUSING,PNB Housing Finance Limited,exact_symbol_match,INE572E01012,Listed,Financial Services,Financial Services,Finance,Housing Finance Company,Nifty 500,NIFTY 500; NIFTY CORE HOUSING; NIFTY FINANCIAL SERVICES EX-BANK; NIFTY HOUSING FINANCE; NIFTY MIDSMALL FINANCIAL SERVICES; NIFTY MIDSMALLCAP 400; NIFTY MIDSMALLCAP400 50:50; NIFTY RURAL; NIFTY SMALLCAP 100; NIFTY SMALLCAP 250; NIFTY SMALLCAP 50; NIFTY SMALLCAP 500; NIFTY SMALLCAP250 MOMENTUM QUALITY 100; NIFTY TOTAL MARKET; NIFTY500 EQUAL WEIGHT; NIFTY500 LARGEMIDSMALL EQUAL-CAP WEIGHTED; NIFTY500 MULTICAP 50:25:25,NIFTY FINANCIAL SERVICES,NSE quote API secInfo,0.9,
ind_nifty500,POLICYBZR,PB Fintech Ltd.,POLICYBZR,PB Fintech Limited,exact_symbol_match,INE417T01026,Listed,Financial Services,Financial Services,Financial Technology (Fintech),Financial Technology (Fintech),Nifty Midcap 50,NIFTY MIDCAP 50; NIFTY 200; NIFTY 500; NIFTY FINANCIAL SERVICES EX-BANK; NIFTY HIGH BETA 50; NIFTY INDIA DIGITAL; NIFTY INDIA FPI 150; NIFTY INDIA INTERNET; NIFTY INDIA NEW AGE CONSUMPTION; NIFTY LARGEMIDCAP 250; NIFTY MIDCAP 100; NIFTY MIDCAP 150; NIFTY MIDCAP SELECT; NIFTY MIDSMALL FINANCIAL SERVICES; NIFTY MIDSMALLCAP 400; NIFTY MIDSMALLCAP400 50:50; NIFTY TOTAL MARKET; NIFTY500 EQUAL WEIGHT; NIFTY500 LARGEMIDSMALL EQUAL-CAP WEIGHTED; NIFTY500 MULTICAP 50:25:25,-,NSE quote API secInfo,0.9,
nifty_500_shariah,POLYCAB,Polycab India Ltd.,POLYCAB,Polycab India Limited,exact_symbol_match,INE455K01017,Listed,Industrials,Capital Goods,Industrial Products,Cables - Electricals,Nifty Midcap 50,NIFTY MIDCAP 50; NIFTY 200; NIFTY 500; NIFTY ALPHA 50; NIFTY CORE HOUSING; NIFTY HOUSING; NIFTY INDIA FPI 150; NIFTY INDIA MANUFACTURING; NIFTY LARGEMIDCAP 250; NIFTY MIDCAP 100; NIFTY MIDCAP 150; NIFTY MIDCAP SELECT; NIFTY MIDCAP150 MOMENTUM 50; NIFTY MIDCAP150 QUALITY 50; NIFTY MIDSMALLCAP 400; NIFTY MIDSMALLCAP400 50:50; NIFTY MIDSMALLCAP400 MOMENTUM QUALITY 100; NIFTY TOTAL MARKET; NIFTY TOTAL MARKET MOMENTUM QUALITY 50; NIFTY200 ALPHA 30; NIFTY200 QUALITY 30; NIFTY500 EQUAL WEIGHT; NIFTY500 LARGEMIDSMALL EQUAL-CAP WEIGHTED; NIFTY500 MULTICAP 50:25:25; NIFTY500 MULTICAP INDIA MANUFACTURING 50:30:20; NIFTY500 SHARIAH,-,NSE quote API secInfo,0.9,
ind_nifty500,POLYMED,Poly Medicure Ltd.,POLYMED,Poly Medicure Limited,exact_symbol_match,INE205C01021,Listed,Healthcare,Healthcare,Healthcare Equipment & Supplies,Medical Equipment & Supplies,Nifty 500,NIFTY 500; NIFTY MIDSMALL HEALTHCARE; NIFTY MIDSMALLCAP 400; NIFTY MIDSMALLCAP400 50:50; NIFTY SMALLCAP 250; NIFTY SMALLCAP 500; NIFTY SMALLCAP250 MOMENTUM QUALITY 100; NIFTY SMALLCAP250 QUALITY 50; NIFTY TOTAL MARKET; NIFTY500 EQUAL WEIGHT; NIFTY500 HEALTHCARE; NIFTY500 LARGEMIDSMALL EQUAL-CAP WEIGHTED; NIFTY500 MULTICAP 50:25:25,NIFTY PHARMA,NSE quote API secInfo,0.9,
ind_nifty500,POONAWALLA,Poonawalla Fincorp Ltd.,POONAWALLA,Poonawalla Fincorp Limited,exact_symbol_match,INE511C01022,Listed,Financial Services,Financial Services,Finance,Non Banking Financial Company (NBFC),Nifty 500,NIFTY 500; NIFTY ALPHA 50; NIFTY MIDSMALLCAP 400; NIFTY MIDSMALLCAP400 50:50; NIFTY NBFC; NIFTY RURAL; NIFTY SMALLCAP 100; NIFTY SMALLCAP 250; NIFTY SMALLCAP 50; NIFTY SMALLCAP 500; NIFTY TOTAL MARKET; NIFTY500 EQUAL WEIGHT; NIFTY500 LARGEMIDSMALL EQUAL-CAP WEIGHTED; NIFTY500 MULTICAP 50:25:25,-,NSE quote API secInfo,0.9,
ind_nifty500,POWERGRID,Power Grid Corporation of India Ltd.,POWERGRID,Power Grid Corporation of India Limited,exact_symbol_match,INE752E01010,Listed,Utilities,Power,Power,Power - Transmission,Nifty 50,NIFTY 50; NIFTY 100; NIFTY 200; NIFTY 500; NIFTY CPSE; NIFTY DIVIDEND OPPORTUNITIES 50; NIFTY ENERGY; NIFTY INDIA FPI 150; NIFTY INDIA INFRASTRUCTURE & LOGISTICS; NIFTY INFRASTRUCTURE; NIFTY LARGEMIDCAP 250; NIFTY LOW VOLATILITY 50; NIFTY POWER; NIFTY PSE; NIFTY SERVICES SECTOR; NIFTY TOTAL MARKET; NIFTY100 ENHANCED ESG; NIFTY100 EQUAL WEIGHT; NIFTY100 ESG; NIFTY100 ESG SECTOR LEADERS; NIFTY200 VALUE 30; NIFTY50 EQUAL WEIGHT; NIFTY50 VALUE 20; NIFTY500 EQUAL WEIGHT; NIFTY500 LARGEMIDSMALL EQUAL-CAP WEIGHTED; NIFTY500 LOW VOLATILITY 50; NIFTY500 MULTICAP 50:25:25; NIFTY500 MULTICAP INFRASTRUCTURE 50:30:20; NIFTY500 VALUE 50,NIFTY 500,NSE quote API secInfo,0.9,
nifty_500_shariah,POWERINDIA,Hitachi Energy India Ltd.,POWERINDIA,Hitachi Energy India Limited,exact_symbol_match,INE07Y701011,Listed,Industrials,Capital Goods,Electrical Equipment,Heavy Electrical Equipment,Nifty 200,NIFTY 200; NIFTY 500; NIFTY ALPHA 50; NIFTY ENERGY; NIFTY INDIA INFRASTRUCTURE & LOGISTICS; NIFTY LARGEMIDCAP 250; NIFTY MIDCAP 100; NIFTY MIDCAP 150; NIFTY MIDCAP150 MOMENTUM 50; NIFTY MIDSMALLCAP 400; NIFTY MIDSMALLCAP400 50:50; NIFTY MIDSMALLCAP400 MOMENTUM QUALITY 100; NIFTY MNC; NIFTY TOTAL MARKET; NIFTY TOTAL MARKET MOMENTUM QUALITY 50; NIFTY200 ALPHA 30; NIFTY500 EQUAL WEIGHT; NIFTY500 LARGEMIDSMALL EQUAL-CAP WEIGHTED; NIFTY500 MOMENTUM 50; NIFTY500 MULTICAP 50:25:25; NIFTY500 MULTICAP INFRASTRUCTURE 50:30:20; NIFTY500 SHARIAH,-,NSE quote API secInfo,0.9,
ind_nifty500,PPLPHARMA,Piramal Pharma Ltd.,PPLPHARMA,Piramal Pharma Limited,exact_symbol_match,INE0DK501011,Listed,Healthcare,Healthcare,Pharmaceuticals & Biotechnology,Pharmaceuticals,Nifty 500,NIFTY 500; NIFTY HEALTHCARE INDEX; NIFTY MIDSMALL HEALTHCARE; NIFTY MIDSMALLCAP 400; NIFTY MIDSMALLCAP400 50:50; NIFTY PHARMA; NIFTY SMALLCAP 100; NIFTY SMALLCAP 250; NIFTY SMALLCAP 50; NIFTY SMALLCAP 500; NIFTY TOTAL MARKET; NIFTY500 EQUAL WEIGHT; NIFTY500 HEALTHCARE; NIFTY500 LARGEMIDSMALL EQUAL-CAP WEIGHTED; NIFTY500 MULTICAP 50:25:25; NIFTY500 MULTICAP INDIA MANUFACTURING 50:30:20,-,NSE quote API secInfo,0.9,
ind_nifty500,PREMIERENE,Premier Energies Ltd.,PREMIERENE,Premier Energies Limited,exact_symbol_match,INE0BS701011,Listed,Industrials,Capital Goods,Electrical Equipment,Other Electrical Equipment,Nifty 200,NIFTY 200; NIFTY 500; NIFTY CAPITAL GOODS; NIFTY LARGEMIDCAP 250; NIFTY MIDCAP 100; NIFTY MIDCAP 150; NIFTY MIDSMALLCAP 400; NIFTY MIDSMALLCAP400 50:50; NIFTY TOTAL MARKET; NIFTY500 EQUAL WEIGHT; NIFTY500 LARGEMIDSMALL EQUAL-CAP WEIGHTED; NIFTY500 MULTICAP 50:25:25,-,NSE quote API secInfo,0.9,
ind_nifty500,PRESTIGE,Prestige Estates Projects Ltd.,PRESTIGE,Prestige Estates Projects Limited,exact_symbol_match,INE811K01011,Listed,Consumer Discretionary,Realty,Realty,Residential Commercial Projects,Nifty Midcap 50,NIFTY MIDCAP 50; NIFTY 200; NIFTY 500; NIFTY CORE HOUSING; NIFTY HIGH BETA 50; NIFTY HOUSING; NIFTY INDIA FPI 150; NIFTY INDIA INFRASTRUCTURE & LOGISTICS; NIFTY INDIA NEW AGE CONSUMPTION; NIFTY LARGEMIDCAP 250; NIFTY MIDCAP 100; NIFTY MIDCAP 150; NIFTY MIDSMALL INDIA CONSUMPTION; NIFTY MIDSMALLCAP 400; NIFTY MIDSMALLCAP400 50:50; NIFTY REALTY; NIFTY REITS & REALTY; NIFTY TOTAL MARKET; NIFTY500 EQUAL WEIGHT; NIFTY500 LARGEMIDSMALL EQUAL-CAP WEIGHTED; NIFTY500 MULTICAP 50:25:25; NIFTY500 MULTICAP INFRASTRUCTURE 50:30:20,NIFTY REALTY,NSE quote API secInfo,0.9,
ind_nifty500,PTCIL,PTC Industries Ltd.,PTCIL,PTC Industries Limited,exact_symbol_match,INE596F01018,Listed,Industrials,Capital Goods,Industrial Products,Castings & Forgings,Nifty 500,NIFTY 500; NIFTY CAPITAL GOODS; NIFTY MIDSMALLCAP 400; NIFTY MIDSMALLCAP400 50:50; NIFTY SMALLCAP 250; NIFTY SMALLCAP 500; NIFTY TOTAL MARKET; NIFTY500 EQUAL WEIGHT; NIFTY500 LARGEMIDSMALL EQUAL-CAP WEIGHTED; NIFTY500 MOMENTUM 50; NIFTY500 MULTICAP 50:25:25,-,NSE quote API secInfo,0.9,
ind_nifty500,PVRINOX,PVR INOX Ltd.,PVRINOX,PVR INOX Limited,exact_symbol_match,INE191H01014,Listed,Consumer Discretionary,Media Entertainment & Publication,Entertainment,Film Production Distribution & Exhibition,Nifty 500,NIFTY 500; NIFTY INDIA NEW AGE CONSUMPTION; NIFTY MEDIA; NIFTY MIDSMALLCAP 400; NIFTY MIDSMALLCAP400 50:50; NIFTY SMALLCAP 250; NIFTY SMALLCAP 500; NIFTY TOTAL MARKET; NIFTY WAVES; NIFTY500 EQUAL WEIGHT; NIFTY500 LARGEMIDSMALL EQUAL-CAP WEIGHTED; NIFTY500 MULTICAP 50:25:25,-,NSE quote API secInfo,0.9,
ind_nifty500,PWL,Physicswallah Ltd.,PWL,Physicswallah Limited,exact_symbol_match,INE0LP301011,Listed,Consumer Discretionary,Consumer Services,Other Consumer Services,E-Learning,Nifty 500,NIFTY 500; NIFTY CONSUMER SERVICES; NIFTY INDIA DIGITAL; NIFTY INDIA INTERNET; NIFTY INDIA NEW AGE CONSUMPTION; NIFTY IPO; NIFTY MIDSMALLCAP 400; NIFTY MIDSMALLCAP400 50:50; NIFTY SMALLCAP 100; NIFTY SMALLCAP 250; NIFTY SMALLCAP 500; NIFTY TOTAL MARKET; NIFTY500 EQUAL WEIGHT; NIFTY500 LARGEMIDSMALL EQUAL-CAP WEIGHTED; NIFTY500 MULTICAP 50:25:25,-,NSE quote API secInfo,0.9,
ind_nifty500,RADICO,Radico Khaitan Ltd,RADICO,Radico Khaitan Limited,exact_symbol_match,INE944F01028,Listed,Fast Moving Consumer Goods,Fast Moving Consumer Goods,Beverages,Breweries & Distilleries,Nifty 200,NIFTY 200; NIFTY 500; NIFTY ALPHA 50; NIFTY FMCG; NIFTY LARGEMIDCAP 250; NIFTY MIDCAP 100; NIFTY MIDCAP 150; NIFTY MIDSMALL INDIA CONSUMPTION; NIFTY MIDSMALLCAP 400; NIFTY MIDSMALLCAP400 50:50; NIFTY MIDSMALLCAP400 MOMENTUM QUALITY 100; NIFTY SMALLCAP250 MOMENTUM QUALITY 100; NIFTY TOTAL MARKET; NIFTY500 EQUAL WEIGHT; NIFTY500 LARGEMIDSMALL EQUAL-CAP WEIGHTED; NIFTY500 MOMENTUM 50; NIFTY500 MULTICAP 50:25:25,NIFTY 500,NSE quote API secInfo,0.9,
nifty_500_shariah,RAILTEL,RailTel Corporation of India Ltd.,RAILTEL,Railtel Corporation Of India Limited,exact_symbol_match,INE0DD101019,Listed,Telecommunication,Telecommunication,Telecom - Services,Other Telecom Services,Nifty 500,NIFTY 500; NIFTY INDIA DIGITAL; NIFTY INDIA RAILWAYS PSU; NIFTY MIDSMALLCAP 400; NIFTY MIDSMALLCAP400 50:50; NIFTY SMALLCAP 250; NIFTY SMALLCAP 500; NIFTY SMALLCAP250 MOMENTUM QUALITY 100; NIFTY SMALLCAP250 QUALITY 50; NIFTY TOTAL MARKET; NIFTY500 EQUAL WEIGHT; NIFTY500 LARGEMIDSMALL EQUAL-CAP WEIGHTED; NIFTY500 MULTICAP 50:25:25; NIFTY500 SHARIAH,-,NSE quote API secInfo,0.9,
ind_nifty500,RAINBOW,Rainbow Childrens Medicare Ltd.,RAINBOW,Rainbow Childrens Medicare Limited,exact_symbol_match,INE961O01016,Listed,Healthcare,Healthcare,Healthcare Services,Hospital,Nifty 500,NIFTY 500; NIFTY HOSPITALS; NIFTY MIDSMALLCAP 400; NIFTY MIDSMALLCAP400 50:50; NIFTY SMALLCAP 250; NIFTY SMALLCAP 500; NIFTY TOTAL MARKET; NIFTY500 EQUAL WEIGHT; NIFTY500 HEALTHCARE; NIFTY500 LARGEMIDSMALL EQUAL-CAP WEIGHTED; NIFTY500 MULTICAP 50:25:25,-,NSE quote API secInfo,0.9,
ind_nifty500,RAMCOCEM,The Ramco Cements Ltd.,RAMCOCEM,The Ramco Cements Limited,exact_symbol_match,INE331A01037,Listed,Commodities,Construction Materials,Cement & Cement Products,Cement & Cement Products,Nifty 500,NIFTY 500; NIFTY CEMENT; NIFTY CORE HOUSING; NIFTY INDIA INFRASTRUCTURE & LOGISTICS; NIFTY MIDSMALLCAP 400; NIFTY MIDSMALLCAP400 50:50; NIFTY SMALLCAP 100; NIFTY SMALLCAP 250; NIFTY SMALLCAP 500; NIFTY TOTAL MARKET; NIFTY500 EQUAL WEIGHT; NIFTY500 LARGEMIDSMALL EQUAL-CAP WEIGHTED; NIFTY500 LOW VOLATILITY 50; NIFTY500 MULTICAP 50:25:25; NIFTY500 MULTICAP INFRASTRUCTURE 50:30:20,NIFTY COMMODITIES,NSE quote API secInfo,0.9,
ind_nifty500,RBLBANK,RBL Bank Ltd.,RBLBANK,RBL Bank Limited,exact_symbol_match,INE976G01028,Listed,Financial Services,Financial Services,Banks,Private Sector Bank,Nifty 500,NIFTY 500; NIFTY ALPHA 50; NIFTY MIDSMALL FINANCIAL SERVICES; NIFTY MIDSMALLCAP 400; NIFTY MIDSMALLCAP400 50:50; NIFTY PRIVATE BANK; NIFTY SMALLCAP 100; NIFTY SMALLCAP 250; NIFTY SMALLCAP 50; NIFTY SMALLCAP 500; NIFTY TOTAL MARKET; NIFTY500 EQUAL WEIGHT; NIFTY500 LARGEMIDSMALL EQUAL-CAP WEIGHTED; NIFTY500 MOMENTUM 50; NIFTY500 MULTICAP 50:25:25; NIFTY500 VALUE 50,NIFTY BANK,NSE quote API secInfo,0.9,
ind_nifty500,RECLTD,REC Ltd.,RECLTD,REC Limited,exact_symbol_match,INE020B01018,Listed,Financial Services,Financial Services,Finance,Financial Institution,Nifty Next 50,NIFTY NEXT 50; NIFTY FINANCIAL SERVICES; NIFTY 100; NIFTY 200; NIFTY 500; NIFTY DIVIDEND OPPORTUNITIES 50; NIFTY FINANCIAL SERVICES 25/50; NIFTY FINANCIAL SERVICES EX-BANK; NIFTY HIGH BETA 50; NIFTY INDIA FPI 150; NIFTY LARGEMIDCAP 250; NIFTY PSE; NIFTY TOTAL MARKET; NIFTY100 ENHANCED ESG; NIFTY100 EQUAL WEIGHT; NIFTY100 ESG; NIFTY100 ESG SECTOR LEADERS; NIFTY200 VALUE 30; NIFTY500 EQUAL WEIGHT; NIFTY500 LARGEMIDSMALL EQUAL-CAP WEIGHTED; NIFTY500 MULTICAP 50:25:25; NIFTY500 VALUE 50,NIFTY FINANCIAL SERVICES,NSE quote API secInfo,0.9,
nifty_500_shariah,REDINGTON,Redington Ltd.,REDINGTON,Redington Limited,exact_symbol_match,INE891D01026,Listed,Services,Services,Commercial Services & Supplies,Trading & Distributors,Nifty 500,NIFTY 500; NIFTY ALPHA 50; NIFTY DIVIDEND OPPORTUNITIES 50; NIFTY MIDSMALLCAP 400; NIFTY MIDSMALLCAP400 50:50; NIFTY MIDSMALLCAP400 MOMENTUM QUALITY 100; NIFTY SMALLCAP 100; NIFTY SMALLCAP 250; NIFTY SMALLCAP 50; NIFTY SMALLCAP 500; NIFTY SMALLCAP250 MOMENTUM QUALITY 100; NIFTY TOTAL MARKET; NIFTY500 EQUAL WEIGHT; NIFTY500 LARGEMIDSMALL EQUAL-CAP WEIGHTED; NIFTY500 MULTICAP 50:25:25; NIFTY500 MULTIFACTOR MQVLV 50; NIFTY500 SHARIAH; NIFTY500 VALUE 50,NIFTY IT,NSE quote API secInfo,0.9,
ind_nifty500,RELIANCE,Reliance Industries Ltd.,RELIANCE,Reliance Industries Limited,exact_symbol_match,INE002A01018,Listed,Energy,Oil Gas & Consumable Fuels,Petroleum Products,Refineries & Marketing,Nifty 50,NIFTY 50; NIFTY 100; NIFTY 200; NIFTY 500; NIFTY ALPHA LOW-VOLATILITY 30; NIFTY ALPHA QUALITY VALUE LOW-VOLATILITY 30; NIFTY COMMODITIES; NIFTY ENERGY; NIFTY EV & NEW AGE AUTOMOTIVE; NIFTY INDIA FPI 150; NIFTY INDIA MANUFACTURING; NIFTY INDIA SELECT 5 CORPORATE GROUPS (MAATR); NIFTY INFRASTRUCTURE; NIFTY LARGEMIDCAP 250; NIFTY LOW VOLATILITY 50; NIFTY MOBILITY; NIFTY OIL & GAS; NIFTY TOP 10 EQUAL WEIGHT; NIFTY TOP 15 EQUAL WEIGHT; NIFTY TOP 20 EQUAL WEIGHT; NIFTY TOTAL MARKET; NIFTY100 ENHANCED ESG; NIFTY100 EQUAL WEIGHT; NIFTY100 ESG; NIFTY100 ESG SECTOR LEADERS; NIFTY100 LIQUID 15; NIFTY100 LOW VOLATILITY 30; NIFTY50 EQUAL WEIGHT; NIFTY500 EQUAL WEIGHT; NIFTY500 LARGEMIDSMALL EQUAL-CAP WEIGHTED; NIFTY500 MULTICAP 50:25:25; NIFTY500 MULTICAP INDIA MANUFACTURING 50:30:20; NIFTY500 MULTICAP INFRASTRUCTURE 50:30:20,NIFTY 500,NSE quote API secInfo,0.9,
nifty_500_shariah,RHIM,RHI Magnesita India Ltd.,RHIM,RHI MAGNESITA INDIA LIMITED,exact_symbol_match,INE743M01012,Listed,Industrials,Capital Goods,Industrial Products,Electrodes & Refractories,Nifty 500,NIFTY 500; NIFTY MIDSMALLCAP 400; NIFTY MIDSMALLCAP400 50:50; NIFTY SMALLCAP 250; NIFTY SMALLCAP 500; NIFTY TOTAL MARKET; NIFTY500 EQUAL WEIGHT; NIFTY500 LARGEMIDSMALL EQUAL-CAP WEIGHTED; NIFTY500 MULTICAP 50:25:25; NIFTY500 SHARIAH,-,NSE quote API secInfo,0.9,
ind_nifty500,RITES,RITES Ltd.,RITES,RITES Limited,exact_symbol_match,INE320J01015,Listed,Industrials,Construction,Construction,Civil Construction,Nifty 500,NIFTY 500; NIFTY CONSTRUCTION; NIFTY INDIA INFRASTRUCTURE & LOGISTICS; NIFTY INDIA RAILWAYS PSU; NIFTY MIDSMALLCAP 400; NIFTY MIDSMALLCAP400 50:50; NIFTY SMALLCAP 250; NIFTY SMALLCAP 500; NIFTY SMALLCAP250 MOMENTUM QUALITY 100; NIFTY SMALLCAP250 QUALITY 50; NIFTY TOTAL MARKET; NIFTY500 EQUAL WEIGHT; NIFTY500 LARGEMIDSMALL EQUAL-CAP WEIGHTED; NIFTY500 MULTICAP 50:25:25,NIFTY INFRASTRUCTURE,NSE quote API secInfo,0.9,
ind_nifty500,RKFORGE,Ramkrishna Forgings Ltd.,RKFORGE,Ramkrishna Forgings Limited,exact_symbol_match,INE399G01023,Listed,Consumer Discretionary,Automobile and Auto Components,Auto Components,Auto Components & Equipments,Nifty 500,NIFTY 500; NIFTY MIDSMALLCAP 400; NIFTY MIDSMALLCAP400 50:50; NIFTY SMALLCAP 250; NIFTY SMALLCAP 500; NIFTY TOTAL MARKET; NIFTY500 EQUAL WEIGHT; NIFTY500 LARGEMIDSMALL EQUAL-CAP WEIGHTED; NIFTY500 MULTICAP 50:25:25,NIFTY 500,NSE quote API secInfo,0.9,
ind_nifty500,RPOWER,Reliance Power Ltd.,RPOWER,Reliance Power Limited,exact_symbol_match,INE614G01033,Listed,Utilities,Power,Power,Power Generation,Nifty 500,NIFTY 500; NIFTY ENERGY; NIFTY HIGH BETA 50; NIFTY INDIA INFRASTRUCTURE & LOGISTICS; NIFTY MIDSMALLCAP 400; NIFTY MIDSMALLCAP400 50:50; NIFTY POWER; NIFTY SMALLCAP 100; NIFTY SMALLCAP 250; NIFTY SMALLCAP 50; NIFTY SMALLCAP 500; NIFTY TOTAL MARKET; NIFTY500 EQUAL WEIGHT; NIFTY500 LARGEMIDSMALL EQUAL-CAP WEIGHTED; NIFTY500 MULTICAP 50:25:25; NIFTY500 MULTICAP INFRASTRUCTURE 50:30:20; NIFTY500 VALUE 50,NIFTY INFRASTRUCTURE,NSE quote API secInfo,0.9,
nifty_500_shariah,RRKABEL,R R Kabel Ltd.,RRKABEL,R R Kabel Limited,exact_symbol_match,INE777K01022,Listed,Industrials,Capital Goods,Industrial Products,Cables - Electricals,Nifty 500,NIFTY 500; NIFTY MIDSMALLCAP 400; NIFTY MIDSMALLCAP400 50:50; NIFTY SMALLCAP 250; NIFTY SMALLCAP 500; NIFTY TOTAL MARKET; NIFTY500 EQUAL WEIGHT; NIFTY500 LARGEMIDSMALL EQUAL-CAP WEIGHTED; NIFTY500 MULTICAP 50:25:25; NIFTY500 SHARIAH,-,NSE quote API secInfo,0.9,
nifty_500_shariah,RVNL,Rail Vikas Nigam Ltd.,RVNL,Rail Vikas Nigam Limited,exact_symbol_match,INE415G01027,Listed,Industrials,Construction,Construction,Civil Construction,Nifty 200,NIFTY 200; NIFTY 500; NIFTY HIGH BETA 50; NIFTY HOUSING; NIFTY INDIA INFRASTRUCTURE & LOGISTICS; NIFTY INDIA RAILWAYS PSU; NIFTY LARGEMIDCAP 250; NIFTY MIDCAP 100; NIFTY MIDCAP 150; NIFTY MIDSMALLCAP 400; NIFTY MIDSMALLCAP400 50:50; NIFTY PSE; NIFTY TOTAL MARKET; NIFTY500 EQUAL WEIGHT; NIFTY500 LARGEMIDSMALL EQUAL-CAP WEIGHTED; NIFTY500 MULTICAP 50:25:25; NIFTY500 MULTICAP INFRASTRUCTURE 50:30:20; NIFTY500 SHARIAH,-,NSE quote API secInfo,0.9,
nifty_500_shariah,SAGILITY,Sagility Ltd.,SAGILITY,SAGILITY LIMITED,exact_symbol_match,INE0W2G01015,Listed,Information Technology,Information Technology,IT - Services,IT Enabled Services,Nifty 500,NIFTY 500; NIFTY INDIA DIGITAL; NIFTY MIDSMALL IT & TELECOM; NIFTY MIDSMALLCAP 400; NIFTY MIDSMALLCAP400 50:50; NIFTY SMALLCAP 100; NIFTY SMALLCAP 250; NIFTY SMALLCAP 500; NIFTY TOTAL MARKET; NIFTY500 EQUAL WEIGHT; NIFTY500 LARGEMIDSMALL EQUAL-CAP WEIGHTED; NIFTY500 MULTICAP 50:25:25; NIFTY500 SHARIAH,-,NSE quote API secInfo,0.9,
nifty_500_shariah,SAIL,Steel Authority of India (SAIL) Ltd.,SAIL,Steel Authority of India Limited,exact_symbol_match,INE114A01011,Listed,Commodities,Metals & Mining,Ferrous Metals,Iron & Steel,Nifty 200,NIFTY 200; NIFTY 500; NIFTY DIVIDEND OPPORTUNITIES 50; NIFTY HIGH BETA 50; NIFTY HOUSING; NIFTY INDIA RAILWAYS PSU; NIFTY LARGEMIDCAP 250; NIFTY METAL; NIFTY MIDCAP 100; NIFTY MIDCAP 150; NIFTY MIDSMALLCAP 400; NIFTY MIDSMALLCAP400 50:50; NIFTY TOTAL MARKET; NIFTY200 VALUE 30; NIFTY500 EQUAL WEIGHT; NIFTY500 LARGEMIDSMALL EQUAL-CAP WEIGHTED; NIFTY500 MULTICAP 50:25:25; NIFTY500 SHARIAH; NIFTY500 VALUE 50,NIFTY METAL,NSE quote API secInfo,0.9,
nifty_500_shariah,SAILIFE,Sai Life Science Ltd.,SAILIFE,Sai Life Sciences Limited,exact_symbol_match,INE570L01029,Listed,Healthcare,Healthcare,Pharmaceuticals & Biotechnology,Pharmaceuticals,Nifty 500,NIFTY 500; NIFTY MIDSMALL HEALTHCARE; NIFTY MIDSMALLCAP 400; NIFTY MIDSMALLCAP400 50:50; NIFTY SMALLCAP 100; NIFTY SMALLCAP 250; NIFTY SMALLCAP 50; NIFTY SMALLCAP 500; NIFTY TOTAL MARKET; NIFTY500 EQUAL WEIGHT; NIFTY500 HEALTHCARE; NIFTY500 LARGEMIDSMALL EQUAL-CAP WEIGHTED; NIFTY500 MULTICAP 50:25:25; NIFTY500 MULTICAP INDIA MANUFACTURING 50:30:20; NIFTY500 SHARIAH,-,NSE quote API secInfo,0.9,
ind_nifty500,SAMMAANCAP,Sammaan Capital Ltd.,SAMMAANCAP,Sammaan Capital Limited,exact_symbol_match,INE148I01020,Listed,Financial Services,Financial Services,Finance,Housing Finance Company,Nifty 500,NIFTY 500; NIFTY HOUSING FINANCE; NIFTY MIDSMALLCAP 400; NIFTY MIDSMALLCAP400 50:50; NIFTY SMALLCAP 250; NIFTY SMALLCAP 500; NIFTY TOTAL MARKET; NIFTY500 EQUAL WEIGHT; NIFTY500 LARGEMIDSMALL EQUAL-CAP WEIGHTED; NIFTY500 MULTICAP 50:25:25; NIFTY500 VALUE 50,-,NSE quote API secInfo,0.9,
ind_nifty500,SAPPHIRE,Sapphire Foods India Ltd.,SAPPHIRE,Sapphire Foods India Limited,exact_symbol_match,INE806T01020,Listed,Consumer Discretionary,Consumer Services,Leisure Services,Restaurants,Nifty 500,NIFTY 500; NIFTY CONSUMER SERVICES; NIFTY INDIA NEW AGE CONSUMPTION; NIFTY INDIA TOURISM; NIFTY MIDSMALLCAP 400; NIFTY MIDSMALLCAP400 50:50; NIFTY SMALLCAP 250; NIFTY SMALLCAP 500; NIFTY TOTAL MARKET; NIFTY500 EQUAL WEIGHT; NIFTY500 LARGEMIDSMALL EQUAL-CAP WEIGHTED; NIFTY500 MULTICAP 50:25:25,-,NSE quote API secInfo,0.9,
ind_nifty500,SARDAEN,Sarda Energy and Minerals Ltd.,SARDAEN,Sarda Energy & Minerals Limited,exact_symbol_match,INE385C01021,Listed,Commodities,Metals & Mining,Ferrous Metals,Iron & Steel,Nifty 500,NIFTY 500; NIFTY MIDSMALLCAP 400; NIFTY MIDSMALLCAP400 50:50; NIFTY SMALLCAP 100; NIFTY SMALLCAP 250; NIFTY SMALLCAP 500; NIFTY SMALLCAP250 MOMENTUM QUALITY 100; NIFTY TOTAL MARKET; NIFTY500 EQUAL WEIGHT; NIFTY500 LARGEMIDSMALL EQUAL-CAP WEIGHTED; NIFTY500 MULTICAP 50:25:25,NIFTY METAL,NSE quote API secInfo,0.9,
ind_nifty500,SAREGAMA,Saregama India Ltd,SAREGAMA,Saregama India Limited,exact_symbol_match,INE979A01025,Listed,Consumer Discretionary,Media Entertainment & Publication,Entertainment,Media & Entertainment,Nifty 500,NIFTY 500; NIFTY CONGLOMERATE 50; NIFTY INDIA NEW AGE CONSUMPTION; NIFTY MEDIA; NIFTY MIDSMALLCAP 400; NIFTY MIDSMALLCAP400 50:50; NIFTY SMALLCAP 250; NIFTY SMALLCAP 500; NIFTY SMALLCAP250 MOMENTUM QUALITY 100; NIFTY TOTAL MARKET; NIFTY WAVES; NIFTY500 EQUAL WEIGHT; NIFTY500 LARGEMIDSMALL EQUAL-CAP WEIGHTED; NIFTY500 MULTICAP 50:25:25,NIFTY MEDIA,NSE quote API secInfo,0.9,
ind_nifty500,SBFC,SBFC Finance Ltd.,SBFC,SBFC Finance Limited,exact_symbol_match,INE423Y01016,Listed,Financial Services,Financial Services,Finance,Non Banking Financial Company (NBFC),Nifty 500,NIFTY 500; NIFTY MIDSMALLCAP 400; NIFTY MIDSMALLCAP400 50:50; NIFTY NBFC; NIFTY SMALLCAP 250; NIFTY SMALLCAP 500; NIFTY TOTAL MARKET; NIFTY500 EQUAL WEIGHT; NIFTY500 LARGEMIDSMALL EQUAL-CAP WEIGHTED; NIFTY500 MULTICAP 50:25:25,-,NSE quote API secInfo,0.9,
ind_nifty500,SBICARD,SBI Cards and Payment Services Ltd.,SBICARD,SBI Cards and Payment Services Limited,exact_symbol_match,INE018E01016,Listed,Financial Services,Financial Services,Finance,Non Banking Financial Company (NBFC),Nifty Financial Services,NIFTY FINANCIAL SERVICES; NIFTY MIDCAP 50; NIFTY 200; NIFTY 500; NIFTY ALPHA LOW-VOLATILITY 30; NIFTY ALPHA QUALITY LOW-VOLATILITY 30; NIFTY FINANCIAL SERVICES 25/50; NIFTY FINANCIAL SERVICES EX-BANK; NIFTY INDIA FPI 150; NIFTY LARGEMIDCAP 250; NIFTY LOW VOLATILITY 50; NIFTY MIDCAP 100; NIFTY MIDCAP 150; NIFTY MIDCAP150 MOMENTUM 50; NIFTY MIDSMALL FINANCIAL SERVICES; NIFTY MIDSMALLCAP 400; NIFTY MIDSMALLCAP400 50:50; NIFTY MIDSMALLCAP400 MOMENTUM QUALITY 100; NIFTY NBFC; NIFTY RURAL; NIFTY TOTAL MARKET; NIFTY500 EQUAL WEIGHT; NIFTY500 LARGEMIDSMALL EQUAL-CAP WEIGHTED; NIFTY500 LOW VOLATILITY 50; NIFTY500 MULTICAP 50:25:25,-,NSE quote API secInfo,0.9,
ind_nifty500,SBILIFE,SBI Life Insurance Company Ltd.,SBILIFE,SBI Life Insurance Company Limited,exact_symbol_match,INE123W01016,Listed,Financial Services,Financial Services,Insurance,Life Insurance,Nifty 50,NIFTY 50; NIFTY FINANCIAL SERVICES; NIFTY 100; NIFTY 200; NIFTY 500; NIFTY ALPHA 50; NIFTY ALPHA LOW-VOLATILITY 30; NIFTY FINANCIAL SERVICES 25/50; NIFTY FINANCIAL SERVICES EX-BANK; NIFTY INDIA FPI 150; NIFTY INSURANCE; NIFTY LARGEMIDCAP 250; NIFTY LOW VOLATILITY 50; NIFTY RURAL; NIFTY SERVICES SECTOR; NIFTY TOTAL MARKET; NIFTY100 ALPHA 30; NIFTY100 ENHANCED ESG; NIFTY100 EQUAL WEIGHT; NIFTY100 ESG; NIFTY100 ESG SECTOR LEADERS; NIFTY100 LOW VOLATILITY 30; NIFTY200 MOMENTUM 30; NIFTY50 EQUAL WEIGHT; NIFTY500 EQUAL WEIGHT; NIFTY500 LARGEMIDSMALL EQUAL-CAP WEIGHTED; NIFTY500 MULTICAP 50:25:25,NIFTY FINANCIAL SERVICES,NSE quote API secInfo,0.9,
ind_nifty500,SBIN,State Bank of India,SBIN,State Bank of India,exact_symbol_match,INE062A01020,Listed,Financial Services,Financial Services,Banks,Public Sector Bank,Nifty 50,NIFTY 50; NIFTY BANK; NIFTY FINANCIAL SERVICES; NIFTY 100; NIFTY 200; NIFTY 500; NIFTY ALPHA 50; NIFTY ALPHA LOW-VOLATILITY 30; NIFTY DIVIDEND OPPORTUNITIES 50; NIFTY FINANCIAL SERVICES 25/50; NIFTY HOUSING; NIFTY INDIA FPI 150; NIFTY LARGEMIDCAP 250; NIFTY LOW VOLATILITY 50; NIFTY PSU BANK; NIFTY RURAL; NIFTY SERVICES SECTOR; NIFTY TOP 15 EQUAL WEIGHT; NIFTY TOP 20 EQUAL WEIGHT; NIFTY TOTAL MARKET; NIFTY100 ALPHA 30; NIFTY100 ENHANCED ESG; NIFTY100 EQUAL WEIGHT; NIFTY100 ESG; NIFTY100 LIQUID 15; NIFTY100 LOW VOLATILITY 30; NIFTY200 ALPHA 30; NIFTY200 MOMENTUM 30; NIFTY200 VALUE 30; NIFTY50 EQUAL WEIGHT; NIFTY50 VALUE 20; NIFTY500 EQUAL WEIGHT; NIFTY500 LARGEMIDSMALL EQUAL-CAP WEIGHTED; NIFTY500 MULTICAP 50:25:25; NIFTY500 VALUE 50,NIFTY BANK,NSE quote API secInfo,0.9,
nifty_500_shariah,SCHAEFFLER,Schaeffler India Ltd.,SCHAEFFLER,Schaeffler India Limited,exact_symbol_match,INE513A01022,Listed,Consumer Discretionary,Automobile and Auto Components,Auto Components,Auto Components & Equipments,Nifty 500,NIFTY 500; NIFTY EV & NEW AGE AUTOMOTIVE; NIFTY LARGEMIDCAP 250; NIFTY MIDCAP 150; NIFTY MIDCAP150 QUALITY 50; NIFTY MIDSMALLCAP 400; NIFTY MIDSMALLCAP400 50:50; NIFTY MNC; NIFTY TOTAL MARKET; NIFTY TRANSPORTATION & LOGISTICS; NIFTY500 EQUAL WEIGHT; NIFTY500 LARGEMIDSMALL EQUAL-CAP WEIGHTED; NIFTY500 MULTICAP 50:25:25; NIFTY500 SHARIAH,NIFTY INFRASTRUCTURE,NSE quote API secInfo,0.9,
ind_nifty500,SCHNEIDER,Schneider Electric Infrastructure Ltd.,SCHNEIDER,Schneider Electric Infrastructure Limited,exact_symbol_match,INE839M01018,Listed,Industrials,Capital Goods,Electrical Equipment,Heavy Electrical Equipment,Nifty 500,NIFTY 500; NIFTY INDIA INFRASTRUCTURE & LOGISTICS; NIFTY MIDSMALLCAP 400; NIFTY MIDSMALLCAP400 50:50; NIFTY SMALLCAP 250; NIFTY SMALLCAP 500; NIFTY TOTAL MARKET; NIFTY TOTAL MARKET MOMENTUM QUALITY 50; NIFTY500 EQUAL WEIGHT; NIFTY500 LARGEMIDSMALL EQUAL-CAP WEIGHTED; NIFTY500 MULTICAP 50:25:25,NIFTY INFRASTRUCTURE,NSE quote API secInfo,0.9,
nifty_500_shariah,SCI,Shipping Corporation of India Ltd.,SCI,Shipping Corporation Of India Limited,exact_symbol_match,INE109A01011,Listed,Services,Services,Transport Services,Shipping,Nifty 500,NIFTY 500; NIFTY INDIA INFRASTRUCTURE & LOGISTICS; NIFTY MIDSMALLCAP 400; NIFTY MIDSMALLCAP400 50:50; NIFTY SMALLCAP 250; NIFTY SMALLCAP 500; NIFTY TOTAL MARKET; NIFTY500 EQUAL WEIGHT; NIFTY500 LARGEMIDSMALL EQUAL-CAP WEIGHTED; NIFTY500 MULTICAP 50:25:25; NIFTY500 SHARIAH,NIFTY 500,NSE quote API secInfo,0.9,
ind_nifty500,SHREECEM,Shree Cement Ltd.,SHREECEM,SHREE CEMENT LIMITED,exact_symbol_match,INE070A01015,Listed,Commodities,Construction Materials,Cement & Cement Products,Cement & Cement Products,Nifty Next 50,NIFTY NEXT 50; NIFTY 100; NIFTY 200; NIFTY 500; NIFTY ALPHA LOW-VOLATILITY 30; NIFTY ALPHA QUALITY LOW-VOLATILITY 30; NIFTY CEMENT; NIFTY COMMODITIES; NIFTY CORE HOUSING; NIFTY HOUSING; NIFTY INDIA FPI 150; NIFTY INDIA INFRASTRUCTURE & LOGISTICS; NIFTY INFRASTRUCTURE; NIFTY LARGEMIDCAP 250; NIFTY LOW VOLATILITY 50; NIFTY RURAL; NIFTY TOTAL MARKET; NIFTY100 ENHANCED ESG; NIFTY100 EQUAL WEIGHT; NIFTY100 ESG; NIFTY100 ESG SECTOR LEADERS; NIFTY100 LOW VOLATILITY 30; NIFTY500 EQUAL WEIGHT; NIFTY500 LARGEMIDSMALL EQUAL-CAP WEIGHTED; NIFTY500 MULTICAP 50:25:25,NIFTY COMMODITIES,NSE quote API secInfo,0.9,
ind_nifty500,SHRIRAMFIN,Shriram Finance Ltd.,SHRIRAMFIN,Shriram Finance Limited,exact_symbol_match,INE721A01047,Listed,Financial Services,Financial Services,Finance,Non Banking Financial Company (NBFC),Nifty 50,NIFTY 50; NIFTY FINANCIAL SERVICES; NIFTY 100; NIFTY 200; NIFTY 500; NIFTY ALPHA 50; NIFTY DIVIDEND OPPORTUNITIES 50; NIFTY FINANCIAL SERVICES 25/50; NIFTY FINANCIAL SERVICES EX-BANK; NIFTY HIGH BETA 50; NIFTY INDIA FPI 150; NIFTY LARGEMIDCAP 250; NIFTY NBFC; NIFTY RURAL; NIFTY SERVICES SECTOR; NIFTY TOTAL MARKET; NIFTY100 ALPHA 30; NIFTY100 ENHANCED ESG; NIFTY100 EQUAL WEIGHT; NIFTY100 ESG; NIFTY100 ESG SECTOR LEADERS; NIFTY100 LIQUID 15; NIFTY200 ALPHA 30; NIFTY200 MOMENTUM 30; NIFTY200 VALUE 30; NIFTY50 EQUAL WEIGHT; NIFTY500 EQUAL WEIGHT; NIFTY500 LARGEMIDSMALL EQUAL-CAP WEIGHTED; NIFTY500 MOMENTUM 50; NIFTY500 MULTICAP 50:25:25,-,NSE quote API secInfo,0.9,
nifty_500_shariah,SHYAMMETL,Shyam Metalics and Energy Ltd.,SHYAMMETL,Shyam Metalics and Energy Limited,exact_symbol_match,INE810G01011,Listed,Industrials,Capital Goods,Industrial Products,Iron & Steel Products,Nifty 500,NIFTY 500; NIFTY MIDSMALLCAP 400; NIFTY MIDSMALLCAP400 50:50; NIFTY SMALLCAP 250; NIFTY SMALLCAP 500; NIFTY TOTAL MARKET; NIFTY500 EQUAL WEIGHT; NIFTY500 LARGEMIDSMALL EQUAL-CAP WEIGHTED; NIFTY500 MULTICAP 50:25:25; NIFTY500 SHARIAH,-,NSE quote API secInfo,0.9,
ind_nifty500,SIEMENS,Siemens Ltd.,SIEMENS,Siemens Limited,exact_symbol_match,INE003A01024,Listed,Industrials,Capital Goods,Electrical Equipment,Heavy Electrical Equipment,Nifty Next 50,NIFTY NEXT 50; NIFTY 100; NIFTY 200; NIFTY 500; NIFTY CAPITAL GOODS; NIFTY ENERGY; NIFTY INDIA INFRASTRUCTURE & LOGISTICS; NIFTY INDIA MANUFACTURING; NIFTY LARGEMIDCAP 250; NIFTY MNC; NIFTY TOTAL MARKET; NIFTY100 ALPHA 30; NIFTY100 ENHANCED ESG; NIFTY100 EQUAL WEIGHT; NIFTY100 ESG; NIFTY100 ESG SECTOR LEADERS; NIFTY500 EQUAL WEIGHT; NIFTY500 LARGEMIDSMALL EQUAL-CAP WEIGHTED; NIFTY500 MULTICAP 50:25:25,NIFTY 500,NSE quote API secInfo,0.9,
ind_nifty500,SIGNATURE,Signatureglobal (India) Ltd.,SIGNATURE,Signatureglobal (India) Limited,exact_symbol_match,INE903U01023,Listed,Consumer Discretionary,Realty,Realty,Residential Commercial Projects,Nifty 500,NIFTY 500; NIFTY INDIA INFRASTRUCTURE & LOGISTICS; NIFTY MIDSMALLCAP 400; NIFTY MIDSMALLCAP400 50:50; NIFTY SMALLCAP 100; NIFTY SMALLCAP 250; NIFTY SMALLCAP 500; NIFTY TOTAL MARKET; NIFTY500 EQUAL WEIGHT; NIFTY500 LARGEMIDSMALL EQUAL-CAP WEIGHTED; NIFTY500 MULTICAP 50:25:25,-,NSE quote API secInfo,0.9,
ind_nifty500,SJVN,SJVN Ltd.,SJVN,SJVN Limited,exact_symbol_match,INE002L01015,Listed,Utilities,Power,Power,Power Generation,Nifty 500,NIFTY 500; NIFTY CPSE; NIFTY ENERGY; NIFTY INDIA INFRASTRUCTURE & LOGISTICS; NIFTY LARGEMIDCAP 250; NIFTY MIDCAP 150; NIFTY MIDSMALLCAP 400; NIFTY MIDSMALLCAP400 50:50; NIFTY POWER; NIFTY TOTAL MARKET; NIFTY500 EQUAL WEIGHT; NIFTY500 LARGEMIDSMALL EQUAL-CAP WEIGHTED; NIFTY500 MULTICAP 50:25:25,NIFTY INFRASTRUCTURE,NSE quote API secInfo,0.9,
ind_nifty500,SOBHA,Sobha Ltd.,SOBHA,Sobha Limited,exact_symbol_match,INE671H01015,Listed,Consumer Discretionary,Realty,Realty,Residential Commercial Projects,Nifty 500,NIFTY 500; NIFTY INDIA INFRASTRUCTURE & LOGISTICS; NIFTY INDIA NEW AGE CONSUMPTION; NIFTY MIDSMALLCAP 400; NIFTY MIDSMALLCAP400 50:50; NIFTY REALTY; NIFTY REITS & REALTY; NIFTY SMALLCAP 250; NIFTY SMALLCAP 500; NIFTY TOTAL MARKET; NIFTY500 EQUAL WEIGHT; NIFTY500 LARGEMIDSMALL EQUAL-CAP WEIGHTED; NIFTY500 MULTICAP 50:25:25; NIFTY500 SHARIAH,NIFTY REALTY,NSE quote API secInfo,0.9,
ind_nifty500,SOLARINDS,Solar Industries India Ltd.,SOLARINDS,Solar Industries India Limited,exact_symbol_match,INE343H01029,Listed,Commodities,Chemicals,Chemicals & Petrochemicals,Explosives,Nifty Next 50,NIFTY NEXT 50; NIFTY 100; NIFTY 200; NIFTY 500; NIFTY ALPHA 50; NIFTY CHEMICALS; NIFTY INDIA DEFENCE; NIFTY INDIA FPI 150; NIFTY INDIA MANUFACTURING; NIFTY LARGEMIDCAP 250; NIFTY TOTAL MARKET; NIFTY TOTAL MARKET MOMENTUM QUALITY 50; NIFTY100 ALPHA 30; NIFTY100 EQUAL WEIGHT; NIFTY100 QUALITY 30; NIFTY200 ALPHA 30; NIFTY500 EQUAL WEIGHT; NIFTY500 LARGEMIDSMALL EQUAL-CAP WEIGHTED; NIFTY500 MULTICAP 50:25:25; NIFTY500 MULTICAP MOMENTUM QUALITY 50; NIFTY500 QUALITY 50,NIFTY INFRASTRUCTURE,NSE quote API secInfo,0.9,
ind_nifty500,SONACOMS,Sona BLW Precision Forgings Ltd.,SONACOMS,Sona BLW Precision Forgings Limited,exact_symbol_match,INE073K01018,Listed,Consumer Discretionary,Automobile and Auto Components,Auto Components,Auto Components & Equipments,Nifty 500,NIFTY 500; NIFTY AUTO; NIFTY EV & NEW AGE AUTOMOTIVE; NIFTY INDIA FPI 150; NIFTY INDIA MANUFACTURING; NIFTY MIDCAP150 QUALITY 50; NIFTY MIDSMALLCAP 400; NIFTY MIDSMALLCAP400 50:50; NIFTY MOBILITY; NIFTY SMALLCAP 100; NIFTY SMALLCAP 250; NIFTY SMALLCAP 50; NIFTY SMALLCAP 500; NIFTY TOTAL MARKET; NIFTY TRANSPORTATION & LOGISTICS; NIFTY500 EQUAL WEIGHT; NIFTY500 LARGEMIDSMALL EQUAL-CAP WEIGHTED; NIFTY500 MULTICAP 50:25:25; NIFTY500 MULTICAP INDIA MANUFACTURING 50:30:20; NIFTY500 MULTICAP INFRASTRUCTURE 50:30:20,-,NSE quote API secInfo,0.9,
ind_nifty500,SONATSOFTW,Sonata Software Ltd.,SONATSOFTW,Sonata Software Limited,exact_symbol_match,INE269A01021,Listed,Information Technology,Information Technology,IT - Software,Computers - Software & Consulting,Nifty 500,NIFTY 500; NIFTY INDIA DIGITAL; NIFTY MIDSMALL IT & TELECOM; NIFTY MIDSMALLCAP 400; NIFTY MIDSMALLCAP400 50:50; NIFTY SMALLCAP 250; NIFTY SMALLCAP 500; NIFTY SMALLCAP250 MOMENTUM QUALITY 100; NIFTY SMALLCAP250 QUALITY 50; NIFTY TOTAL MARKET; NIFTY500 EQUAL WEIGHT; NIFTY500 LARGEMIDSMALL EQUAL-CAP WEIGHTED; NIFTY500 MULTICAP 50:25:25; NIFTY500 QUALITY 50; NIFTY500 SHARIAH,NIFTY IT,NSE quote API secInfo,0.9,
nifty_500_shariah,SPLPETRO,Supreme Petrochem Ltd.,SPLPETRO,Supreme Petrochem Limited,exact_symbol_match,INE663A01033,Listed,Commodities,Chemicals,Chemicals & Petrochemicals,Petrochemicals,Nifty 500,NIFTY 500; NIFTY MIDSMALLCAP 400; NIFTY MIDSMALLCAP400 50:50; NIFTY SMALLCAP 250; NIFTY SMALLCAP 500; NIFTY TOTAL MARKET; NIFTY500 EQUAL WEIGHT; NIFTY500 LARGEMIDSMALL EQUAL-CAP WEIGHTED; NIFTY500 MULTICAP 50:25:25; NIFTY500 SHARIAH,-,NSE quote API secInfo,0.9,
ind_nifty500,SRF,SRF Ltd.,SRF,SRF Limited,exact_symbol_match,INE647A01010,Listed,Commodities,Chemicals,Chemicals & Petrochemicals,Specialty Chemicals,Nifty Midcap 50,NIFTY MIDCAP 50; NIFTY 200; NIFTY 500; NIFTY CHEMICALS; NIFTY COMMODITIES; NIFTY INDIA FPI 150; NIFTY INDIA MANUFACTURING; NIFTY LARGEMIDCAP 250; NIFTY LOW VOLATILITY 50; NIFTY MIDCAP 100; NIFTY MIDCAP 150; NIFTY MIDCAP SELECT; NIFTY MIDCAP150 MOMENTUM 50; NIFTY MIDSMALLCAP 400; NIFTY MIDSMALLCAP400 50:50; NIFTY SHARIAH 25; NIFTY TOTAL MARKET; NIFTY500 EQUAL WEIGHT; NIFTY500 LARGEMIDSMALL EQUAL-CAP WEIGHTED; NIFTY500 MULTICAP 50:25:25; NIFTY500 MULTICAP INDIA MANUFACTURING 50:30:20; NIFTY500 SHARIAH,NIFTY 500,NSE quote API secInfo,0.9,
ind_nifty500,STARHEALTH,Star Health and Allied Insurance Company Ltd.,STARHEALTH,Star Health and Allied Insurance Company Limited,exact_symbol_match,INE575P01011,Listed,Financial Services,Financial Services,Insurance,General Insurance,Nifty 500,NIFTY 500; NIFTY INSURANCE; NIFTY MIDSMALLCAP 400; NIFTY MIDSMALLCAP400 50:50; NIFTY SMALLCAP 100; NIFTY SMALLCAP 250; NIFTY SMALLCAP 500; NIFTY TOTAL MARKET; NIFTY500 EQUAL WEIGHT; NIFTY500 LARGEMIDSMALL EQUAL-CAP WEIGHTED; NIFTY500 LOW VOLATILITY 50; NIFTY500 MULTICAP 50:25:25,-,NSE quote API secInfo,0.9,
ind_nifty500,SUMICHEM,Sumitomo Chemical India Ltd.,SUMICHEM,Sumitomo Chemical India Limited,exact_symbol_match,INE258G01013,Listed,Commodities,Chemicals,Fertilizers & Agrochemicals,Pesticides & Agrochemicals,Nifty 500,NIFTY 500; NIFTY CHEMICALS; NIFTY MIDSMALLCAP 400; NIFTY MIDSMALLCAP400 50:50; NIFTY MIDSMALLCAP400 MOMENTUM QUALITY 100; NIFTY SMALLCAP 250; NIFTY SMALLCAP 500; NIFTY SMALLCAP250 MOMENTUM QUALITY 100; NIFTY SMALLCAP250 QUALITY 50; NIFTY TOTAL MARKET; NIFTY500 EQUAL WEIGHT; NIFTY500 LARGEMIDSMALL EQUAL-CAP WEIGHTED; NIFTY500 MULTICAP 50:25:25,-,NSE quote API secInfo,0.9,
ind_nifty500,SUNDARMFIN,Sundaram Finance Ltd.,SUNDARMFIN,Sundaram Finance Limited,exact_symbol_match,INE660A01013,Listed,Financial Services,Financial Services,Finance,Non Banking Financial Company (NBFC),Nifty 500,NIFTY 500; NIFTY LARGEMIDCAP 250; NIFTY MIDCAP 150; NIFTY MIDCAP150 MOMENTUM 50; NIFTY MIDSMALLCAP 400; NIFTY MIDSMALLCAP400 50:50; NIFTY NBFC; NIFTY RURAL; NIFTY TOTAL MARKET; NIFTY500 EQUAL WEIGHT; NIFTY500 LARGEMIDSMALL EQUAL-CAP WEIGHTED; NIFTY500 MULTICAP 50:25:25,NIFTY FINANCIAL SERVICES,NSE quote API secInfo,0.9,
nifty_50_shariah,SUNPHARMA,SUN PHARMACEUTICAL INDUSTRIES LTD.,SUNPHARMA,Sun Pharmaceutical Industries Limited,exact_symbol_match,INE044A01036,Listed,Healthcare,Healthcare,Pharmaceuticals & Biotechnology,Pharmaceuticals,Nifty 50,NIFTY 50; NIFTY 100; NIFTY 200; NIFTY 500; NIFTY ALPHA LOW-VOLATILITY 30; NIFTY ALPHA QUALITY LOW-VOLATILITY 30; NIFTY ALPHA QUALITY VALUE LOW-VOLATILITY 30; NIFTY GROWTH SECTORS 15; NIFTY HEALTHCARE INDEX; NIFTY INDIA FPI 150; NIFTY INDIA MANUFACTURING; NIFTY LARGEMIDCAP 250; NIFTY LOW VOLATILITY 50; NIFTY PHARMA; NIFTY QUALITY LOW-VOLATILITY 30; NIFTY TOP 20 EQUAL WEIGHT; NIFTY TOTAL MARKET; NIFTY100 EQUAL WEIGHT; NIFTY100 LOW VOLATILITY 30; NIFTY50 EQUAL WEIGHT; NIFTY50 SHARIAH; NIFTY500 EQUAL WEIGHT; NIFTY500 HEALTHCARE; NIFTY500 LARGEMIDSMALL EQUAL-CAP WEIGHTED; NIFTY500 MULTICAP 50:25:25; NIFTY500 MULTICAP INDIA MANUFACTURING 50:30:20; NIFTY500 SHARIAH,NIFTY PHARMA,NSE quote API secInfo,0.9,
ind_nifty500,SUNTV,Sun TV Network Ltd.,SUNTV,Sun TV Network Limited,exact_symbol_match,INE424H01027,Listed,Consumer Discretionary,Media Entertainment & Publication,Entertainment,TV Broadcasting & Software Production,Nifty 500,NIFTY 500; NIFTY MEDIA; NIFTY MIDSMALLCAP 400; NIFTY MIDSMALLCAP400 50:50; NIFTY SMALLCAP 250; NIFTY SMALLCAP 500; NIFTY SMALLCAP250 QUALITY 50; NIFTY TOTAL MARKET; NIFTY WAVES; NIFTY500 EQUAL WEIGHT; NIFTY500 LARGEMIDSMALL EQUAL-CAP WEIGHTED; NIFTY500 MULTICAP 50:25:25,NIFTY MEDIA,NSE quote API secInfo,0.9,
nifty_500_shariah,SUPREMEIND,Supreme Industries Ltd.,SUPREMEIND,Supreme Industries Limited,exact_symbol_match,INE195A01028,Listed,Industrials,Capital Goods,Industrial Products,Plastic Products - Industrial,Nifty Midcap 50,NIFTY MIDCAP 50; NIFTY 200; NIFTY 500; NIFTY INDIA FPI 150; NIFTY INDIA MANUFACTURING; NIFTY LARGEMIDCAP 250; NIFTY MIDCAP 100; NIFTY MIDCAP 150; NIFTY MIDCAP150 QUALITY 50; NIFTY MIDSMALLCAP 400; NIFTY MIDSMALLCAP400 50:50; NIFTY RURAL; NIFTY TOTAL MARKET; NIFTY500 EQUAL WEIGHT; NIFTY500 LARGEMIDSMALL EQUAL-CAP WEIGHTED; NIFTY500 MULTICAP 50:25:25; NIFTY500 MULTICAP INDIA MANUFACTURING 50:30:20; NIFTY500 SHARIAH,NIFTY 500,NSE quote API secInfo,0.9,
nifty_500_shariah,SUZLON,Suzlon Energy Ltd.,SUZLON,Suzlon Energy Limited,exact_symbol_match,INE040H01021,Listed,Industrials,Capital Goods,Electrical Equipment,Heavy Electrical Equipment,Nifty Midcap 50,NIFTY MIDCAP 50; NIFTY 200; NIFTY 500; NIFTY ENERGY; NIFTY INDIA FPI 150; NIFTY INDIA INFRASTRUCTURE & LOGISTICS; NIFTY INDIA MANUFACTURING; NIFTY INFRASTRUCTURE; NIFTY LARGEMIDCAP 250; NIFTY MIDCAP 100; NIFTY MIDCAP 150; NIFTY MIDCAP LIQUID 15; NIFTY MIDCAP SELECT; NIFTY MIDSMALLCAP 400; NIFTY MIDSMALLCAP400 50:50; NIFTY MIDSMALLCAP400 MOMENTUM QUALITY 100; NIFTY TOTAL MARKET; NIFTY500 EQUAL WEIGHT; NIFTY500 LARGEMIDSMALL EQUAL-CAP WEIGHTED; NIFTY500 MULTICAP 50:25:25; NIFTY500 MULTICAP INDIA MANUFACTURING 50:30:20; NIFTY500 MULTICAP INFRASTRUCTURE 50:30:20; NIFTY500 QUALITY 50; NIFTY500 SHARIAH,NIFTY 500,NSE quote API secInfo,0.9,
nifty_500_shariah,SWANCORP,Swan Corp Ltd.,SWANCORP,SWAN CORP LIMITED,exact_symbol_match,INE665A01038,Listed,Commodities,Chemicals,Chemicals & Petrochemicals,Petrochemicals,Nifty 500,NIFTY 500; NIFTY CHEMICALS; NIFTY MIDSMALLCAP 400; NIFTY MIDSMALLCAP400 50:50; NIFTY SMALLCAP 100; NIFTY SMALLCAP 250; NIFTY SMALLCAP 500; NIFTY TOTAL MARKET; NIFTY500 EQUAL WEIGHT; NIFTY500 LARGEMIDSMALL EQUAL-CAP WEIGHTED; NIFTY500 MULTICAP 50:25:25; NIFTY500 SHARIAH,-,NSE quote API secInfo,0.9,
nifty_500_shariah,SWIGGY,Swiggy Ltd.,SWIGGY,Swiggy Limited,exact_symbol_match,INE00H001014,Listed,Consumer Discretionary,Consumer Services,Retailing,E-Retail/ E-Commerce,Nifty Midcap 50,NIFTY MIDCAP 50; NIFTY 200; NIFTY 500; NIFTY INDIA DIGITAL; NIFTY INDIA FPI 150; NIFTY INDIA INTERNET; NIFTY INDIA NEW AGE CONSUMPTION; NIFTY LARGEMIDCAP 250; NIFTY MIDCAP 100; NIFTY MIDCAP 150; NIFTY MIDCAP LIQUID 15; NIFTY MIDCAP SELECT; NIFTY MIDSMALL INDIA CONSUMPTION; NIFTY MIDSMALLCAP 400; NIFTY MIDSMALLCAP400 50:50; NIFTY MOBILITY; NIFTY NON-CYCLICAL CONSUMER; NIFTY TOTAL MARKET; NIFTY TRANSPORTATION & LOGISTICS; NIFTY500 EQUAL WEIGHT; NIFTY500 LARGEMIDSMALL EQUAL-CAP WEIGHTED; NIFTY500 MULTICAP 50:25:25; NIFTY500 SHARIAH,-,NSE quote API secInfo,0.9,
nifty_500_shariah,SYNGENE,Syngene International Ltd.,SYNGENE,Syngene International Limited,exact_symbol_match,INE398R01022,Listed,Healthcare,Healthcare,Healthcare Services,Healthcare Research Analytics & Technology,Nifty 500,NIFTY 500; NIFTY HEALTHCARE INDEX; NIFTY MIDCAP150 QUALITY 50; NIFTY MIDSMALL HEALTHCARE; NIFTY MIDSMALLCAP 400; NIFTY MIDSMALLCAP400 50:50; NIFTY SMALLCAP 100; NIFTY SMALLCAP 250; NIFTY SMALLCAP 50; NIFTY SMALLCAP 500; NIFTY TOTAL MARKET; NIFTY500 EQUAL WEIGHT; NIFTY500 HEALTHCARE; NIFTY500 LARGEMIDSMALL EQUAL-CAP WEIGHTED; NIFTY500 MULTICAP 50:25:25; NIFTY500 SHARIAH,NIFTY 500,NSE quote API secInfo,0.9,
nifty_500_shariah,SYRMA,Syrma SGS Technology Ltd.,SYRMA,Syrma SGS Technology Limited,exact_symbol_match,INE0DYJ01015,Listed,Industrials,Capital Goods,Industrial Manufacturing,Industrial Products,Nifty 500,NIFTY 500; NIFTY MIDSMALLCAP 400; NIFTY MIDSMALLCAP400 50:50; NIFTY SMALLCAP 250; NIFTY SMALLCAP 500; NIFTY TOTAL MARKET; NIFTY500 EQUAL WEIGHT; NIFTY500 LARGEMIDSMALL EQUAL-CAP WEIGHTED; NIFTY500 MOMENTUM 50; NIFTY500 MULTICAP 50:25:25; NIFTY500 SHARIAH,-,NSE quote API secInfo,0.9,
nifty_500_shariah,TARIL,Transformers & Rectifiers (India) Ltd.,TARIL,Transformers And Rectifiers (India) Limited,exact_symbol_match,INE763I01026,Listed,Industrials,Capital Goods,Electrical Equipment,Heavy Electrical Equipment,Nifty 500,NIFTY 500; NIFTY INDIA INFRASTRUCTURE & LOGISTICS; NIFTY MIDSMALLCAP 400; NIFTY MIDSMALLCAP400 50:50; NIFTY SMALLCAP 250; NIFTY SMALLCAP 500; NIFTY TOTAL MARKET; NIFTY500 EQUAL WEIGHT; NIFTY500 LARGEMIDSMALL EQUAL-CAP WEIGHTED; NIFTY500 MULTICAP 50:25:25; NIFTY500 SHARIAH,-,NSE quote API secInfo,0.9,
ind_nifty500,TATACAP,Tata Capital Ltd.,TATACAP,Tata Capital Limited,exact_symbol_match,INE976I01016,Listed,Financial Services,Financial Services,Finance,Non Banking Financial Company (NBFC),Nifty Next 50,NIFTY NEXT 50; NIFTY 100; NIFTY 200; NIFTY 500; NIFTY INDIA CORPORATE GROUP INDEX - TATA GROUP; NIFTY INDIA SELECT 5 CORPORATE GROUPS (MAATR); NIFTY IPO; NIFTY LARGEMIDCAP 250; NIFTY NBFC; NIFTY TOTAL MARKET; NIFTY100 EQUAL WEIGHT; NIFTY500 EQUAL WEIGHT; NIFTY500 LARGEMIDSMALL EQUAL-CAP WEIGHTED; NIFTY500 MULTICAP 50:25:25,-,NSE quote API secInfo,0.9,
nifty_500_shariah,TATACHEM,Tata Chemicals Ltd.,TATACHEM,Tata Chemicals Limited,exact_symbol_match,INE092A01019,Listed,Commodities,Chemicals,Chemicals & Petrochemicals,Commodity Chemicals,Nifty 500,NIFTY 500; NIFTY CHEMICALS; NIFTY EV & NEW AGE AUTOMOTIVE; NIFTY INDIA CORPORATE GROUP INDEX - TATA GROUP; NIFTY INDIA SELECT 5 CORPORATE GROUPS (MAATR); NIFTY MIDSMALLCAP 400; NIFTY MIDSMALLCAP400 50:50; NIFTY SMALLCAP 100; NIFTY SMALLCAP 250; NIFTY SMALLCAP 50; NIFTY SMALLCAP 500; NIFTY TOTAL MARKET; NIFTY500 EQUAL WEIGHT; NIFTY500 LARGEMIDSMALL EQUAL-CAP WEIGHTED; NIFTY500 LOW VOLATILITY 50; NIFTY500 MULTICAP 50:25:25; NIFTY500 MULTICAP INDIA MANUFACTURING 50:30:20; NIFTY500 SHARIAH; NIFTY500 VALUE 50,NIFTY 500,NSE quote API secInfo,0.9,
ind_nifty500,TATACOMM,Tata Communications Ltd.,TATACOMM,Tata Communications Limited,exact_symbol_match,INE151A01013,Listed,Telecommunication,Telecommunication,Telecom - Services,Telecom - Cellular & Fixed line services,Nifty 200,NIFTY 200; NIFTY 500; NIFTY INDIA CORPORATE GROUP INDEX - TATA GROUP; NIFTY INDIA DIGITAL; NIFTY INDIA INFRASTRUCTURE & LOGISTICS; NIFTY INDIA NEW AGE CONSUMPTION; NIFTY INDIA SELECT 5 CORPORATE GROUPS (MAATR); NIFTY LARGEMIDCAP 250; NIFTY MIDCAP 100; NIFTY MIDCAP 150; NIFTY MIDSMALL IT & TELECOM; NIFTY MIDSMALLCAP 400; NIFTY MIDSMALLCAP400 50:50; NIFTY NON-CYCLICAL CONSUMER; NIFTY RURAL; NIFTY TELECOMMUNICATIONS; NIFTY TOTAL MARKET; NIFTY500 EQUAL WEIGHT; NIFTY500 LARGEMIDSMALL EQUAL-CAP WEIGHTED; NIFTY500 MULTICAP 50:25:25,NIFTY 500,NSE quote API secInfo,0.9,
nifty_50_shariah,TATACONSUM,TATA CONSUMER PRODUCTS LTD,TATACONSUM,TATA CONSUMER PRODUCTS LIMITED,exact_symbol_match,INE192A01025,Listed,Fast Moving Consumer Goods,Fast Moving Consumer Goods,Agricultural Food & other Products,Tea & Coffee,Nifty 50,NIFTY 50; NIFTY 100; NIFTY 200; NIFTY 500; NIFTY ALPHA LOW-VOLATILITY 30; NIFTY FMCG; NIFTY INDIA CONSUMPTION; NIFTY INDIA CORPORATE GROUP INDEX - TATA GROUP; NIFTY INDIA CORPORATE GROUP INDEX - TATA GROUP 25% CAP; NIFTY INDIA FPI 150; NIFTY INDIA SELECT 5 CORPORATE GROUPS (MAATR); NIFTY LARGEMIDCAP 250; NIFTY LOW VOLATILITY 50; NIFTY NON-CYCLICAL CONSUMER; NIFTY RURAL; NIFTY SHARIAH 25; NIFTY TOTAL MARKET; NIFTY100 ENHANCED ESG; NIFTY100 EQUAL WEIGHT; NIFTY100 ESG; NIFTY50 EQUAL WEIGHT; NIFTY50 SHARIAH; NIFTY500 EQUAL WEIGHT; NIFTY500 LARGEMIDSMALL EQUAL-CAP WEIGHTED; NIFTY500 MULTICAP 50:25:25; NIFTY500 SHARIAH,-,NSE quote API secInfo,0.9,
ind_nifty500,TATAELXSI,Tata Elxsi Ltd.,TATAELXSI,Tata Elxsi Limited,exact_symbol_match,INE670A01012,Listed,Information Technology,Information Technology,IT - Software,Computers - Software & Consulting,Nifty 200,NIFTY 200; NIFTY 500; NIFTY EV & NEW AGE AUTOMOTIVE; NIFTY INDIA CORPORATE GROUP INDEX - TATA GROUP; NIFTY INDIA DIGITAL; NIFTY INDIA SELECT 5 CORPORATE GROUPS (MAATR); NIFTY LARGEMIDCAP 250; NIFTY MIDCAP 100; NIFTY MIDCAP 150; NIFTY MIDCAP150 QUALITY 50; NIFTY MIDSMALL IT & TELECOM; NIFTY MIDSMALLCAP 400; NIFTY MIDSMALLCAP400 50:50; NIFTY MIDSMALLCAP400 MOMENTUM QUALITY 100; NIFTY TOTAL MARKET; NIFTY200 QUALITY 30; NIFTY500 EQUAL WEIGHT; NIFTY500 LARGEMIDSMALL EQUAL-CAP WEIGHTED; NIFTY500 MULTICAP 50:25:25; NIFTY500 QUALITY 50,NIFTY 500,NSE quote API secInfo,0.9,
ind_nifty500,TATAINVEST,Tata Investment Corporation Ltd.,TATAINVEST,Tata Investment Corporation Limited,exact_symbol_match,INE672A01026,Listed,Financial Services,Financial Services,Finance,Investment Company,Nifty 200,NIFTY 200; NIFTY 500; NIFTY INDIA CORPORATE GROUP INDEX - TATA GROUP; NIFTY INDIA SELECT 5 CORPORATE GROUPS (MAATR); NIFTY LARGEMIDCAP 250; NIFTY MIDCAP 100; NIFTY MIDCAP 150; NIFTY MIDSMALLCAP 400; NIFTY MIDSMALLCAP400 50:50; NIFTY TOTAL MARKET; NIFTY500 EQUAL WEIGHT; NIFTY500 LARGEMIDSMALL EQUAL-CAP WEIGHTED; NIFTY500 MULTICAP 50:25:25,NIFTY FINANCIAL SERVICES,NSE quote API secInfo,0.9,
ind_nifty500,TATAPOWER,Tata Power Co. Ltd.,TATAPOWER,Tata Power Company Limited,exact_symbol_match,INE245A01021,Listed,Utilities,Power,Power,Integrated Power Utilities,Nifty Next 50,NIFTY NEXT 50; NIFTY 100; NIFTY 200; NIFTY 500; NIFTY COMMODITIES; NIFTY ENERGY; NIFTY HIGH BETA 50; NIFTY HOUSING; NIFTY INDIA CONSUMPTION; NIFTY INDIA CORPORATE GROUP INDEX - TATA GROUP; NIFTY INDIA CORPORATE GROUP INDEX - TATA GROUP 25% CAP; NIFTY INDIA FPI 150; NIFTY INDIA INFRASTRUCTURE & LOGISTICS; NIFTY INDIA SELECT 5 CORPORATE GROUPS (MAATR); NIFTY INFRASTRUCTURE; NIFTY LARGEMIDCAP 250; NIFTY POWER; NIFTY RURAL; NIFTY SERVICES SECTOR; NIFTY TOTAL MARKET; NIFTY100 ENHANCED ESG; NIFTY100 EQUAL WEIGHT; NIFTY100 ESG; NIFTY100 ESG SECTOR LEADERS; NIFTY500 EQUAL WEIGHT; NIFTY500 LARGEMIDSMALL EQUAL-CAP WEIGHTED; NIFTY500 LOW VOLATILITY 50; NIFTY500 MULTICAP 50:25:25; NIFTY500 MULTICAP INFRASTRUCTURE 50:30:20,NIFTY INFRASTRUCTURE,NSE quote API secInfo,0.9,
ind_nifty500,TATASTEEL,Tata Steel Ltd.,TATASTEEL,Tata Steel Limited,exact_symbol_match,INE081A01020,Listed,Commodities,Metals & Mining,Ferrous Metals,Iron & Steel,Nifty 50,NIFTY 50; NIFTY 100; NIFTY 200; NIFTY 500; NIFTY COMMODITIES; NIFTY CONGLOMERATE 50; NIFTY DIVIDEND OPPORTUNITIES 50; NIFTY HIGH BETA 50; NIFTY HOUSING; NIFTY INDIA CORPORATE GROUP INDEX - TATA GROUP; NIFTY INDIA CORPORATE GROUP INDEX - TATA GROUP 25% CAP; NIFTY INDIA FPI 150; NIFTY INDIA MANUFACTURING; NIFTY INDIA SELECT 5 CORPORATE GROUPS (MAATR); NIFTY LARGEMIDCAP 250; NIFTY METAL; NIFTY TOTAL MARKET; NIFTY100 ALPHA 30; NIFTY100 ENHANCED ESG; NIFTY100 EQUAL WEIGHT; NIFTY100 ESG; NIFTY100 ESG SECTOR LEADERS; NIFTY200 VALUE 30; NIFTY50 EQUAL WEIGHT; NIFTY500 EQUAL WEIGHT; NIFTY500 LARGEMIDSMALL EQUAL-CAP WEIGHTED; NIFTY500 MULTICAP 50:25:25; NIFTY500 MULTICAP INDIA MANUFACTURING 50:30:20; NIFTY500 VALUE 50,NIFTY METAL,NSE quote API secInfo,0.9,
nifty_500_shariah,TATATECH,Tata Technologies Ltd.,TATATECH,Tata Technologies Limited,exact_symbol_match,INE142M01025,Listed,Information Technology,Information Technology,IT - Services,IT Enabled Services,Nifty 500,NIFTY 500; NIFTY EV & NEW AGE AUTOMOTIVE; NIFTY INDIA CORPORATE GROUP INDEX - TATA GROUP; NIFTY INDIA DIGITAL; NIFTY INDIA SELECT 5 CORPORATE GROUPS (MAATR); NIFTY MIDSMALL IT & TELECOM; NIFTY MIDSMALLCAP 400; NIFTY MIDSMALLCAP400 50:50; NIFTY SMALLCAP 100; NIFTY SMALLCAP 250; NIFTY SMALLCAP 50; NIFTY SMALLCAP 500; NIFTY TOTAL MARKET; NIFTY500 EQUAL WEIGHT; NIFTY500 LARGEMIDSMALL EQUAL-CAP WEIGHTED; NIFTY500 LOW VOLATILITY 50; NIFTY500 MULTICAP 50:25:25; NIFTY500 SHARIAH,-,NSE quote API secInfo,0.9,
nifty_500_shariah,TBOTEK,TBO Tek Ltd.,TBOTEK,TBO Tek Limited,exact_symbol_match,INE673O01025,Listed,Consumer Discretionary,Consumer Services,Leisure Services,Tour Travel Related Services,Nifty 500,NIFTY 500; NIFTY INDIA DIGITAL; NIFTY INDIA INTERNET; NIFTY INDIA TOURISM; NIFTY MIDSMALLCAP 400; NIFTY MIDSMALLCAP400 50:50; NIFTY SMALLCAP 250; NIFTY SMALLCAP 500; NIFTY TOTAL MARKET; NIFTY500 EQUAL WEIGHT; NIFTY500 LARGEMIDSMALL EQUAL-CAP WEIGHTED; NIFTY500 MULTICAP 50:25:25; NIFTY500 SHARIAH,-,NSE quote API secInfo,0.9,
nifty_50_shariah,TCS,TATA CONSULTANCY SERVICES LTD.,TCS,Tata Consultancy Services Limited,exact_symbol_match,INE467B01029,Listed,Information Technology,Information Technology,IT - Software,Computers - Software & Consulting,Nifty 50,NIFTY 50; NIFTY 100; NIFTY 200; NIFTY 500; NIFTY ALPHA QUALITY LOW-VOLATILITY 30; NIFTY ALPHA QUALITY VALUE LOW-VOLATILITY 30; NIFTY CONGLOMERATE 50; NIFTY DIVIDEND OPPORTUNITIES 50; NIFTY GROWTH SECTORS 15; NIFTY INDIA CORPORATE GROUP INDEX - TATA GROUP; NIFTY INDIA CORPORATE GROUP INDEX - TATA GROUP 25% CAP; NIFTY INDIA DIGITAL; NIFTY INDIA FPI 150; NIFTY INDIA SELECT 5 CORPORATE GROUPS (MAATR); NIFTY IT; NIFTY LARGEMIDCAP 250; NIFTY LOW VOLATILITY 50; NIFTY QUALITY LOW-VOLATILITY 30; NIFTY SERVICES SECTOR; NIFTY SHARIAH 25; NIFTY TOP 10 EQUAL WEIGHT; NIFTY TOP 15 EQUAL WEIGHT; NIFTY TOP 20 EQUAL WEIGHT; NIFTY TOTAL MARKET; NIFTY100 ENHANCED ESG; NIFTY100 EQUAL WEIGHT; NIFTY100 ESG; NIFTY100 ESG SECTOR LEADERS; NIFTY100 LOW VOLATILITY 30; NIFTY100 QUALITY 30; NIFTY200 QUALITY 30; NIFTY50 EQUAL WEIGHT; NIFTY50 SHARIAH; NIFTY50 VALUE 20; NIFTY500 EQUAL WEIGHT; NIFTY500 FLEXICAP QUALITY 30; NIFTY500 LARGEMIDSMALL EQUAL-CAP WEIGHTED; NIFTY500 LOW VOLATILITY 50; NIFTY500 MULTICAP 50:25:25; NIFTY500 MULTIFACTOR MQVLV 50; NIFTY500 QUALITY 50; NIFTY500 SHARIAH,NIFTY IT,NSE quote API secInfo,0.9,
nifty_50_shariah,TECHM,TECH MAHINDRA LTD.,TECHM,Tech Mahindra Limited,exact_symbol_match,INE669C01036,Listed,Information Technology,Information Technology,IT - Software,Computers - Software & Consulting,Nifty 50,NIFTY 50; NIFTY 100; NIFTY 200; NIFTY 500; NIFTY ALPHA QUALITY VALUE LOW-VOLATILITY 30; NIFTY CONGLOMERATE 50; NIFTY DIVIDEND OPPORTUNITIES 50; NIFTY GROWTH SECTORS 15; NIFTY INDIA CORPORATE GROUP INDEX - MAHINDRA GROUP; NIFTY INDIA DIGITAL; NIFTY INDIA FPI 150; NIFTY INDIA SELECT 5 CORPORATE GROUPS (MAATR); NIFTY IT; NIFTY LARGEMIDCAP 250; NIFTY LOW VOLATILITY 50; NIFTY SERVICES SECTOR; NIFTY SHARIAH 25; NIFTY TOTAL MARKET; NIFTY100 ENHANCED ESG; NIFTY100 EQUAL WEIGHT; NIFTY100 ESG; NIFTY100 ESG SECTOR LEADERS; NIFTY100 QUALITY 30; NIFTY50 EQUAL WEIGHT; NIFTY50 SHARIAH; NIFTY50 VALUE 20; NIFTY500 EQUAL WEIGHT; NIFTY500 FLEXICAP QUALITY 30; NIFTY500 LARGEMIDSMALL EQUAL-CAP WEIGHTED; NIFTY500 LOW VOLATILITY 50; NIFTY500 MULTICAP 50:25:25; NIFTY500 SHARIAH,NIFTY IT,NSE quote API secInfo,0.9,
ind_nifty500,TECHNOE,Techno Electric & Engineering Company Ltd.,TECHNOE,Techno Electric & Engineering Company Limited,exact_symbol_match,INE285K01026,Listed,Industrials,Construction,Construction,Civil Construction,Nifty 500,NIFTY 500; NIFTY CONSTRUCTION; NIFTY INDIA INFRASTRUCTURE & LOGISTICS; NIFTY MIDSMALLCAP 400; NIFTY MIDSMALLCAP400 50:50; NIFTY SMALLCAP 250; NIFTY SMALLCAP 500; NIFTY SMALLCAP250 MOMENTUM QUALITY 100; NIFTY TOTAL MARKET; NIFTY500 EQUAL WEIGHT; NIFTY500 LARGEMIDSMALL EQUAL-CAP WEIGHTED; NIFTY500 MULTICAP 50:25:25,NIFTY INFRASTRUCTURE,NSE quote API secInfo,0.9,
nifty_500_shariah,TEGA,Tega Industries Ltd.,TEGA,Tega Industries Limited,exact_symbol_match,INE011K01018,Listed,Industrials,Capital Goods,Industrial Manufacturing,Industrial Products,Nifty 500,NIFTY 500; NIFTY MIDSMALLCAP 400; NIFTY MIDSMALLCAP400 50:50; NIFTY SMALLCAP 250; NIFTY SMALLCAP 500; NIFTY TOTAL MARKET; NIFTY500 EQUAL WEIGHT; NIFTY500 LARGEMIDSMALL EQUAL-CAP WEIGHTED; NIFTY500 MULTICAP 50:25:25; NIFTY500 SHARIAH,-,NSE quote API secInfo,0.9,
ind_nifty500,TEJASNET,Tejas Networks Ltd.,TEJASNET,Tejas Networks Limited,exact_symbol_match,INE010J01012,Listed,Telecommunication,Telecommunication,Telecom - Equipment & Accessories,Telecom - Equipment & Accessories,Nifty 500,NIFTY 500; NIFTY INDIA CORPORATE GROUP INDEX - TATA GROUP; NIFTY INDIA DIGITAL; NIFTY INDIA INFRASTRUCTURE & LOGISTICS; NIFTY INDIA SELECT 5 CORPORATE GROUPS (MAATR); NIFTY MIDSMALLCAP 400; NIFTY MIDSMALLCAP400 50:50; NIFTY SMALLCAP 250; NIFTY SMALLCAP 500; NIFTY TELECOMMUNICATIONS; NIFTY TOTAL MARKET; NIFTY500 EQUAL WEIGHT; NIFTY500 LARGEMIDSMALL EQUAL-CAP WEIGHTED; NIFTY500 MULTICAP 50:25:25,-,NSE quote API secInfo,0.9,
nifty_500_shariah,TENNIND,Tenneco Clean Air India Ltd.,TENNIND,Tenneco Clean Air India Limited,exact_symbol_match,INE19RI01016,Listed,Consumer Discretionary,Automobile and Auto Components,Auto Components,Auto Components & Equipments,Nifty 500,NIFTY 500; NIFTY IPO; NIFTY MIDSMALLCAP 400; NIFTY MIDSMALLCAP400 50:50; NIFTY SMALLCAP 100; NIFTY SMALLCAP 250; NIFTY SMALLCAP 500; NIFTY TOTAL MARKET; NIFTY500 EQUAL WEIGHT; NIFTY500 LARGEMIDSMALL EQUAL-CAP WEIGHTED; NIFTY500 MULTICAP 50:25:25; NIFTY500 SHARIAH,-,NSE quote API secInfo,0.9,
ind_nifty500,THELEELA,Leela Palaces Hotels & Resorts Ltd.,THELEELA,Leela Palaces Hotels & Resorts Limited,exact_symbol_match,INE0AQ201015,Listed,Consumer Discretionary,Consumer Services,Leisure Services,Hotels & Resorts,Nifty 500,NIFTY 500; NIFTY CONSUMER SERVICES; NIFTY INDIA TOURISM; NIFTY IPO; NIFTY MIDSMALLCAP 400; NIFTY MIDSMALLCAP400 50:50; NIFTY SMALLCAP 250; NIFTY SMALLCAP 500; NIFTY TOTAL MARKET; NIFTY500 EQUAL WEIGHT; NIFTY500 LARGEMIDSMALL EQUAL-CAP WEIGHTED; NIFTY500 MULTICAP 50:25:25,-,NSE quote API secInfo,0.9,
nifty_500_shariah,THERMAX,Thermax Ltd.,THERMAX,Thermax Limited,exact_symbol_match,INE152A01029,Listed,Industrials,Capital Goods,Electrical Equipment,Heavy Electrical Equipment,Nifty 500,NIFTY 500; NIFTY ENERGY; NIFTY INDIA INFRASTRUCTURE & LOGISTICS; NIFTY LARGEMIDCAP 250; NIFTY MIDCAP 150; NIFTY MIDSMALLCAP 400; NIFTY MIDSMALLCAP400 50:50; NIFTY TOTAL MARKET; NIFTY500 EQUAL WEIGHT; NIFTY500 LARGEMIDSMALL EQUAL-CAP WEIGHTED; NIFTY500 MULTICAP 50:25:25; NIFTY500 SHARIAH,NIFTY INFRASTRUCTURE,NSE quote API secInfo,0.9,
ind_nifty500,TIINDIA,Tube Investments of India Ltd.,TIINDIA,Tube Investments of India Limited,exact_symbol_match,INE974X01010,Listed,Consumer Discretionary,Automobile and Auto Components,Auto Components,Auto Components & Equipments,Nifty Midcap 50,NIFTY MIDCAP 50; NIFTY 200; NIFTY 500; NIFTY AUTO; NIFTY CONGLOMERATE 50; NIFTY EV & NEW AGE AUTOMOTIVE; NIFTY INDIA FPI 150; NIFTY INDIA MANUFACTURING; NIFTY LARGEMIDCAP 250; NIFTY MIDCAP 100; NIFTY MIDCAP 150; NIFTY MIDCAP150 QUALITY 50; NIFTY MIDSMALLCAP 400; NIFTY MIDSMALLCAP400 50:50; NIFTY MOBILITY; NIFTY TOTAL MARKET; NIFTY TRANSPORTATION & LOGISTICS; NIFTY500 EQUAL WEIGHT; NIFTY500 FLEXICAP QUALITY 30; NIFTY500 LARGEMIDSMALL EQUAL-CAP WEIGHTED; NIFTY500 MULTICAP 50:25:25; NIFTY500 MULTICAP INDIA MANUFACTURING 50:30:20; NIFTY500 MULTICAP INFRASTRUCTURE 50:30:20; NIFTY500 SHARIAH,NIFTY 500,NSE quote API secInfo,0.9,
nifty_500_shariah,TIMKEN,Timken India Ltd.,TIMKEN,Timken India Limited,exact_symbol_match,INE325A01013,Listed,Industrials,Capital Goods,Industrial Products,Abrasives & Bearings,Nifty 500,NIFTY 500; NIFTY MIDSMALLCAP 400; NIFTY MIDSMALLCAP400 50:50; NIFTY MNC; NIFTY SMALLCAP 250; NIFTY SMALLCAP 500; NIFTY SMALLCAP250 QUALITY 50; NIFTY TOTAL MARKET; NIFTY500 EQUAL WEIGHT; NIFTY500 FLEXICAP QUALITY 30; NIFTY500 LARGEMIDSMALL EQUAL-CAP WEIGHTED; NIFTY500 MULTICAP 50:25:25; NIFTY500 MULTICAP INDIA MANUFACTURING 50:30:20; NIFTY500 SHARIAH,NIFTY INFRASTRUCTURE,NSE quote API secInfo,0.9,
ind_nifty500,TITAGARH,Titagarh Rail Systems Ltd.,TITAGARH,TITAGARH RAIL SYSTEMS LIMITED,exact_symbol_match,INE615H01020,Listed,Industrials,Capital Goods,Industrial Manufacturing,Railway Wagons,Nifty 500,NIFTY 500; NIFTY CAPITAL GOODS; NIFTY INDIA INFRASTRUCTURE & LOGISTICS; NIFTY MIDSMALLCAP 400; NIFTY MIDSMALLCAP400 50:50; NIFTY SMALLCAP 250; NIFTY SMALLCAP 500; NIFTY SMALLCAP250 MOMENTUM QUALITY 100; NIFTY TOTAL MARKET; NIFTY500 EQUAL WEIGHT; NIFTY500 LARGEMIDSMALL EQUAL-CAP WEIGHTED; NIFTY500 MULTICAP 50:25:25; NIFTY500 MULTICAP INFRASTRUCTURE 50:30:20; NIFTY500 SHARIAH,-,NSE quote API secInfo,0.9,
ind_nifty500,TITAN,Titan Company Ltd.,TITAN,Titan Company Limited,exact_symbol_match,INE280A01028,Listed,Consumer Discretionary,Consumer Durables,Consumer Durables,Gems Jewellery And Watches,Nifty 50,NIFTY 50; NIFTY 100; NIFTY 200; NIFTY 500; NIFTY ALPHA LOW-VOLATILITY 30; NIFTY CONGLOMERATE 50; NIFTY CONSUMER DURABLES; NIFTY GROWTH SECTORS 15; NIFTY INDIA CONSUMPTION; NIFTY INDIA CORPORATE GROUP INDEX - TATA GROUP; NIFTY INDIA CORPORATE GROUP INDEX - TATA GROUP 25% CAP; NIFTY INDIA FPI 150; NIFTY INDIA NEW AGE CONSUMPTION; NIFTY INDIA SELECT 5 CORPORATE GROUPS (MAATR); NIFTY LARGEMIDCAP 250; NIFTY LOW VOLATILITY 50; NIFTY NON-CYCLICAL CONSUMER; NIFTY TOP 20 EQUAL WEIGHT; NIFTY TOTAL MARKET; NIFTY100 ALPHA 30; NIFTY100 ENHANCED ESG; NIFTY100 EQUAL WEIGHT; NIFTY100 ESG; NIFTY100 ESG SECTOR LEADERS; NIFTY100 LOW VOLATILITY 30; NIFTY50 EQUAL WEIGHT; NIFTY500 EQUAL WEIGHT; NIFTY500 LARGEMIDSMALL EQUAL-CAP WEIGHTED; NIFTY500 MULTICAP 50:25:25,NIFTY 500,NSE quote API secInfo,0.9,
ind_nifty500,TMCV,Tata Motors Ltd.,TMCV,Tata Motors Limited,exact_symbol_match,INE1TAE01010,Listed,Industrials,Capital Goods,Agricultural Commercial & Construction Vehicles,Commercial Vehicles,Nifty Next 50,NIFTY NEXT 50; NIFTY 100; NIFTY 200; NIFTY 500; NIFTY CAPITAL GOODS; NIFTY CONGLOMERATE 50; NIFTY EV & NEW AGE AUTOMOTIVE; NIFTY INDIA CORPORATE GROUP INDEX - TATA GROUP; NIFTY INDIA CORPORATE GROUP INDEX - TATA GROUP 25% CAP; NIFTY INDIA INFRASTRUCTURE & LOGISTICS; NIFTY INDIA MANUFACTURING; NIFTY INDIA SELECT 5 CORPORATE GROUPS (MAATR); NIFTY LARGEMIDCAP 250; NIFTY MOBILITY; NIFTY RURAL; NIFTY TOTAL MARKET; NIFTY TRANSPORTATION & LOGISTICS; NIFTY100 EQUAL WEIGHT; NIFTY500 EQUAL WEIGHT; NIFTY500 LARGEMIDSMALL EQUAL-CAP WEIGHTED; NIFTY500 MULTICAP 50:25:25,-,NSE quote API secInfo,0.9,
nifty_50_shariah,TMPV,Tata Motors Passenger Vehicles Limited,TMPV,Tata Motors Passenger Vehicles Limited,exact_symbol_match,INE155A01022,Listed,Consumer Discretionary,Automobile and Auto Components,Automobiles,Passenger Cars & Utility Vehicles,Nifty 50,NIFTY 50; NIFTY 100; NIFTY 200; NIFTY 500; NIFTY AUTO; NIFTY EV & NEW AGE AUTOMOTIVE; NIFTY INDIA CORPORATE GROUP INDEX - TATA GROUP; NIFTY INDIA CORPORATE GROUP INDEX - TATA GROUP 25% CAP; NIFTY INDIA FPI 150; NIFTY INDIA MANUFACTURING; NIFTY INDIA NEW AGE CONSUMPTION; NIFTY INDIA SELECT 5 CORPORATE GROUPS (MAATR); NIFTY LARGEMIDCAP 250; NIFTY MOBILITY; NIFTY RURAL; NIFTY TOTAL MARKET; NIFTY TRANSPORTATION & LOGISTICS; NIFTY100 EQUAL WEIGHT; NIFTY100 LIQUID 15; NIFTY200 VALUE 30; NIFTY50 EQUAL WEIGHT; NIFTY50 SHARIAH; NIFTY50 VALUE 20; NIFTY500 EQUAL WEIGHT; NIFTY500 LARGEMIDSMALL EQUAL-CAP WEIGHTED; NIFTY500 MULTICAP 50:25:25; NIFTY500 MULTICAP INDIA MANUFACTURING 50:30:20; NIFTY500 SHARIAH; NIFTY500 VALUE 50,-,NSE quote API secInfo,0.9,
ind_nifty500,TORNTPHARM,Torrent Pharmaceuticals Ltd.,TORNTPHARM,Torrent Pharmaceuticals Limited,exact_symbol_match,INE685A01028,Listed,Healthcare,Healthcare,Pharmaceuticals & Biotechnology,Pharmaceuticals,Nifty Next 50,NIFTY NEXT 50; NIFTY 100; NIFTY 200; NIFTY 500; NIFTY ALPHA LOW-VOLATILITY 30; NIFTY ALPHA QUALITY LOW-VOLATILITY 30; NIFTY HEALTHCARE INDEX; NIFTY INDIA FPI 150; NIFTY INDIA MANUFACTURING; NIFTY LARGEMIDCAP 250; NIFTY LOW VOLATILITY 50; NIFTY PHARMA; NIFTY TOTAL MARKET; NIFTY TOTAL MARKET MOMENTUM QUALITY 50; NIFTY100 ALPHA 30; NIFTY100 ENHANCED ESG; NIFTY100 EQUAL WEIGHT; NIFTY100 ESG; NIFTY100 ESG SECTOR LEADERS; NIFTY100 LOW VOLATILITY 30; NIFTY500 EQUAL WEIGHT; NIFTY500 HEALTHCARE; NIFTY500 LARGEMIDSMALL EQUAL-CAP WEIGHTED; NIFTY500 LOW VOLATILITY 50; NIFTY500 MULTICAP 50:25:25; NIFTY500 MULTIFACTOR MQVLV 50; NIFTY500 SHARIAH,NIFTY PHARMA,NSE quote API secInfo,0.9,
ind_nifty500,TORNTPOWER,Torrent Power Ltd.,TORNTPOWER,Torrent Power Limited,exact_symbol_match,INE813H01021,Listed,Utilities,Power,Power,Integrated Power Utilities,Nifty 500,NIFTY 500; NIFTY COMMODITIES; NIFTY ENERGY; NIFTY HOUSING; NIFTY INDIA FPI 150; NIFTY INDIA INFRASTRUCTURE & LOGISTICS; NIFTY LARGEMIDCAP 250; NIFTY MIDCAP 150; NIFTY MIDSMALL INDIA CONSUMPTION; NIFTY MIDSMALLCAP 400; NIFTY MIDSMALLCAP400 50:50; NIFTY POWER; NIFTY RURAL; NIFTY TOTAL MARKET; NIFTY500 EQUAL WEIGHT; NIFTY500 LARGEMIDSMALL EQUAL-CAP WEIGHTED; NIFTY500 MULTICAP 50:25:25; NIFTY500 MULTICAP INFRASTRUCTURE 50:30:20; NIFTY500 SHARIAH,NIFTY INFRASTRUCTURE,NSE quote API secInfo,0.9,
ind_nifty500,TRAVELFOOD,Travel Food Services Ltd.,TRAVELFOOD,Travel Food Services Limited,exact_symbol_match,INE103V01028,Listed,Consumer Discretionary,Consumer Services,Leisure Services,Restaurants,Nifty 500,NIFTY 500; NIFTY CONSUMER SERVICES; NIFTY INDIA TOURISM; NIFTY IPO; NIFTY MIDSMALLCAP 400; NIFTY MIDSMALLCAP400 50:50; NIFTY SMALLCAP 250; NIFTY SMALLCAP 500; NIFTY TOTAL MARKET; NIFTY500 EQUAL WEIGHT; NIFTY500 LARGEMIDSMALL EQUAL-CAP WEIGHTED; NIFTY500 MULTICAP 50:25:25,-,NSE quote API secInfo,0.9,
nifty_50_shariah,TRENT,TRENT LTD.,TRENT,Trent Limited,exact_symbol_match,INE849A01020,Listed,Consumer Discretionary,Consumer Services,Retailing,Speciality Retail,Nifty 50,NIFTY 50; NIFTY 100; NIFTY 200; NIFTY 500; NIFTY CONGLOMERATE 50; NIFTY INDIA CONSUMPTION; NIFTY INDIA CORPORATE GROUP INDEX - TATA GROUP; NIFTY INDIA CORPORATE GROUP INDEX - TATA GROUP 25% CAP; NIFTY INDIA FPI 150; NIFTY INDIA NEW AGE CONSUMPTION; NIFTY INDIA SELECT 5 CORPORATE GROUPS (MAATR); NIFTY LARGEMIDCAP 250; NIFTY NON-CYCLICAL CONSUMER; NIFTY TOTAL MARKET; NIFTY100 ENHANCED ESG; NIFTY100 EQUAL WEIGHT; NIFTY100 ESG; NIFTY100 ESG SECTOR LEADERS; NIFTY100 LIQUID 15; NIFTY50 EQUAL WEIGHT; NIFTY50 SHARIAH; NIFTY500 EQUAL WEIGHT; NIFTY500 LARGEMIDSMALL EQUAL-CAP WEIGHTED; NIFTY500 MULTICAP 50:25:25; NIFTY500 SHARIAH,NIFTY 500,NSE quote API secInfo,0.9,
nifty_500_shariah,TRIDENT,Trident Ltd.,TRIDENT,Trident Limited,exact_symbol_match,INE064C01022,Listed,Consumer Discretionary,Textiles,Textiles & Apparels,Other Textile Products,Nifty 500,NIFTY 500; NIFTY MIDSMALLCAP 400; NIFTY MIDSMALLCAP400 50:50; NIFTY SMALLCAP 250; NIFTY SMALLCAP 500; NIFTY TOTAL MARKET; NIFTY500 EQUAL WEIGHT; NIFTY500 LARGEMIDSMALL EQUAL-CAP WEIGHTED; NIFTY500 MULTICAP 50:25:25; NIFTY500 SHARIAH,NIFTY 500,NSE quote API secInfo,0.9,
ind_nifty500,TRITURBINE,Triveni Turbine Ltd.,TRITURBINE,Triveni Turbine Limited,exact_symbol_match,INE152M01016,Listed,Industrials,Capital Goods,Electrical Equipment,Heavy Electrical Equipment,Nifty 500,NIFTY 500; NIFTY CAPITAL GOODS; NIFTY INDIA INFRASTRUCTURE & LOGISTICS; NIFTY MIDSMALLCAP 400; NIFTY MIDSMALLCAP400 50:50; NIFTY MIDSMALLCAP400 MOMENTUM QUALITY 100; NIFTY SMALLCAP 100; NIFTY SMALLCAP 250; NIFTY SMALLCAP 500; NIFTY SMALLCAP250 MOMENTUM QUALITY 100; NIFTY SMALLCAP250 QUALITY 50; NIFTY TOTAL MARKET; NIFTY500 EQUAL WEIGHT; NIFTY500 LARGEMIDSMALL EQUAL-CAP WEIGHTED; NIFTY500 MULTICAP 50:25:25; NIFTY500 QUALITY 50,NIFTY INFRASTRUCTURE,NSE quote API secInfo,0.9,
ind_nifty500,TTML,Tata Teleservices (Maharashtra) Ltd.,TTML,Tata Teleservices (Maharashtra) Limited,exact_symbol_match,INE517B01013,Listed,Telecommunication,Telecommunication,Telecom - Services,Telecom - Cellular & Fixed line services,Nifty 500,NIFTY 500; NIFTY INDIA CORPORATE GROUP INDEX - TATA GROUP; NIFTY INDIA DIGITAL; NIFTY INDIA SELECT 5 CORPORATE GROUPS (MAATR); NIFTY MIDSMALLCAP 400; NIFTY MIDSMALLCAP400 50:50; NIFTY SMALLCAP 250; NIFTY SMALLCAP 500; NIFTY TELECOMMUNICATIONS; NIFTY TOTAL MARKET; NIFTY500 EQUAL WEIGHT; NIFTY500 LARGEMIDSMALL EQUAL-CAP WEIGHTED; NIFTY500 MULTICAP 50:25:25,-,NSE quote API secInfo,0.9,
ind_nifty500,TVSMOTOR,TVS Motor Company Ltd.,TVSMOTOR,TVS Motor Company Limited,exact_symbol_match,INE494B01023,Listed,Consumer Discretionary,Automobile and Auto Components,Automobiles,2/3 Wheelers,Nifty Next 50,NIFTY NEXT 50; NIFTY 100; NIFTY 200; NIFTY 500; NIFTY ALPHA 50; NIFTY ALPHA LOW-VOLATILITY 30; NIFTY AUTO; NIFTY EV & NEW AGE AUTOMOTIVE; NIFTY GROWTH SECTORS 15; NIFTY INDIA CONSUMPTION; NIFTY INDIA FPI 150; NIFTY INDIA MANUFACTURING; NIFTY INDIA NEW AGE CONSUMPTION; NIFTY LARGEMIDCAP 250; NIFTY MOBILITY; NIFTY RURAL; NIFTY TOTAL MARKET; NIFTY TRANSPORTATION & LOGISTICS; NIFTY100 ALPHA 30; NIFTY100 ENHANCED ESG; NIFTY100 EQUAL WEIGHT; NIFTY100 ESG; NIFTY100 ESG SECTOR LEADERS; NIFTY200 ALPHA 30; NIFTY200 MOMENTUM 30; NIFTY500 EQUAL WEIGHT; NIFTY500 LARGEMIDSMALL EQUAL-CAP WEIGHTED; NIFTY500 LOW VOLATILITY 50; NIFTY500 MOMENTUM 50; NIFTY500 MULTICAP 50:25:25,NIFTY AUTO,NSE quote API secInfo,0.9,
ind_nifty500,UBL,United Breweries Ltd.,UBL,United Breweries Limited,exact_symbol_match,INE686F01025,Listed,Fast Moving Consumer Goods,Fast Moving Consumer Goods,Beverages,Breweries & Distilleries,Nifty 500,NIFTY 500; NIFTY FMCG; NIFTY LARGEMIDCAP 250; NIFTY MIDCAP 150; NIFTY MIDSMALLCAP 400; NIFTY MIDSMALLCAP400 50:50; NIFTY MNC; NIFTY TOTAL MARKET; NIFTY500 EQUAL WEIGHT; NIFTY500 LARGEMIDSMALL EQUAL-CAP WEIGHTED; NIFTY500 MULTICAP 50:25:25,NIFTY 500,NSE quote API secInfo,0.9,
ind_nifty500,UCOBANK,UCO Bank,UCOBANK,UCO Bank,exact_symbol_match,INE691A01018,Listed,Financial Services,Financial Services,Banks,Public Sector Bank,Nifty 500,NIFTY 500; NIFTY MIDSMALLCAP 400; NIFTY MIDSMALLCAP400 50:50; NIFTY PSU BANK; NIFTY SMALLCAP 250; NIFTY SMALLCAP 500; NIFTY TOTAL MARKET; NIFTY500 EQUAL WEIGHT; NIFTY500 LARGEMIDSMALL EQUAL-CAP WEIGHTED; NIFTY500 MULTICAP 50:25:25,NIFTY BANK,NSE quote API secInfo,0.9,
nifty_50_shariah,ULTRACEMCO,ULTRATECH CEMENT LTD.,ULTRACEMCO,UltraTech Cement Limited,exact_symbol_match,INE481G01011,Listed,Commodities,Construction Materials,Cement & Cement Products,Cement & Cement Products,Nifty 50,NIFTY 50; NIFTY 100; NIFTY 200; NIFTY 500; NIFTY ALPHA LOW-VOLATILITY 30; NIFTY CEMENT; NIFTY COMMODITIES; NIFTY CONGLOMERATE 50; NIFTY CORE HOUSING; NIFTY HOUSING; NIFTY INDIA CORPORATE GROUP INDEX - ADITYA BIRLA GROUP; NIFTY INDIA FPI 150; NIFTY INDIA INFRASTRUCTURE & LOGISTICS; NIFTY INDIA SELECT 5 CORPORATE GROUPS (MAATR); NIFTY INFRASTRUCTURE; NIFTY LARGEMIDCAP 250; NIFTY LOW VOLATILITY 50; NIFTY RURAL; NIFTY SHARIAH 25; NIFTY TOTAL MARKET; NIFTY100 ENHANCED ESG; NIFTY100 EQUAL WEIGHT; NIFTY100 ESG; NIFTY100 ESG SECTOR LEADERS; NIFTY100 LOW VOLATILITY 30; NIFTY50 EQUAL WEIGHT; NIFTY50 SHARIAH; NIFTY500 EQUAL WEIGHT; NIFTY500 LARGEMIDSMALL EQUAL-CAP WEIGHTED; NIFTY500 MULTICAP 50:25:25; NIFTY500 MULTICAP INFRASTRUCTURE 50:30:20; NIFTY500 SHARIAH,NIFTY COMMODITIES,NSE quote API secInfo,0.9,
ind_nifty500,UNIONBANK,Union Bank of India,UNIONBANK,Union Bank of India,exact_symbol_match,INE692A01016,Listed,Financial Services,Financial Services,Banks,Public Sector Bank,Nifty Bank,NIFTY BANK; NIFTY NEXT 50; NIFTY 100; NIFTY 200; NIFTY 500; NIFTY ALPHA 50; NIFTY DIVIDEND OPPORTUNITIES 50; NIFTY HOUSING; NIFTY LARGEMIDCAP 250; NIFTY PSU BANK; NIFTY TOTAL MARKET; NIFTY100 ALPHA 30; NIFTY100 EQUAL WEIGHT; NIFTY200 ALPHA 30; NIFTY200 VALUE 30; NIFTY500 EQUAL WEIGHT; NIFTY500 LARGEMIDSMALL EQUAL-CAP WEIGHTED; NIFTY500 MULTICAP 50:25:25; NIFTY500 MULTIFACTOR MQVLV 50; NIFTY500 VALUE 50,NIFTY BANK,NSE quote API secInfo,0.9,
ind_nifty500,UNITDSPR,United Spirits Ltd.,UNITDSPR,United Spirits Limited,exact_symbol_match,INE854D01024,Listed,Fast Moving Consumer Goods,Fast Moving Consumer Goods,Beverages,Breweries & Distilleries,Nifty Next 50,NIFTY NEXT 50; NIFTY 100; NIFTY 200; NIFTY 500; NIFTY ALPHA QUALITY LOW-VOLATILITY 30; NIFTY FMCG; NIFTY INDIA CONSUMPTION; NIFTY INDIA FPI 150; NIFTY LARGEMIDCAP 250; NIFTY LOW VOLATILITY 50; NIFTY MNC; NIFTY NON-CYCLICAL CONSUMER; NIFTY QUALITY LOW-VOLATILITY 30; NIFTY TOTAL MARKET; NIFTY100 EQUAL WEIGHT; NIFTY100 QUALITY 30; NIFTY500 EQUAL WEIGHT; NIFTY500 LARGEMIDSMALL EQUAL-CAP WEIGHTED; NIFTY500 LOW VOLATILITY 50; NIFTY500 MULTICAP 50:25:25,-,NSE quote API secInfo,0.9,
nifty_500_shariah,UNOMINDA,UNO Minda Ltd.,UNOMINDA,UNO Minda Limited,exact_symbol_match,INE405E01023,Listed,Consumer Discretionary,Automobile and Auto Components,Auto Components,Auto Components & Equipments,Nifty 500,NIFTY 500; NIFTY AUTO; NIFTY EV & NEW AGE AUTOMOTIVE; NIFTY INDIA MANUFACTURING; NIFTY LARGEMIDCAP 250; NIFTY MIDCAP 150; NIFTY MIDCAP150 MOMENTUM 50; NIFTY MIDSMALLCAP 400; NIFTY MIDSMALLCAP400 50:50; NIFTY MIDSMALLCAP400 MOMENTUM QUALITY 100; NIFTY TOTAL MARKET; NIFTY TRANSPORTATION & LOGISTICS; NIFTY500 EQUAL WEIGHT; NIFTY500 LARGEMIDSMALL EQUAL-CAP WEIGHTED; NIFTY500 MULTICAP 50:25:25; NIFTY500 MULTICAP INFRASTRUCTURE 50:30:20; NIFTY500 SHARIAH,-,NSE quote API secInfo,0.9,
ind_nifty500,UPL,UPL Ltd.,UPL,UPL Limited,exact_symbol_match,INE628A01036,Listed,Commodities,Chemicals,Fertilizers & Agrochemicals,Pesticides & Agrochemicals,Nifty Midcap 50,NIFTY MIDCAP 50; NIFTY 200; NIFTY 500; NIFTY CHEMICALS; NIFTY COMMODITIES; NIFTY INDIA FPI 150; NIFTY INDIA MANUFACTURING; NIFTY LARGEMIDCAP 250; NIFTY MIDCAP 100; NIFTY MIDCAP 150; NIFTY MIDCAP150 MOMENTUM 50; NIFTY MIDSMALLCAP 400; NIFTY MIDSMALLCAP400 50:50; NIFTY RURAL; NIFTY TOTAL MARKET; NIFTY200 MOMENTUM 30; NIFTY200 VALUE 30; NIFTY500 EQUAL WEIGHT; NIFTY500 LARGEMIDSMALL EQUAL-CAP WEIGHTED; NIFTY500 MOMENTUM 50; NIFTY500 MULTICAP 50:25:25; NIFTY500 MULTICAP INDIA MANUFACTURING 50:30:20; NIFTY500 VALUE 50,NIFTY 500,NSE quote API secInfo,0.9,
ind_nifty500,URBANCO,Urban Company Ltd.,URBANCO,Urban Company Limited,exact_symbol_match,INE0CAZ01013,Listed,Consumer Discretionary,Consumer Services,Retailing,E-Retail/ E-Commerce,Nifty 500,NIFTY 500; NIFTY CONSUMER SERVICES; NIFTY INDIA DIGITAL; NIFTY INDIA INTERNET; NIFTY IPO; NIFTY MIDSMALLCAP 400; NIFTY MIDSMALLCAP400 50:50; NIFTY RETAIL; NIFTY SMALLCAP 100; NIFTY SMALLCAP 250; NIFTY SMALLCAP 500; NIFTY TOTAL MARKET; NIFTY500 EQUAL WEIGHT; NIFTY500 LARGEMIDSMALL EQUAL-CAP WEIGHTED; NIFTY500 MULTICAP 50:25:25,-,NSE quote API secInfo,0.9,
nifty_500_shariah,USHAMART,Usha Martin Ltd.,USHAMART,Usha Martin Limited,exact_symbol_match,INE228A01035,Listed,Industrials,Capital Goods,Industrial Products,Iron & Steel Products,Nifty 500,NIFTY 500; NIFTY MIDSMALLCAP 400; NIFTY MIDSMALLCAP400 50:50; NIFTY MIDSMALLCAP400 MOMENTUM QUALITY 100; NIFTY SMALLCAP 250; NIFTY SMALLCAP 500; NIFTY SMALLCAP250 MOMENTUM QUALITY 100; NIFTY TOTAL MARKET; NIFTY500 EQUAL WEIGHT; NIFTY500 LARGEMIDSMALL EQUAL-CAP WEIGHTED; NIFTY500 MULTICAP 50:25:25; NIFTY500 MULTICAP MOMENTUM QUALITY 50; NIFTY500 SHARIAH,NIFTY METAL,NSE quote API secInfo,0.9,
ind_nifty500,UTIAMC,UTI Asset Management Company Ltd.,UTIAMC,UTI Asset Management Company Limited,exact_symbol_match,INE094J01016,Listed,Financial Services,Financial Services,Capital Markets,Asset Management Company,Nifty 500,NIFTY 500; NIFTY CAPITAL MARKETS; NIFTY MIDSMALLCAP 400; NIFTY MIDSMALLCAP400 50:50; NIFTY MIDSMALLCAP400 MOMENTUM QUALITY 100; NIFTY SMALLCAP 250; NIFTY SMALLCAP 500; NIFTY SMALLCAP250 MOMENTUM QUALITY 100; NIFTY SMALLCAP250 QUALITY 50; NIFTY TOTAL MARKET; NIFTY500 EQUAL WEIGHT; NIFTY500 LARGEMIDSMALL EQUAL-CAP WEIGHTED; NIFTY500 MULTICAP 50:25:25,-,NSE quote API secInfo,0.9,
ind_nifty500,VBL,Varun Beverages Ltd.,VBL,Varun Beverages Limited,exact_symbol_match,INE200M01039,Listed,Fast Moving Consumer Goods,Fast Moving Consumer Goods,Beverages,Other Beverages,Nifty Next 50,NIFTY NEXT 50; NIFTY 100; NIFTY 200; NIFTY 500; NIFTY FMCG; NIFTY INDIA CONSUMPTION; NIFTY INDIA FPI 150; NIFTY LARGEMIDCAP 250; NIFTY NON-CYCLICAL CONSUMER; NIFTY TOTAL MARKET; NIFTY100 ENHANCED ESG; NIFTY100 EQUAL WEIGHT; NIFTY100 ESG; NIFTY100 QUALITY 30; NIFTY500 EQUAL WEIGHT; NIFTY500 LARGEMIDSMALL EQUAL-CAP WEIGHTED; NIFTY500 MULTICAP 50:25:25,NIFTY FMCG,NSE quote API secInfo,0.9,
nifty_500_shariah,VMM,Vishal Mega Mart Ltd.,VMM,Vishal Mega Mart Limited,exact_symbol_match,INE01EA01019,Listed,Consumer Discretionary,Consumer Services,Retailing,Diversified Retail,Nifty 200,NIFTY 200; NIFTY 500; NIFTY INDIA FPI 150; NIFTY INDIA NEW AGE CONSUMPTION; NIFTY LARGEMIDCAP 250; NIFTY MIDCAP 100; NIFTY MIDCAP 150; NIFTY MIDSMALL INDIA CONSUMPTION; NIFTY MIDSMALLCAP 400; NIFTY MIDSMALLCAP400 50:50; NIFTY NON-CYCLICAL CONSUMER; NIFTY TOTAL MARKET; NIFTY500 EQUAL WEIGHT; NIFTY500 LARGEMIDSMALL EQUAL-CAP WEIGHTED; NIFTY500 MULTICAP 50:25:25; NIFTY500 SHARIAH,-,NSE quote API secInfo,0.9,
nifty_500_shariah,VOLTAS,Voltas Ltd.,VOLTAS,Voltas Limited,exact_symbol_match,INE226A01021,Listed,Consumer Discretionary,Consumer Durables,Consumer Durables,Household Appliances,Nifty 200,NIFTY 200; NIFTY 500; NIFTY CONSUMER DURABLES; NIFTY CORE HOUSING; NIFTY HOUSING; NIFTY INDIA CORPORATE GROUP INDEX - TATA GROUP; NIFTY INDIA CORPORATE GROUP INDEX - TATA GROUP 25% CAP; NIFTY INDIA FPI 150; NIFTY INDIA MANUFACTURING; NIFTY INDIA NEW AGE CONSUMPTION; NIFTY INDIA SELECT 5 CORPORATE GROUPS (MAATR); NIFTY LARGEMIDCAP 250; NIFTY MIDCAP 100; NIFTY MIDCAP 150; NIFTY MIDSMALL INDIA CONSUMPTION; NIFTY MIDSMALLCAP 400; NIFTY MIDSMALLCAP400 50:50; NIFTY NON-CYCLICAL CONSUMER; NIFTY RURAL; NIFTY TOTAL MARKET; NIFTY500 EQUAL WEIGHT; NIFTY500 LARGEMIDSMALL EQUAL-CAP WEIGHTED; NIFTY500 MULTICAP 50:25:25; NIFTY500 MULTICAP INDIA MANUFACTURING 50:30:20; NIFTY500 SHARIAH,NIFTY INDIA CONSUMPTION,NSE quote API secInfo,0.9,
nifty_500_shariah,VTL,Vardhman Textiles Ltd.,VTL,Vardhman Textiles Limited,exact_symbol_match,INE825A01020,Listed,Consumer Discretionary,Textiles,Textiles & Apparels,Other Textile Products,Nifty 500,NIFTY 500; NIFTY MIDSMALLCAP 400; NIFTY MIDSMALLCAP400 50:50; NIFTY SMALLCAP 250; NIFTY SMALLCAP 500; NIFTY TOTAL MARKET; NIFTY500 EQUAL WEIGHT; NIFTY500 LARGEMIDSMALL EQUAL-CAP WEIGHTED; NIFTY500 MULTICAP 50:25:25; NIFTY500 SHARIAH,NIFTY 500,NSE quote API secInfo,0.9,
nifty_500_shariah,WHIRLPOOL,Whirlpool of India Ltd.,WHIRLPOOL,Whirlpool of India Limited,exact_symbol_match,INE716A01013,Listed,Consumer Discretionary,Consumer Durables,Consumer Durables,Household Appliances,Nifty 500,NIFTY 500; NIFTY CONSUMER DURABLES; NIFTY INDIA NEW AGE CONSUMPTION; NIFTY MIDSMALLCAP 400; NIFTY MIDSMALLCAP400 50:50; NIFTY SMALLCAP 100; NIFTY SMALLCAP 250; NIFTY SMALLCAP 500; NIFTY TOTAL MARKET; NIFTY500 EQUAL WEIGHT; NIFTY500 LARGEMIDSMALL EQUAL-CAP WEIGHTED; NIFTY500 MULTICAP 50:25:25; NIFTY500 MULTICAP INDIA MANUFACTURING 50:30:20; NIFTY500 SHARIAH,NIFTY INDIA CONSUMPTION,NSE quote API secInfo,0.9,
nifty_500_shariah,WOCKPHARMA,Wockhardt Ltd.,WOCKPHARMA,Wockhardt Limited,exact_symbol_match,INE049B01025,Listed,Healthcare,Healthcare,Pharmaceuticals & Biotechnology,Pharmaceuticals,Nifty 500,NIFTY 500; NIFTY HIGH BETA 50; NIFTY MIDSMALL HEALTHCARE; NIFTY MIDSMALLCAP 400; NIFTY MIDSMALLCAP400 50:50; NIFTY PHARMA; NIFTY SMALLCAP 100; NIFTY SMALLCAP 250; NIFTY SMALLCAP 50; NIFTY SMALLCAP 500; NIFTY TOTAL MARKET; NIFTY500 EQUAL WEIGHT; NIFTY500 HEALTHCARE; NIFTY500 LARGEMIDSMALL EQUAL-CAP WEIGHTED; NIFTY500 MULTICAP 50:25:25; NIFTY500 MULTICAP INDIA MANUFACTURING 50:30:20; NIFTY500 SHARIAH,NIFTY PHARMA,NSE quote API secInfo,0.9,
nifty_500_shariah,ZYDUSLIFE,Zydus Lifesciences Ltd.,ZYDUSLIFE,Zydus Lifesciences Limited,exact_symbol_match,INE010B01027,Listed,Healthcare,Healthcare,Pharmaceuticals & Biotechnology,Pharmaceuticals,Nifty Next 50,NIFTY NEXT 50; NIFTY 100; NIFTY 200; NIFTY 500; NIFTY ALPHA QUALITY LOW-VOLATILITY 30; NIFTY ALPHA QUALITY VALUE LOW-VOLATILITY 30; NIFTY HEALTHCARE INDEX; NIFTY INDIA FPI 150; NIFTY INDIA MANUFACTURING; NIFTY LARGEMIDCAP 250; NIFTY PHARMA; NIFTY TOTAL MARKET; NIFTY100 EQUAL WEIGHT; NIFTY100 QUALITY 30; NIFTY500 EQUAL WEIGHT; NIFTY500 HEALTHCARE; NIFTY500 LARGEMIDSMALL EQUAL-CAP WEIGHTED; NIFTY500 LOW VOLATILITY 50; NIFTY500 MULTICAP 50:25:25; NIFTY500 SHARIAH,-,NSE quote API secInfo,0.9,
nifty_500_shariah,ZYDUSWELL,Zydus Wellness Ltd.,ZYDUSWELL,Zydus Wellness Limited,exact_symbol_match,INE768C01028,Listed,Fast Moving Consumer Goods,Fast Moving Consumer Goods,Food Products,Packaged Foods,Nifty 500,NIFTY 500; NIFTY MIDSMALLCAP 400; NIFTY MIDSMALLCAP400 50:50; NIFTY SMALLCAP 250; NIFTY SMALLCAP 500; NIFTY TOTAL MARKET; NIFTY500 EQUAL WEIGHT; NIFTY500 LARGEMIDSMALL EQUAL-CAP WEIGHTED; NIFTY500 MULTICAP 50:25:25; NIFTY500 SHARIAH,NIFTY FMCG,NSE quote API secInfo,0.9,
