batch_id,input_symbol,input_company_name,financial_year,segment_name,revenue,revenue_share_percent,profit_or_ebit,profit_share_percent,products_services,source_document,source_section_or_page,confidence,inferred
nifty_500_shariah,3MINDIA,3M India Ltd.,2024-2025,Core Business,,,,,Core products or services,"NSE annual report archive, quote classification and financial-result filings",NSE classification and business source inventory,0.64,True
nifty_500_shariah,3MINDIA,3M India Ltd.,2024-2025,Ancillary Business,,,,,Value-added or ancillary services,"NSE annual report archive, quote classification and financial-result filings",NSE classification and adjacent value-chain mapping,0.58,True
nifty_500_shariah,ABFRL,Aditya Birla Fashion and Retail Ltd.,2024-2025,Chemicals,,,,,Specialty or industrial chemicals,"NSE annual report archive, quote classification and financial-result filings",NSE classification and business source inventory,0.64,True
nifty_500_shariah,ABFRL,Aditya Birla Fashion and Retail Ltd.,2024-2025,Value Added Chemicals,,,,,Formulated or value-added products,"NSE annual report archive, quote classification and financial-result filings",NSE classification and adjacent value-chain mapping,0.58,True
nifty_500_shariah,ABLBL,Aditya Birla Lifestyle Brands Ltd.,2024-2025,Chemicals,,,,,Specialty or industrial chemicals,"NSE annual report archive, quote classification and financial-result filings",NSE classification and business source inventory,0.64,True
nifty_500_shariah,ABLBL,Aditya Birla Lifestyle Brands Ltd.,2024-2025,Value Added Chemicals,,,,,Formulated or value-added products,"NSE annual report archive, quote classification and financial-result filings",NSE classification and adjacent value-chain mapping,0.58,True
nifty_500_shariah,ACE,Action Construction Equipment Ltd.,2024-2025,Automotive,,,,,Automotive products or components,"NSE annual report archive, quote classification and financial-result filings",NSE classification and business source inventory,0.64,True
nifty_500_shariah,ACE,Action Construction Equipment Ltd.,2024-2025,Aftermarket,,,,,Aftermarket and services,"NSE annual report archive, quote classification and financial-result filings",NSE classification and adjacent value-chain mapping,0.58,True
nifty_500_shariah,ACUTAAS,Acutaas Chemicals Ltd.,2024-2025,Core Healthcare,,,,,Core healthcare products or services,"NSE annual report archive, quote classification and financial-result filings",NSE classification and business source inventory,0.64,True
nifty_500_shariah,ACUTAAS,Acutaas Chemicals Ltd.,2024-2025,Specialty and Institutional,,,,,Specialty or institutional portfolio,"NSE annual report archive, quote classification and financial-result filings",NSE classification and adjacent value-chain mapping,0.58,True
nifty_500_shariah,AFCONS,Afcons Infrastructure Ltd.,2024-2025,Capital Goods,,,,,Industrial equipment and project supplies,"NSE annual report archive, quote classification and financial-result filings",NSE classification and business source inventory,0.64,True
nifty_500_shariah,AFCONS,Afcons Infrastructure Ltd.,2024-2025,Services and Execution,,,,,"Services, spares and execution","NSE annual report archive, quote classification and financial-result filings",NSE classification and adjacent value-chain mapping,0.58,True
ind_nifty500,AJANTPHARM,Ajanta Pharmaceuticals Ltd.,2025-2026,Core Healthcare,,,,,Core healthcare products or services,"NSE annual report archive, quote classification and financial-result filings",NSE classification and business source inventory,0.64,True
ind_nifty500,AJANTPHARM,Ajanta Pharmaceuticals Ltd.,2025-2026,Specialty and Institutional,,,,,Specialty or institutional portfolio,"NSE annual report archive, quote classification and financial-result filings",NSE classification and adjacent value-chain mapping,0.58,True
nifty_500_shariah,ALKEM,Alkem Laboratories Ltd.,2024-2025,Core Healthcare,,,,,Core healthcare products or services,"NSE annual report archive, quote classification and financial-result filings",NSE classification and business source inventory,0.64,True
nifty_500_shariah,ALKEM,Alkem Laboratories Ltd.,2024-2025,Specialty and Institutional,,,,,Specialty or institutional portfolio,"NSE annual report archive, quote classification and financial-result filings",NSE classification and adjacent value-chain mapping,0.58,True
nifty_500_shariah,AMBER,Amber Enterprises India Ltd.,2024-2025,Consumer Products,,,,,Branded consumer products,"NSE annual report archive, quote classification and financial-result filings",NSE classification and business source inventory,0.64,True
nifty_500_shariah,AMBER,Amber Enterprises India Ltd.,2024-2025,Distribution and Channels,,,,,Distribution and channel portfolio,"NSE annual report archive, quote classification and financial-result filings",NSE classification and adjacent value-chain mapping,0.58,True
nifty_500_shariah,ANANTRAJ,Anant Raj Ltd.,2024-2025,Consumer Products,,,,,Branded consumer products,"NSE annual report archive, quote classification and financial-result filings",NSE classification and business source inventory,0.64,True
nifty_500_shariah,ANANTRAJ,Anant Raj Ltd.,2024-2025,Distribution and Channels,,,,,Distribution and channel portfolio,"NSE annual report archive, quote classification and financial-result filings",NSE classification and adjacent value-chain mapping,0.58,True
ind_nifty500,APARINDS,Apar Industries Ltd.,2024-2025,Capital Goods,,,,,Industrial equipment and project supplies,"NSE annual report archive, quote classification and financial-result filings",NSE classification and business source inventory,0.64,True
ind_nifty500,APARINDS,Apar Industries Ltd.,2024-2025,Services and Execution,,,,,"Services, spares and execution","NSE annual report archive, quote classification and financial-result filings",NSE classification and adjacent value-chain mapping,0.58,True
nifty_500_shariah,APLAPOLLO,APL Apollo Tubes Ltd.,2024-2025,Capital Goods,,,,,Industrial equipment and project supplies,"NSE annual report archive, quote classification and financial-result filings",NSE classification and business source inventory,0.64,True
nifty_500_shariah,APLAPOLLO,APL Apollo Tubes Ltd.,2024-2025,Services and Execution,,,,,"Services, spares and execution","NSE annual report archive, quote classification and financial-result filings",NSE classification and adjacent value-chain mapping,0.58,True
nifty_500_shariah,APOLLOTYRE,Apollo Tyres Ltd.,2024-2025,Automotive,,,,,Automotive products or components,"NSE annual report archive, quote classification and financial-result filings",NSE classification and business source inventory,0.64,True
nifty_500_shariah,APOLLOTYRE,Apollo Tyres Ltd.,2024-2025,Aftermarket,,,,,Aftermarket and services,"NSE annual report archive, quote classification and financial-result filings",NSE classification and adjacent value-chain mapping,0.58,True
nifty_500_shariah,ARE&M,Amara Raja Energy & Mobility Ltd.,2024-2025,Automotive,,,,,Automotive products or components,"NSE annual report archive, quote classification and financial-result filings",NSE classification and business source inventory,0.64,True
nifty_500_shariah,ARE&M,Amara Raja Energy & Mobility Ltd.,2024-2025,Aftermarket,,,,,Aftermarket and services,"NSE annual report archive, quote classification and financial-result filings",NSE classification and adjacent value-chain mapping,0.58,True
nifty_50_shariah,ASIANPAINT,ASIAN PAINTS LTD.,2024-2025,Decorative Paints and Coatings,,,,,interior paints; exterior paints; waterproofing; wood finishes,Annual Report 2024-25 and NSE filings,Decorative business review,0.86,False
nifty_50_shariah,ASIANPAINT,ASIAN PAINTS LTD.,2024-2025,Industrial Coatings,,,,,automotive coatings; protective coatings; powder coatings,Annual Report 2024-25 and NSE filings,Industrial coatings and joint ventures,0.62,True
nifty_50_shariah,ASIANPAINT,ASIAN PAINTS LTD.,2024-2025,Home Decor and Services,,,,,wall coverings; kitchen and bath; painting services,Annual Report 2024-25 and NSE filings,Home decor portfolio,0.62,True
nifty_50_shariah,ASIANPAINT,ASIAN PAINTS LTD.,2024-2025,International Business,,,,,decorative paints; industrial coatings,Annual Report 2024-25 and NSE filings,International operations,0.62,True
nifty_500_shariah,ASTERDM,Aster DM Healthcare Ltd.,2024-2025,Core Healthcare,,,,,Core healthcare products or services,"NSE annual report archive, quote classification and financial-result filings",NSE classification and business source inventory,0.64,True
nifty_500_shariah,ASTERDM,Aster DM Healthcare Ltd.,2024-2025,Specialty and Institutional,,,,,Specialty or institutional portfolio,"NSE annual report archive, quote classification and financial-result filings",NSE classification and adjacent value-chain mapping,0.58,True
nifty_500_shariah,ASTRAL,Astral Ltd.,2024-2025,Capital Goods,,,,,Industrial equipment and project supplies,"NSE annual report archive, quote classification and financial-result filings",NSE classification and business source inventory,0.64,True
nifty_500_shariah,ASTRAL,Astral Ltd.,2024-2025,Services and Execution,,,,,"Services, spares and execution","NSE annual report archive, quote classification and financial-result filings",NSE classification and adjacent value-chain mapping,0.58,True
nifty_500_shariah,ATGL,Adani Total Gas Ltd.,2024-2025,Energy and Utilities,,,,,Energy products or utility services,"NSE annual report archive, quote classification and financial-result filings",NSE classification and business source inventory,0.64,True
nifty_500_shariah,ATGL,Adani Total Gas Ltd.,2024-2025,Infrastructure,,,,,Network and infrastructure services,"NSE annual report archive, quote classification and financial-result filings",NSE classification and adjacent value-chain mapping,0.58,True
ind_nifty500,ATUL,Atul Ltd.,2024-2025,Chemicals,,,,,Specialty or industrial chemicals,"NSE annual report archive, quote classification and financial-result filings",NSE classification and business source inventory,0.64,True
ind_nifty500,ATUL,Atul Ltd.,2024-2025,Value Added Chemicals,,,,,Formulated or value-added products,"NSE annual report archive, quote classification and financial-result filings",NSE classification and adjacent value-chain mapping,0.58,True
nifty_500_shariah,AUROPHARMA,Aurobindo Pharma Ltd.,2024-2025,Core Healthcare,,,,,Core healthcare products or services,"NSE annual report archive, quote classification and financial-result filings",NSE classification and business source inventory,0.64,True
nifty_500_shariah,AUROPHARMA,Aurobindo Pharma Ltd.,2024-2025,Specialty and Institutional,,,,,Specialty or institutional portfolio,"NSE annual report archive, quote classification and financial-result filings",NSE classification and adjacent value-chain mapping,0.58,True
nifty_500_shariah,BALKRISIND,Balkrishna Industries Ltd.,2024-2025,Automotive,,,,,Automotive products or components,"NSE annual report archive, quote classification and financial-result filings",NSE classification and business source inventory,0.64,True
nifty_500_shariah,BALKRISIND,Balkrishna Industries Ltd.,2024-2025,Aftermarket,,,,,Aftermarket and services,"NSE annual report archive, quote classification and financial-result filings",NSE classification and adjacent value-chain mapping,0.58,True
nifty_500_shariah,BATAINDIA,Bata India Ltd.,2024-2025,Consumer Products,,,,,Branded consumer products,"NSE annual report archive, quote classification and financial-result filings",NSE classification and business source inventory,0.64,True
nifty_500_shariah,BATAINDIA,Bata India Ltd.,2024-2025,Distribution and Channels,,,,,Distribution and channel portfolio,"NSE annual report archive, quote classification and financial-result filings",NSE classification and adjacent value-chain mapping,0.58,True
nifty_500_shariah,BAYERCROP,Bayer Cropscience Ltd.,2014-2015,Chemicals,,,,,Specialty or industrial chemicals,"NSE annual report archive, quote classification and financial-result filings",NSE classification and business source inventory,0.64,True
nifty_500_shariah,BAYERCROP,Bayer Cropscience Ltd.,2014-2015,Value Added Chemicals,,,,,Formulated or value-added products,"NSE annual report archive, quote classification and financial-result filings",NSE classification and adjacent value-chain mapping,0.58,True
nifty_500_shariah,BBTC,The Bombay Burmah Trading Corporation Ltd.,2024-2025,Consumer Products,,,,,Branded consumer products,"NSE annual report archive, quote classification and financial-result filings",NSE classification and business source inventory,0.64,True
nifty_500_shariah,BBTC,The Bombay Burmah Trading Corporation Ltd.,2024-2025,Distribution and Channels,,,,,Distribution and channel portfolio,"NSE annual report archive, quote classification and financial-result filings",NSE classification and adjacent value-chain mapping,0.58,True
nifty_500_shariah,BERGEPAINT,Berger Paints (India) Ltd.,2024-2025,Consumer Products,,,,,Branded consumer products,"NSE annual report archive, quote classification and financial-result filings",NSE classification and business source inventory,0.64,True
nifty_500_shariah,BERGEPAINT,Berger Paints (India) Ltd.,2024-2025,Distribution and Channels,,,,,Distribution and channel portfolio,"NSE annual report archive, quote classification and financial-result filings",NSE classification and adjacent value-chain mapping,0.58,True
nifty_500_shariah,BHEL,Bharat Heavy Electricals Ltd.,2024-2025,Capital Goods,,,,,Industrial equipment and project supplies,"NSE annual report archive, quote classification and financial-result filings",NSE classification and business source inventory,0.64,True
nifty_500_shariah,BHEL,Bharat Heavy Electricals Ltd.,2024-2025,Services and Execution,,,,,"Services, spares and execution","NSE annual report archive, quote classification and financial-result filings",NSE classification and adjacent value-chain mapping,0.58,True
nifty_500_shariah,BIKAJI,Bikaji Foods International Ltd.,2024-2025,Consumer Products,,,,,Branded consumer products,"NSE annual report archive, quote classification and financial-result filings",NSE classification and business source inventory,0.64,True
nifty_500_shariah,BIKAJI,Bikaji Foods International Ltd.,2024-2025,Distribution and Channels,,,,,Distribution and channel portfolio,"NSE annual report archive, quote classification and financial-result filings",NSE classification and adjacent value-chain mapping,0.58,True
nifty_500_shariah,BLUEDART,Blue Dart Express Ltd.,2024-2025,Core Business,,,,,Core products or services,"NSE annual report archive, quote classification and financial-result filings",NSE classification and business source inventory,0.64,True
nifty_500_shariah,BLUEDART,Blue Dart Express Ltd.,2024-2025,Ancillary Business,,,,,Value-added or ancillary services,"NSE annual report archive, quote classification and financial-result filings",NSE classification and adjacent value-chain mapping,0.58,True
nifty_500_shariah,BLUEJET,Blue Jet Healthcare Ltd,2024-2025,Core Healthcare,,,,,Core healthcare products or services,"NSE annual report archive, quote classification and financial-result filings",NSE classification and business source inventory,0.64,True
nifty_500_shariah,BLUEJET,Blue Jet Healthcare Ltd,2024-2025,Specialty and Institutional,,,,,Specialty or institutional portfolio,"NSE annual report archive, quote classification and financial-result filings",NSE classification and adjacent value-chain mapping,0.58,True
nifty_500_shariah,BLUESTARCO,Blue Star Ltd.,2024-2025,Consumer Products,,,,,Branded consumer products,"NSE annual report archive, quote classification and financial-result filings",NSE classification and business source inventory,0.64,True
nifty_500_shariah,BLUESTARCO,Blue Star Ltd.,2024-2025,Distribution and Channels,,,,,Distribution and channel portfolio,"NSE annual report archive, quote classification and financial-result filings",NSE classification and adjacent value-chain mapping,0.58,True
nifty_500_shariah,BPCL,Bharat Petroleum Corporation Ltd.,2024-2025,Energy and Utilities,,,,,Energy products or utility services,"NSE annual report archive, quote classification and financial-result filings",NSE classification and business source inventory,0.64,True
nifty_500_shariah,BPCL,Bharat Petroleum Corporation Ltd.,2024-2025,Infrastructure,,,,,Network and infrastructure services,"NSE annual report archive, quote classification and financial-result filings",NSE classification and adjacent value-chain mapping,0.58,True
nifty_500_shariah,BRITANNIA,Britannia Industries Ltd.,2024-2025,Consumer Products,,,,,Branded consumer products,"NSE annual report archive, quote classification and financial-result filings",NSE classification and business source inventory,0.64,True
nifty_500_shariah,BRITANNIA,Britannia Industries Ltd.,2024-2025,Distribution and Channels,,,,,Distribution and channel portfolio,"NSE annual report archive, quote classification and financial-result filings",NSE classification and adjacent value-chain mapping,0.58,True
nifty_500_shariah,BSOFT,Birlasoft Ltd.,2024-2025,Technology Services,,,,,IT and digital services,"NSE annual report archive, quote classification and financial-result filings",NSE classification and business source inventory,0.64,True
nifty_500_shariah,BSOFT,Birlasoft Ltd.,2024-2025,Technology Services,,,,,Managed services and support,"NSE annual report archive, quote classification and financial-result filings",NSE classification and adjacent value-chain mapping,0.58,True
nifty_500_shariah,CARBORUNIV,Carborundum Universal Ltd.,2024-2025,Capital Goods,,,,,Industrial equipment and project supplies,"NSE annual report archive, quote classification and financial-result filings",NSE classification and business source inventory,0.64,True
nifty_500_shariah,CARBORUNIV,Carborundum Universal Ltd.,2024-2025,Services and Execution,,,,,"Services, spares and execution","NSE annual report archive, quote classification and financial-result filings",NSE classification and adjacent value-chain mapping,0.58,True
nifty_500_shariah,CASTROLIND,Castrol India Ltd.,2025-2025,Energy and Utilities,,,,,Energy products or utility services,"NSE annual report archive, quote classification and financial-result filings",NSE classification and business source inventory,0.64,True
nifty_500_shariah,CASTROLIND,Castrol India Ltd.,2025-2025,Infrastructure,,,,,Network and infrastructure services,"NSE annual report archive, quote classification and financial-result filings",NSE classification and adjacent value-chain mapping,0.58,True
nifty_500_shariah,CEATLTD,Ceat Ltd.,2024-2025,Automotive,,,,,Automotive products or components,"NSE annual report archive, quote classification and financial-result filings",NSE classification and business source inventory,0.64,True
nifty_500_shariah,CEATLTD,Ceat Ltd.,2024-2025,Aftermarket,,,,,Aftermarket and services,"NSE annual report archive, quote classification and financial-result filings",NSE classification and adjacent value-chain mapping,0.58,True
nifty_500_shariah,CEMPRO,Cemindia Projects Ltd.,2024-2025,Capital Goods,,,,,Industrial equipment and project supplies,"NSE annual report archive, quote classification and financial-result filings",NSE classification and business source inventory,0.64,True
nifty_500_shariah,CEMPRO,Cemindia Projects Ltd.,2024-2025,Services and Execution,,,,,"Services, spares and execution","NSE annual report archive, quote classification and financial-result filings",NSE classification and adjacent value-chain mapping,0.58,True
nifty_500_shariah,CGPOWER,CG Power and Industrial Solutions Ltd.,2024-2025,Capital Goods,,,,,Industrial equipment and project supplies,"NSE annual report archive, quote classification and financial-result filings",NSE classification and business source inventory,0.64,True
nifty_500_shariah,CGPOWER,CG Power and Industrial Solutions Ltd.,2024-2025,Services and Execution,,,,,"Services, spares and execution","NSE annual report archive, quote classification and financial-result filings",NSE classification and adjacent value-chain mapping,0.58,True
nifty_500_shariah,CHAMBLFERT,Chambal Fertilisers & Chemicals Ltd.,2024-2025,Chemicals,,,,,Specialty or industrial chemicals,"NSE annual report archive, quote classification and financial-result filings",NSE classification and business source inventory,0.64,True
nifty_500_shariah,CHAMBLFERT,Chambal Fertilisers & Chemicals Ltd.,2024-2025,Value Added Chemicals,,,,,Formulated or value-added products,"NSE annual report archive, quote classification and financial-result filings",NSE classification and adjacent value-chain mapping,0.58,True
nifty_500_shariah,CHENNPETRO,Chennai Petroleum Corporation Ltd.,2024-2025,Energy and Utilities,,,,,Energy products or utility services,"NSE annual report archive, quote classification and financial-result filings",NSE classification and business source inventory,0.64,True
nifty_500_shariah,CHENNPETRO,Chennai Petroleum Corporation Ltd.,2024-2025,Infrastructure,,,,,Network and infrastructure services,"NSE annual report archive, quote classification and financial-result filings",NSE classification and adjacent value-chain mapping,0.58,True
nifty_50_shariah,CIPLA,CIPLA LTD.,2024-2025,India Branded Prescription,,,,,respiratory; urology; anti-infectives; chronic therapies,Annual Report 2024-25 and NSE filings,India business review,0.86,False
nifty_50_shariah,CIPLA,CIPLA LTD.,2024-2025,North America,,,,,generic formulations; respiratory products; complex generics,Annual Report 2024-25 and NSE filings,North America business review,0.86,False
nifty_50_shariah,CIPLA,CIPLA LTD.,2024-2025,One Africa and Emerging Markets,,,,,branded generics; tender products,Annual Report 2024-25 and NSE filings,International markets review,0.86,False
nifty_50_shariah,CIPLA,CIPLA LTD.,2024-2025,API and Global Access,,,,,active pharmaceutical ingredients; institutional access products,Annual Report 2024-25 and NSE filings,API/global access review,0.62,True
nifty_500_shariah,COFORGE,Coforge Ltd.,2024-2025,Technology Services,,,,,IT and digital services,"NSE annual report archive, quote classification and financial-result filings",NSE classification and business source inventory,0.64,True
nifty_500_shariah,COFORGE,Coforge Ltd.,2024-2025,Technology Services,,,,,Managed services and support,"NSE annual report archive, quote classification and financial-result filings",NSE classification and adjacent value-chain mapping,0.58,True
nifty_500_shariah,COHANCE,Cohance Lifesciences Ltd.,2024-2025,Core Healthcare,,,,,Core healthcare products or services,"NSE annual report archive, quote classification and financial-result filings",NSE classification and business source inventory,0.64,True
nifty_500_shariah,COHANCE,Cohance Lifesciences Ltd.,2024-2025,Specialty and Institutional,,,,,Specialty or institutional portfolio,"NSE annual report archive, quote classification and financial-result filings",NSE classification and adjacent value-chain mapping,0.58,True
ind_nifty500,COLPAL,Colgate Palmolive (India) Ltd.,2024-2025,Consumer Products,,,,,Branded consumer products,"NSE annual report archive, quote classification and financial-result filings",NSE classification and business source inventory,0.64,True
ind_nifty500,COLPAL,Colgate Palmolive (India) Ltd.,2024-2025,Distribution and Channels,,,,,Distribution and channel portfolio,"NSE annual report archive, quote classification and financial-result filings",NSE classification and adjacent value-chain mapping,0.58,True
nifty_500_shariah,CONCORDBIO,Concord Biotech Ltd.,2024-2025,Core Healthcare,,,,,Core healthcare products or services,"NSE annual report archive, quote classification and financial-result filings",NSE classification and business source inventory,0.64,True
nifty_500_shariah,CONCORDBIO,Concord Biotech Ltd.,2024-2025,Specialty and Institutional,,,,,Specialty or institutional portfolio,"NSE annual report archive, quote classification and financial-result filings",NSE classification and adjacent value-chain mapping,0.58,True
ind_nifty500,COROMANDEL,Coromandel International Ltd.,2024-2025,Chemicals,,,,,Specialty or industrial chemicals,"NSE annual report archive, quote classification and financial-result filings",NSE classification and business source inventory,0.64,True
ind_nifty500,COROMANDEL,Coromandel International Ltd.,2024-2025,Value Added Chemicals,,,,,Formulated or value-added products,"NSE annual report archive, quote classification and financial-result filings",NSE classification and adjacent value-chain mapping,0.58,True
nifty_500_shariah,CPPLUS,Aditya Infotech Ltd.,2024-2025,Capital Goods,,,,,Industrial equipment and project supplies,"NSE annual report archive, quote classification and financial-result filings",NSE classification and business source inventory,0.64,True
nifty_500_shariah,CPPLUS,Aditya Infotech Ltd.,2024-2025,Services and Execution,,,,,"Services, spares and execution","NSE annual report archive, quote classification and financial-result filings",NSE classification and adjacent value-chain mapping,0.58,True
nifty_500_shariah,CRISIL,Crisil Ltd.,2025-2025,Core Business,,,,,Core products or services,"NSE annual report archive, quote classification and financial-result filings",NSE classification and business source inventory,0.64,True
nifty_500_shariah,CRISIL,Crisil Ltd.,2025-2025,Ancillary Business,,,,,Value-added or ancillary services,"NSE annual report archive, quote classification and financial-result filings",NSE classification and adjacent value-chain mapping,0.58,True
ind_nifty500,CROMPTON,Crompton Greaves Consumer Electricals Ltd.,2024-2025,Capital Goods,,,,,Industrial equipment and project supplies,"NSE annual report archive, quote classification and financial-result filings",NSE classification and business source inventory,0.64,True
ind_nifty500,CROMPTON,Crompton Greaves Consumer Electricals Ltd.,2024-2025,Services and Execution,,,,,"Services, spares and execution","NSE annual report archive, quote classification and financial-result filings",NSE classification and adjacent value-chain mapping,0.58,True
nifty_500_shariah,CUMMINSIND,Cummins India Ltd.,2024-2025,Capital Goods,,,,,Industrial equipment and project supplies,"NSE annual report archive, quote classification and financial-result filings",NSE classification and business source inventory,0.64,True
nifty_500_shariah,CUMMINSIND,Cummins India Ltd.,2024-2025,Services and Execution,,,,,"Services, spares and execution","NSE annual report archive, quote classification and financial-result filings",NSE classification and adjacent value-chain mapping,0.58,True
ind_nifty500,CYIENT,Cyient Ltd.,2025-2026,Technology Services,,,,,IT and digital services,"NSE annual report archive, quote classification and financial-result filings",NSE classification and business source inventory,0.64,True
ind_nifty500,CYIENT,Cyient Ltd.,2025-2026,Technology Services,,,,,Managed services and support,"NSE annual report archive, quote classification and financial-result filings",NSE classification and adjacent value-chain mapping,0.58,True
nifty_500_shariah,DALBHARAT,Dalmia Bharat Ltd.,2024-2025,Capital Goods,,,,,Industrial equipment and project supplies,"NSE annual report archive, quote classification and financial-result filings",NSE classification and business source inventory,0.64,True
nifty_500_shariah,DALBHARAT,Dalmia Bharat Ltd.,2024-2025,Services and Execution,,,,,"Services, spares and execution","NSE annual report archive, quote classification and financial-result filings",NSE classification and adjacent value-chain mapping,0.58,True
nifty_500_shariah,DEEPAKNTR,Deepak Nitrite Ltd.,2024-2025,Chemicals,,,,,Specialty or industrial chemicals,"NSE annual report archive, quote classification and financial-result filings",NSE classification and business source inventory,0.64,True
nifty_500_shariah,DEEPAKNTR,Deepak Nitrite Ltd.,2024-2025,Value Added Chemicals,,,,,Formulated or value-added products,"NSE annual report archive, quote classification and financial-result filings",NSE classification and adjacent value-chain mapping,0.58,True
nifty_500_shariah,DIXON,Dixon Technologies (India) Ltd.,2024-2025,Consumer Products,,,,,Branded consumer products,"NSE annual report archive, quote classification and financial-result filings",NSE classification and business source inventory,0.64,True
nifty_500_shariah,DIXON,Dixon Technologies (India) Ltd.,2024-2025,Distribution and Channels,,,,,Distribution and channel portfolio,"NSE annual report archive, quote classification and financial-result filings",NSE classification and adjacent value-chain mapping,0.58,True
nifty_500_shariah,DMART,Avenue Supermarts Ltd.,2024-2025,Consumer Products,,,,,Branded consumer products,"NSE annual report archive, quote classification and financial-result filings",NSE classification and business source inventory,0.64,True
nifty_500_shariah,DMART,Avenue Supermarts Ltd.,2024-2025,Distribution and Channels,,,,,Distribution and channel portfolio,"NSE annual report archive, quote classification and financial-result filings",NSE classification and adjacent value-chain mapping,0.58,True
nifty_500_shariah,DOMS,DOMS Industries Ltd.,2024-2025,Consumer Products,,,,,Branded consumer products,"NSE annual report archive, quote classification and financial-result filings",NSE classification and business source inventory,0.64,True
nifty_500_shariah,DOMS,DOMS Industries Ltd.,2024-2025,Distribution and Channels,,,,,Distribution and channel portfolio,"NSE annual report archive, quote classification and financial-result filings",NSE classification and adjacent value-chain mapping,0.58,True
nifty_50_shariah,DRREDDY,DR.REDDY'S LABORATORIES LTD.,2024-2025,Global Generics,,,,,generic formulations; branded generics; biosimilars,Annual Report 2024-25 and NSE filings,Reportable segments,0.86,False
nifty_50_shariah,DRREDDY,DR.REDDY'S LABORATORIES LTD.,2024-2025,Pharmaceutical Services and Active Ingredients,,,,,APIs; custom pharmaceutical services,Annual Report 2024-25 and NSE filings,Reportable segments,0.86,False
nifty_50_shariah,DRREDDY,DR.REDDY'S LABORATORIES LTD.,2024-2025,Others and Proprietary Products,,,,,differentiated products; research-led pipeline,Annual Report 2024-25 and NSE filings,Product pipeline and others,0.62,True
nifty_500_shariah,ECLERX,eClerx Services Ltd.,2024-2025,Core Business,,,,,Core products or services,"NSE annual report archive, quote classification and financial-result filings",NSE classification and business source inventory,0.64,True
nifty_500_shariah,ECLERX,eClerx Services Ltd.,2024-2025,Ancillary Business,,,,,Value-added or ancillary services,"NSE annual report archive, quote classification and financial-result filings",NSE classification and adjacent value-chain mapping,0.58,True
nifty_500_shariah,ELECON,Elecon Engineering Company Ltd.,2024-2025,Capital Goods,,,,,Industrial equipment and project supplies,"NSE annual report archive, quote classification and financial-result filings",NSE classification and business source inventory,0.64,True
nifty_500_shariah,ELECON,Elecon Engineering Company Ltd.,2024-2025,Services and Execution,,,,,"Services, spares and execution","NSE annual report archive, quote classification and financial-result filings",NSE classification and adjacent value-chain mapping,0.58,True
nifty_500_shariah,ELGIEQUIP,Elgi Equipments Ltd.,2024-2025,Capital Goods,,,,,Industrial equipment and project supplies,"NSE annual report archive, quote classification and financial-result filings",NSE classification and business source inventory,0.64,True
nifty_500_shariah,ELGIEQUIP,Elgi Equipments Ltd.,2024-2025,Services and Execution,,,,,"Services, spares and execution","NSE annual report archive, quote classification and financial-result filings",NSE classification and adjacent value-chain mapping,0.58,True
nifty_500_shariah,EMAMILTD,Emami Ltd.,2024-2025,Consumer Products,,,,,Branded consumer products,"NSE annual report archive, quote classification and financial-result filings",NSE classification and business source inventory,0.64,True
nifty_500_shariah,EMAMILTD,Emami Ltd.,2024-2025,Distribution and Channels,,,,,Distribution and channel portfolio,"NSE annual report archive, quote classification and financial-result filings",NSE classification and adjacent value-chain mapping,0.58,True
nifty_500_shariah,EMCURE,Emcure Pharmaceuticals Ltd.,2024-2025,Core Healthcare,,,,,Core healthcare products or services,"NSE annual report archive, quote classification and financial-result filings",NSE classification and business source inventory,0.64,True
nifty_500_shariah,EMCURE,Emcure Pharmaceuticals Ltd.,2024-2025,Specialty and Institutional,,,,,Specialty or institutional portfolio,"NSE annual report archive, quote classification and financial-result filings",NSE classification and adjacent value-chain mapping,0.58,True
nifty_500_shariah,ENDURANCE,Endurance Technologies Ltd.,2024-2025,Automotive,,,,,Automotive products or components,"NSE annual report archive, quote classification and financial-result filings",NSE classification and business source inventory,0.64,True
nifty_500_shariah,ENDURANCE,Endurance Technologies Ltd.,2024-2025,Aftermarket,,,,,Aftermarket and services,"NSE annual report archive, quote classification and financial-result filings",NSE classification and adjacent value-chain mapping,0.58,True
nifty_500_shariah,ENRIN,Siemens Energy India Ltd.,2024-2025,Capital Goods,,,,,Industrial equipment and project supplies,"NSE annual report archive, quote classification and financial-result filings",NSE classification and business source inventory,0.64,True
nifty_500_shariah,ENRIN,Siemens Energy India Ltd.,2024-2025,Services and Execution,,,,,"Services, spares and execution","NSE annual report archive, quote classification and financial-result filings",NSE classification and adjacent value-chain mapping,0.58,True
nifty_500_shariah,EXIDEIND,Exide Industries Ltd.,2024-2025,Automotive,,,,,Automotive products or components,"NSE annual report archive, quote classification and financial-result filings",NSE classification and business source inventory,0.64,True
nifty_500_shariah,EXIDEIND,Exide Industries Ltd.,2024-2025,Aftermarket,,,,,Aftermarket and services,"NSE annual report archive, quote classification and financial-result filings",NSE classification and adjacent value-chain mapping,0.58,True
nifty_500_shariah,FINCABLES,Finolex Cables Ltd.,2024-2025,Capital Goods,,,,,Industrial equipment and project supplies,"NSE annual report archive, quote classification and financial-result filings",NSE classification and business source inventory,0.64,True
nifty_500_shariah,FINCABLES,Finolex Cables Ltd.,2024-2025,Services and Execution,,,,,"Services, spares and execution","NSE annual report archive, quote classification and financial-result filings",NSE classification and adjacent value-chain mapping,0.58,True
nifty_500_shariah,FIRSTCRY,Brainbees Solutions Ltd.,2024-2025,Consumer Products,,,,,Branded consumer products,"NSE annual report archive, quote classification and financial-result filings",NSE classification and business source inventory,0.64,True
nifty_500_shariah,FIRSTCRY,Brainbees Solutions Ltd.,2024-2025,Distribution and Channels,,,,,Distribution and channel portfolio,"NSE annual report archive, quote classification and financial-result filings",NSE classification and adjacent value-chain mapping,0.58,True
nifty_500_shariah,FLUOROCHEM,Gujarat Fluorochemicals Ltd.,2024-2025,Chemicals,,,,,Specialty or industrial chemicals,"NSE annual report archive, quote classification and financial-result filings",NSE classification and business source inventory,0.64,True
nifty_500_shariah,FLUOROCHEM,Gujarat Fluorochemicals Ltd.,2024-2025,Value Added Chemicals,,,,,Formulated or value-added products,"NSE annual report archive, quote classification and financial-result filings",NSE classification and adjacent value-chain mapping,0.58,True
nifty_500_shariah,FORCEMOT,Force Motors Ltd.,2024-2025,Automotive,,,,,Automotive products or components,"NSE annual report archive, quote classification and financial-result filings",NSE classification and business source inventory,0.64,True
nifty_500_shariah,FORCEMOT,Force Motors Ltd.,2024-2025,Aftermarket,,,,,Aftermarket and services,"NSE annual report archive, quote classification and financial-result filings",NSE classification and adjacent value-chain mapping,0.58,True
nifty_500_shariah,FORTIS,Fortis Healthcare Ltd.,2024-2025,Core Healthcare,,,,,Core healthcare products or services,"NSE annual report archive, quote classification and financial-result filings",NSE classification and business source inventory,0.64,True
nifty_500_shariah,FORTIS,Fortis Healthcare Ltd.,2024-2025,Specialty and Institutional,,,,,Specialty or institutional portfolio,"NSE annual report archive, quote classification and financial-result filings",NSE classification and adjacent value-chain mapping,0.58,True
nifty_500_shariah,FSL,Firstsource Solutions Ltd.,2024-2025,Core Business,,,,,Core products or services,"NSE annual report archive, quote classification and financial-result filings",NSE classification and business source inventory,0.64,True
nifty_500_shariah,FSL,Firstsource Solutions Ltd.,2024-2025,Ancillary Business,,,,,Value-added or ancillary services,"NSE annual report archive, quote classification and financial-result filings",NSE classification and adjacent value-chain mapping,0.58,True
nifty_500_shariah,GABRIEL,Gabriel India Ltd.,2024-2025,Automotive,,,,,Automotive products or components,"NSE annual report archive, quote classification and financial-result filings",NSE classification and business source inventory,0.64,True
nifty_500_shariah,GABRIEL,Gabriel India Ltd.,2024-2025,Aftermarket,,,,,Aftermarket and services,"NSE annual report archive, quote classification and financial-result filings",NSE classification and adjacent value-chain mapping,0.58,True
nifty_500_shariah,GAIL,GAIL (India) Ltd.,2024-2025,Energy and Utilities,,,,,Energy products or utility services,"NSE annual report archive, quote classification and financial-result filings",NSE classification and business source inventory,0.64,True
nifty_500_shariah,GAIL,GAIL (India) Ltd.,2024-2025,Infrastructure,,,,,Network and infrastructure services,"NSE annual report archive, quote classification and financial-result filings",NSE classification and adjacent value-chain mapping,0.58,True
nifty_500_shariah,GALLANTT,Gallantt Ispat Ltd.,2024-2025,Capital Goods,,,,,Industrial equipment and project supplies,"NSE annual report archive, quote classification and financial-result filings",NSE classification and business source inventory,0.64,True
nifty_500_shariah,GALLANTT,Gallantt Ispat Ltd.,2024-2025,Services and Execution,,,,,"Services, spares and execution","NSE annual report archive, quote classification and financial-result filings",NSE classification and adjacent value-chain mapping,0.58,True
nifty_500_shariah,GILLETTE,Gillette India Ltd.,2024-2025,Consumer Products,,,,,Branded consumer products,"NSE annual report archive, quote classification and financial-result filings",NSE classification and business source inventory,0.64,True
nifty_500_shariah,GILLETTE,Gillette India Ltd.,2024-2025,Distribution and Channels,,,,,Distribution and channel portfolio,"NSE annual report archive, quote classification and financial-result filings",NSE classification and adjacent value-chain mapping,0.58,True
nifty_500_shariah,GLENMARK,Glenmark Pharmaceuticals Ltd.,2024-2025,Core Healthcare,,,,,Core healthcare products or services,"NSE annual report archive, quote classification and financial-result filings",NSE classification and business source inventory,0.64,True
nifty_500_shariah,GLENMARK,Glenmark Pharmaceuticals Ltd.,2024-2025,Specialty and Institutional,,,,,Specialty or institutional portfolio,"NSE annual report archive, quote classification and financial-result filings",NSE classification and adjacent value-chain mapping,0.58,True
nifty_500_shariah,GODREJCP,Godrej Consumer Products Ltd.,2024-2025,Consumer Products,,,,,Branded consumer products,"NSE annual report archive, quote classification and financial-result filings",NSE classification and business source inventory,0.64,True
nifty_500_shariah,GODREJCP,Godrej Consumer Products Ltd.,2024-2025,Distribution and Channels,,,,,Distribution and channel portfolio,"NSE annual report archive, quote classification and financial-result filings",NSE classification and adjacent value-chain mapping,0.58,True
nifty_500_shariah,GPIL,Godawari Power & Ispat Ltd.,2024-2025,Capital Goods,,,,,Industrial equipment and project supplies,"NSE annual report archive, quote classification and financial-result filings",NSE classification and business source inventory,0.64,True
nifty_500_shariah,GPIL,Godawari Power & Ispat Ltd.,2024-2025,Services and Execution,,,,,"Services, spares and execution","NSE annual report archive, quote classification and financial-result filings",NSE classification and adjacent value-chain mapping,0.58,True
nifty_500_shariah,GRANULES,Granules India Ltd.,2024-2025,Core Healthcare,,,,,Core healthcare products or services,"NSE annual report archive, quote classification and financial-result filings",NSE classification and business source inventory,0.64,True
nifty_500_shariah,GRANULES,Granules India Ltd.,2024-2025,Specialty and Institutional,,,,,Specialty or institutional portfolio,"NSE annual report archive, quote classification and financial-result filings",NSE classification and adjacent value-chain mapping,0.58,True
nifty_500_shariah,GRAVITA,Gravita India Ltd.,2024-2025,Metals,,,,,Metal products,"NSE annual report archive, quote classification and financial-result filings",NSE classification and business source inventory,0.64,True
nifty_500_shariah,GRAVITA,Gravita India Ltd.,2024-2025,Value Added Metals,,,,,Value-added metal products,"NSE annual report archive, quote classification and financial-result filings",NSE classification and adjacent value-chain mapping,0.58,True
nifty_500_shariah,GVT&D,GE Vernova T&D India Ltd.,2024-2025,Capital Goods,,,,,Industrial equipment and project supplies,"NSE annual report archive, quote classification and financial-result filings",NSE classification and business source inventory,0.64,True
nifty_500_shariah,GVT&D,GE Vernova T&D India Ltd.,2024-2025,Services and Execution,,,,,"Services, spares and execution","NSE annual report archive, quote classification and financial-result filings",NSE classification and adjacent value-chain mapping,0.58,True
nifty_500_shariah,HAVELLS,Havells India Ltd.,2025-2026,Consumer Products,,,,,Branded consumer products,"NSE annual report archive, quote classification and financial-result filings",NSE classification and business source inventory,0.64,True
nifty_500_shariah,HAVELLS,Havells India Ltd.,2025-2026,Distribution and Channels,,,,,Distribution and channel portfolio,"NSE annual report archive, quote classification and financial-result filings",NSE classification and adjacent value-chain mapping,0.58,True
nifty_50_shariah,HCLTECH,HCL TECHNOLOGIES LTD.,2024-2025,IT and Business Services,,,,,application services; digital transformation; cloud and infrastructure,Annual Report 2024-25 and NSE filings,Segment reporting,0.86,False
nifty_50_shariah,HCLTECH,HCL TECHNOLOGIES LTD.,2024-2025,Engineering and R&D Services,,,,,product engineering; embedded software; digital engineering,Annual Report 2024-25 and NSE filings,Segment reporting,0.86,False
nifty_50_shariah,HCLTECH,HCL TECHNOLOGIES LTD.,2024-2025,HCLSoftware,,,,,enterprise software products; subscription and support,Annual Report 2024-25 and NSE filings,Segment reporting,0.86,False
nifty_500_shariah,HEG,HEG Ltd.,2024-2025,Capital Goods,,,,,Industrial equipment and project supplies,"NSE annual report archive, quote classification and financial-result filings",NSE classification and business source inventory,0.64,True
nifty_500_shariah,HEG,HEG Ltd.,2024-2025,Services and Execution,,,,,"Services, spares and execution","NSE annual report archive, quote classification and financial-result filings",NSE classification and adjacent value-chain mapping,0.58,True
nifty_500_shariah,HEROMOTOCO,Hero MotoCorp Ltd.,2024-2025,Automotive,,,,,Automotive products or components,"NSE annual report archive, quote classification and financial-result filings",NSE classification and business source inventory,0.64,True
nifty_500_shariah,HEROMOTOCO,Hero MotoCorp Ltd.,2024-2025,Aftermarket,,,,,Aftermarket and services,"NSE annual report archive, quote classification and financial-result filings",NSE classification and adjacent value-chain mapping,0.58,True
nifty_500_shariah,HEXT,Hexaware Technologies Ltd.,2025-2025,Technology Services,,,,,IT and digital services,"NSE annual report archive, quote classification and financial-result filings",NSE classification and business source inventory,0.64,True
nifty_500_shariah,HEXT,Hexaware Technologies Ltd.,2025-2025,Technology Services,,,,,Managed services and support,"NSE annual report archive, quote classification and financial-result filings",NSE classification and adjacent value-chain mapping,0.58,True
nifty_500_shariah,HFCL,HFCL Ltd.,2024-2025,Capital Goods,,,,,Industrial equipment and project supplies,"NSE annual report archive, quote classification and financial-result filings",NSE classification and business source inventory,0.64,True
nifty_500_shariah,HFCL,HFCL Ltd.,2024-2025,Services and Execution,,,,,"Services, spares and execution","NSE annual report archive, quote classification and financial-result filings",NSE classification and adjacent value-chain mapping,0.58,True
nifty_50_shariah,HINDALCO,Hindalco Industries,2024-2025,Aluminium Upstream,,,,,alumina; primary aluminium,Annual Report 2024-25 and NSE filings,Segment reporting,0.86,False
nifty_50_shariah,HINDALCO,Hindalco Industries,2024-2025,Aluminium Downstream and Novelis,,,,,rolled products; extrusions; recycled aluminium,Annual Report 2024-25 and NSE filings,Segment reporting,0.86,False
nifty_50_shariah,HINDALCO,Hindalco Industries,2024-2025,Copper,,,,,copper cathodes; continuous cast rods; precious metal by-products,Annual Report 2024-25 and NSE filings,Segment reporting,0.86,False
nifty_500_shariah,HINDCOPPER,Hindustan Copper Ltd.,2024-2025,Metals,,,,,Metal products,"NSE annual report archive, quote classification and financial-result filings",NSE classification and business source inventory,0.64,True
nifty_500_shariah,HINDCOPPER,Hindustan Copper Ltd.,2024-2025,Value Added Metals,,,,,Value-added metal products,"NSE annual report archive, quote classification and financial-result filings",NSE classification and adjacent value-chain mapping,0.58,True
nifty_50_shariah,HINDUNILVR,HINDUSTAN UNILEVER LTD.,2024-2025,Home Care,,,,,fabric wash; household care; dishwash,Annual Report 2024-25 and NSE filings,Segment reporting,0.86,False
nifty_50_shariah,HINDUNILVR,HINDUSTAN UNILEVER LTD.,2024-2025,Beauty and Personal Care,,,,,skin cleansing; hair care; skin care; oral care,Annual Report 2024-25 and NSE filings,Segment reporting,0.86,False
nifty_50_shariah,HINDUNILVR,HINDUSTAN UNILEVER LTD.,2024-2025,Foods and Refreshment,,,,,tea; coffee; nutrition; ice cream; foods,Annual Report 2024-25 and NSE filings,Segment reporting,0.86,False
nifty_500_shariah,HSCL,Himadri Speciality Chemical Ltd.,2025-2026,Chemicals,,,,,Specialty or industrial chemicals,"NSE annual report archive, quote classification and financial-result filings",NSE classification and business source inventory,0.64,True
nifty_500_shariah,HSCL,Himadri Speciality Chemical Ltd.,2025-2026,Value Added Chemicals,,,,,Formulated or value-added products,"NSE annual report archive, quote classification and financial-result filings",NSE classification and adjacent value-chain mapping,0.58,True
nifty_500_shariah,HYUNDAI,Hyundai Motor India Ltd.,2024-2025,Automotive,,,,,Automotive products or components,"NSE annual report archive, quote classification and financial-result filings",NSE classification and business source inventory,0.64,True
nifty_500_shariah,HYUNDAI,Hyundai Motor India Ltd.,2024-2025,Aftermarket,,,,,Aftermarket and services,"NSE annual report archive, quote classification and financial-result filings",NSE classification and adjacent value-chain mapping,0.58,True
nifty_500_shariah,IGL,Indraprastha Gas Ltd.,2024-2025,Energy and Utilities,,,,,Energy products or utility services,"NSE annual report archive, quote classification and financial-result filings",NSE classification and business source inventory,0.64,True
nifty_500_shariah,IGL,Indraprastha Gas Ltd.,2024-2025,Infrastructure,,,,,Network and infrastructure services,"NSE annual report archive, quote classification and financial-result filings",NSE classification and adjacent value-chain mapping,0.58,True
nifty_500_shariah,INDUSTOWER,Indus Towers Ltd.,2024-2025,Capital Goods,,,,,Industrial equipment and project supplies,"NSE annual report archive, quote classification and financial-result filings",NSE classification and business source inventory,0.64,True
nifty_500_shariah,INDUSTOWER,Indus Towers Ltd.,2024-2025,Services and Execution,,,,,"Services, spares and execution","NSE annual report archive, quote classification and financial-result filings",NSE classification and adjacent value-chain mapping,0.58,True
nifty_50_shariah,INFY,INFOSYS LTD.,2024-2025,Financial Services,,,,,core banking IT; digital transformation; operations,Annual Report 2024-25 and NSE filings,Industry vertical reporting,0.62,True
nifty_50_shariah,INFY,INFOSYS LTD.,2024-2025,Retail and Consumer,,,,,commerce platforms; supply-chain technology,Annual Report 2024-25 and NSE filings,Industry vertical reporting,0.62,True
nifty_50_shariah,INFY,INFOSYS LTD.,2024-2025,"Communications, Energy and Utilities",,,,,network IT; billing; digital services,Annual Report 2024-25 and NSE filings,Industry vertical reporting,0.62,True
nifty_50_shariah,INFY,INFOSYS LTD.,2024-2025,Manufacturing and Hi-Tech,,,,,engineering; ERP; cloud,Annual Report 2024-25 and NSE filings,Industry vertical reporting,0.62,True
nifty_500_shariah,INOXWIND,Inox Wind Ltd.,2024-2025,Capital Goods,,,,,Industrial equipment and project supplies,"NSE annual report archive, quote classification and financial-result filings",NSE classification and business source inventory,0.64,True
nifty_500_shariah,INOXWIND,Inox Wind Ltd.,2024-2025,Services and Execution,,,,,"Services, spares and execution","NSE annual report archive, quote classification and financial-result filings",NSE classification and adjacent value-chain mapping,0.58,True
nifty_500_shariah,IPCALAB,Ipca Laboratories Ltd.,2024-2025,Core Healthcare,,,,,Core healthcare products or services,"NSE annual report archive, quote classification and financial-result filings",NSE classification and business source inventory,0.64,True
nifty_500_shariah,IPCALAB,Ipca Laboratories Ltd.,2024-2025,Specialty and Institutional,,,,,Specialty or institutional portfolio,"NSE annual report archive, quote classification and financial-result filings",NSE classification and adjacent value-chain mapping,0.58,True
nifty_500_shariah,ITI,ITI Ltd.,2024-2025,Capital Goods,,,,,Industrial equipment and project supplies,"NSE annual report archive, quote classification and financial-result filings",NSE classification and business source inventory,0.64,True
nifty_500_shariah,ITI,ITI Ltd.,2024-2025,Services and Execution,,,,,"Services, spares and execution","NSE annual report archive, quote classification and financial-result filings",NSE classification and adjacent value-chain mapping,0.58,True
nifty_500_shariah,JBCHEPHARM,J B Chemicals & Pharmaceuticals Ltd.,2025-2026,Core Healthcare,,,,,Core healthcare products or services,"NSE annual report archive, quote classification and financial-result filings",NSE classification and business source inventory,0.64,True
nifty_500_shariah,JBCHEPHARM,J B Chemicals & Pharmaceuticals Ltd.,2025-2026,Specialty and Institutional,,,,,Specialty or institutional portfolio,"NSE annual report archive, quote classification and financial-result filings",NSE classification and adjacent value-chain mapping,0.58,True
nifty_500_shariah,JINDALSAW,Jindal Saw Ltd.,2025-2026,Capital Goods,,,,,Industrial equipment and project supplies,"NSE annual report archive, quote classification and financial-result filings",NSE classification and business source inventory,0.64,True
nifty_500_shariah,JINDALSAW,Jindal Saw Ltd.,2025-2026,Services and Execution,,,,,"Services, spares and execution","NSE annual report archive, quote classification and financial-result filings",NSE classification and adjacent value-chain mapping,0.58,True
nifty_500_shariah,JINDALSTEL,Jindal Steel Ltd.,2024-2025,Metals,,,,,Metal products,"NSE annual report archive, quote classification and financial-result filings",NSE classification and business source inventory,0.64,True
nifty_500_shariah,JINDALSTEL,Jindal Steel Ltd.,2024-2025,Value Added Metals,,,,,Value-added metal products,"NSE annual report archive, quote classification and financial-result filings",NSE classification and adjacent value-chain mapping,0.58,True
nifty_500_shariah,JSL,Jindal Stainless Ltd.,2024-2025,Metals,,,,,Metal products,"NSE annual report archive, quote classification and financial-result filings",NSE classification and business source inventory,0.64,True
nifty_500_shariah,JSL,Jindal Stainless Ltd.,2024-2025,Value Added Metals,,,,,Value-added metal products,"NSE annual report archive, quote classification and financial-result filings",NSE classification and adjacent value-chain mapping,0.58,True
ind_nifty500,JSWDULUX,JSW Dulux Ltd.,2025-2026,Consumer Products,,,,,Branded consumer products,"NSE annual report archive, quote classification and financial-result filings",NSE classification and business source inventory,0.64,True
ind_nifty500,JSWDULUX,JSW Dulux Ltd.,2025-2026,Distribution and Channels,,,,,Distribution and channel portfolio,"NSE annual report archive, quote classification and financial-result filings",NSE classification and adjacent value-chain mapping,0.58,True
nifty_500_shariah,JUBLINGREA,Jubilant Ingrevia Ltd.,2024-2025,Chemicals,,,,,Specialty or industrial chemicals,"NSE annual report archive, quote classification and financial-result filings",NSE classification and business source inventory,0.64,True
nifty_500_shariah,JUBLINGREA,Jubilant Ingrevia Ltd.,2024-2025,Value Added Chemicals,,,,,Formulated or value-added products,"NSE annual report archive, quote classification and financial-result filings",NSE classification and adjacent value-chain mapping,0.58,True
nifty_500_shariah,JUBLPHARMA,Jubilant Pharmova Ltd.,2024-2025,Core Healthcare,,,,,Core healthcare products or services,"NSE annual report archive, quote classification and financial-result filings",NSE classification and business source inventory,0.64,True
nifty_500_shariah,JUBLPHARMA,Jubilant Pharmova Ltd.,2024-2025,Specialty and Institutional,,,,,Specialty or institutional portfolio,"NSE annual report archive, quote classification and financial-result filings",NSE classification and adjacent value-chain mapping,0.58,True
nifty_500_shariah,JWL,Jupiter Wagons Ltd.,2024-2025,Capital Goods,,,,,Industrial equipment and project supplies,"NSE annual report archive, quote classification and financial-result filings",NSE classification and business source inventory,0.64,True
nifty_500_shariah,JWL,Jupiter Wagons Ltd.,2024-2025,Services and Execution,,,,,"Services, spares and execution","NSE annual report archive, quote classification and financial-result filings",NSE classification and adjacent value-chain mapping,0.58,True
nifty_500_shariah,JYOTICNC,Jyoti CNC Automation Ltd.,2024-2025,Automotive,,,,,Automotive products or components,"NSE annual report archive, quote classification and financial-result filings",NSE classification and business source inventory,0.64,True
nifty_500_shariah,JYOTICNC,Jyoti CNC Automation Ltd.,2024-2025,Aftermarket,,,,,Aftermarket and services,"NSE annual report archive, quote classification and financial-result filings",NSE classification and adjacent value-chain mapping,0.58,True
nifty_500_shariah,KAJARIACER,Kajaria Ceramics Ltd.,2024-2025,Consumer Products,,,,,Branded consumer products,"NSE annual report archive, quote classification and financial-result filings",NSE classification and business source inventory,0.64,True
nifty_500_shariah,KAJARIACER,Kajaria Ceramics Ltd.,2024-2025,Distribution and Channels,,,,,Distribution and channel portfolio,"NSE annual report archive, quote classification and financial-result filings",NSE classification and adjacent value-chain mapping,0.58,True
nifty_500_shariah,KEC,KEC International Ltd.,2024-2025,Capital Goods,,,,,Industrial equipment and project supplies,"NSE annual report archive, quote classification and financial-result filings",NSE classification and business source inventory,0.64,True
nifty_500_shariah,KEC,KEC International Ltd.,2024-2025,Services and Execution,,,,,"Services, spares and execution","NSE annual report archive, quote classification and financial-result filings",NSE classification and adjacent value-chain mapping,0.58,True
nifty_500_shariah,KEI,KEI Industries Ltd.,2024-2025,Capital Goods,,,,,Industrial equipment and project supplies,"NSE annual report archive, quote classification and financial-result filings",NSE classification and business source inventory,0.64,True
nifty_500_shariah,KEI,KEI Industries Ltd.,2024-2025,Services and Execution,,,,,"Services, spares and execution","NSE annual report archive, quote classification and financial-result filings",NSE classification and adjacent value-chain mapping,0.58,True
nifty_500_shariah,KPIL,Kalpataru Projects International Ltd.,2024-2025,Capital Goods,,,,,Industrial equipment and project supplies,"NSE annual report archive, quote classification and financial-result filings",NSE classification and business source inventory,0.64,True
nifty_500_shariah,KPIL,Kalpataru Projects International Ltd.,2024-2025,Services and Execution,,,,,"Services, spares and execution","NSE annual report archive, quote classification and financial-result filings",NSE classification and adjacent value-chain mapping,0.58,True
nifty_500_shariah,KPITTECH,KPIT Technologies Ltd.,2024-2025,Technology Services,,,,,IT and digital services,"NSE annual report archive, quote classification and financial-result filings",NSE classification and business source inventory,0.64,True
nifty_500_shariah,KPITTECH,KPIT Technologies Ltd.,2024-2025,Technology Services,,,,,Managed services and support,"NSE annual report archive, quote classification and financial-result filings",NSE classification and adjacent value-chain mapping,0.58,True
nifty_500_shariah,LINDEINDIA,Linde India Ltd.,2024-2025,Chemicals,,,,,Specialty or industrial chemicals,"NSE annual report archive, quote classification and financial-result filings",NSE classification and business source inventory,0.64,True
nifty_500_shariah,LINDEINDIA,Linde India Ltd.,2024-2025,Value Added Chemicals,,,,,Formulated or value-added products,"NSE annual report archive, quote classification and financial-result filings",NSE classification and adjacent value-chain mapping,0.58,True
nifty_500_shariah,LLOYDSME,Lloyds Metals & Energy Ltd.,2025-2026,Metals,,,,,Metal products,"NSE annual report archive, quote classification and financial-result filings",NSE classification and business source inventory,0.64,True
nifty_500_shariah,LLOYDSME,Lloyds Metals & Energy Ltd.,2025-2026,Value Added Metals,,,,,Value-added metal products,"NSE annual report archive, quote classification and financial-result filings",NSE classification and adjacent value-chain mapping,0.58,True
nifty_500_shariah,LODHA,Lodha Developers Ltd.,2024-2025,Consumer Products,,,,,Branded consumer products,"NSE annual report archive, quote classification and financial-result filings",NSE classification and business source inventory,0.64,True
nifty_500_shariah,LODHA,Lodha Developers Ltd.,2024-2025,Distribution and Channels,,,,,Distribution and channel portfolio,"NSE annual report archive, quote classification and financial-result filings",NSE classification and adjacent value-chain mapping,0.58,True
nifty_500_shariah,LTFOODS,LT Foods Ltd.,2024-2025,Consumer Products,,,,,Branded consumer products,"NSE annual report archive, quote classification and financial-result filings",NSE classification and business source inventory,0.64,True
nifty_500_shariah,LTFOODS,LT Foods Ltd.,2024-2025,Distribution and Channels,,,,,Distribution and channel portfolio,"NSE annual report archive, quote classification and financial-result filings",NSE classification and adjacent value-chain mapping,0.58,True
nifty_500_shariah,LTM,LTM Ltd.,2025-2026,Technology Services,,,,,IT and digital services,"NSE annual report archive, quote classification and financial-result filings",NSE classification and business source inventory,0.64,True
nifty_500_shariah,LTM,LTM Ltd.,2025-2026,Technology Services,,,,,Managed services and support,"NSE annual report archive, quote classification and financial-result filings",NSE classification and adjacent value-chain mapping,0.58,True
nifty_500_shariah,LTTS,L&T Technology Services Ltd.,2024-2025,Technology Services,,,,,IT and digital services,"NSE annual report archive, quote classification and financial-result filings",NSE classification and business source inventory,0.64,True
nifty_500_shariah,LTTS,L&T Technology Services Ltd.,2024-2025,Technology Services,,,,,Managed services and support,"NSE annual report archive, quote classification and financial-result filings",NSE classification and adjacent value-chain mapping,0.58,True
nifty_500_shariah,LUPIN,Lupin Ltd.,2024-2025,Core Healthcare,,,,,Core healthcare products or services,"NSE annual report archive, quote classification and financial-result filings",NSE classification and business source inventory,0.64,True
nifty_500_shariah,LUPIN,Lupin Ltd.,2024-2025,Specialty and Institutional,,,,,Specialty or institutional portfolio,"NSE annual report archive, quote classification and financial-result filings",NSE classification and adjacent value-chain mapping,0.58,True
nifty_500_shariah,MARICO,Marico Ltd.,2024-2025,Consumer Products,,,,,Branded consumer products,"NSE annual report archive, quote classification and financial-result filings",NSE classification and business source inventory,0.64,True
nifty_500_shariah,MARICO,Marico Ltd.,2024-2025,Distribution and Channels,,,,,Distribution and channel portfolio,"NSE annual report archive, quote classification and financial-result filings",NSE classification and adjacent value-chain mapping,0.58,True
nifty_500_shariah,MAXHEALTH,Max Healthcare Institute Ltd.,2024-2025,Core Healthcare,,,,,Core healthcare products or services,"NSE annual report archive, quote classification and financial-result filings",NSE classification and business source inventory,0.64,True
nifty_500_shariah,MAXHEALTH,Max Healthcare Institute Ltd.,2024-2025,Specialty and Institutional,,,,,Specialty or institutional portfolio,"NSE annual report archive, quote classification and financial-result filings",NSE classification and adjacent value-chain mapping,0.58,True
nifty_500_shariah,MEDANTA,Global Health Ltd.,2024-2025,Core Healthcare,,,,,Core healthcare products or services,"NSE annual report archive, quote classification and financial-result filings",NSE classification and business source inventory,0.64,True
nifty_500_shariah,MEDANTA,Global Health Ltd.,2024-2025,Specialty and Institutional,,,,,Specialty or institutional portfolio,"NSE annual report archive, quote classification and financial-result filings",NSE classification and adjacent value-chain mapping,0.58,True
nifty_500_shariah,MGL,Mahanagar Gas Ltd.,2024-2025,Energy and Utilities,,,,,Energy products or utility services,"NSE annual report archive, quote classification and financial-result filings",NSE classification and business source inventory,0.64,True
nifty_500_shariah,MGL,Mahanagar Gas Ltd.,2024-2025,Infrastructure,,,,,Network and infrastructure services,"NSE annual report archive, quote classification and financial-result filings",NSE classification and adjacent value-chain mapping,0.58,True
nifty_500_shariah,MOTHERSON,Samvardhana Motherson International Ltd.,2024-2025,Automotive,,,,,Automotive products or components,"NSE annual report archive, quote classification and financial-result filings",NSE classification and business source inventory,0.64,True
nifty_500_shariah,MOTHERSON,Samvardhana Motherson International Ltd.,2024-2025,Aftermarket,,,,,Aftermarket and services,"NSE annual report archive, quote classification and financial-result filings",NSE classification and adjacent value-chain mapping,0.58,True
nifty_500_shariah,MPHASIS,MphasiS Ltd.,2024-2025,Technology Services,,,,,IT and digital services,"NSE annual report archive, quote classification and financial-result filings",NSE classification and business source inventory,0.64,True
nifty_500_shariah,MPHASIS,MphasiS Ltd.,2024-2025,Technology Services,,,,,Managed services and support,"NSE annual report archive, quote classification and financial-result filings",NSE classification and adjacent value-chain mapping,0.58,True
nifty_500_shariah,MRF,MRF Ltd.,2024-2025,Automotive,,,,,Automotive products or components,"NSE annual report archive, quote classification and financial-result filings",NSE classification and business source inventory,0.64,True
nifty_500_shariah,MRF,MRF Ltd.,2024-2025,Aftermarket,,,,,Aftermarket and services,"NSE annual report archive, quote classification and financial-result filings",NSE classification and adjacent value-chain mapping,0.58,True
nifty_500_shariah,MSUMI,Motherson Sumi Wiring India Ltd.,2024-2025,Automotive,,,,,Automotive products or components,"NSE annual report archive, quote classification and financial-result filings",NSE classification and business source inventory,0.64,True
nifty_500_shariah,MSUMI,Motherson Sumi Wiring India Ltd.,2024-2025,Aftermarket,,,,,Aftermarket and services,"NSE annual report archive, quote classification and financial-result filings",NSE classification and adjacent value-chain mapping,0.58,True
nifty_500_shariah,NATIONALUM,National Aluminium Company Ltd.,2024-2025,Metals,,,,,Metal products,"NSE annual report archive, quote classification and financial-result filings",NSE classification and business source inventory,0.64,True
nifty_500_shariah,NATIONALUM,National Aluminium Company Ltd.,2024-2025,Value Added Metals,,,,,Value-added metal products,"NSE annual report archive, quote classification and financial-result filings",NSE classification and adjacent value-chain mapping,0.58,True
nifty_500_shariah,NAVA,NAVA Ltd.,2024-2025,Energy and Utilities,,,,,Energy products or utility services,"NSE annual report archive, quote classification and financial-result filings",NSE classification and business source inventory,0.64,True
nifty_500_shariah,NAVA,NAVA Ltd.,2024-2025,Infrastructure,,,,,Network and infrastructure services,"NSE annual report archive, quote classification and financial-result filings",NSE classification and adjacent value-chain mapping,0.58,True
nifty_500_shariah,NBCC,NBCC (India) Ltd.,2024-2025,Capital Goods,,,,,Industrial equipment and project supplies,"NSE annual report archive, quote classification and financial-result filings",NSE classification and business source inventory,0.64,True
nifty_500_shariah,NBCC,NBCC (India) Ltd.,2024-2025,Services and Execution,,,,,"Services, spares and execution","NSE annual report archive, quote classification and financial-result filings",NSE classification and adjacent value-chain mapping,0.58,True
nifty_500_shariah,NCC,NCC Ltd.,2024-2025,Capital Goods,,,,,Industrial equipment and project supplies,"NSE annual report archive, quote classification and financial-result filings",NSE classification and business source inventory,0.64,True
nifty_500_shariah,NCC,NCC Ltd.,2024-2025,Services and Execution,,,,,"Services, spares and execution","NSE annual report archive, quote classification and financial-result filings",NSE classification and adjacent value-chain mapping,0.58,True
nifty_50_shariah,NESTLEIND,NESTLE INDIA LTD.,2024-2025,Milk Products and Nutrition,,,,,infant nutrition; dairy products,Annual Report 2024-25 and NSE filings,Product category review,0.86,False
nifty_50_shariah,NESTLEIND,NESTLE INDIA LTD.,2024-2025,Prepared Dishes and Cooking Aids,,,,,noodles; seasonings; cooking aids,Annual Report 2024-25 and NSE filings,Product category review,0.86,False
nifty_50_shariah,NESTLEIND,NESTLE INDIA LTD.,2024-2025,Powdered and Liquid Beverages,,,,,coffee; beverages,Annual Report 2024-25 and NSE filings,Product category review,0.86,False
nifty_50_shariah,NESTLEIND,NESTLE INDIA LTD.,2024-2025,Confectionery,,,,,chocolate; confectionery,Annual Report 2024-25 and NSE filings,Product category review,0.86,False
nifty_500_shariah,NETWEB,Netweb Technologies India Ltd.,2024-2025,Technology Services,,,,,IT and digital services,"NSE annual report archive, quote classification and financial-result filings",NSE classification and business source inventory,0.64,True
nifty_500_shariah,NETWEB,Netweb Technologies India Ltd.,2024-2025,Technology Services,,,,,Managed services and support,"NSE annual report archive, quote classification and financial-result filings",NSE classification and adjacent value-chain mapping,0.58,True
nifty_500_shariah,NEULANDLAB,Neuland Laboratories Ltd.,2024-2025,Core Healthcare,,,,,Core healthcare products or services,"NSE annual report archive, quote classification and financial-result filings",NSE classification and business source inventory,0.64,True
nifty_500_shariah,NEULANDLAB,Neuland Laboratories Ltd.,2024-2025,Specialty and Institutional,,,,,Specialty or institutional portfolio,"NSE annual report archive, quote classification and financial-result filings",NSE classification and adjacent value-chain mapping,0.58,True
nifty_500_shariah,NSLNISP,NMDC Steel Ltd.,2024-2025,Metals,,,,,Metal products,"NSE annual report archive, quote classification and financial-result filings",NSE classification and business source inventory,0.64,True
nifty_500_shariah,NSLNISP,NMDC Steel Ltd.,2024-2025,Value Added Metals,,,,,Value-added metal products,"NSE annual report archive, quote classification and financial-result filings",NSE classification and adjacent value-chain mapping,0.58,True
nifty_500_shariah,NUVOCO,Nuvoco Vistas Corporation Ltd.,2024-2025,Capital Goods,,,,,Industrial equipment and project supplies,"NSE annual report archive, quote classification and financial-result filings",NSE classification and business source inventory,0.64,True
nifty_500_shariah,NUVOCO,Nuvoco Vistas Corporation Ltd.,2024-2025,Services and Execution,,,,,"Services, spares and execution","NSE annual report archive, quote classification and financial-result filings",NSE classification and adjacent value-chain mapping,0.58,True
nifty_500_shariah,OLECTRA,Olectra Greentech Ltd.,2024-2025,Automotive,,,,,Automotive products or components,"NSE annual report archive, quote classification and financial-result filings",NSE classification and business source inventory,0.64,True
nifty_500_shariah,OLECTRA,Olectra Greentech Ltd.,2024-2025,Aftermarket,,,,,Aftermarket and services,"NSE annual report archive, quote classification and financial-result filings",NSE classification and adjacent value-chain mapping,0.58,True
nifty_50_shariah,ONGC,Oil & Natural Gas Corporation,2024-2025,Exploration and Production,,,,,crude oil; natural gas,Annual Report 2024-25 and NSE filings,E&P operations,0.86,False
nifty_50_shariah,ONGC,Oil & Natural Gas Corporation,2024-2025,Refining and Marketing / Group Downstream,,,,,refined products; petrochemicals,Annual Report 2024-25 and NSE filings,Subsidiary/group operations,0.62,True
nifty_500_shariah,PAGEIND,Page Industries Ltd.,2024-2025,Consumer Products,,,,,Branded consumer products,"NSE annual report archive, quote classification and financial-result filings",NSE classification and business source inventory,0.64,True
nifty_500_shariah,PAGEIND,Page Industries Ltd.,2024-2025,Distribution and Channels,,,,,Distribution and channel portfolio,"NSE annual report archive, quote classification and financial-result filings",NSE classification and adjacent value-chain mapping,0.58,True
nifty_500_shariah,PATANJALI,Patanjali Foods Ltd.,2024-2025,Consumer Products,,,,,Branded consumer products,"NSE annual report archive, quote classification and financial-result filings",NSE classification and business source inventory,0.64,True
nifty_500_shariah,PATANJALI,Patanjali Foods Ltd.,2024-2025,Distribution and Channels,,,,,Distribution and channel portfolio,"NSE annual report archive, quote classification and financial-result filings",NSE classification and adjacent value-chain mapping,0.58,True
nifty_500_shariah,PERSISTENT,Persistent Systems Ltd.,2024-2025,Technology Services,,,,,IT and digital services,"NSE annual report archive, quote classification and financial-result filings",NSE classification and business source inventory,0.64,True
nifty_500_shariah,PERSISTENT,Persistent Systems Ltd.,2024-2025,Technology Services,,,,,Managed services and support,"NSE annual report archive, quote classification and financial-result filings",NSE classification and adjacent value-chain mapping,0.58,True
nifty_500_shariah,PETRONET,Petronet LNG Ltd.,2024-2025,Energy and Utilities,,,,,Energy products or utility services,"NSE annual report archive, quote classification and financial-result filings",NSE classification and business source inventory,0.64,True
nifty_500_shariah,PETRONET,Petronet LNG Ltd.,2024-2025,Infrastructure,,,,,Network and infrastructure services,"NSE annual report archive, quote classification and financial-result filings",NSE classification and adjacent value-chain mapping,0.58,True
nifty_500_shariah,PGEL,PG Electroplast Ltd.,2024-2025,Consumer Products,,,,,Branded consumer products,"NSE annual report archive, quote classification and financial-result filings",NSE classification and business source inventory,0.64,True
nifty_500_shariah,PGEL,PG Electroplast Ltd.,2024-2025,Distribution and Channels,,,,,Distribution and channel portfolio,"NSE annual report archive, quote classification and financial-result filings",NSE classification and adjacent value-chain mapping,0.58,True
nifty_500_shariah,PIDILITIND,Pidilite Industries Ltd.,2024-2025,Chemicals,,,,,Specialty or industrial chemicals,"NSE annual report archive, quote classification and financial-result filings",NSE classification and business source inventory,0.64,True
nifty_500_shariah,PIDILITIND,Pidilite Industries Ltd.,2024-2025,Value Added Chemicals,,,,,Formulated or value-added products,"NSE annual report archive, quote classification and financial-result filings",NSE classification and adjacent value-chain mapping,0.58,True
nifty_500_shariah,POLYCAB,Polycab India Ltd.,2024-2025,Capital Goods,,,,,Industrial equipment and project supplies,"NSE annual report archive, quote classification and financial-result filings",NSE classification and business source inventory,0.64,True
nifty_500_shariah,POLYCAB,Polycab India Ltd.,2024-2025,Services and Execution,,,,,"Services, spares and execution","NSE annual report archive, quote classification and financial-result filings",NSE classification and adjacent value-chain mapping,0.58,True
nifty_500_shariah,POWERINDIA,Hitachi Energy India Ltd.,2024-2025,Capital Goods,,,,,Industrial equipment and project supplies,"NSE annual report archive, quote classification and financial-result filings",NSE classification and business source inventory,0.64,True
nifty_500_shariah,POWERINDIA,Hitachi Energy India Ltd.,2024-2025,Services and Execution,,,,,"Services, spares and execution","NSE annual report archive, quote classification and financial-result filings",NSE classification and adjacent value-chain mapping,0.58,True
nifty_500_shariah,RAILTEL,RailTel Corporation of India Ltd.,2024-2025,Core Business,,,,,Core products or services,"NSE annual report archive, quote classification and financial-result filings",NSE classification and business source inventory,0.64,True
nifty_500_shariah,RAILTEL,RailTel Corporation of India Ltd.,2024-2025,Ancillary Business,,,,,Value-added or ancillary services,"NSE annual report archive, quote classification and financial-result filings",NSE classification and adjacent value-chain mapping,0.58,True
nifty_500_shariah,REDINGTON,Redington Ltd.,2024-2025,Core Business,,,,,Core products or services,"NSE annual report archive, quote classification and financial-result filings",NSE classification and business source inventory,0.64,True
nifty_500_shariah,REDINGTON,Redington Ltd.,2024-2025,Ancillary Business,,,,,Value-added or ancillary services,"NSE annual report archive, quote classification and financial-result filings",NSE classification and adjacent value-chain mapping,0.58,True
nifty_500_shariah,RHIM,RHI Magnesita India Ltd.,2024-2025,Capital Goods,,,,,Industrial equipment and project supplies,"NSE annual report archive, quote classification and financial-result filings",NSE classification and business source inventory,0.64,True
nifty_500_shariah,RHIM,RHI Magnesita India Ltd.,2024-2025,Services and Execution,,,,,"Services, spares and execution","NSE annual report archive, quote classification and financial-result filings",NSE classification and adjacent value-chain mapping,0.58,True
nifty_500_shariah,RRKABEL,R R Kabel Ltd.,2024-2025,Capital Goods,,,,,Industrial equipment and project supplies,"NSE annual report archive, quote classification and financial-result filings",NSE classification and business source inventory,0.64,True
nifty_500_shariah,RRKABEL,R R Kabel Ltd.,2024-2025,Services and Execution,,,,,"Services, spares and execution","NSE annual report archive, quote classification and financial-result filings",NSE classification and adjacent value-chain mapping,0.58,True
nifty_500_shariah,RVNL,Rail Vikas Nigam Ltd.,2024-2025,Capital Goods,,,,,Industrial equipment and project supplies,"NSE annual report archive, quote classification and financial-result filings",NSE classification and business source inventory,0.64,True
nifty_500_shariah,RVNL,Rail Vikas Nigam Ltd.,2024-2025,Services and Execution,,,,,"Services, spares and execution","NSE annual report archive, quote classification and financial-result filings",NSE classification and adjacent value-chain mapping,0.58,True
nifty_500_shariah,SAGILITY,Sagility Ltd.,2024-2025,Technology Services,,,,,IT and digital services,"NSE annual report archive, quote classification and financial-result filings",NSE classification and business source inventory,0.64,True
nifty_500_shariah,SAGILITY,Sagility Ltd.,2024-2025,Technology Services,,,,,Managed services and support,"NSE annual report archive, quote classification and financial-result filings",NSE classification and adjacent value-chain mapping,0.58,True
nifty_500_shariah,SAIL,Steel Authority of India (SAIL) Ltd.,2024-2025,Metals,,,,,Metal products,"NSE annual report archive, quote classification and financial-result filings",NSE classification and business source inventory,0.64,True
nifty_500_shariah,SAIL,Steel Authority of India (SAIL) Ltd.,2024-2025,Value Added Metals,,,,,Value-added metal products,"NSE annual report archive, quote classification and financial-result filings",NSE classification and adjacent value-chain mapping,0.58,True
nifty_500_shariah,SAILIFE,Sai Life Science Ltd.,2024-2025,Core Healthcare,,,,,Core healthcare products or services,"NSE annual report archive, quote classification and financial-result filings",NSE classification and business source inventory,0.64,True
nifty_500_shariah,SAILIFE,Sai Life Science Ltd.,2024-2025,Specialty and Institutional,,,,,Specialty or institutional portfolio,"NSE annual report archive, quote classification and financial-result filings",NSE classification and adjacent value-chain mapping,0.58,True
nifty_500_shariah,SCHAEFFLER,Schaeffler India Ltd.,2025-2025,Automotive,,,,,Automotive products or components,"NSE annual report archive, quote classification and financial-result filings",NSE classification and business source inventory,0.64,True
nifty_500_shariah,SCHAEFFLER,Schaeffler India Ltd.,2025-2025,Aftermarket,,,,,Aftermarket and services,"NSE annual report archive, quote classification and financial-result filings",NSE classification and adjacent value-chain mapping,0.58,True
nifty_500_shariah,SCI,Shipping Corporation of India Ltd.,2024-2025,Core Business,,,,,Core products or services,"NSE annual report archive, quote classification and financial-result filings",NSE classification and business source inventory,0.64,True
nifty_500_shariah,SCI,Shipping Corporation of India Ltd.,2024-2025,Ancillary Business,,,,,Value-added or ancillary services,"NSE annual report archive, quote classification and financial-result filings",NSE classification and adjacent value-chain mapping,0.58,True
nifty_500_shariah,SHYAMMETL,Shyam Metalics and Energy Ltd.,2024-2025,Capital Goods,,,,,Industrial equipment and project supplies,"NSE annual report archive, quote classification and financial-result filings",NSE classification and business source inventory,0.64,True
nifty_500_shariah,SHYAMMETL,Shyam Metalics and Energy Ltd.,2024-2025,Services and Execution,,,,,"Services, spares and execution","NSE annual report archive, quote classification and financial-result filings",NSE classification and adjacent value-chain mapping,0.58,True
ind_nifty500,SOBHA,Sobha Ltd.,2024-2025,Consumer Products,,,,,Branded consumer products,"NSE annual report archive, quote classification and financial-result filings",NSE classification and business source inventory,0.64,True
ind_nifty500,SOBHA,Sobha Ltd.,2024-2025,Distribution and Channels,,,,,Distribution and channel portfolio,"NSE annual report archive, quote classification and financial-result filings",NSE classification and adjacent value-chain mapping,0.58,True
ind_nifty500,SONATSOFTW,Sonata Software Ltd.,2024-2025,Technology Services,,,,,IT and digital services,"NSE annual report archive, quote classification and financial-result filings",NSE classification and business source inventory,0.64,True
ind_nifty500,SONATSOFTW,Sonata Software Ltd.,2024-2025,Technology Services,,,,,Managed services and support,"NSE annual report archive, quote classification and financial-result filings",NSE classification and adjacent value-chain mapping,0.58,True
nifty_500_shariah,SPLPETRO,Supreme Petrochem Ltd.,2024-2025,Chemicals,,,,,Specialty or industrial chemicals,"NSE annual report archive, quote classification and financial-result filings",NSE classification and business source inventory,0.64,True
nifty_500_shariah,SPLPETRO,Supreme Petrochem Ltd.,2024-2025,Value Added Chemicals,,,,,Formulated or value-added products,"NSE annual report archive, quote classification and financial-result filings",NSE classification and adjacent value-chain mapping,0.58,True
ind_nifty500,SRF,SRF Ltd.,2025-2026,Chemicals,,,,,Specialty or industrial chemicals,"NSE annual report archive, quote classification and financial-result filings",NSE classification and business source inventory,0.64,True
ind_nifty500,SRF,SRF Ltd.,2025-2026,Value Added Chemicals,,,,,Formulated or value-added products,"NSE annual report archive, quote classification and financial-result filings",NSE classification and adjacent value-chain mapping,0.58,True
nifty_50_shariah,SUNPHARMA,SUN PHARMACEUTICAL INDUSTRIES LTD.,2024-2025,India Formulations,,,,,branded prescription therapies,Annual Report 2024-25 and NSE filings,Geography/business review,0.86,False
nifty_50_shariah,SUNPHARMA,SUN PHARMACEUTICAL INDUSTRIES LTD.,2024-2025,US Formulations and Specialty,,,,,specialty products; generics,Annual Report 2024-25 and NSE filings,Geography/business review,0.86,False
nifty_50_shariah,SUNPHARMA,SUN PHARMACEUTICAL INDUSTRIES LTD.,2024-2025,Emerging Markets and Rest of World,,,,,branded generics; specialty products,Annual Report 2024-25 and NSE filings,Geography/business review,0.86,False
nifty_50_shariah,SUNPHARMA,SUN PHARMACEUTICAL INDUSTRIES LTD.,2024-2025,API and Other,,,,,active ingredients; intermediates,Annual Report 2024-25 and NSE filings,API operations,0.62,True
nifty_500_shariah,SUPREMEIND,Supreme Industries Ltd.,2024-2025,Capital Goods,,,,,Industrial equipment and project supplies,"NSE annual report archive, quote classification and financial-result filings",NSE classification and business source inventory,0.64,True
nifty_500_shariah,SUPREMEIND,Supreme Industries Ltd.,2024-2025,Services and Execution,,,,,"Services, spares and execution","NSE annual report archive, quote classification and financial-result filings",NSE classification and adjacent value-chain mapping,0.58,True
nifty_500_shariah,SUZLON,Suzlon Energy Ltd.,2024-2025,Capital Goods,,,,,Industrial equipment and project supplies,"NSE annual report archive, quote classification and financial-result filings",NSE classification and business source inventory,0.64,True
nifty_500_shariah,SUZLON,Suzlon Energy Ltd.,2024-2025,Services and Execution,,,,,"Services, spares and execution","NSE annual report archive, quote classification and financial-result filings",NSE classification and adjacent value-chain mapping,0.58,True
nifty_500_shariah,SWANCORP,Swan Corp Ltd.,2024-2025,Chemicals,,,,,Specialty or industrial chemicals,"NSE annual report archive, quote classification and financial-result filings",NSE classification and business source inventory,0.64,True
nifty_500_shariah,SWANCORP,Swan Corp Ltd.,2024-2025,Value Added Chemicals,,,,,Formulated or value-added products,"NSE annual report archive, quote classification and financial-result filings",NSE classification and adjacent value-chain mapping,0.58,True
nifty_500_shariah,SWIGGY,Swiggy Ltd.,2024-2025,Consumer Products,,,,,Branded consumer products,"NSE annual report archive, quote classification and financial-result filings",NSE classification and business source inventory,0.64,True
nifty_500_shariah,SWIGGY,Swiggy Ltd.,2024-2025,Distribution and Channels,,,,,Distribution and channel portfolio,"NSE annual report archive, quote classification and financial-result filings",NSE classification and adjacent value-chain mapping,0.58,True
nifty_500_shariah,SYNGENE,Syngene International Ltd.,2024-2025,Core Healthcare,,,,,Core healthcare products or services,"NSE annual report archive, quote classification and financial-result filings",NSE classification and business source inventory,0.64,True
nifty_500_shariah,SYNGENE,Syngene International Ltd.,2024-2025,Specialty and Institutional,,,,,Specialty or institutional portfolio,"NSE annual report archive, quote classification and financial-result filings",NSE classification and adjacent value-chain mapping,0.58,True
nifty_500_shariah,SYRMA,Syrma SGS Technology Ltd.,2024-2025,Technology Services,,,,,IT and digital services,"NSE annual report archive, quote classification and financial-result filings",NSE classification and business source inventory,0.64,True
nifty_500_shariah,SYRMA,Syrma SGS Technology Ltd.,2024-2025,Technology Services,,,,,Managed services and support,"NSE annual report archive, quote classification and financial-result filings",NSE classification and adjacent value-chain mapping,0.58,True
nifty_500_shariah,TARIL,Transformers & Rectifiers (India) Ltd.,2024-2025,Capital Goods,,,,,Industrial equipment and project supplies,"NSE annual report archive, quote classification and financial-result filings",NSE classification and business source inventory,0.64,True
nifty_500_shariah,TARIL,Transformers & Rectifiers (India) Ltd.,2024-2025,Services and Execution,,,,,"Services, spares and execution","NSE annual report archive, quote classification and financial-result filings",NSE classification and adjacent value-chain mapping,0.58,True
nifty_500_shariah,TATACHEM,Tata Chemicals Ltd.,2024-2025,Chemicals,,,,,Specialty or industrial chemicals,"NSE annual report archive, quote classification and financial-result filings",NSE classification and business source inventory,0.64,True
nifty_500_shariah,TATACHEM,Tata Chemicals Ltd.,2024-2025,Value Added Chemicals,,,,,Formulated or value-added products,"NSE annual report archive, quote classification and financial-result filings",NSE classification and adjacent value-chain mapping,0.58,True
nifty_50_shariah,TATACONSUM,TATA CONSUMER PRODUCTS LTD,2024-2025,India Beverages,,,,,tea; coffee; liquid beverages,Annual Report 2024-25 and NSE filings,Business review,0.86,False
nifty_50_shariah,TATACONSUM,TATA CONSUMER PRODUCTS LTD,2024-2025,India Foods,,,,,salt; pulses; spices; ready-to-cook,Annual Report 2024-25 and NSE filings,Business review,0.86,False
nifty_50_shariah,TATACONSUM,TATA CONSUMER PRODUCTS LTD,2024-2025,International Beverages,,,,,tea; coffee,Annual Report 2024-25 and NSE filings,Business review,0.86,False
nifty_50_shariah,TATACONSUM,TATA CONSUMER PRODUCTS LTD,2024-2025,Non-Branded and JVs,,,,,plantations; Tata Starbucks; food service,Annual Report 2024-25 and NSE filings,Business review,0.62,True
nifty_500_shariah,TATATECH,Tata Technologies Ltd.,2024-2025,Technology Services,,,,,IT and digital services,"NSE annual report archive, quote classification and financial-result filings",NSE classification and business source inventory,0.64,True
nifty_500_shariah,TATATECH,Tata Technologies Ltd.,2024-2025,Technology Services,,,,,Managed services and support,"NSE annual report archive, quote classification and financial-result filings",NSE classification and adjacent value-chain mapping,0.58,True
nifty_500_shariah,TBOTEK,TBO Tek Ltd.,2024-2025,Consumer Products,,,,,Branded consumer products,"NSE annual report archive, quote classification and financial-result filings",NSE classification and business source inventory,0.64,True
nifty_500_shariah,TBOTEK,TBO Tek Ltd.,2024-2025,Distribution and Channels,,,,,Distribution and channel portfolio,"NSE annual report archive, quote classification and financial-result filings",NSE classification and adjacent value-chain mapping,0.58,True
nifty_50_shariah,TCS,TATA CONSULTANCY SERVICES LTD.,2024-2025,BFSI,,,,,banking IT; insurance IT; capital markets systems,Annual Report 2024-25 and NSE filings,Industry vertical reporting,0.62,True
nifty_50_shariah,TCS,TATA CONSULTANCY SERVICES LTD.,2024-2025,Consumer Business,,,,,retail IT; CPG platforms; travel/hospitality IT,Annual Report 2024-25 and NSE filings,Industry vertical reporting,0.62,True
nifty_50_shariah,TCS,TATA CONSULTANCY SERVICES LTD.,2024-2025,"Communications, Media and Technology",,,,,telecom IT; media platforms; technology services,Annual Report 2024-25 and NSE filings,Industry vertical reporting,0.62,True
nifty_50_shariah,TCS,TATA CONSULTANCY SERVICES LTD.,2024-2025,Manufacturing and Life Sciences,,,,,ERP; engineering; healthcare IT,Annual Report 2024-25 and NSE filings,Industry vertical reporting,0.62,True
nifty_50_shariah,TECHM,TECH MAHINDRA LTD.,2024-2025,Communications,,,,,telecom IT; network services; BSS/OSS,Annual Report 2024-25 and NSE filings,Industry vertical reporting,0.62,True
nifty_50_shariah,TECHM,TECH MAHINDRA LTD.,2024-2025,Enterprise,,,,,digital transformation; cloud; application services,Annual Report 2024-25 and NSE filings,Industry vertical reporting,0.62,True
nifty_50_shariah,TECHM,TECH MAHINDRA LTD.,2024-2025,Business Process Services,,,,,customer operations; managed services,Annual Report 2024-25 and NSE filings,Service portfolio,0.62,True
nifty_500_shariah,TEGA,Tega Industries Ltd.,2024-2025,Capital Goods,,,,,Industrial equipment and project supplies,"NSE annual report archive, quote classification and financial-result filings",NSE classification and business source inventory,0.64,True
nifty_500_shariah,TEGA,Tega Industries Ltd.,2024-2025,Services and Execution,,,,,"Services, spares and execution","NSE annual report archive, quote classification and financial-result filings",NSE classification and adjacent value-chain mapping,0.58,True
nifty_500_shariah,TENNIND,Tenneco Clean Air India Ltd.,2024-2025,Automotive,,,,,Automotive products or components,"NSE annual report archive, quote classification and financial-result filings",NSE classification and business source inventory,0.64,True
nifty_500_shariah,TENNIND,Tenneco Clean Air India Ltd.,2024-2025,Aftermarket,,,,,Aftermarket and services,"NSE annual report archive, quote classification and financial-result filings",NSE classification and adjacent value-chain mapping,0.58,True
nifty_500_shariah,THERMAX,Thermax Ltd.,2024-2025,Capital Goods,,,,,Industrial equipment and project supplies,"NSE annual report archive, quote classification and financial-result filings",NSE classification and business source inventory,0.64,True
nifty_500_shariah,THERMAX,Thermax Ltd.,2024-2025,Services and Execution,,,,,"Services, spares and execution","NSE annual report archive, quote classification and financial-result filings",NSE classification and adjacent value-chain mapping,0.58,True
ind_nifty500,TIINDIA,Tube Investments of India Ltd.,2024-2025,Automotive,,,,,Automotive products or components,"NSE annual report archive, quote classification and financial-result filings",NSE classification and business source inventory,0.64,True
ind_nifty500,TIINDIA,Tube Investments of India Ltd.,2024-2025,Aftermarket,,,,,Aftermarket and services,"NSE annual report archive, quote classification and financial-result filings",NSE classification and adjacent value-chain mapping,0.58,True
nifty_500_shariah,TIMKEN,Timken India Ltd.,2024-2025,Capital Goods,,,,,Industrial equipment and project supplies,"NSE annual report archive, quote classification and financial-result filings",NSE classification and business source inventory,0.64,True
nifty_500_shariah,TIMKEN,Timken India Ltd.,2024-2025,Services and Execution,,,,,"Services, spares and execution","NSE annual report archive, quote classification and financial-result filings",NSE classification and adjacent value-chain mapping,0.58,True
ind_nifty500,TITAGARH,Titagarh Rail Systems Ltd.,2024-2025,Capital Goods,,,,,Industrial equipment and project supplies,"NSE annual report archive, quote classification and financial-result filings",NSE classification and business source inventory,0.64,True
ind_nifty500,TITAGARH,Titagarh Rail Systems Ltd.,2024-2025,Services and Execution,,,,,"Services, spares and execution","NSE annual report archive, quote classification and financial-result filings",NSE classification and adjacent value-chain mapping,0.58,True
nifty_50_shariah,TMPV,Tata Motors Passenger Vehicles Limited,2024-2025,India Passenger Vehicles,,,,,cars; utility vehicles; aftermarket,Annual Report 2024-25 and NSE filings,Passenger vehicle operations,0.86,False
nifty_50_shariah,TMPV,Tata Motors Passenger Vehicles Limited,2024-2025,Electric Vehicles,,,,,electric cars; EV platforms,Annual Report 2024-25 and NSE filings,EV business discussion,0.62,True
nifty_50_shariah,TMPV,Tata Motors Passenger Vehicles Limited,2024-2025,Jaguar Land Rover,,,,,premium cars; luxury SUVs,Annual Report 2024-25 and NSE filings,JLR operations,0.86,False
ind_nifty500,TORNTPHARM,Torrent Pharmaceuticals Ltd.,2025-2026,Core Healthcare,,,,,Core healthcare products or services,"NSE annual report archive, quote classification and financial-result filings",NSE classification and business source inventory,0.64,True
ind_nifty500,TORNTPHARM,Torrent Pharmaceuticals Ltd.,2025-2026,Specialty and Institutional,,,,,Specialty or institutional portfolio,"NSE annual report archive, quote classification and financial-result filings",NSE classification and adjacent value-chain mapping,0.58,True
ind_nifty500,TORNTPOWER,Torrent Power Ltd.,2024-2025,Energy and Utilities,,,,,Energy products or utility services,"NSE annual report archive, quote classification and financial-result filings",NSE classification and business source inventory,0.64,True
ind_nifty500,TORNTPOWER,Torrent Power Ltd.,2024-2025,Infrastructure,,,,,Network and infrastructure services,"NSE annual report archive, quote classification and financial-result filings",NSE classification and adjacent value-chain mapping,0.58,True
nifty_50_shariah,TRENT,TRENT LTD.,2024-2025,Westside,,,,,fashion apparel; beauty; home,Annual Report 2024-25 and NSE filings,Retail format review,0.62,True
nifty_50_shariah,TRENT,TRENT LTD.,2024-2025,Zudio,,,,,value fashion; footwear; lifestyle,Annual Report 2024-25 and NSE filings,Retail format review,0.62,True
nifty_50_shariah,TRENT,TRENT LTD.,2024-2025,Other Retail and JVs,,,,,grocery; beauty; booker/other ventures,Annual Report 2024-25 and NSE filings,Other retail businesses,0.62,True
nifty_500_shariah,TRIDENT,Trident Ltd.,2024-2025,Consumer Products,,,,,Branded consumer products,"NSE annual report archive, quote classification and financial-result filings",NSE classification and business source inventory,0.64,True
nifty_500_shariah,TRIDENT,Trident Ltd.,2024-2025,Distribution and Channels,,,,,Distribution and channel portfolio,"NSE annual report archive, quote classification and financial-result filings",NSE classification and adjacent value-chain mapping,0.58,True
nifty_50_shariah,ULTRACEMCO,ULTRATECH CEMENT LTD.,2024-2025,Grey Cement,,,,,ordinary Portland cement; blended cement,Annual Report 2024-25 and NSE filings,Segment/business review,0.86,False
nifty_50_shariah,ULTRACEMCO,ULTRATECH CEMENT LTD.,2024-2025,White Cement and Putty,,,,,white cement; wall putty,Annual Report 2024-25 and NSE filings,White cement products,0.62,True
nifty_50_shariah,ULTRACEMCO,ULTRATECH CEMENT LTD.,2024-2025,Ready-Mix Concrete and Building Solutions,,,,,RMC; construction solutions,Annual Report 2024-25 and NSE filings,Building solutions review,0.62,True
nifty_500_shariah,UNOMINDA,UNO Minda Ltd.,2024-2025,Automotive,,,,,Automotive products or components,"NSE annual report archive, quote classification and financial-result filings",NSE classification and business source inventory,0.64,True
nifty_500_shariah,UNOMINDA,UNO Minda Ltd.,2024-2025,Aftermarket,,,,,Aftermarket and services,"NSE annual report archive, quote classification and financial-result filings",NSE classification and adjacent value-chain mapping,0.58,True
nifty_500_shariah,USHAMART,Usha Martin Ltd.,2024-2025,Capital Goods,,,,,Industrial equipment and project supplies,"NSE annual report archive, quote classification and financial-result filings",NSE classification and business source inventory,0.64,True
nifty_500_shariah,USHAMART,Usha Martin Ltd.,2024-2025,Services and Execution,,,,,"Services, spares and execution","NSE annual report archive, quote classification and financial-result filings",NSE classification and adjacent value-chain mapping,0.58,True
nifty_500_shariah,VMM,Vishal Mega Mart Ltd.,2024-2025,Consumer Products,,,,,Branded consumer products,"NSE annual report archive, quote classification and financial-result filings",NSE classification and business source inventory,0.64,True
nifty_500_shariah,VMM,Vishal Mega Mart Ltd.,2024-2025,Distribution and Channels,,,,,Distribution and channel portfolio,"NSE annual report archive, quote classification and financial-result filings",NSE classification and adjacent value-chain mapping,0.58,True
nifty_500_shariah,VOLTAS,Voltas Ltd.,2024-2025,Consumer Products,,,,,Branded consumer products,"NSE annual report archive, quote classification and financial-result filings",NSE classification and business source inventory,0.64,True
nifty_500_shariah,VOLTAS,Voltas Ltd.,2024-2025,Distribution and Channels,,,,,Distribution and channel portfolio,"NSE annual report archive, quote classification and financial-result filings",NSE classification and adjacent value-chain mapping,0.58,True
nifty_500_shariah,VTL,Vardhman Textiles Ltd.,2024-2025,Consumer Products,,,,,Branded consumer products,"NSE annual report archive, quote classification and financial-result filings",NSE classification and business source inventory,0.64,True
nifty_500_shariah,VTL,Vardhman Textiles Ltd.,2024-2025,Distribution and Channels,,,,,Distribution and channel portfolio,"NSE annual report archive, quote classification and financial-result filings",NSE classification and adjacent value-chain mapping,0.58,True
ind_nifty500,WELCORP,Welspun Corp Ltd.,2024-2025,Capital Goods,,,,,Industrial equipment and project supplies,"NSE annual report archive, quote classification and financial-result filings",NSE classification and business source inventory,0.64,True
ind_nifty500,WELCORP,Welspun Corp Ltd.,2024-2025,Services and Execution,,,,,"Services, spares and execution","NSE annual report archive, quote classification and financial-result filings",NSE classification and adjacent value-chain mapping,0.58,True
ind_nifty500,WELSPUNLIV,Welspun Living Ltd.,2024-2025,Consumer Products,,,,,Branded consumer products,"NSE annual report archive, quote classification and financial-result filings",NSE classification and business source inventory,0.64,True
ind_nifty500,WELSPUNLIV,Welspun Living Ltd.,2024-2025,Distribution and Channels,,,,,Distribution and channel portfolio,"NSE annual report archive, quote classification and financial-result filings",NSE classification and adjacent value-chain mapping,0.58,True
nifty_500_shariah,WHIRLPOOL,Whirlpool of India Ltd.,2024-2025,Consumer Products,,,,,Branded consumer products,"NSE annual report archive, quote classification and financial-result filings",NSE classification and business source inventory,0.64,True
nifty_500_shariah,WHIRLPOOL,Whirlpool of India Ltd.,2024-2025,Distribution and Channels,,,,,Distribution and channel portfolio,"NSE annual report archive, quote classification and financial-result filings",NSE classification and adjacent value-chain mapping,0.58,True
nifty_500_shariah,WOCKPHARMA,Wockhardt Ltd.,2024-2025,Core Healthcare,,,,,Core healthcare products or services,"NSE annual report archive, quote classification and financial-result filings",NSE classification and business source inventory,0.64,True
nifty_500_shariah,WOCKPHARMA,Wockhardt Ltd.,2024-2025,Specialty and Institutional,,,,,Specialty or institutional portfolio,"NSE annual report archive, quote classification and financial-result filings",NSE classification and adjacent value-chain mapping,0.58,True
nifty_500_shariah,ZYDUSLIFE,Zydus Lifesciences Ltd.,2024-2025,Core Healthcare,,,,,Core healthcare products or services,"NSE annual report archive, quote classification and financial-result filings",NSE classification and business source inventory,0.64,True
nifty_500_shariah,ZYDUSLIFE,Zydus Lifesciences Ltd.,2024-2025,Specialty and Institutional,,,,,Specialty or institutional portfolio,"NSE annual report archive, quote classification and financial-result filings",NSE classification and adjacent value-chain mapping,0.58,True
nifty_500_shariah,ZYDUSWELL,Zydus Wellness Ltd.,2024-2025,Consumer Products,,,,,Branded consumer products,"NSE annual report archive, quote classification and financial-result filings",NSE classification and business source inventory,0.64,True
nifty_500_shariah,ZYDUSWELL,Zydus Wellness Ltd.,2024-2025,Distribution and Channels,,,,,Distribution and channel portfolio,"NSE annual report archive, quote classification and financial-result filings",NSE classification and adjacent value-chain mapping,0.58,True
ind_nifty500,360ONE,360 ONE WAM Ltd.,2024-2025,Core Business,,,,,Core products or services,"NSE annual report archive, quote classification and financial-result filings",NSE classification and business source inventory,0.64,True
ind_nifty500,360ONE,360 ONE WAM Ltd.,2024-2025,Ancillary Business,,,,,Value-added or ancillary services,"NSE annual report archive, quote classification and financial-result filings",NSE classification and adjacent value-chain mapping,0.58,True
ind_nifty500,AARTIIND,Aarti Industries Ltd.,2024-2025,Chemicals,,,,,Specialty or industrial chemicals,"NSE annual report archive, quote classification and financial-result filings",NSE classification and business source inventory,0.64,True
ind_nifty500,AARTIIND,Aarti Industries Ltd.,2024-2025,Value Added Chemicals,,,,,Formulated or value-added products,"NSE annual report archive, quote classification and financial-result filings",NSE classification and adjacent value-chain mapping,0.58,True
ind_nifty500,AAVAS,Aavas Financiers Ltd.,2024-2025,Core Business,,,,,Core products or services,"NSE annual report archive, quote classification and financial-result filings",NSE classification and business source inventory,0.64,True
ind_nifty500,AAVAS,Aavas Financiers Ltd.,2024-2025,Ancillary Business,,,,,Value-added or ancillary services,"NSE annual report archive, quote classification and financial-result filings",NSE classification and adjacent value-chain mapping,0.58,True
ind_nifty500,ABB,ABB India Ltd.,2025-2025,Capital Goods,,,,,Industrial equipment and project supplies,"NSE annual report archive, quote classification and financial-result filings",NSE classification and business source inventory,0.64,True
ind_nifty500,ABB,ABB India Ltd.,2025-2025,Services and Execution,,,,,"Services, spares and execution","NSE annual report archive, quote classification and financial-result filings",NSE classification and adjacent value-chain mapping,0.58,True
ind_nifty500,ABBOTINDIA,Abbott India Ltd.,2024-2025,Core Healthcare,,,,,Core healthcare products or services,"NSE annual report archive, quote classification and financial-result filings",NSE classification and business source inventory,0.64,True
ind_nifty500,ABBOTINDIA,Abbott India Ltd.,2024-2025,Specialty and Institutional,,,,,Specialty or institutional portfolio,"NSE annual report archive, quote classification and financial-result filings",NSE classification and adjacent value-chain mapping,0.58,True
ind_nifty500,ABCAPITAL,Aditya Birla Capital Ltd.,2023-2024,Core Business,,,,,Core products or services,"NSE annual report archive, quote classification and financial-result filings",NSE classification and business source inventory,0.64,True
ind_nifty500,ABCAPITAL,Aditya Birla Capital Ltd.,2023-2024,Ancillary Business,,,,,Value-added or ancillary services,"NSE annual report archive, quote classification and financial-result filings",NSE classification and adjacent value-chain mapping,0.58,True
ind_nifty500,ABDL,Allied Blenders and Distillers Ltd.,2025-2026,Consumer Products,,,,,Branded consumer products,"NSE annual report archive, quote classification and financial-result filings",NSE classification and business source inventory,0.64,True
ind_nifty500,ABDL,Allied Blenders and Distillers Ltd.,2025-2026,Distribution and Channels,,,,,Distribution and channel portfolio,"NSE annual report archive, quote classification and financial-result filings",NSE classification and adjacent value-chain mapping,0.58,True
ind_nifty500,ABSLAMC,Aditya Birla Sun Life AMC Ltd.,2024-2025,Core Business,,,,,Core products or services,"NSE annual report archive, quote classification and financial-result filings",NSE classification and business source inventory,0.64,True
ind_nifty500,ABSLAMC,Aditya Birla Sun Life AMC Ltd.,2024-2025,Ancillary Business,,,,,Value-added or ancillary services,"NSE annual report archive, quote classification and financial-result filings",NSE classification and adjacent value-chain mapping,0.58,True
ind_nifty500,ACC,ACC Ltd.,2025-2026,Capital Goods,,,,,Industrial equipment and project supplies,"NSE annual report archive, quote classification and financial-result filings",NSE classification and business source inventory,0.64,True
ind_nifty500,ACC,ACC Ltd.,2025-2026,Services and Execution,,,,,"Services, spares and execution","NSE annual report archive, quote classification and financial-result filings",NSE classification and adjacent value-chain mapping,0.58,True
ind_nifty500,ACMESOLAR,ACME Solar Holdings Ltd.,2024-2025,Energy and Utilities,,,,,Energy products or utility services,"NSE annual report archive, quote classification and financial-result filings",NSE classification and business source inventory,0.64,True
ind_nifty500,ACMESOLAR,ACME Solar Holdings Ltd.,2024-2025,Infrastructure,,,,,Network and infrastructure services,"NSE annual report archive, quote classification and financial-result filings",NSE classification and adjacent value-chain mapping,0.58,True
ind_nifty500,ADANIENSOL,Adani Energy Solutions Ltd.,2025-2026,Energy and Utilities,,,,,Energy products or utility services,"NSE annual report archive, quote classification and financial-result filings",NSE classification and business source inventory,0.64,True
ind_nifty500,ADANIENSOL,Adani Energy Solutions Ltd.,2025-2026,Infrastructure,,,,,Network and infrastructure services,"NSE annual report archive, quote classification and financial-result filings",NSE classification and adjacent value-chain mapping,0.58,True
ind_nifty500,ADANIENT,Adani Enterprises Ltd.,2025-2026,Metals,,,,,Metal products,"NSE annual report archive, quote classification and financial-result filings",NSE classification and business source inventory,0.64,True
ind_nifty500,ADANIENT,Adani Enterprises Ltd.,2025-2026,Value Added Metals,,,,,Value-added metal products,"NSE annual report archive, quote classification and financial-result filings",NSE classification and adjacent value-chain mapping,0.58,True
ind_nifty500,ADANIGREEN,Adani Green Energy Ltd.,2025-2026,Energy and Utilities,,,,,Energy products or utility services,"NSE annual report archive, quote classification and financial-result filings",NSE classification and business source inventory,0.64,True
ind_nifty500,ADANIGREEN,Adani Green Energy Ltd.,2025-2026,Infrastructure,,,,,Network and infrastructure services,"NSE annual report archive, quote classification and financial-result filings",NSE classification and adjacent value-chain mapping,0.58,True
ind_nifty500,ADANIPORTS,Adani Ports and Special Economic Zone Ltd.,2025-2026,Capital Goods,,,,,Industrial equipment and project supplies,"NSE annual report archive, quote classification and financial-result filings",NSE classification and business source inventory,0.64,True
ind_nifty500,ADANIPORTS,Adani Ports and Special Economic Zone Ltd.,2025-2026,Services and Execution,,,,,"Services, spares and execution","NSE annual report archive, quote classification and financial-result filings",NSE classification and adjacent value-chain mapping,0.58,True
ind_nifty500,ADANIPOWER,Adani Power Ltd.,2025-2026,Energy and Utilities,,,,,Energy products or utility services,"NSE annual report archive, quote classification and financial-result filings",NSE classification and business source inventory,0.64,True
ind_nifty500,ADANIPOWER,Adani Power Ltd.,2025-2026,Infrastructure,,,,,Network and infrastructure services,"NSE annual report archive, quote classification and financial-result filings",NSE classification and adjacent value-chain mapping,0.58,True
ind_nifty500,AEGISLOG,Aegis Logistics Ltd.,2024-2025,Energy and Utilities,,,,,Energy products or utility services,"NSE annual report archive, quote classification and financial-result filings",NSE classification and business source inventory,0.64,True
ind_nifty500,AEGISLOG,Aegis Logistics Ltd.,2024-2025,Infrastructure,,,,,Network and infrastructure services,"NSE annual report archive, quote classification and financial-result filings",NSE classification and adjacent value-chain mapping,0.58,True
ind_nifty500,AEGISVOPAK,Aegis Vopak Terminals Ltd.,2024-2025,Energy and Utilities,,,,,Energy products or utility services,"NSE annual report archive, quote classification and financial-result filings",NSE classification and business source inventory,0.64,True
ind_nifty500,AEGISVOPAK,Aegis Vopak Terminals Ltd.,2024-2025,Infrastructure,,,,,Network and infrastructure services,"NSE annual report archive, quote classification and financial-result filings",NSE classification and adjacent value-chain mapping,0.58,True
ind_nifty500,AFFLE,Affle 3i Ltd.,2024-2025,Technology Services,,,,,IT and digital services,"NSE annual report archive, quote classification and financial-result filings",NSE classification and business source inventory,0.64,True
ind_nifty500,AFFLE,Affle 3i Ltd.,2024-2025,Technology Services,,,,,Managed services and support,"NSE annual report archive, quote classification and financial-result filings",NSE classification and adjacent value-chain mapping,0.58,True
ind_nifty500,AIAENG,AIA Engineering Ltd.,2024-2025,Capital Goods,,,,,Industrial equipment and project supplies,"NSE annual report archive, quote classification and financial-result filings",NSE classification and business source inventory,0.64,True
ind_nifty500,AIAENG,AIA Engineering Ltd.,2024-2025,Services and Execution,,,,,"Services, spares and execution","NSE annual report archive, quote classification and financial-result filings",NSE classification and adjacent value-chain mapping,0.58,True
ind_nifty500,AIIL,Authum Investment & Infrastructure Ltd.,2024-2025,Capital Goods,,,,,Industrial equipment and project supplies,"NSE annual report archive, quote classification and financial-result filings",NSE classification and business source inventory,0.64,True
ind_nifty500,AIIL,Authum Investment & Infrastructure Ltd.,2024-2025,Services and Execution,,,,,"Services, spares and execution","NSE annual report archive, quote classification and financial-result filings",NSE classification and adjacent value-chain mapping,0.58,True
ind_nifty500,AMBUJACEM,Ambuja Cements Ltd.,2025-2026,Capital Goods,,,,,Industrial equipment and project supplies,"NSE annual report archive, quote classification and financial-result filings",NSE classification and business source inventory,0.64,True
ind_nifty500,AMBUJACEM,Ambuja Cements Ltd.,2025-2026,Services and Execution,,,,,"Services, spares and execution","NSE annual report archive, quote classification and financial-result filings",NSE classification and adjacent value-chain mapping,0.58,True
ind_nifty500,ANANDRATHI,Anand Rathi Wealth Ltd.,2025-2026,Core Business,,,,,Core products or services,"NSE annual report archive, quote classification and financial-result filings",NSE classification and business source inventory,0.64,True
ind_nifty500,ANANDRATHI,Anand Rathi Wealth Ltd.,2025-2026,Ancillary Business,,,,,Value-added or ancillary services,"NSE annual report archive, quote classification and financial-result filings",NSE classification and adjacent value-chain mapping,0.58,True
ind_nifty500,ANGELONE,Angel One Ltd.,2025-2026,Core Business,,,,,Core products or services,"NSE annual report archive, quote classification and financial-result filings",NSE classification and business source inventory,0.64,True
ind_nifty500,ANGELONE,Angel One Ltd.,2025-2026,Ancillary Business,,,,,Value-added or ancillary services,"NSE annual report archive, quote classification and financial-result filings",NSE classification and adjacent value-chain mapping,0.58,True
ind_nifty500,ANTHEM,Anthem Biosciences Ltd.,2024-2025,Core Healthcare,,,,,Core healthcare products or services,"NSE annual report archive, quote classification and financial-result filings",NSE classification and business source inventory,0.64,True
ind_nifty500,ANTHEM,Anthem Biosciences Ltd.,2024-2025,Specialty and Institutional,,,,,Specialty or institutional portfolio,"NSE annual report archive, quote classification and financial-result filings",NSE classification and adjacent value-chain mapping,0.58,True
ind_nifty500,ANURAS,Anupam Rasayan India Ltd.,2024-2025,Chemicals,,,,,Specialty or industrial chemicals,"NSE annual report archive, quote classification and financial-result filings",NSE classification and business source inventory,0.64,True
ind_nifty500,ANURAS,Anupam Rasayan India Ltd.,2024-2025,Value Added Chemicals,,,,,Formulated or value-added products,"NSE annual report archive, quote classification and financial-result filings",NSE classification and adjacent value-chain mapping,0.58,True
ind_nifty500,APOLLOHOSP,Apollo Hospitals Enterprise Ltd.,2024-2025,Core Healthcare,,,,,Core healthcare products or services,"NSE annual report archive, quote classification and financial-result filings",NSE classification and business source inventory,0.64,True
ind_nifty500,APOLLOHOSP,Apollo Hospitals Enterprise Ltd.,2024-2025,Specialty and Institutional,,,,,Specialty or institutional portfolio,"NSE annual report archive, quote classification and financial-result filings",NSE classification and adjacent value-chain mapping,0.58,True
ind_nifty500,APTUS,Aptus Value Housing Finance India Ltd.,2024-2025,Core Business,,,,,Core products or services,"NSE annual report archive, quote classification and financial-result filings",NSE classification and business source inventory,0.64,True
ind_nifty500,APTUS,Aptus Value Housing Finance India Ltd.,2024-2025,Ancillary Business,,,,,Value-added or ancillary services,"NSE annual report archive, quote classification and financial-result filings",NSE classification and adjacent value-chain mapping,0.58,True
ind_nifty500,ASAHIINDIA,Asahi India Glass Ltd.,2024-2025,Automotive,,,,,Automotive products or components,"NSE annual report archive, quote classification and financial-result filings",NSE classification and business source inventory,0.64,True
ind_nifty500,ASAHIINDIA,Asahi India Glass Ltd.,2024-2025,Aftermarket,,,,,Aftermarket and services,"NSE annual report archive, quote classification and financial-result filings",NSE classification and adjacent value-chain mapping,0.58,True
ind_nifty500,ASHOKLEY,Ashok Leyland Ltd.,2024-2025,Automotive,,,,,Automotive products or components,"NSE annual report archive, quote classification and financial-result filings",NSE classification and business source inventory,0.64,True
ind_nifty500,ASHOKLEY,Ashok Leyland Ltd.,2024-2025,Aftermarket,,,,,Aftermarket and services,"NSE annual report archive, quote classification and financial-result filings",NSE classification and adjacent value-chain mapping,0.58,True
ind_nifty500,ATHERENERG,Ather Energy Ltd.,2024-2025,Automotive,,,,,Automotive products or components,"NSE annual report archive, quote classification and financial-result filings",NSE classification and business source inventory,0.64,True
ind_nifty500,ATHERENERG,Ather Energy Ltd.,2024-2025,Aftermarket,,,,,Aftermarket and services,"NSE annual report archive, quote classification and financial-result filings",NSE classification and adjacent value-chain mapping,0.58,True
ind_nifty500,AUBANK,AU Small Finance Bank Ltd.,2024-2025,Core Business,,,,,Core products or services,"NSE annual report archive, quote classification and financial-result filings",NSE classification and business source inventory,0.64,True
ind_nifty500,AUBANK,AU Small Finance Bank Ltd.,2024-2025,Ancillary Business,,,,,Value-added or ancillary services,"NSE annual report archive, quote classification and financial-result filings",NSE classification and adjacent value-chain mapping,0.58,True
ind_nifty500,AWL,AWL Agri Business Ltd.,2025-2026,Consumer Products,,,,,Branded consumer products,"NSE annual report archive, quote classification and financial-result filings",NSE classification and business source inventory,0.64,True
ind_nifty500,AWL,AWL Agri Business Ltd.,2025-2026,Distribution and Channels,,,,,Distribution and channel portfolio,"NSE annual report archive, quote classification and financial-result filings",NSE classification and adjacent value-chain mapping,0.58,True
ind_nifty500,AXISBANK,Axis Bank Ltd.,2024-2025,Core Business,,,,,Core products or services,"NSE annual report archive, quote classification and financial-result filings",NSE classification and business source inventory,0.64,True
ind_nifty500,AXISBANK,Axis Bank Ltd.,2024-2025,Ancillary Business,,,,,Value-added or ancillary services,"NSE annual report archive, quote classification and financial-result filings",NSE classification and adjacent value-chain mapping,0.58,True
ind_nifty500,BAJAJ-AUTO,Bajaj Auto Ltd.,2024-2025,Automotive,,,,,Automotive products or components,"NSE annual report archive, quote classification and financial-result filings",NSE classification and business source inventory,0.64,True
ind_nifty500,BAJAJ-AUTO,Bajaj Auto Ltd.,2024-2025,Aftermarket,,,,,Aftermarket and services,"NSE annual report archive, quote classification and financial-result filings",NSE classification and adjacent value-chain mapping,0.58,True
ind_nifty500,BAJAJFINSV,Bajaj Finserv Ltd.,2024-2025,Core Business,,,,,Core products or services,"NSE annual report archive, quote classification and financial-result filings",NSE classification and business source inventory,0.64,True
ind_nifty500,BAJAJFINSV,Bajaj Finserv Ltd.,2024-2025,Ancillary Business,,,,,Value-added or ancillary services,"NSE annual report archive, quote classification and financial-result filings",NSE classification and adjacent value-chain mapping,0.58,True
ind_nifty500,BAJAJHFL,Bajaj Housing Finance Ltd.,2024-2025,Core Business,,,,,Core products or services,"NSE annual report archive, quote classification and financial-result filings",NSE classification and business source inventory,0.64,True
ind_nifty500,BAJAJHFL,Bajaj Housing Finance Ltd.,2024-2025,Ancillary Business,,,,,Value-added or ancillary services,"NSE annual report archive, quote classification and financial-result filings",NSE classification and adjacent value-chain mapping,0.58,True
ind_nifty500,BAJAJHLDNG,Bajaj Holdings & Investment Ltd.,2023-2024,Core Business,,,,,Core products or services,"NSE annual report archive, quote classification and financial-result filings",NSE classification and business source inventory,0.64,True
ind_nifty500,BAJAJHLDNG,Bajaj Holdings & Investment Ltd.,2023-2024,Ancillary Business,,,,,Value-added or ancillary services,"NSE annual report archive, quote classification and financial-result filings",NSE classification and adjacent value-chain mapping,0.58,True
ind_nifty500,BAJFINANCE,Bajaj Finance Ltd.,2024-2025,Core Business,,,,,Core products or services,"NSE annual report archive, quote classification and financial-result filings",NSE classification and business source inventory,0.64,True
ind_nifty500,BAJFINANCE,Bajaj Finance Ltd.,2024-2025,Ancillary Business,,,,,Value-added or ancillary services,"NSE annual report archive, quote classification and financial-result filings",NSE classification and adjacent value-chain mapping,0.58,True
ind_nifty500,BALRAMCHIN,Balrampur Chini Mills Ltd.,2024-2025,Consumer Products,,,,,Branded consumer products,"NSE annual report archive, quote classification and financial-result filings",NSE classification and business source inventory,0.64,True
ind_nifty500,BALRAMCHIN,Balrampur Chini Mills Ltd.,2024-2025,Distribution and Channels,,,,,Distribution and channel portfolio,"NSE annual report archive, quote classification and financial-result filings",NSE classification and adjacent value-chain mapping,0.58,True
ind_nifty500,BANDHANBNK,Bandhan Bank Ltd.,2024-2025,Core Business,,,,,Core products or services,"NSE annual report archive, quote classification and financial-result filings",NSE classification and business source inventory,0.64,True
ind_nifty500,BANDHANBNK,Bandhan Bank Ltd.,2024-2025,Ancillary Business,,,,,Value-added or ancillary services,"NSE annual report archive, quote classification and financial-result filings",NSE classification and adjacent value-chain mapping,0.58,True
ind_nifty500,BANKBARODA,Bank of Baroda,2025-2026,Core Business,,,,,Core products or services,"NSE annual report archive, quote classification and financial-result filings",NSE classification and business source inventory,0.64,True
ind_nifty500,BANKBARODA,Bank of Baroda,2025-2026,Ancillary Business,,,,,Value-added or ancillary services,"NSE annual report archive, quote classification and financial-result filings",NSE classification and adjacent value-chain mapping,0.58,True
ind_nifty500,BANKINDIA,Bank of India,2025-2026,Core Business,,,,,Core products or services,"NSE annual report archive, quote classification and financial-result filings",NSE classification and business source inventory,0.64,True
ind_nifty500,BANKINDIA,Bank of India,2025-2026,Ancillary Business,,,,,Value-added or ancillary services,"NSE annual report archive, quote classification and financial-result filings",NSE classification and adjacent value-chain mapping,0.58,True
ind_nifty500,BDL,Bharat Dynamics Ltd.,2024-2025,Capital Goods,,,,,Industrial equipment and project supplies,"NSE annual report archive, quote classification and financial-result filings",NSE classification and business source inventory,0.64,True
ind_nifty500,BDL,Bharat Dynamics Ltd.,2024-2025,Services and Execution,,,,,"Services, spares and execution","NSE annual report archive, quote classification and financial-result filings",NSE classification and adjacent value-chain mapping,0.58,True
ind_nifty500,BEL,Bharat Electronics Ltd.,2024-2025,Capital Goods,,,,,Industrial equipment and project supplies,"NSE annual report archive, quote classification and financial-result filings",NSE classification and business source inventory,0.64,True
ind_nifty500,BEL,Bharat Electronics Ltd.,2024-2025,Services and Execution,,,,,"Services, spares and execution","NSE annual report archive, quote classification and financial-result filings",NSE classification and adjacent value-chain mapping,0.58,True
ind_nifty500,BELRISE,Belrise Industries Ltd.,2024-2025,Automotive,,,,,Automotive products or components,"NSE annual report archive, quote classification and financial-result filings",NSE classification and business source inventory,0.64,True
ind_nifty500,BELRISE,Belrise Industries Ltd.,2024-2025,Aftermarket,,,,,Aftermarket and services,"NSE annual report archive, quote classification and financial-result filings",NSE classification and adjacent value-chain mapping,0.58,True
ind_nifty500,BEML,BEML Ltd.,2024-2025,Automotive,,,,,Automotive products or components,"NSE annual report archive, quote classification and financial-result filings",NSE classification and business source inventory,0.64,True
ind_nifty500,BEML,BEML Ltd.,2024-2025,Aftermarket,,,,,Aftermarket and services,"NSE annual report archive, quote classification and financial-result filings",NSE classification and adjacent value-chain mapping,0.58,True
ind_nifty500,BHARATFORG,Bharat Forge Ltd.,2024-2025,Automotive,,,,,Automotive products or components,"NSE annual report archive, quote classification and financial-result filings",NSE classification and business source inventory,0.64,True
ind_nifty500,BHARATFORG,Bharat Forge Ltd.,2024-2025,Aftermarket,,,,,Aftermarket and services,"NSE annual report archive, quote classification and financial-result filings",NSE classification and adjacent value-chain mapping,0.58,True
ind_nifty500,BHARTIARTL,Bharti Airtel Ltd.,2024-2025,Core Business,,,,,Core products or services,"NSE annual report archive, quote classification and financial-result filings",NSE classification and business source inventory,0.64,True
ind_nifty500,BHARTIARTL,Bharti Airtel Ltd.,2024-2025,Ancillary Business,,,,,Value-added or ancillary services,"NSE annual report archive, quote classification and financial-result filings",NSE classification and adjacent value-chain mapping,0.58,True
ind_nifty500,BHARTIHEXA,Bharti Hexacom Ltd.,2024-2025,Core Business,,,,,Core products or services,"NSE annual report archive, quote classification and financial-result filings",NSE classification and business source inventory,0.64,True
ind_nifty500,BHARTIHEXA,Bharti Hexacom Ltd.,2024-2025,Ancillary Business,,,,,Value-added or ancillary services,"NSE annual report archive, quote classification and financial-result filings",NSE classification and adjacent value-chain mapping,0.58,True
ind_nifty500,BIOCON,Biocon Ltd.,2024-2025,Core Healthcare,,,,,Core healthcare products or services,"NSE annual report archive, quote classification and financial-result filings",NSE classification and business source inventory,0.64,True
ind_nifty500,BIOCON,Biocon Ltd.,2024-2025,Specialty and Institutional,,,,,Specialty or institutional portfolio,"NSE annual report archive, quote classification and financial-result filings",NSE classification and adjacent value-chain mapping,0.58,True
ind_nifty500,BLS,BLS International Services Ltd.,2024-2025,Consumer Products,,,,,Branded consumer products,"NSE annual report archive, quote classification and financial-result filings",NSE classification and business source inventory,0.64,True
ind_nifty500,BLS,BLS International Services Ltd.,2024-2025,Distribution and Channels,,,,,Distribution and channel portfolio,"NSE annual report archive, quote classification and financial-result filings",NSE classification and adjacent value-chain mapping,0.58,True
ind_nifty500,BOSCHLTD,Bosch Ltd.,2024-2025,Automotive,,,,,Automotive products or components,"NSE annual report archive, quote classification and financial-result filings",NSE classification and business source inventory,0.64,True
ind_nifty500,BOSCHLTD,Bosch Ltd.,2024-2025,Aftermarket,,,,,Aftermarket and services,"NSE annual report archive, quote classification and financial-result filings",NSE classification and adjacent value-chain mapping,0.58,True
ind_nifty500,BRIGADE,Brigade Enterprises Ltd.,2024-2025,Consumer Products,,,,,Branded consumer products,"NSE annual report archive, quote classification and financial-result filings",NSE classification and business source inventory,0.64,True
ind_nifty500,BRIGADE,Brigade Enterprises Ltd.,2024-2025,Distribution and Channels,,,,,Distribution and channel portfolio,"NSE annual report archive, quote classification and financial-result filings",NSE classification and adjacent value-chain mapping,0.58,True
ind_nifty500,BSE,BSE Ltd.,2024-2025,Core Business,,,,,Core products or services,"NSE annual report archive, quote classification and financial-result filings",NSE classification and business source inventory,0.64,True
ind_nifty500,BSE,BSE Ltd.,2024-2025,Ancillary Business,,,,,Value-added or ancillary services,"NSE annual report archive, quote classification and financial-result filings",NSE classification and adjacent value-chain mapping,0.58,True
ind_nifty500,CAMS,Computer Age Management Services Ltd.,2025-2026,Technology Services,,,,,IT and digital services,"NSE annual report archive, quote classification and financial-result filings",NSE classification and business source inventory,0.64,True
ind_nifty500,CAMS,Computer Age Management Services Ltd.,2025-2026,Technology Services,,,,,Managed services and support,"NSE annual report archive, quote classification and financial-result filings",NSE classification and adjacent value-chain mapping,0.58,True
ind_nifty500,CANBK,Canara Bank,2025-2026,Core Business,,,,,Core products or services,"NSE annual report archive, quote classification and financial-result filings",NSE classification and business source inventory,0.64,True
ind_nifty500,CANBK,Canara Bank,2025-2026,Ancillary Business,,,,,Value-added or ancillary services,"NSE annual report archive, quote classification and financial-result filings",NSE classification and adjacent value-chain mapping,0.58,True
ind_nifty500,CANFINHOME,Can Fin Homes Ltd.,2024-2025,Core Business,,,,,Core products or services,"NSE annual report archive, quote classification and financial-result filings",NSE classification and business source inventory,0.64,True
ind_nifty500,CANFINHOME,Can Fin Homes Ltd.,2024-2025,Ancillary Business,,,,,Value-added or ancillary services,"NSE annual report archive, quote classification and financial-result filings",NSE classification and adjacent value-chain mapping,0.58,True
ind_nifty500,CANHLIFE,Canara HSBC Life Insurance Company Ltd.,2024-2025,Core Business,,,,,Core products or services,"NSE annual report archive, quote classification and financial-result filings",NSE classification and business source inventory,0.64,True
ind_nifty500,CANHLIFE,Canara HSBC Life Insurance Company Ltd.,2024-2025,Ancillary Business,,,,,Value-added or ancillary services,"NSE annual report archive, quote classification and financial-result filings",NSE classification and adjacent value-chain mapping,0.58,True
ind_nifty500,CAPLIPOINT,Caplin Point Laboratories Ltd.,2024-2025,Core Healthcare,,,,,Core healthcare products or services,"NSE annual report archive, quote classification and financial-result filings",NSE classification and business source inventory,0.64,True
ind_nifty500,CAPLIPOINT,Caplin Point Laboratories Ltd.,2024-2025,Specialty and Institutional,,,,,Specialty or institutional portfolio,"NSE annual report archive, quote classification and financial-result filings",NSE classification and adjacent value-chain mapping,0.58,True
ind_nifty500,CARTRADE,Cartrade Tech Ltd.,2024-2025,Consumer Products,,,,,Branded consumer products,"NSE annual report archive, quote classification and financial-result filings",NSE classification and business source inventory,0.64,True
ind_nifty500,CARTRADE,Cartrade Tech Ltd.,2024-2025,Distribution and Channels,,,,,Distribution and channel portfolio,"NSE annual report archive, quote classification and financial-result filings",NSE classification and adjacent value-chain mapping,0.58,True
ind_nifty500,CCL,CCL Products (I) Ltd.,2024-2025,Consumer Products,,,,,Branded consumer products,"NSE annual report archive, quote classification and financial-result filings",NSE classification and business source inventory,0.64,True
ind_nifty500,CCL,CCL Products (I) Ltd.,2024-2025,Distribution and Channels,,,,,Distribution and channel portfolio,"NSE annual report archive, quote classification and financial-result filings",NSE classification and adjacent value-chain mapping,0.58,True
ind_nifty500,CDSL,Central Depository Services (India) Ltd.,2024-2025,Core Business,,,,,Core products or services,"NSE annual report archive, quote classification and financial-result filings",NSE classification and business source inventory,0.64,True
ind_nifty500,CDSL,Central Depository Services (India) Ltd.,2024-2025,Ancillary Business,,,,,Value-added or ancillary services,"NSE annual report archive, quote classification and financial-result filings",NSE classification and adjacent value-chain mapping,0.58,True
ind_nifty500,CENTRALBK,Central Bank of India,2024-2025,Core Business,,,,,Core products or services,"NSE annual report archive, quote classification and financial-result filings",NSE classification and business source inventory,0.64,True
ind_nifty500,CENTRALBK,Central Bank of India,2024-2025,Ancillary Business,,,,,Value-added or ancillary services,"NSE annual report archive, quote classification and financial-result filings",NSE classification and adjacent value-chain mapping,0.58,True
ind_nifty500,CESC,CESC Ltd.,2024-2025,Energy and Utilities,,,,,Energy products or utility services,"NSE annual report archive, quote classification and financial-result filings",NSE classification and business source inventory,0.64,True
ind_nifty500,CESC,CESC Ltd.,2024-2025,Infrastructure,,,,,Network and infrastructure services,"NSE annual report archive, quote classification and financial-result filings",NSE classification and adjacent value-chain mapping,0.58,True
ind_nifty500,CGCL,Capri Global Capital Ltd.,2024-2025,Core Business,,,,,Core products or services,"NSE annual report archive, quote classification and financial-result filings",NSE classification and business source inventory,0.64,True
ind_nifty500,CGCL,Capri Global Capital Ltd.,2024-2025,Ancillary Business,,,,,Value-added or ancillary services,"NSE annual report archive, quote classification and financial-result filings",NSE classification and adjacent value-chain mapping,0.58,True
ind_nifty500,CHALET,Chalet Hotels Ltd.,2024-2025,Consumer Products,,,,,Branded consumer products,"NSE annual report archive, quote classification and financial-result filings",NSE classification and business source inventory,0.64,True
ind_nifty500,CHALET,Chalet Hotels Ltd.,2024-2025,Distribution and Channels,,,,,Distribution and channel portfolio,"NSE annual report archive, quote classification and financial-result filings",NSE classification and adjacent value-chain mapping,0.58,True
ind_nifty500,CHOICEIN,Choice International Ltd.,2024-2025,Core Business,,,,,Core products or services,"NSE annual report archive, quote classification and financial-result filings",NSE classification and business source inventory,0.64,True
ind_nifty500,CHOICEIN,Choice International Ltd.,2024-2025,Ancillary Business,,,,,Value-added or ancillary services,"NSE annual report archive, quote classification and financial-result filings",NSE classification and adjacent value-chain mapping,0.58,True
ind_nifty500,CHOLAFIN,Cholamandalam Investment and Finance Company Ltd.,2024-2025,Core Business,,,,,Core products or services,"NSE annual report archive, quote classification and financial-result filings",NSE classification and business source inventory,0.64,True
ind_nifty500,CHOLAFIN,Cholamandalam Investment and Finance Company Ltd.,2024-2025,Ancillary Business,,,,,Value-added or ancillary services,"NSE annual report archive, quote classification and financial-result filings",NSE classification and adjacent value-chain mapping,0.58,True
ind_nifty500,CHOLAHLDNG,Cholamandalam Financial Holdings Ltd.,2024-2025,Core Business,,,,,Core products or services,"NSE annual report archive, quote classification and financial-result filings",NSE classification and business source inventory,0.64,True
ind_nifty500,CHOLAHLDNG,Cholamandalam Financial Holdings Ltd.,2024-2025,Ancillary Business,,,,,Value-added or ancillary services,"NSE annual report archive, quote classification and financial-result filings",NSE classification and adjacent value-chain mapping,0.58,True
ind_nifty500,CIEINDIA,CIE Automotive India Ltd.,2025-2025,Automotive,,,,,Automotive products or components,"NSE annual report archive, quote classification and financial-result filings",NSE classification and business source inventory,0.64,True
ind_nifty500,CIEINDIA,CIE Automotive India Ltd.,2025-2025,Aftermarket,,,,,Aftermarket and services,"NSE annual report archive, quote classification and financial-result filings",NSE classification and adjacent value-chain mapping,0.58,True
ind_nifty500,CLEAN,Clean Science and Technology Ltd.,2024-2025,Technology Services,,,,,IT and digital services,"NSE annual report archive, quote classification and financial-result filings",NSE classification and business source inventory,0.64,True
ind_nifty500,CLEAN,Clean Science and Technology Ltd.,2024-2025,Technology Services,,,,,Managed services and support,"NSE annual report archive, quote classification and financial-result filings",NSE classification and adjacent value-chain mapping,0.58,True
ind_nifty500,COALINDIA,Coal India Ltd.,2024-2025,Energy and Utilities,,,,,Energy products or utility services,"NSE annual report archive, quote classification and financial-result filings",NSE classification and business source inventory,0.64,True
ind_nifty500,COALINDIA,Coal India Ltd.,2024-2025,Infrastructure,,,,,Network and infrastructure services,"NSE annual report archive, quote classification and financial-result filings",NSE classification and adjacent value-chain mapping,0.58,True
ind_nifty500,COCHINSHIP,Cochin Shipyard Ltd.,2024-2025,Capital Goods,,,,,Industrial equipment and project supplies,"NSE annual report archive, quote classification and financial-result filings",NSE classification and business source inventory,0.64,True
ind_nifty500,COCHINSHIP,Cochin Shipyard Ltd.,2024-2025,Services and Execution,,,,,"Services, spares and execution","NSE annual report archive, quote classification and financial-result filings",NSE classification and adjacent value-chain mapping,0.58,True
ind_nifty500,CONCOR,Container Corporation of India Ltd.,2024-2025,Core Business,,,,,Core products or services,"NSE annual report archive, quote classification and financial-result filings",NSE classification and business source inventory,0.64,True
ind_nifty500,CONCOR,Container Corporation of India Ltd.,2024-2025,Ancillary Business,,,,,Value-added or ancillary services,"NSE annual report archive, quote classification and financial-result filings",NSE classification and adjacent value-chain mapping,0.58,True
ind_nifty500,CRAFTSMAN,Craftsman Automation Ltd.,2024-2025,Automotive,,,,,Automotive products or components,"NSE annual report archive, quote classification and financial-result filings",NSE classification and business source inventory,0.64,True
ind_nifty500,CRAFTSMAN,Craftsman Automation Ltd.,2024-2025,Aftermarket,,,,,Aftermarket and services,"NSE annual report archive, quote classification and financial-result filings",NSE classification and adjacent value-chain mapping,0.58,True
ind_nifty500,CREDITACC,CreditAccess Grameen Ltd.,2025-2026,Core Business,,,,,Core products or services,"NSE annual report archive, quote classification and financial-result filings",NSE classification and business source inventory,0.64,True
ind_nifty500,CREDITACC,CreditAccess Grameen Ltd.,2025-2026,Ancillary Business,,,,,Value-added or ancillary services,"NSE annual report archive, quote classification and financial-result filings",NSE classification and adjacent value-chain mapping,0.58,True
ind_nifty500,CUB,City Union Bank Ltd.,2024-2025,Core Business,,,,,Core products or services,"NSE annual report archive, quote classification and financial-result filings",NSE classification and business source inventory,0.64,True
ind_nifty500,CUB,City Union Bank Ltd.,2024-2025,Ancillary Business,,,,,Value-added or ancillary services,"NSE annual report archive, quote classification and financial-result filings",NSE classification and adjacent value-chain mapping,0.58,True
ind_nifty500,DABUR,Dabur India Ltd.,2024-2025,Consumer Products,,,,,Branded consumer products,"NSE annual report archive, quote classification and financial-result filings",NSE classification and business source inventory,0.64,True
ind_nifty500,DABUR,Dabur India Ltd.,2024-2025,Distribution and Channels,,,,,Distribution and channel portfolio,"NSE annual report archive, quote classification and financial-result filings",NSE classification and adjacent value-chain mapping,0.58,True
ind_nifty500,DATAPATTNS,Data Patterns (India) Ltd.,2024-2025,Capital Goods,,,,,Industrial equipment and project supplies,"NSE annual report archive, quote classification and financial-result filings",NSE classification and business source inventory,0.64,True
ind_nifty500,DATAPATTNS,Data Patterns (India) Ltd.,2024-2025,Services and Execution,,,,,"Services, spares and execution","NSE annual report archive, quote classification and financial-result filings",NSE classification and adjacent value-chain mapping,0.58,True
ind_nifty500,DCMSHRIRAM,DCM Shriram Ltd.,2024-2025,Core Business,,,,,Core products or services,"NSE annual report archive, quote classification and financial-result filings",NSE classification and business source inventory,0.64,True
ind_nifty500,DCMSHRIRAM,DCM Shriram Ltd.,2024-2025,Ancillary Business,,,,,Value-added or ancillary services,"NSE annual report archive, quote classification and financial-result filings",NSE classification and adjacent value-chain mapping,0.58,True
ind_nifty500,DEEPAKFERT,Deepak Fertilisers & Petrochemicals Corp. Ltd.,2024-2025,Chemicals,,,,,Specialty or industrial chemicals,"NSE annual report archive, quote classification and financial-result filings",NSE classification and business source inventory,0.64,True
ind_nifty500,DEEPAKFERT,Deepak Fertilisers & Petrochemicals Corp. Ltd.,2024-2025,Value Added Chemicals,,,,,Formulated or value-added products,"NSE annual report archive, quote classification and financial-result filings",NSE classification and adjacent value-chain mapping,0.58,True
ind_nifty500,DELHIVERY,Delhivery Ltd.,2024-2025,Core Business,,,,,Core products or services,"NSE annual report archive, quote classification and financial-result filings",NSE classification and business source inventory,0.64,True
ind_nifty500,DELHIVERY,Delhivery Ltd.,2024-2025,Ancillary Business,,,,,Value-added or ancillary services,"NSE annual report archive, quote classification and financial-result filings",NSE classification and adjacent value-chain mapping,0.58,True
ind_nifty500,DEVYANI,Devyani International Ltd.,2024-2025,Consumer Products,,,,,Branded consumer products,"NSE annual report archive, quote classification and financial-result filings",NSE classification and business source inventory,0.64,True
ind_nifty500,DEVYANI,Devyani International Ltd.,2024-2025,Distribution and Channels,,,,,Distribution and channel portfolio,"NSE annual report archive, quote classification and financial-result filings",NSE classification and adjacent value-chain mapping,0.58,True
ind_nifty500,DIVISLAB,Divi's Laboratories Ltd.,2024-2025,Core Healthcare,,,,,Core healthcare products or services,"NSE annual report archive, quote classification and financial-result filings",NSE classification and business source inventory,0.64,True
ind_nifty500,DIVISLAB,Divi's Laboratories Ltd.,2024-2025,Specialty and Institutional,,,,,Specialty or institutional portfolio,"NSE annual report archive, quote classification and financial-result filings",NSE classification and adjacent value-chain mapping,0.58,True
ind_nifty500,DLF,DLF Ltd.,2024-2025,Consumer Products,,,,,Branded consumer products,"NSE annual report archive, quote classification and financial-result filings",NSE classification and business source inventory,0.64,True
ind_nifty500,DLF,DLF Ltd.,2024-2025,Distribution and Channels,,,,,Distribution and channel portfolio,"NSE annual report archive, quote classification and financial-result filings",NSE classification and adjacent value-chain mapping,0.58,True
ind_nifty500,EICHERMOT,Eicher Motors Ltd.,2024-2025,Automotive,,,,,Automotive products or components,"NSE annual report archive, quote classification and financial-result filings",NSE classification and business source inventory,0.64,True
ind_nifty500,EICHERMOT,Eicher Motors Ltd.,2024-2025,Aftermarket,,,,,Aftermarket and services,"NSE annual report archive, quote classification and financial-result filings",NSE classification and adjacent value-chain mapping,0.58,True
ind_nifty500,EIDPARRY,E.I.D. Parry (India) Ltd.,2024-2025,Consumer Products,,,,,Branded consumer products,"NSE annual report archive, quote classification and financial-result filings",NSE classification and business source inventory,0.64,True
ind_nifty500,EIDPARRY,E.I.D. Parry (India) Ltd.,2024-2025,Distribution and Channels,,,,,Distribution and channel portfolio,"NSE annual report archive, quote classification and financial-result filings",NSE classification and adjacent value-chain mapping,0.58,True
ind_nifty500,EIHOTEL,EIH Ltd.,2024-2025,Consumer Products,,,,,Branded consumer products,"NSE annual report archive, quote classification and financial-result filings",NSE classification and business source inventory,0.64,True
ind_nifty500,EIHOTEL,EIH Ltd.,2024-2025,Distribution and Channels,,,,,Distribution and channel portfolio,"NSE annual report archive, quote classification and financial-result filings",NSE classification and adjacent value-chain mapping,0.58,True
ind_nifty500,EMMVEE,Emmvee Photovoltaic Power Ltd.,2024-2025,Capital Goods,,,,,Industrial equipment and project supplies,"NSE annual report archive, quote classification and financial-result filings",NSE classification and business source inventory,0.64,True
ind_nifty500,EMMVEE,Emmvee Photovoltaic Power Ltd.,2024-2025,Services and Execution,,,,,"Services, spares and execution","NSE annual report archive, quote classification and financial-result filings",NSE classification and adjacent value-chain mapping,0.58,True
ind_nifty500,ENGINERSIN,Engineers India Ltd.,2024-2025,Capital Goods,,,,,Industrial equipment and project supplies,"NSE annual report archive, quote classification and financial-result filings",NSE classification and business source inventory,0.64,True
ind_nifty500,ENGINERSIN,Engineers India Ltd.,2024-2025,Services and Execution,,,,,"Services, spares and execution","NSE annual report archive, quote classification and financial-result filings",NSE classification and adjacent value-chain mapping,0.58,True
ind_nifty500,ERIS,Eris Lifesciences Ltd.,2024-2025,Core Healthcare,,,,,Core healthcare products or services,"NSE annual report archive, quote classification and financial-result filings",NSE classification and business source inventory,0.64,True
ind_nifty500,ERIS,Eris Lifesciences Ltd.,2024-2025,Specialty and Institutional,,,,,Specialty or institutional portfolio,"NSE annual report archive, quote classification and financial-result filings",NSE classification and adjacent value-chain mapping,0.58,True
ind_nifty500,ESCORTS,Escorts Kubota Ltd.,2024-2025,Automotive,,,,,Automotive products or components,"NSE annual report archive, quote classification and financial-result filings",NSE classification and business source inventory,0.64,True
ind_nifty500,ESCORTS,Escorts Kubota Ltd.,2024-2025,Aftermarket,,,,,Aftermarket and services,"NSE annual report archive, quote classification and financial-result filings",NSE classification and adjacent value-chain mapping,0.58,True
ind_nifty500,ETERNAL,Eternal Ltd.,2024-2025,Consumer Products,,,,,Branded consumer products,"NSE annual report archive, quote classification and financial-result filings",NSE classification and business source inventory,0.64,True
ind_nifty500,ETERNAL,Eternal Ltd.,2024-2025,Distribution and Channels,,,,,Distribution and channel portfolio,"NSE annual report archive, quote classification and financial-result filings",NSE classification and adjacent value-chain mapping,0.58,True
ind_nifty500,FACT,Fertilisers and Chemicals Travancore Ltd.,2024-2025,Chemicals,,,,,Specialty or industrial chemicals,"NSE annual report archive, quote classification and financial-result filings",NSE classification and business source inventory,0.64,True
ind_nifty500,FACT,Fertilisers and Chemicals Travancore Ltd.,2024-2025,Value Added Chemicals,,,,,Formulated or value-added products,"NSE annual report archive, quote classification and financial-result filings",NSE classification and adjacent value-chain mapping,0.58,True
ind_nifty500,FEDERALBNK,Federal Bank Ltd.,2024-2025,Core Business,,,,,Core products or services,"NSE annual report archive, quote classification and financial-result filings",NSE classification and business source inventory,0.64,True
ind_nifty500,FEDERALBNK,Federal Bank Ltd.,2024-2025,Ancillary Business,,,,,Value-added or ancillary services,"NSE annual report archive, quote classification and financial-result filings",NSE classification and adjacent value-chain mapping,0.58,True
ind_nifty500,FIVESTAR,Five-Star Business Finance Ltd.,2024-2025,Core Business,,,,,Core products or services,"NSE annual report archive, quote classification and financial-result filings",NSE classification and business source inventory,0.64,True
ind_nifty500,FIVESTAR,Five-Star Business Finance Ltd.,2024-2025,Ancillary Business,,,,,Value-added or ancillary services,"NSE annual report archive, quote classification and financial-result filings",NSE classification and adjacent value-chain mapping,0.58,True
ind_nifty500,GESHIP,Great Eastern Shipping Co. Ltd.,2024-2025,Core Business,,,,,Core products or services,"NSE annual report archive, quote classification and financial-result filings",NSE classification and business source inventory,0.64,True
ind_nifty500,GESHIP,Great Eastern Shipping Co. Ltd.,2024-2025,Ancillary Business,,,,,Value-added or ancillary services,"NSE annual report archive, quote classification and financial-result filings",NSE classification and adjacent value-chain mapping,0.58,True
ind_nifty500,GICRE,General Insurance Corporation of India,2024-2025,Core Business,,,,,Core products or services,"NSE annual report archive, quote classification and financial-result filings",NSE classification and business source inventory,0.64,True
ind_nifty500,GICRE,General Insurance Corporation of India,2024-2025,Ancillary Business,,,,,Value-added or ancillary services,"NSE annual report archive, quote classification and financial-result filings",NSE classification and adjacent value-chain mapping,0.58,True
ind_nifty500,GLAND,Gland Pharma Ltd.,2024-2025,Core Healthcare,,,,,Core healthcare products or services,"NSE annual report archive, quote classification and financial-result filings",NSE classification and business source inventory,0.64,True
ind_nifty500,GLAND,Gland Pharma Ltd.,2024-2025,Specialty and Institutional,,,,,Specialty or institutional portfolio,"NSE annual report archive, quote classification and financial-result filings",NSE classification and adjacent value-chain mapping,0.58,True
ind_nifty500,GLAXO,Glaxosmithkline Pharmaceuticals Ltd.,2025-2026,Core Healthcare,,,,,Core healthcare products or services,"NSE annual report archive, quote classification and financial-result filings",NSE classification and business source inventory,0.64,True
ind_nifty500,GLAXO,Glaxosmithkline Pharmaceuticals Ltd.,2025-2026,Specialty and Institutional,,,,,Specialty or institutional portfolio,"NSE annual report archive, quote classification and financial-result filings",NSE classification and adjacent value-chain mapping,0.58,True
ind_nifty500,GMDCLTD,Gujarat Mineral Development Corporation Ltd.,2024-2025,Metals,,,,,Metal products,"NSE annual report archive, quote classification and financial-result filings",NSE classification and business source inventory,0.64,True
ind_nifty500,GMDCLTD,Gujarat Mineral Development Corporation Ltd.,2024-2025,Value Added Metals,,,,,Value-added metal products,"NSE annual report archive, quote classification and financial-result filings",NSE classification and adjacent value-chain mapping,0.58,True
ind_nifty500,GMRAIRPORT,GMR Airports Ltd.,2024-2025,Capital Goods,,,,,Industrial equipment and project supplies,"NSE annual report archive, quote classification and financial-result filings",NSE classification and business source inventory,0.64,True
ind_nifty500,GMRAIRPORT,GMR Airports Ltd.,2024-2025,Services and Execution,,,,,"Services, spares and execution","NSE annual report archive, quote classification and financial-result filings",NSE classification and adjacent value-chain mapping,0.58,True
ind_nifty500,GODFRYPHLP,Godfrey Phillips India Ltd.,2024-2025,Consumer Products,,,,,Branded consumer products,"NSE annual report archive, quote classification and financial-result filings",NSE classification and business source inventory,0.64,True
ind_nifty500,GODFRYPHLP,Godfrey Phillips India Ltd.,2024-2025,Distribution and Channels,,,,,Distribution and channel portfolio,"NSE annual report archive, quote classification and financial-result filings",NSE classification and adjacent value-chain mapping,0.58,True
ind_nifty500,GODIGIT,Go Digit General Insurance Ltd.,2024-2025,Core Business,,,,,Core products or services,"NSE annual report archive, quote classification and financial-result filings",NSE classification and business source inventory,0.64,True
ind_nifty500,GODIGIT,Go Digit General Insurance Ltd.,2024-2025,Ancillary Business,,,,,Value-added or ancillary services,"NSE annual report archive, quote classification and financial-result filings",NSE classification and adjacent value-chain mapping,0.58,True
ind_nifty500,GODREJIND,Godrej Industries Ltd.,2024-2025,Core Business,,,,,Core products or services,"NSE annual report archive, quote classification and financial-result filings",NSE classification and business source inventory,0.64,True
ind_nifty500,GODREJIND,Godrej Industries Ltd.,2024-2025,Ancillary Business,,,,,Value-added or ancillary services,"NSE annual report archive, quote classification and financial-result filings",NSE classification and adjacent value-chain mapping,0.58,True
ind_nifty500,GODREJPROP,Godrej Properties Ltd.,2024-2025,Consumer Products,,,,,Branded consumer products,"NSE annual report archive, quote classification and financial-result filings",NSE classification and business source inventory,0.64,True
ind_nifty500,GODREJPROP,Godrej Properties Ltd.,2024-2025,Distribution and Channels,,,,,Distribution and channel portfolio,"NSE annual report archive, quote classification and financial-result filings",NSE classification and adjacent value-chain mapping,0.58,True
ind_nifty500,GRAPHITE,Graphite India Ltd.,2024-2025,Capital Goods,,,,,Industrial equipment and project supplies,"NSE annual report archive, quote classification and financial-result filings",NSE classification and business source inventory,0.64,True
ind_nifty500,GRAPHITE,Graphite India Ltd.,2024-2025,Services and Execution,,,,,"Services, spares and execution","NSE annual report archive, quote classification and financial-result filings",NSE classification and adjacent value-chain mapping,0.58,True
ind_nifty500,GRASIM,Grasim Industries Ltd.,2024-2025,Capital Goods,,,,,Industrial equipment and project supplies,"NSE annual report archive, quote classification and financial-result filings",NSE classification and business source inventory,0.64,True
ind_nifty500,GRASIM,Grasim Industries Ltd.,2024-2025,Services and Execution,,,,,"Services, spares and execution","NSE annual report archive, quote classification and financial-result filings",NSE classification and adjacent value-chain mapping,0.58,True
ind_nifty500,GROWW,Billionbrains Garage Ventures Ltd.,2024-2025,Core Business,,,,,Core products or services,"NSE annual report archive, quote classification and financial-result filings",NSE classification and business source inventory,0.64,True
ind_nifty500,GROWW,Billionbrains Garage Ventures Ltd.,2024-2025,Ancillary Business,,,,,Value-added or ancillary services,"NSE annual report archive, quote classification and financial-result filings",NSE classification and adjacent value-chain mapping,0.58,True
ind_nifty500,GRSE,Garden Reach Shipbuilders & Engineers Ltd.,2024-2025,Capital Goods,,,,,Industrial equipment and project supplies,"NSE annual report archive, quote classification and financial-result filings",NSE classification and business source inventory,0.64,True
ind_nifty500,GRSE,Garden Reach Shipbuilders & Engineers Ltd.,2024-2025,Services and Execution,,,,,"Services, spares and execution","NSE annual report archive, quote classification and financial-result filings",NSE classification and adjacent value-chain mapping,0.58,True
ind_nifty500,HAL,Hindustan Aeronautics Ltd.,2024-2025,Capital Goods,,,,,Industrial equipment and project supplies,"NSE annual report archive, quote classification and financial-result filings",NSE classification and business source inventory,0.64,True
ind_nifty500,HAL,Hindustan Aeronautics Ltd.,2024-2025,Services and Execution,,,,,"Services, spares and execution","NSE annual report archive, quote classification and financial-result filings",NSE classification and adjacent value-chain mapping,0.58,True
ind_nifty500,HBLENGINE,HBL Engineering Ltd.,2024-2025,Capital Goods,,,,,Industrial equipment and project supplies,"NSE annual report archive, quote classification and financial-result filings",NSE classification and business source inventory,0.64,True
ind_nifty500,HBLENGINE,HBL Engineering Ltd.,2024-2025,Services and Execution,,,,,"Services, spares and execution","NSE annual report archive, quote classification and financial-result filings",NSE classification and adjacent value-chain mapping,0.58,True
ind_nifty500,HDBFS,HDB Financial Services Ltd.,2025-2026,Core Business,,,,,Core products or services,"NSE annual report archive, quote classification and financial-result filings",NSE classification and business source inventory,0.64,True
ind_nifty500,HDBFS,HDB Financial Services Ltd.,2025-2026,Ancillary Business,,,,,Value-added or ancillary services,"NSE annual report archive, quote classification and financial-result filings",NSE classification and adjacent value-chain mapping,0.58,True
ind_nifty500,HDFCAMC,HDFC Asset Management Company Ltd.,2025-2026,Core Business,,,,,Core products or services,"NSE annual report archive, quote classification and financial-result filings",NSE classification and business source inventory,0.64,True
ind_nifty500,HDFCAMC,HDFC Asset Management Company Ltd.,2025-2026,Ancillary Business,,,,,Value-added or ancillary services,"NSE annual report archive, quote classification and financial-result filings",NSE classification and adjacent value-chain mapping,0.58,True
ind_nifty500,HDFCBANK,HDFC Bank Ltd.,2024-2025,Core Business,,,,,Core products or services,"NSE annual report archive, quote classification and financial-result filings",NSE classification and business source inventory,0.64,True
ind_nifty500,HDFCBANK,HDFC Bank Ltd.,2024-2025,Ancillary Business,,,,,Value-added or ancillary services,"NSE annual report archive, quote classification and financial-result filings",NSE classification and adjacent value-chain mapping,0.58,True
ind_nifty500,HDFCLIFE,HDFC Life Insurance Company Ltd.,2024-2025,Core Business,,,,,Core products or services,"NSE annual report archive, quote classification and financial-result filings",NSE classification and business source inventory,0.64,True
ind_nifty500,HDFCLIFE,HDFC Life Insurance Company Ltd.,2024-2025,Ancillary Business,,,,,Value-added or ancillary services,"NSE annual report archive, quote classification and financial-result filings",NSE classification and adjacent value-chain mapping,0.58,True
ind_nifty500,HINDPETRO,Hindustan Petroleum Corporation Ltd.,2024-2025,Energy and Utilities,,,,,Energy products or utility services,"NSE annual report archive, quote classification and financial-result filings",NSE classification and business source inventory,0.64,True
ind_nifty500,HINDPETRO,Hindustan Petroleum Corporation Ltd.,2024-2025,Infrastructure,,,,,Network and infrastructure services,"NSE annual report archive, quote classification and financial-result filings",NSE classification and adjacent value-chain mapping,0.58,True
ind_nifty500,HINDZINC,Hindustan Zinc Ltd.,2025-2026,Metals,,,,,Metal products,"NSE annual report archive, quote classification and financial-result filings",NSE classification and business source inventory,0.64,True
ind_nifty500,HINDZINC,Hindustan Zinc Ltd.,2025-2026,Value Added Metals,,,,,Value-added metal products,"NSE annual report archive, quote classification and financial-result filings",NSE classification and adjacent value-chain mapping,0.58,True
ind_nifty500,HOMEFIRST,Home First Finance Company India Ltd.,2025-2026,Core Business,,,,,Core products or services,"NSE annual report archive, quote classification and financial-result filings",NSE classification and business source inventory,0.64,True
ind_nifty500,HOMEFIRST,Home First Finance Company India Ltd.,2025-2026,Ancillary Business,,,,,Value-added or ancillary services,"NSE annual report archive, quote classification and financial-result filings",NSE classification and adjacent value-chain mapping,0.58,True
ind_nifty500,HONASA,Honasa Consumer Ltd.,2024-2025,Consumer Products,,,,,Branded consumer products,"NSE annual report archive, quote classification and financial-result filings",NSE classification and business source inventory,0.64,True
ind_nifty500,HONASA,Honasa Consumer Ltd.,2024-2025,Distribution and Channels,,,,,Distribution and channel portfolio,"NSE annual report archive, quote classification and financial-result filings",NSE classification and adjacent value-chain mapping,0.58,True
ind_nifty500,HONAUT,Honeywell Automation India Ltd.,2024-2025,Automotive,,,,,Automotive products or components,"NSE annual report archive, quote classification and financial-result filings",NSE classification and business source inventory,0.64,True
ind_nifty500,HONAUT,Honeywell Automation India Ltd.,2024-2025,Aftermarket,,,,,Aftermarket and services,"NSE annual report archive, quote classification and financial-result filings",NSE classification and adjacent value-chain mapping,0.58,True
ind_nifty500,HUDCO,Housing & Urban Development Corporation Ltd.,2024-2025,Core Business,,,,,Core products or services,"NSE annual report archive, quote classification and financial-result filings",NSE classification and business source inventory,0.64,True
ind_nifty500,HUDCO,Housing & Urban Development Corporation Ltd.,2024-2025,Ancillary Business,,,,,Value-added or ancillary services,"NSE annual report archive, quote classification and financial-result filings",NSE classification and adjacent value-chain mapping,0.58,True
ind_nifty500,ICICIAMC,ICICI Prudential Asset Management Company Ltd.,2025-2026,Core Business,,,,,Core products or services,"NSE annual report archive, quote classification and financial-result filings",NSE classification and business source inventory,0.64,True
ind_nifty500,ICICIAMC,ICICI Prudential Asset Management Company Ltd.,2025-2026,Ancillary Business,,,,,Value-added or ancillary services,"NSE annual report archive, quote classification and financial-result filings",NSE classification and adjacent value-chain mapping,0.58,True
ind_nifty500,ICICIBANK,ICICI Bank Ltd.,2024-2025,Core Business,,,,,Core products or services,"NSE annual report archive, quote classification and financial-result filings",NSE classification and business source inventory,0.64,True
ind_nifty500,ICICIBANK,ICICI Bank Ltd.,2024-2025,Ancillary Business,,,,,Value-added or ancillary services,"NSE annual report archive, quote classification and financial-result filings",NSE classification and adjacent value-chain mapping,0.58,True
ind_nifty500,ICICIGI,ICICI Lombard General Insurance Company Ltd.,2025-2026,Core Business,,,,,Core products or services,"NSE annual report archive, quote classification and financial-result filings",NSE classification and business source inventory,0.64,True
ind_nifty500,ICICIGI,ICICI Lombard General Insurance Company Ltd.,2025-2026,Ancillary Business,,,,,Value-added or ancillary services,"NSE annual report archive, quote classification and financial-result filings",NSE classification and adjacent value-chain mapping,0.58,True
ind_nifty500,ICICIPRULI,ICICI Prudential Life Insurance Company Ltd.,2025-2026,Core Business,,,,,Core products or services,"NSE annual report archive, quote classification and financial-result filings",NSE classification and business source inventory,0.64,True
ind_nifty500,ICICIPRULI,ICICI Prudential Life Insurance Company Ltd.,2025-2026,Ancillary Business,,,,,Value-added or ancillary services,"NSE annual report archive, quote classification and financial-result filings",NSE classification and adjacent value-chain mapping,0.58,True
ind_nifty500,IDBI,IDBI Bank Ltd.,2024-2025,Core Business,,,,,Core products or services,"NSE annual report archive, quote classification and financial-result filings",NSE classification and business source inventory,0.64,True
ind_nifty500,IDBI,IDBI Bank Ltd.,2024-2025,Ancillary Business,,,,,Value-added or ancillary services,"NSE annual report archive, quote classification and financial-result filings",NSE classification and adjacent value-chain mapping,0.58,True
ind_nifty500,IDEA,Vodafone Idea Ltd.,2024-2025,Core Business,,,,,Core products or services,"NSE annual report archive, quote classification and financial-result filings",NSE classification and business source inventory,0.64,True
ind_nifty500,IDEA,Vodafone Idea Ltd.,2024-2025,Ancillary Business,,,,,Value-added or ancillary services,"NSE annual report archive, quote classification and financial-result filings",NSE classification and adjacent value-chain mapping,0.58,True
ind_nifty500,IDFCFIRSTB,IDFC First Bank Ltd.,2024-2025,Core Business,,,,,Core products or services,"NSE annual report archive, quote classification and financial-result filings",NSE classification and business source inventory,0.64,True
ind_nifty500,IDFCFIRSTB,IDFC First Bank Ltd.,2024-2025,Ancillary Business,,,,,Value-added or ancillary services,"NSE annual report archive, quote classification and financial-result filings",NSE classification and adjacent value-chain mapping,0.58,True
ind_nifty500,IEX,Indian Energy Exchange Ltd.,2024-2025,Energy and Utilities,,,,,Energy products or utility services,"NSE annual report archive, quote classification and financial-result filings",NSE classification and business source inventory,0.64,True
ind_nifty500,IEX,Indian Energy Exchange Ltd.,2024-2025,Infrastructure,,,,,Network and infrastructure services,"NSE annual report archive, quote classification and financial-result filings",NSE classification and adjacent value-chain mapping,0.58,True
ind_nifty500,IFCI,IFCI Ltd.,2024-2025,Core Business,,,,,Core products or services,"NSE annual report archive, quote classification and financial-result filings",NSE classification and business source inventory,0.64,True
ind_nifty500,IFCI,IFCI Ltd.,2024-2025,Ancillary Business,,,,,Value-added or ancillary services,"NSE annual report archive, quote classification and financial-result filings",NSE classification and adjacent value-chain mapping,0.58,True
ind_nifty500,IGIL,International Gemological Institute Ltd.,2024-2024,Core Business,,,,,Core products or services,"NSE annual report archive, quote classification and financial-result filings",NSE classification and business source inventory,0.64,True
ind_nifty500,IGIL,International Gemological Institute Ltd.,2024-2024,Ancillary Business,,,,,Value-added or ancillary services,"NSE annual report archive, quote classification and financial-result filings",NSE classification and adjacent value-chain mapping,0.58,True
ind_nifty500,IIFL,IIFL Finance Ltd.,2024-2025,Core Business,,,,,Core products or services,"NSE annual report archive, quote classification and financial-result filings",NSE classification and business source inventory,0.64,True
ind_nifty500,IIFL,IIFL Finance Ltd.,2024-2025,Ancillary Business,,,,,Value-added or ancillary services,"NSE annual report archive, quote classification and financial-result filings",NSE classification and adjacent value-chain mapping,0.58,True
ind_nifty500,IKS,Inventurus Knowledge Solutions Ltd.,2024-2025,Technology Services,,,,,IT and digital services,"NSE annual report archive, quote classification and financial-result filings",NSE classification and business source inventory,0.64,True
ind_nifty500,IKS,Inventurus Knowledge Solutions Ltd.,2024-2025,Technology Services,,,,,Managed services and support,"NSE annual report archive, quote classification and financial-result filings",NSE classification and adjacent value-chain mapping,0.58,True
ind_nifty500,INDGN,Indegene Ltd.,2024-2025,Core Healthcare,,,,,Core healthcare products or services,"NSE annual report archive, quote classification and financial-result filings",NSE classification and business source inventory,0.64,True
ind_nifty500,INDGN,Indegene Ltd.,2024-2025,Specialty and Institutional,,,,,Specialty or institutional portfolio,"NSE annual report archive, quote classification and financial-result filings",NSE classification and adjacent value-chain mapping,0.58,True
ind_nifty500,INDHOTEL,Indian Hotels Co. Ltd.,2025-2026,Consumer Products,,,,,Branded consumer products,"NSE annual report archive, quote classification and financial-result filings",NSE classification and business source inventory,0.64,True
ind_nifty500,INDHOTEL,Indian Hotels Co. Ltd.,2025-2026,Distribution and Channels,,,,,Distribution and channel portfolio,"NSE annual report archive, quote classification and financial-result filings",NSE classification and adjacent value-chain mapping,0.58,True
ind_nifty500,INDIACEM,India Cements Ltd.,2024-2025,Capital Goods,,,,,Industrial equipment and project supplies,"NSE annual report archive, quote classification and financial-result filings",NSE classification and business source inventory,0.64,True
ind_nifty500,INDIACEM,India Cements Ltd.,2024-2025,Services and Execution,,,,,"Services, spares and execution","NSE annual report archive, quote classification and financial-result filings",NSE classification and adjacent value-chain mapping,0.58,True
ind_nifty500,INDIAMART,Indiamart Intermesh Ltd.,2025-2026,Consumer Products,,,,,Branded consumer products,"NSE annual report archive, quote classification and financial-result filings",NSE classification and business source inventory,0.64,True
ind_nifty500,INDIAMART,Indiamart Intermesh Ltd.,2025-2026,Distribution and Channels,,,,,Distribution and channel portfolio,"NSE annual report archive, quote classification and financial-result filings",NSE classification and adjacent value-chain mapping,0.58,True
ind_nifty500,INDIANB,Indian Bank,2025-2026,Core Business,,,,,Core products or services,"NSE annual report archive, quote classification and financial-result filings",NSE classification and business source inventory,0.64,True
ind_nifty500,INDIANB,Indian Bank,2025-2026,Ancillary Business,,,,,Value-added or ancillary services,"NSE annual report archive, quote classification and financial-result filings",NSE classification and adjacent value-chain mapping,0.58,True
ind_nifty500,INDIGO,InterGlobe Aviation Ltd.,2024-2025,Core Business,,,,,Core products or services,"NSE annual report archive, quote classification and financial-result filings",NSE classification and business source inventory,0.64,True
ind_nifty500,INDIGO,InterGlobe Aviation Ltd.,2024-2025,Ancillary Business,,,,,Value-added or ancillary services,"NSE annual report archive, quote classification and financial-result filings",NSE classification and adjacent value-chain mapping,0.58,True
ind_nifty500,INDUSINDBK,IndusInd Bank Ltd.,2024-2025,Core Business,,,,,Core products or services,"NSE annual report archive, quote classification and financial-result filings",NSE classification and business source inventory,0.64,True
ind_nifty500,INDUSINDBK,IndusInd Bank Ltd.,2024-2025,Ancillary Business,,,,,Value-added or ancillary services,"NSE annual report archive, quote classification and financial-result filings",NSE classification and adjacent value-chain mapping,0.58,True
ind_nifty500,INTELLECT,Intellect Design Arena Ltd.,2024-2025,Technology Services,,,,,IT and digital services,"NSE annual report archive, quote classification and financial-result filings",NSE classification and business source inventory,0.64,True
ind_nifty500,INTELLECT,Intellect Design Arena Ltd.,2024-2025,Technology Services,,,,,Managed services and support,"NSE annual report archive, quote classification and financial-result filings",NSE classification and adjacent value-chain mapping,0.58,True
ind_nifty500,IOB,Indian Overseas Bank,2025-2026,Core Business,,,,,Core products or services,"NSE annual report archive, quote classification and financial-result filings",NSE classification and business source inventory,0.64,True
ind_nifty500,IOB,Indian Overseas Bank,2025-2026,Ancillary Business,,,,,Value-added or ancillary services,"NSE annual report archive, quote classification and financial-result filings",NSE classification and adjacent value-chain mapping,0.58,True
ind_nifty500,IOC,Indian Oil Corporation Ltd.,2024-2025,Energy and Utilities,,,,,Energy products or utility services,"NSE annual report archive, quote classification and financial-result filings",NSE classification and business source inventory,0.64,True
ind_nifty500,IOC,Indian Oil Corporation Ltd.,2024-2025,Infrastructure,,,,,Network and infrastructure services,"NSE annual report archive, quote classification and financial-result filings",NSE classification and adjacent value-chain mapping,0.58,True
ind_nifty500,IRB,IRB Infrastructure Developers Ltd.,2024-2025,Capital Goods,,,,,Industrial equipment and project supplies,"NSE annual report archive, quote classification and financial-result filings",NSE classification and business source inventory,0.64,True
ind_nifty500,IRB,IRB Infrastructure Developers Ltd.,2024-2025,Services and Execution,,,,,"Services, spares and execution","NSE annual report archive, quote classification and financial-result filings",NSE classification and adjacent value-chain mapping,0.58,True
ind_nifty500,IRCON,IRCON International Ltd.,2024-2025,Capital Goods,,,,,Industrial equipment and project supplies,"NSE annual report archive, quote classification and financial-result filings",NSE classification and business source inventory,0.64,True
ind_nifty500,IRCON,IRCON International Ltd.,2024-2025,Services and Execution,,,,,"Services, spares and execution","NSE annual report archive, quote classification and financial-result filings",NSE classification and adjacent value-chain mapping,0.58,True
ind_nifty500,IRCTC,Indian Railway Catering And Tourism Corporation Ltd.,2024-2025,Consumer Products,,,,,Branded consumer products,"NSE annual report archive, quote classification and financial-result filings",NSE classification and business source inventory,0.64,True
ind_nifty500,IRCTC,Indian Railway Catering And Tourism Corporation Ltd.,2024-2025,Distribution and Channels,,,,,Distribution and channel portfolio,"NSE annual report archive, quote classification and financial-result filings",NSE classification and adjacent value-chain mapping,0.58,True
ind_nifty500,IREDA,Indian Renewable Energy Development Agency Ltd.,2024-2025,Energy and Utilities,,,,,Energy products or utility services,"NSE annual report archive, quote classification and financial-result filings",NSE classification and business source inventory,0.64,True
ind_nifty500,IREDA,Indian Renewable Energy Development Agency Ltd.,2024-2025,Infrastructure,,,,,Network and infrastructure services,"NSE annual report archive, quote classification and financial-result filings",NSE classification and adjacent value-chain mapping,0.58,True
ind_nifty500,IRFC,Indian Railway Finance Corporation Ltd.,2024-2025,Core Business,,,,,Core products or services,"NSE annual report archive, quote classification and financial-result filings",NSE classification and business source inventory,0.64,True
ind_nifty500,IRFC,Indian Railway Finance Corporation Ltd.,2024-2025,Ancillary Business,,,,,Value-added or ancillary services,"NSE annual report archive, quote classification and financial-result filings",NSE classification and adjacent value-chain mapping,0.58,True
ind_nifty500,ITC,ITC Ltd.,2024-2025,Consumer Products,,,,,Branded consumer products,"NSE annual report archive, quote classification and financial-result filings",NSE classification and business source inventory,0.64,True
ind_nifty500,ITC,ITC Ltd.,2024-2025,Distribution and Channels,,,,,Distribution and channel portfolio,"NSE annual report archive, quote classification and financial-result filings",NSE classification and adjacent value-chain mapping,0.58,True
ind_nifty500,ITCHOTELS,ITC Hotels Ltd.,2024-2025,Consumer Products,,,,,Branded consumer products,"NSE annual report archive, quote classification and financial-result filings",NSE classification and business source inventory,0.64,True
ind_nifty500,ITCHOTELS,ITC Hotels Ltd.,2024-2025,Distribution and Channels,,,,,Distribution and channel portfolio,"NSE annual report archive, quote classification and financial-result filings",NSE classification and adjacent value-chain mapping,0.58,True
ind_nifty500,J&KBANK,Jammu & Kashmir Bank Ltd.,2024-2025,Core Business,,,,,Core products or services,"NSE annual report archive, quote classification and financial-result filings",NSE classification and business source inventory,0.64,True
ind_nifty500,J&KBANK,Jammu & Kashmir Bank Ltd.,2024-2025,Ancillary Business,,,,,Value-added or ancillary services,"NSE annual report archive, quote classification and financial-result filings",NSE classification and adjacent value-chain mapping,0.58,True
ind_nifty500,JAINREC,Jain Resource Recycling Ltd.,2024-2025,Metals,,,,,Metal products,"NSE annual report archive, quote classification and financial-result filings",NSE classification and business source inventory,0.64,True
ind_nifty500,JAINREC,Jain Resource Recycling Ltd.,2024-2025,Value Added Metals,,,,,Value-added metal products,"NSE annual report archive, quote classification and financial-result filings",NSE classification and adjacent value-chain mapping,0.58,True
ind_nifty500,JBMA,JBM Auto Ltd.,2024-2025,Automotive,,,,,Automotive products or components,"NSE annual report archive, quote classification and financial-result filings",NSE classification and business source inventory,0.64,True
ind_nifty500,JBMA,JBM Auto Ltd.,2024-2025,Aftermarket,,,,,Aftermarket and services,"NSE annual report archive, quote classification and financial-result filings",NSE classification and adjacent value-chain mapping,0.58,True
ind_nifty500,JIOFIN,Jio Financial Services Ltd.,2024-2025,Core Business,,,,,Core products or services,"NSE annual report archive, quote classification and financial-result filings",NSE classification and business source inventory,0.64,True
ind_nifty500,JIOFIN,Jio Financial Services Ltd.,2024-2025,Ancillary Business,,,,,Value-added or ancillary services,"NSE annual report archive, quote classification and financial-result filings",NSE classification and adjacent value-chain mapping,0.58,True
ind_nifty500,JKCEMENT,J.K. Cement Ltd.,2024-2025,Capital Goods,,,,,Industrial equipment and project supplies,"NSE annual report archive, quote classification and financial-result filings",NSE classification and business source inventory,0.64,True
ind_nifty500,JKCEMENT,J.K. Cement Ltd.,2024-2025,Services and Execution,,,,,"Services, spares and execution","NSE annual report archive, quote classification and financial-result filings",NSE classification and adjacent value-chain mapping,0.58,True
ind_nifty500,JKTYRE,JK Tyre & Industries Ltd.,2024-2025,Automotive,,,,,Automotive products or components,"NSE annual report archive, quote classification and financial-result filings",NSE classification and business source inventory,0.64,True
ind_nifty500,JKTYRE,JK Tyre & Industries Ltd.,2024-2025,Aftermarket,,,,,Aftermarket and services,"NSE annual report archive, quote classification and financial-result filings",NSE classification and adjacent value-chain mapping,0.58,True
ind_nifty500,JMFINANCIL,JM Financial Ltd.,2024-2025,Core Business,,,,,Core products or services,"NSE annual report archive, quote classification and financial-result filings",NSE classification and business source inventory,0.64,True
ind_nifty500,JMFINANCIL,JM Financial Ltd.,2024-2025,Ancillary Business,,,,,Value-added or ancillary services,"NSE annual report archive, quote classification and financial-result filings",NSE classification and adjacent value-chain mapping,0.58,True
ind_nifty500,JPPOWER,Jaiprakash Power Ventures Ltd.,2024-2025,Energy and Utilities,,,,,Energy products or utility services,"NSE annual report archive, quote classification and financial-result filings",NSE classification and business source inventory,0.64,True
ind_nifty500,JPPOWER,Jaiprakash Power Ventures Ltd.,2024-2025,Infrastructure,,,,,Network and infrastructure services,"NSE annual report archive, quote classification and financial-result filings",NSE classification and adjacent value-chain mapping,0.58,True
ind_nifty500,JSWCEMENT,JSW Cement Ltd.,2024-2025,Capital Goods,,,,,Industrial equipment and project supplies,"NSE annual report archive, quote classification and financial-result filings",NSE classification and business source inventory,0.64,True
ind_nifty500,JSWCEMENT,JSW Cement Ltd.,2024-2025,Services and Execution,,,,,"Services, spares and execution","NSE annual report archive, quote classification and financial-result filings",NSE classification and adjacent value-chain mapping,0.58,True
ind_nifty500,JSWENERGY,JSW Energy Ltd.,2025-2026,Energy and Utilities,,,,,Energy products or utility services,"NSE annual report archive, quote classification and financial-result filings",NSE classification and business source inventory,0.64,True
ind_nifty500,JSWENERGY,JSW Energy Ltd.,2025-2026,Infrastructure,,,,,Network and infrastructure services,"NSE annual report archive, quote classification and financial-result filings",NSE classification and adjacent value-chain mapping,0.58,True
ind_nifty500,JSWINFRA,JSW Infrastructure Ltd.,2024-2025,Capital Goods,,,,,Industrial equipment and project supplies,"NSE annual report archive, quote classification and financial-result filings",NSE classification and business source inventory,0.64,True
ind_nifty500,JSWINFRA,JSW Infrastructure Ltd.,2024-2025,Services and Execution,,,,,"Services, spares and execution","NSE annual report archive, quote classification and financial-result filings",NSE classification and adjacent value-chain mapping,0.58,True
ind_nifty500,JSWSTEEL,JSW Steel Ltd.,2024-2025,Metals,,,,,Metal products,"NSE annual report archive, quote classification and financial-result filings",NSE classification and business source inventory,0.64,True
ind_nifty500,JSWSTEEL,JSW Steel Ltd.,2024-2025,Value Added Metals,,,,,Value-added metal products,"NSE annual report archive, quote classification and financial-result filings",NSE classification and adjacent value-chain mapping,0.58,True
ind_nifty500,JUBLFOOD,Jubilant Foodworks Ltd.,2024-2025,Consumer Products,,,,,Branded consumer products,"NSE annual report archive, quote classification and financial-result filings",NSE classification and business source inventory,0.64,True
ind_nifty500,JUBLFOOD,Jubilant Foodworks Ltd.,2024-2025,Distribution and Channels,,,,,Distribution and channel portfolio,"NSE annual report archive, quote classification and financial-result filings",NSE classification and adjacent value-chain mapping,0.58,True
ind_nifty500,KALYANKJIL,Kalyan Jewellers India Ltd.,2024-2025,Consumer Products,,,,,Branded consumer products,"NSE annual report archive, quote classification and financial-result filings",NSE classification and business source inventory,0.64,True
ind_nifty500,KALYANKJIL,Kalyan Jewellers India Ltd.,2024-2025,Distribution and Channels,,,,,Distribution and channel portfolio,"NSE annual report archive, quote classification and financial-result filings",NSE classification and adjacent value-chain mapping,0.58,True
ind_nifty500,KARURVYSYA,Karur Vysya Bank Ltd.,2024-2025,Core Business,,,,,Core products or services,"NSE annual report archive, quote classification and financial-result filings",NSE classification and business source inventory,0.64,True
ind_nifty500,KARURVYSYA,Karur Vysya Bank Ltd.,2024-2025,Ancillary Business,,,,,Value-added or ancillary services,"NSE annual report archive, quote classification and financial-result filings",NSE classification and adjacent value-chain mapping,0.58,True
ind_nifty500,KAYNES,Kaynes Technology India Ltd.,2024-2025,Technology Services,,,,,IT and digital services,"NSE annual report archive, quote classification and financial-result filings",NSE classification and business source inventory,0.64,True
ind_nifty500,KAYNES,Kaynes Technology India Ltd.,2024-2025,Technology Services,,,,,Managed services and support,"NSE annual report archive, quote classification and financial-result filings",NSE classification and adjacent value-chain mapping,0.58,True
ind_nifty500,KFINTECH,Kfin Technologies Ltd.,2024-2025,Core Business,,,,,Core products or services,"NSE annual report archive, quote classification and financial-result filings",NSE classification and business source inventory,0.64,True
ind_nifty500,KFINTECH,Kfin Technologies Ltd.,2024-2025,Ancillary Business,,,,,Value-added or ancillary services,"NSE annual report archive, quote classification and financial-result filings",NSE classification and adjacent value-chain mapping,0.58,True
ind_nifty500,KIMS,Krishna Institute of Medical Sciences Ltd.,2024-2025,Core Healthcare,,,,,Core healthcare products or services,"NSE annual report archive, quote classification and financial-result filings",NSE classification and business source inventory,0.64,True
ind_nifty500,KIMS,Krishna Institute of Medical Sciences Ltd.,2024-2025,Specialty and Institutional,,,,,Specialty or institutional portfolio,"NSE annual report archive, quote classification and financial-result filings",NSE classification and adjacent value-chain mapping,0.58,True
ind_nifty500,KIRLOSENG,Kirloskar Oil Eng Ltd.,2024-2025,Capital Goods,,,,,Industrial equipment and project supplies,"NSE annual report archive, quote classification and financial-result filings",NSE classification and business source inventory,0.64,True
ind_nifty500,KIRLOSENG,Kirloskar Oil Eng Ltd.,2024-2025,Services and Execution,,,,,"Services, spares and execution","NSE annual report archive, quote classification and financial-result filings",NSE classification and adjacent value-chain mapping,0.58,True
ind_nifty500,KOTAKBANK,Kotak Mahindra Bank Ltd.,2024-2025,Core Business,,,,,Core products or services,"NSE annual report archive, quote classification and financial-result filings",NSE classification and business source inventory,0.64,True
ind_nifty500,KOTAKBANK,Kotak Mahindra Bank Ltd.,2024-2025,Ancillary Business,,,,,Value-added or ancillary services,"NSE annual report archive, quote classification and financial-result filings",NSE classification and adjacent value-chain mapping,0.58,True
ind_nifty500,KPRMILL,K.P.R. Mill Ltd.,2024-2025,Consumer Products,,,,,Branded consumer products,"NSE annual report archive, quote classification and financial-result filings",NSE classification and business source inventory,0.64,True
ind_nifty500,KPRMILL,K.P.R. Mill Ltd.,2024-2025,Distribution and Channels,,,,,Distribution and channel portfolio,"NSE annual report archive, quote classification and financial-result filings",NSE classification and adjacent value-chain mapping,0.58,True
ind_nifty500,LALPATHLAB,Dr. Lal Path Labs Ltd.,2024-2025,Core Healthcare,,,,,Core healthcare products or services,"NSE annual report archive, quote classification and financial-result filings",NSE classification and business source inventory,0.64,True
ind_nifty500,LALPATHLAB,Dr. Lal Path Labs Ltd.,2024-2025,Specialty and Institutional,,,,,Specialty or institutional portfolio,"NSE annual report archive, quote classification and financial-result filings",NSE classification and adjacent value-chain mapping,0.58,True
ind_nifty500,LATENTVIEW,Latent View Analytics Ltd.,2024-2025,Technology Services,,,,,IT and digital services,"NSE annual report archive, quote classification and financial-result filings",NSE classification and business source inventory,0.64,True
ind_nifty500,LATENTVIEW,Latent View Analytics Ltd.,2024-2025,Technology Services,,,,,Managed services and support,"NSE annual report archive, quote classification and financial-result filings",NSE classification and adjacent value-chain mapping,0.58,True
ind_nifty500,LAURUSLABS,Laurus Labs Ltd.,2025-2026,Core Healthcare,,,,,Core healthcare products or services,"NSE annual report archive, quote classification and financial-result filings",NSE classification and business source inventory,0.64,True
ind_nifty500,LAURUSLABS,Laurus Labs Ltd.,2025-2026,Specialty and Institutional,,,,,Specialty or institutional portfolio,"NSE annual report archive, quote classification and financial-result filings",NSE classification and adjacent value-chain mapping,0.58,True
ind_nifty500,LEMONTREE,Lemon Tree Hotels Ltd.,2024-2025,Consumer Products,,,,,Branded consumer products,"NSE annual report archive, quote classification and financial-result filings",NSE classification and business source inventory,0.64,True
ind_nifty500,LEMONTREE,Lemon Tree Hotels Ltd.,2024-2025,Distribution and Channels,,,,,Distribution and channel portfolio,"NSE annual report archive, quote classification and financial-result filings",NSE classification and adjacent value-chain mapping,0.58,True
ind_nifty500,LENSKART,Lenskart Solutions Ltd.,2024-2025,Chemicals,,,,,Specialty or industrial chemicals,"NSE annual report archive, quote classification and financial-result filings",NSE classification and business source inventory,0.64,True
ind_nifty500,LENSKART,Lenskart Solutions Ltd.,2024-2025,Value Added Chemicals,,,,,Formulated or value-added products,"NSE annual report archive, quote classification and financial-result filings",NSE classification and adjacent value-chain mapping,0.58,True
ind_nifty500,LGEINDIA,LG Electronics India Ltd.,2024-2025,Consumer Products,,,,,Branded consumer products,"NSE annual report archive, quote classification and financial-result filings",NSE classification and business source inventory,0.64,True
ind_nifty500,LGEINDIA,LG Electronics India Ltd.,2024-2025,Distribution and Channels,,,,,Distribution and channel portfolio,"NSE annual report archive, quote classification and financial-result filings",NSE classification and adjacent value-chain mapping,0.58,True
ind_nifty500,LICHSGFIN,LIC Housing Finance Ltd.,2024-2025,Core Business,,,,,Core products or services,"NSE annual report archive, quote classification and financial-result filings",NSE classification and business source inventory,0.64,True
ind_nifty500,LICHSGFIN,LIC Housing Finance Ltd.,2024-2025,Ancillary Business,,,,,Value-added or ancillary services,"NSE annual report archive, quote classification and financial-result filings",NSE classification and adjacent value-chain mapping,0.58,True
ind_nifty500,LICI,Life Insurance Corporation of India,2024-2025,Core Business,,,,,Core products or services,"NSE annual report archive, quote classification and financial-result filings",NSE classification and business source inventory,0.64,True
ind_nifty500,LICI,Life Insurance Corporation of India,2024-2025,Ancillary Business,,,,,Value-added or ancillary services,"NSE annual report archive, quote classification and financial-result filings",NSE classification and adjacent value-chain mapping,0.58,True
ind_nifty500,LT,Larsen & Toubro Ltd.,2025-2026,Capital Goods,,,,,Industrial equipment and project supplies,"NSE annual report archive, quote classification and financial-result filings",NSE classification and business source inventory,0.64,True
ind_nifty500,LT,Larsen & Toubro Ltd.,2025-2026,Services and Execution,,,,,"Services, spares and execution","NSE annual report archive, quote classification and financial-result filings",NSE classification and adjacent value-chain mapping,0.58,True
ind_nifty500,LTF,L&T Finance Ltd.,2025-2026,Core Business,,,,,Core products or services,"NSE annual report archive, quote classification and financial-result filings",NSE classification and business source inventory,0.64,True
ind_nifty500,LTF,L&T Finance Ltd.,2025-2026,Ancillary Business,,,,,Value-added or ancillary services,"NSE annual report archive, quote classification and financial-result filings",NSE classification and adjacent value-chain mapping,0.58,True
ind_nifty500,M&M,Mahindra & Mahindra Ltd.,2024-2025,Automotive,,,,,Automotive products or components,"NSE annual report archive, quote classification and financial-result filings",NSE classification and business source inventory,0.64,True
ind_nifty500,M&M,Mahindra & Mahindra Ltd.,2024-2025,Aftermarket,,,,,Aftermarket and services,"NSE annual report archive, quote classification and financial-result filings",NSE classification and adjacent value-chain mapping,0.58,True
ind_nifty500,M&MFIN,Mahindra & Mahindra Financial Services Ltd.,2024-2025,Core Business,,,,,Core products or services,"NSE annual report archive, quote classification and financial-result filings",NSE classification and business source inventory,0.64,True
ind_nifty500,M&MFIN,Mahindra & Mahindra Financial Services Ltd.,2024-2025,Ancillary Business,,,,,Value-added or ancillary services,"NSE annual report archive, quote classification and financial-result filings",NSE classification and adjacent value-chain mapping,0.58,True
ind_nifty500,MAHABANK,Bank of Maharashtra,2025-2026,Core Business,,,,,Core products or services,"NSE annual report archive, quote classification and financial-result filings",NSE classification and business source inventory,0.64,True
ind_nifty500,MAHABANK,Bank of Maharashtra,2025-2026,Ancillary Business,,,,,Value-added or ancillary services,"NSE annual report archive, quote classification and financial-result filings",NSE classification and adjacent value-chain mapping,0.58,True
ind_nifty500,MANAPPURAM,Manappuram Finance Ltd.,2024-2025,Core Business,,,,,Core products or services,"NSE annual report archive, quote classification and financial-result filings",NSE classification and business source inventory,0.64,True
ind_nifty500,MANAPPURAM,Manappuram Finance Ltd.,2024-2025,Ancillary Business,,,,,Value-added or ancillary services,"NSE annual report archive, quote classification and financial-result filings",NSE classification and adjacent value-chain mapping,0.58,True
ind_nifty500,MANKIND,Mankind Pharma Ltd.,2024-2025,Core Healthcare,,,,,Core healthcare products or services,"NSE annual report archive, quote classification and financial-result filings",NSE classification and business source inventory,0.64,True
ind_nifty500,MANKIND,Mankind Pharma Ltd.,2024-2025,Specialty and Institutional,,,,,Specialty or institutional portfolio,"NSE annual report archive, quote classification and financial-result filings",NSE classification and adjacent value-chain mapping,0.58,True
ind_nifty500,MAPMYINDIA,C.E. Info Systems Ltd.,2024-2025,Technology Services,,,,,IT and digital services,"NSE annual report archive, quote classification and financial-result filings",NSE classification and business source inventory,0.64,True
ind_nifty500,MAPMYINDIA,C.E. Info Systems Ltd.,2024-2025,Technology Services,,,,,Managed services and support,"NSE annual report archive, quote classification and financial-result filings",NSE classification and adjacent value-chain mapping,0.58,True
ind_nifty500,MARUTI,Maruti Suzuki India Ltd.,2024-2025,Automotive,,,,,Automotive products or components,"NSE annual report archive, quote classification and financial-result filings",NSE classification and business source inventory,0.64,True
ind_nifty500,MARUTI,Maruti Suzuki India Ltd.,2024-2025,Aftermarket,,,,,Aftermarket and services,"NSE annual report archive, quote classification and financial-result filings",NSE classification and adjacent value-chain mapping,0.58,True
ind_nifty500,MAZDOCK,Mazagoan Dock Shipbuilders Ltd.,2024-2025,Capital Goods,,,,,Industrial equipment and project supplies,"NSE annual report archive, quote classification and financial-result filings",NSE classification and business source inventory,0.64,True
ind_nifty500,MAZDOCK,Mazagoan Dock Shipbuilders Ltd.,2024-2025,Services and Execution,,,,,"Services, spares and execution","NSE annual report archive, quote classification and financial-result filings",NSE classification and adjacent value-chain mapping,0.58,True
ind_nifty500,MCX,Multi Commodity Exchange of India Ltd.,2024-2025,Core Business,,,,,Core products or services,"NSE annual report archive, quote classification and financial-result filings",NSE classification and business source inventory,0.64,True
ind_nifty500,MCX,Multi Commodity Exchange of India Ltd.,2024-2025,Ancillary Business,,,,,Value-added or ancillary services,"NSE annual report archive, quote classification and financial-result filings",NSE classification and adjacent value-chain mapping,0.58,True
ind_nifty500,MEESHO,Meesho Ltd.,2024-2025,Consumer Products,,,,,Branded consumer products,"NSE annual report archive, quote classification and financial-result filings",NSE classification and business source inventory,0.64,True
ind_nifty500,MEESHO,Meesho Ltd.,2024-2025,Distribution and Channels,,,,,Distribution and channel portfolio,"NSE annual report archive, quote classification and financial-result filings",NSE classification and adjacent value-chain mapping,0.58,True
ind_nifty500,MFSL,Max Financial Services Ltd.,2024-2025,Core Business,,,,,Core products or services,"NSE annual report archive, quote classification and financial-result filings",NSE classification and business source inventory,0.64,True
ind_nifty500,MFSL,Max Financial Services Ltd.,2024-2025,Ancillary Business,,,,,Value-added or ancillary services,"NSE annual report archive, quote classification and financial-result filings",NSE classification and adjacent value-chain mapping,0.58,True
ind_nifty500,MINDACORP,Minda Corporation Ltd.,2024-2025,Automotive,,,,,Automotive products or components,"NSE annual report archive, quote classification and financial-result filings",NSE classification and business source inventory,0.64,True
ind_nifty500,MINDACORP,Minda Corporation Ltd.,2024-2025,Aftermarket,,,,,Aftermarket and services,"NSE annual report archive, quote classification and financial-result filings",NSE classification and adjacent value-chain mapping,0.58,True
ind_nifty500,MMTC,MMTC Ltd.,2024-2025,Core Business,,,,,Core products or services,"NSE annual report archive, quote classification and financial-result filings",NSE classification and business source inventory,0.64,True
ind_nifty500,MMTC,MMTC Ltd.,2024-2025,Ancillary Business,,,,,Value-added or ancillary services,"NSE annual report archive, quote classification and financial-result filings",NSE classification and adjacent value-chain mapping,0.58,True
ind_nifty500,MOTILALOFS,Motilal Oswal Financial Services Ltd.,2024-2025,Core Business,,,,,Core products or services,"NSE annual report archive, quote classification and financial-result filings",NSE classification and business source inventory,0.64,True
ind_nifty500,MOTILALOFS,Motilal Oswal Financial Services Ltd.,2024-2025,Ancillary Business,,,,,Value-added or ancillary services,"NSE annual report archive, quote classification and financial-result filings",NSE classification and adjacent value-chain mapping,0.58,True
ind_nifty500,MRPL,Mangalore Refinery & Petrochemicals Ltd.,2024-2025,Chemicals,,,,,Specialty or industrial chemicals,"NSE annual report archive, quote classification and financial-result filings",NSE classification and business source inventory,0.64,True
ind_nifty500,MRPL,Mangalore Refinery & Petrochemicals Ltd.,2024-2025,Value Added Chemicals,,,,,Formulated or value-added products,"NSE annual report archive, quote classification and financial-result filings",NSE classification and adjacent value-chain mapping,0.58,True
ind_nifty500,MUTHOOTFIN,Muthoot Finance Ltd.,2024-2025,Core Business,,,,,Core products or services,"NSE annual report archive, quote classification and financial-result filings",NSE classification and business source inventory,0.64,True
ind_nifty500,MUTHOOTFIN,Muthoot Finance Ltd.,2024-2025,Ancillary Business,,,,,Value-added or ancillary services,"NSE annual report archive, quote classification and financial-result filings",NSE classification and adjacent value-chain mapping,0.58,True
ind_nifty500,NAM-INDIA,Nippon Life India Asset Management Ltd.,2025-2026,Core Business,,,,,Core products or services,"NSE annual report archive, quote classification and financial-result filings",NSE classification and business source inventory,0.64,True
ind_nifty500,NAM-INDIA,Nippon Life India Asset Management Ltd.,2025-2026,Ancillary Business,,,,,Value-added or ancillary services,"NSE annual report archive, quote classification and financial-result filings",NSE classification and adjacent value-chain mapping,0.58,True
ind_nifty500,NATCOPHARM,NATCO Pharma Ltd.,2024-2025,Core Healthcare,,,,,Core healthcare products or services,"NSE annual report archive, quote classification and financial-result filings",NSE classification and business source inventory,0.64,True
ind_nifty500,NATCOPHARM,NATCO Pharma Ltd.,2024-2025,Specialty and Institutional,,,,,Specialty or institutional portfolio,"NSE annual report archive, quote classification and financial-result filings",NSE classification and adjacent value-chain mapping,0.58,True
ind_nifty500,NAUKRI,Info Edge (India) Ltd.,2024-2025,Consumer Products,,,,,Branded consumer products,"NSE annual report archive, quote classification and financial-result filings",NSE classification and business source inventory,0.64,True
ind_nifty500,NAUKRI,Info Edge (India) Ltd.,2024-2025,Distribution and Channels,,,,,Distribution and channel portfolio,"NSE annual report archive, quote classification and financial-result filings",NSE classification and adjacent value-chain mapping,0.58,True
ind_nifty500,NAVINFLUOR,Navin Fluorine International Ltd.,2024-2025,Chemicals,,,,,Specialty or industrial chemicals,"NSE annual report archive, quote classification and financial-result filings",NSE classification and business source inventory,0.64,True
ind_nifty500,NAVINFLUOR,Navin Fluorine International Ltd.,2024-2025,Value Added Chemicals,,,,,Formulated or value-added products,"NSE annual report archive, quote classification and financial-result filings",NSE classification and adjacent value-chain mapping,0.58,True
ind_nifty500,NEWGEN,Newgen Software Technologies Ltd.,2024-2025,Technology Services,,,,,IT and digital services,"NSE annual report archive, quote classification and financial-result filings",NSE classification and business source inventory,0.64,True
ind_nifty500,NEWGEN,Newgen Software Technologies Ltd.,2024-2025,Technology Services,,,,,Managed services and support,"NSE annual report archive, quote classification and financial-result filings",NSE classification and adjacent value-chain mapping,0.58,True
ind_nifty500,NH,Narayana Hrudayalaya Ltd.,2024-2025,Core Healthcare,,,,,Core healthcare products or services,"NSE annual report archive, quote classification and financial-result filings",NSE classification and business source inventory,0.64,True
ind_nifty500,NH,Narayana Hrudayalaya Ltd.,2024-2025,Specialty and Institutional,,,,,Specialty or institutional portfolio,"NSE annual report archive, quote classification and financial-result filings",NSE classification and adjacent value-chain mapping,0.58,True
ind_nifty500,NHPC,NHPC Ltd.,2024-2025,Energy and Utilities,,,,,Energy products or utility services,"NSE annual report archive, quote classification and financial-result filings",NSE classification and business source inventory,0.64,True
ind_nifty500,NHPC,NHPC Ltd.,2024-2025,Infrastructure,,,,,Network and infrastructure services,"NSE annual report archive, quote classification and financial-result filings",NSE classification and adjacent value-chain mapping,0.58,True
ind_nifty500,NIACL,The New India Assurance Company Ltd.,2024-2025,Core Business,,,,,Core products or services,"NSE annual report archive, quote classification and financial-result filings",NSE classification and business source inventory,0.64,True
ind_nifty500,NIACL,The New India Assurance Company Ltd.,2024-2025,Ancillary Business,,,,,Value-added or ancillary services,"NSE annual report archive, quote classification and financial-result filings",NSE classification and adjacent value-chain mapping,0.58,True
ind_nifty500,NIVABUPA,Niva Bupa Health Insurance Company Ltd.,2024-2025,Core Business,,,,,Core products or services,"NSE annual report archive, quote classification and financial-result filings",NSE classification and business source inventory,0.64,True
ind_nifty500,NIVABUPA,Niva Bupa Health Insurance Company Ltd.,2024-2025,Ancillary Business,,,,,Value-added or ancillary services,"NSE annual report archive, quote classification and financial-result filings",NSE classification and adjacent value-chain mapping,0.58,True
ind_nifty500,NLCINDIA,NLC India Ltd.,2024-2025,Energy and Utilities,,,,,Energy products or utility services,"NSE annual report archive, quote classification and financial-result filings",NSE classification and business source inventory,0.64,True
ind_nifty500,NLCINDIA,NLC India Ltd.,2024-2025,Infrastructure,,,,,Network and infrastructure services,"NSE annual report archive, quote classification and financial-result filings",NSE classification and adjacent value-chain mapping,0.58,True
ind_nifty500,NMDC,NMDC Ltd.,2024-2025,Metals,,,,,Metal products,"NSE annual report archive, quote classification and financial-result filings",NSE classification and business source inventory,0.64,True
ind_nifty500,NMDC,NMDC Ltd.,2024-2025,Value Added Metals,,,,,Value-added metal products,"NSE annual report archive, quote classification and financial-result filings",NSE classification and adjacent value-chain mapping,0.58,True
ind_nifty500,NTPC,NTPC Ltd.,2024-2025,Energy and Utilities,,,,,Energy products or utility services,"NSE annual report archive, quote classification and financial-result filings",NSE classification and business source inventory,0.64,True
ind_nifty500,NTPC,NTPC Ltd.,2024-2025,Infrastructure,,,,,Network and infrastructure services,"NSE annual report archive, quote classification and financial-result filings",NSE classification and adjacent value-chain mapping,0.58,True
ind_nifty500,NTPCGREEN,NTPC Green Energy Ltd.,2024-2025,Energy and Utilities,,,,,Energy products or utility services,"NSE annual report archive, quote classification and financial-result filings",NSE classification and business source inventory,0.64,True
ind_nifty500,NTPCGREEN,NTPC Green Energy Ltd.,2024-2025,Infrastructure,,,,,Network and infrastructure services,"NSE annual report archive, quote classification and financial-result filings",NSE classification and adjacent value-chain mapping,0.58,True
ind_nifty500,NUVAMA,Nuvama Wealth Management Ltd.,2024-2025,Core Business,,,,,Core products or services,"NSE annual report archive, quote classification and financial-result filings",NSE classification and business source inventory,0.64,True
ind_nifty500,NUVAMA,Nuvama Wealth Management Ltd.,2024-2025,Ancillary Business,,,,,Value-added or ancillary services,"NSE annual report archive, quote classification and financial-result filings",NSE classification and adjacent value-chain mapping,0.58,True
ind_nifty500,NYKAA,FSN E-Commerce Ventures Ltd.,2024-2025,Consumer Products,,,,,Branded consumer products,"NSE annual report archive, quote classification and financial-result filings",NSE classification and business source inventory,0.64,True
ind_nifty500,NYKAA,FSN E-Commerce Ventures Ltd.,2024-2025,Distribution and Channels,,,,,Distribution and channel portfolio,"NSE annual report archive, quote classification and financial-result filings",NSE classification and adjacent value-chain mapping,0.58,True
ind_nifty500,OBEROIRLTY,Oberoi Realty Ltd.,2025-2026,Consumer Products,,,,,Branded consumer products,"NSE annual report archive, quote classification and financial-result filings",NSE classification and business source inventory,0.64,True
ind_nifty500,OBEROIRLTY,Oberoi Realty Ltd.,2025-2026,Distribution and Channels,,,,,Distribution and channel portfolio,"NSE annual report archive, quote classification and financial-result filings",NSE classification and adjacent value-chain mapping,0.58,True
ind_nifty500,OFSS,Oracle Financial Services Software Ltd.,2024-2025,Technology Services,,,,,IT and digital services,"NSE annual report archive, quote classification and financial-result filings",NSE classification and business source inventory,0.64,True
ind_nifty500,OFSS,Oracle Financial Services Software Ltd.,2024-2025,Technology Services,,,,,Managed services and support,"NSE annual report archive, quote classification and financial-result filings",NSE classification and adjacent value-chain mapping,0.58,True
ind_nifty500,OIL,Oil India Ltd.,2024-2025,Energy and Utilities,,,,,Energy products or utility services,"NSE annual report archive, quote classification and financial-result filings",NSE classification and business source inventory,0.64,True
ind_nifty500,OIL,Oil India Ltd.,2024-2025,Infrastructure,,,,,Network and infrastructure services,"NSE annual report archive, quote classification and financial-result filings",NSE classification and adjacent value-chain mapping,0.58,True
ind_nifty500,OLAELEC,Ola Electric Mobility Ltd.,2024-2025,Automotive,,,,,Automotive products or components,"NSE annual report archive, quote classification and financial-result filings",NSE classification and business source inventory,0.64,True
ind_nifty500,OLAELEC,Ola Electric Mobility Ltd.,2024-2025,Aftermarket,,,,,Aftermarket and services,"NSE annual report archive, quote classification and financial-result filings",NSE classification and adjacent value-chain mapping,0.58,True
ind_nifty500,ONESOURCE,Onesource Specialty Pharma Ltd.,2024-2025,Core Healthcare,,,,,Core healthcare products or services,"NSE annual report archive, quote classification and financial-result filings",NSE classification and business source inventory,0.64,True
ind_nifty500,ONESOURCE,Onesource Specialty Pharma Ltd.,2024-2025,Specialty and Institutional,,,,,Specialty or institutional portfolio,"NSE annual report archive, quote classification and financial-result filings",NSE classification and adjacent value-chain mapping,0.58,True
ind_nifty500,PARADEEP,Paradeep Phosphates Ltd.,2024-2025,Chemicals,,,,,Specialty or industrial chemicals,"NSE annual report archive, quote classification and financial-result filings",NSE classification and business source inventory,0.64,True
ind_nifty500,PARADEEP,Paradeep Phosphates Ltd.,2024-2025,Value Added Chemicals,,,,,Formulated or value-added products,"NSE annual report archive, quote classification and financial-result filings",NSE classification and adjacent value-chain mapping,0.58,True
ind_nifty500,PAYTM,One 97 Communications Ltd.,2024-2025,Technology Services,,,,,IT and digital services,"NSE annual report archive, quote classification and financial-result filings",NSE classification and business source inventory,0.64,True
ind_nifty500,PAYTM,One 97 Communications Ltd.,2024-2025,Technology Services,,,,,Managed services and support,"NSE annual report archive, quote classification and financial-result filings",NSE classification and adjacent value-chain mapping,0.58,True
ind_nifty500,PCBL,PCBL Chemical Ltd.,2024-2025,Chemicals,,,,,Specialty or industrial chemicals,"NSE annual report archive, quote classification and financial-result filings",NSE classification and business source inventory,0.64,True
ind_nifty500,PCBL,PCBL Chemical Ltd.,2024-2025,Value Added Chemicals,,,,,Formulated or value-added products,"NSE annual report archive, quote classification and financial-result filings",NSE classification and adjacent value-chain mapping,0.58,True
ind_nifty500,PFC,Power Finance Corporation Ltd.,2024-2025,Energy and Utilities,,,,,Energy products or utility services,"NSE annual report archive, quote classification and financial-result filings",NSE classification and business source inventory,0.64,True
ind_nifty500,PFC,Power Finance Corporation Ltd.,2024-2025,Infrastructure,,,,,Network and infrastructure services,"NSE annual report archive, quote classification and financial-result filings",NSE classification and adjacent value-chain mapping,0.58,True
ind_nifty500,PFIZER,Pfizer Ltd.,2024-2025,Core Healthcare,,,,,Core healthcare products or services,"NSE annual report archive, quote classification and financial-result filings",NSE classification and business source inventory,0.64,True
ind_nifty500,PFIZER,Pfizer Ltd.,2024-2025,Specialty and Institutional,,,,,Specialty or institutional portfolio,"NSE annual report archive, quote classification and financial-result filings",NSE classification and adjacent value-chain mapping,0.58,True
ind_nifty500,PHOENIXLTD,Phoenix Mills Ltd.,2024-2025,Consumer Products,,,,,Branded consumer products,"NSE annual report archive, quote classification and financial-result filings",NSE classification and business source inventory,0.64,True
ind_nifty500,PHOENIXLTD,Phoenix Mills Ltd.,2024-2025,Distribution and Channels,,,,,Distribution and channel portfolio,"NSE annual report archive, quote classification and financial-result filings",NSE classification and adjacent value-chain mapping,0.58,True
ind_nifty500,PIIND,PI Industries Ltd.,2024-2025,Chemicals,,,,,Specialty or industrial chemicals,"NSE annual report archive, quote classification and financial-result filings",NSE classification and business source inventory,0.64,True
ind_nifty500,PIIND,PI Industries Ltd.,2024-2025,Value Added Chemicals,,,,,Formulated or value-added products,"NSE annual report archive, quote classification and financial-result filings",NSE classification and adjacent value-chain mapping,0.58,True
ind_nifty500,PINELABS,Pine Labs Ltd.,2024-2025,Technology Services,,,,,IT and digital services,"NSE annual report archive, quote classification and financial-result filings",NSE classification and business source inventory,0.64,True
ind_nifty500,PINELABS,Pine Labs Ltd.,2024-2025,Technology Services,,,,,Managed services and support,"NSE annual report archive, quote classification and financial-result filings",NSE classification and adjacent value-chain mapping,0.58,True
ind_nifty500,PIRAMALFIN,Piramal Finance Ltd.,2025-2026,Core Business,,,,,Core products or services,"NSE annual report archive, quote classification and financial-result filings",NSE classification and business source inventory,0.64,True
ind_nifty500,PIRAMALFIN,Piramal Finance Ltd.,2025-2026,Ancillary Business,,,,,Value-added or ancillary services,"NSE annual report archive, quote classification and financial-result filings",NSE classification and adjacent value-chain mapping,0.58,True
ind_nifty500,PNB,Punjab National Bank,2025-2026,Core Business,,,,,Core products or services,"NSE annual report archive, quote classification and financial-result filings",NSE classification and business source inventory,0.64,True
ind_nifty500,PNB,Punjab National Bank,2025-2026,Ancillary Business,,,,,Value-added or ancillary services,"NSE annual report archive, quote classification and financial-result filings",NSE classification and adjacent value-chain mapping,0.58,True
ind_nifty500,PNBHOUSING,PNB Housing Finance Ltd.,2024-2025,Core Business,,,,,Core products or services,"NSE annual report archive, quote classification and financial-result filings",NSE classification and business source inventory,0.64,True
ind_nifty500,PNBHOUSING,PNB Housing Finance Ltd.,2024-2025,Ancillary Business,,,,,Value-added or ancillary services,"NSE annual report archive, quote classification and financial-result filings",NSE classification and adjacent value-chain mapping,0.58,True
ind_nifty500,POLICYBZR,PB Fintech Ltd.,2024-2025,Technology Services,,,,,IT and digital services,"NSE annual report archive, quote classification and financial-result filings",NSE classification and business source inventory,0.64,True
ind_nifty500,POLICYBZR,PB Fintech Ltd.,2024-2025,Technology Services,,,,,Managed services and support,"NSE annual report archive, quote classification and financial-result filings",NSE classification and adjacent value-chain mapping,0.58,True
ind_nifty500,POLYMED,Poly Medicure Ltd.,2024-2025,Core Healthcare,,,,,Core healthcare products or services,"NSE annual report archive, quote classification and financial-result filings",NSE classification and business source inventory,0.64,True
ind_nifty500,POLYMED,Poly Medicure Ltd.,2024-2025,Specialty and Institutional,,,,,Specialty or institutional portfolio,"NSE annual report archive, quote classification and financial-result filings",NSE classification and adjacent value-chain mapping,0.58,True
ind_nifty500,POONAWALLA,Poonawalla Fincorp Ltd.,2024-2025,Core Business,,,,,Core products or services,"NSE annual report archive, quote classification and financial-result filings",NSE classification and business source inventory,0.64,True
ind_nifty500,POONAWALLA,Poonawalla Fincorp Ltd.,2024-2025,Ancillary Business,,,,,Value-added or ancillary services,"NSE annual report archive, quote classification and financial-result filings",NSE classification and adjacent value-chain mapping,0.58,True
ind_nifty500,POWERGRID,Power Grid Corporation of India Ltd.,2024-2025,Energy and Utilities,,,,,Energy products or utility services,"NSE annual report archive, quote classification and financial-result filings",NSE classification and business source inventory,0.64,True
ind_nifty500,POWERGRID,Power Grid Corporation of India Ltd.,2024-2025,Infrastructure,,,,,Network and infrastructure services,"NSE annual report archive, quote classification and financial-result filings",NSE classification and adjacent value-chain mapping,0.58,True
ind_nifty500,PPLPHARMA,Piramal Pharma Ltd.,2024-2025,Core Healthcare,,,,,Core healthcare products or services,"NSE annual report archive, quote classification and financial-result filings",NSE classification and business source inventory,0.64,True
ind_nifty500,PPLPHARMA,Piramal Pharma Ltd.,2024-2025,Specialty and Institutional,,,,,Specialty or institutional portfolio,"NSE annual report archive, quote classification and financial-result filings",NSE classification and adjacent value-chain mapping,0.58,True
ind_nifty500,PREMIERENE,Premier Energies Ltd.,2024-2025,Capital Goods,,,,,Industrial equipment and project supplies,"NSE annual report archive, quote classification and financial-result filings",NSE classification and business source inventory,0.64,True
ind_nifty500,PREMIERENE,Premier Energies Ltd.,2024-2025,Services and Execution,,,,,"Services, spares and execution","NSE annual report archive, quote classification and financial-result filings",NSE classification and adjacent value-chain mapping,0.58,True
ind_nifty500,PRESTIGE,Prestige Estates Projects Ltd.,2024-2025,Consumer Products,,,,,Branded consumer products,"NSE annual report archive, quote classification and financial-result filings",NSE classification and business source inventory,0.64,True
ind_nifty500,PRESTIGE,Prestige Estates Projects Ltd.,2024-2025,Distribution and Channels,,,,,Distribution and channel portfolio,"NSE annual report archive, quote classification and financial-result filings",NSE classification and adjacent value-chain mapping,0.58,True
ind_nifty500,PTCIL,PTC Industries Ltd.,2024-2025,Capital Goods,,,,,Industrial equipment and project supplies,"NSE annual report archive, quote classification and financial-result filings",NSE classification and business source inventory,0.64,True
ind_nifty500,PTCIL,PTC Industries Ltd.,2024-2025,Services and Execution,,,,,"Services, spares and execution","NSE annual report archive, quote classification and financial-result filings",NSE classification and adjacent value-chain mapping,0.58,True
ind_nifty500,PVRINOX,PVR INOX Ltd.,2024-2025,Consumer Products,,,,,Branded consumer products,"NSE annual report archive, quote classification and financial-result filings",NSE classification and business source inventory,0.64,True
ind_nifty500,PVRINOX,PVR INOX Ltd.,2024-2025,Distribution and Channels,,,,,Distribution and channel portfolio,"NSE annual report archive, quote classification and financial-result filings",NSE classification and adjacent value-chain mapping,0.58,True
ind_nifty500,PWL,Physicswallah Ltd.,2024-2025,Consumer Products,,,,,Branded consumer products,"NSE annual report archive, quote classification and financial-result filings",NSE classification and business source inventory,0.64,True
ind_nifty500,PWL,Physicswallah Ltd.,2024-2025,Distribution and Channels,,,,,Distribution and channel portfolio,"NSE annual report archive, quote classification and financial-result filings",NSE classification and adjacent value-chain mapping,0.58,True
ind_nifty500,RADICO,Radico Khaitan Ltd,2024-2025,Consumer Products,,,,,Branded consumer products,"NSE annual report archive, quote classification and financial-result filings",NSE classification and business source inventory,0.64,True
ind_nifty500,RADICO,Radico Khaitan Ltd,2024-2025,Distribution and Channels,,,,,Distribution and channel portfolio,"NSE annual report archive, quote classification and financial-result filings",NSE classification and adjacent value-chain mapping,0.58,True
ind_nifty500,RAINBOW,Rainbow Childrens Medicare Ltd.,2024-2025,Core Healthcare,,,,,Core healthcare products or services,"NSE annual report archive, quote classification and financial-result filings",NSE classification and business source inventory,0.64,True
ind_nifty500,RAINBOW,Rainbow Childrens Medicare Ltd.,2024-2025,Specialty and Institutional,,,,,Specialty or institutional portfolio,"NSE annual report archive, quote classification and financial-result filings",NSE classification and adjacent value-chain mapping,0.58,True
ind_nifty500,RAMCOCEM,The Ramco Cements Ltd.,2024-2025,Capital Goods,,,,,Industrial equipment and project supplies,"NSE annual report archive, quote classification and financial-result filings",NSE classification and business source inventory,0.64,True
ind_nifty500,RAMCOCEM,The Ramco Cements Ltd.,2024-2025,Services and Execution,,,,,"Services, spares and execution","NSE annual report archive, quote classification and financial-result filings",NSE classification and adjacent value-chain mapping,0.58,True
ind_nifty500,RBLBANK,RBL Bank Ltd.,2024-2025,Core Business,,,,,Core products or services,"NSE annual report archive, quote classification and financial-result filings",NSE classification and business source inventory,0.64,True
ind_nifty500,RBLBANK,RBL Bank Ltd.,2024-2025,Ancillary Business,,,,,Value-added or ancillary services,"NSE annual report archive, quote classification and financial-result filings",NSE classification and adjacent value-chain mapping,0.58,True
ind_nifty500,RECLTD,REC Ltd.,2024-2025,Core Business,,,,,Core products or services,"NSE annual report archive, quote classification and financial-result filings",NSE classification and business source inventory,0.64,True
ind_nifty500,RECLTD,REC Ltd.,2024-2025,Ancillary Business,,,,,Value-added or ancillary services,"NSE annual report archive, quote classification and financial-result filings",NSE classification and adjacent value-chain mapping,0.58,True
ind_nifty500,RELIANCE,Reliance Industries Ltd.,2025-2026,Energy and Utilities,,,,,Energy products or utility services,"NSE annual report archive, quote classification and financial-result filings",NSE classification and business source inventory,0.64,True
ind_nifty500,RELIANCE,Reliance Industries Ltd.,2025-2026,Infrastructure,,,,,Network and infrastructure services,"NSE annual report archive, quote classification and financial-result filings",NSE classification and adjacent value-chain mapping,0.58,True
ind_nifty500,RITES,RITES Ltd.,2024-2025,Capital Goods,,,,,Industrial equipment and project supplies,"NSE annual report archive, quote classification and financial-result filings",NSE classification and business source inventory,0.64,True
ind_nifty500,RITES,RITES Ltd.,2024-2025,Services and Execution,,,,,"Services, spares and execution","NSE annual report archive, quote classification and financial-result filings",NSE classification and adjacent value-chain mapping,0.58,True
ind_nifty500,RKFORGE,Ramkrishna Forgings Ltd.,2024-2025,Automotive,,,,,Automotive products or components,"NSE annual report archive, quote classification and financial-result filings",NSE classification and business source inventory,0.64,True
ind_nifty500,RKFORGE,Ramkrishna Forgings Ltd.,2024-2025,Aftermarket,,,,,Aftermarket and services,"NSE annual report archive, quote classification and financial-result filings",NSE classification and adjacent value-chain mapping,0.58,True
ind_nifty500,RPOWER,Reliance Power Ltd.,2024-2025,Energy and Utilities,,,,,Energy products or utility services,"NSE annual report archive, quote classification and financial-result filings",NSE classification and business source inventory,0.64,True
ind_nifty500,RPOWER,Reliance Power Ltd.,2024-2025,Infrastructure,,,,,Network and infrastructure services,"NSE annual report archive, quote classification and financial-result filings",NSE classification and adjacent value-chain mapping,0.58,True
ind_nifty500,SAMMAANCAP,Sammaan Capital Ltd.,2024-2025,Core Business,,,,,Core products or services,"NSE annual report archive, quote classification and financial-result filings",NSE classification and business source inventory,0.64,True
ind_nifty500,SAMMAANCAP,Sammaan Capital Ltd.,2024-2025,Ancillary Business,,,,,Value-added or ancillary services,"NSE annual report archive, quote classification and financial-result filings",NSE classification and adjacent value-chain mapping,0.58,True
ind_nifty500,SAPPHIRE,Sapphire Foods India Ltd.,2024-2025,Consumer Products,,,,,Branded consumer products,"NSE annual report archive, quote classification and financial-result filings",NSE classification and business source inventory,0.64,True
ind_nifty500,SAPPHIRE,Sapphire Foods India Ltd.,2024-2025,Distribution and Channels,,,,,Distribution and channel portfolio,"NSE annual report archive, quote classification and financial-result filings",NSE classification and adjacent value-chain mapping,0.58,True
ind_nifty500,SARDAEN,Sarda Energy and Minerals Ltd.,2024-2025,Metals,,,,,Metal products,"NSE annual report archive, quote classification and financial-result filings",NSE classification and business source inventory,0.64,True
ind_nifty500,SARDAEN,Sarda Energy and Minerals Ltd.,2024-2025,Value Added Metals,,,,,Value-added metal products,"NSE annual report archive, quote classification and financial-result filings",NSE classification and adjacent value-chain mapping,0.58,True
ind_nifty500,SAREGAMA,Saregama India Ltd,2024-2025,Consumer Products,,,,,Branded consumer products,"NSE annual report archive, quote classification and financial-result filings",NSE classification and business source inventory,0.64,True
ind_nifty500,SAREGAMA,Saregama India Ltd,2024-2025,Distribution and Channels,,,,,Distribution and channel portfolio,"NSE annual report archive, quote classification and financial-result filings",NSE classification and adjacent value-chain mapping,0.58,True
ind_nifty500,SBFC,SBFC Finance Ltd.,2024-2025,Core Business,,,,,Core products or services,"NSE annual report archive, quote classification and financial-result filings",NSE classification and business source inventory,0.64,True
ind_nifty500,SBFC,SBFC Finance Ltd.,2024-2025,Ancillary Business,,,,,Value-added or ancillary services,"NSE annual report archive, quote classification and financial-result filings",NSE classification and adjacent value-chain mapping,0.58,True
ind_nifty500,SBICARD,SBI Cards and Payment Services Ltd.,2024-2025,Core Business,,,,,Core products or services,"NSE annual report archive, quote classification and financial-result filings",NSE classification and business source inventory,0.64,True
ind_nifty500,SBICARD,SBI Cards and Payment Services Ltd.,2024-2025,Ancillary Business,,,,,Value-added or ancillary services,"NSE annual report archive, quote classification and financial-result filings",NSE classification and adjacent value-chain mapping,0.58,True
ind_nifty500,SBILIFE,SBI Life Insurance Company Ltd.,2024-2025,Core Business,,,,,Core products or services,"NSE annual report archive, quote classification and financial-result filings",NSE classification and business source inventory,0.64,True
ind_nifty500,SBILIFE,SBI Life Insurance Company Ltd.,2024-2025,Ancillary Business,,,,,Value-added or ancillary services,"NSE annual report archive, quote classification and financial-result filings",NSE classification and adjacent value-chain mapping,0.58,True
ind_nifty500,SBIN,State Bank of India,2025-2026,Core Business,,,,,Core products or services,"NSE annual report archive, quote classification and financial-result filings",NSE classification and business source inventory,0.64,True
ind_nifty500,SBIN,State Bank of India,2025-2026,Ancillary Business,,,,,Value-added or ancillary services,"NSE annual report archive, quote classification and financial-result filings",NSE classification and adjacent value-chain mapping,0.58,True
ind_nifty500,SCHNEIDER,Schneider Electric Infrastructure Ltd.,2024-2025,Capital Goods,,,,,Industrial equipment and project supplies,"NSE annual report archive, quote classification and financial-result filings",NSE classification and business source inventory,0.64,True
ind_nifty500,SCHNEIDER,Schneider Electric Infrastructure Ltd.,2024-2025,Services and Execution,,,,,"Services, spares and execution","NSE annual report archive, quote classification and financial-result filings",NSE classification and adjacent value-chain mapping,0.58,True
ind_nifty500,SHREECEM,Shree Cement Ltd.,2024-2025,Capital Goods,,,,,Industrial equipment and project supplies,"NSE annual report archive, quote classification and financial-result filings",NSE classification and business source inventory,0.64,True
ind_nifty500,SHREECEM,Shree Cement Ltd.,2024-2025,Services and Execution,,,,,"Services, spares and execution","NSE annual report archive, quote classification and financial-result filings",NSE classification and adjacent value-chain mapping,0.58,True
ind_nifty500,SHRIRAMFIN,Shriram Finance Ltd.,2025-2026,Core Business,,,,,Core products or services,"NSE annual report archive, quote classification and financial-result filings",NSE classification and business source inventory,0.64,True
ind_nifty500,SHRIRAMFIN,Shriram Finance Ltd.,2025-2026,Ancillary Business,,,,,Value-added or ancillary services,"NSE annual report archive, quote classification and financial-result filings",NSE classification and adjacent value-chain mapping,0.58,True
ind_nifty500,SIEMENS,Siemens Ltd.,2023-2024,Capital Goods,,,,,Industrial equipment and project supplies,"NSE annual report archive, quote classification and financial-result filings",NSE classification and business source inventory,0.64,True
ind_nifty500,SIEMENS,Siemens Ltd.,2023-2024,Services and Execution,,,,,"Services, spares and execution","NSE annual report archive, quote classification and financial-result filings",NSE classification and adjacent value-chain mapping,0.58,True
ind_nifty500,SIGNATURE,Signatureglobal (India) Ltd.,2024-2025,Consumer Products,,,,,Branded consumer products,"NSE annual report archive, quote classification and financial-result filings",NSE classification and business source inventory,0.64,True
ind_nifty500,SIGNATURE,Signatureglobal (India) Ltd.,2024-2025,Distribution and Channels,,,,,Distribution and channel portfolio,"NSE annual report archive, quote classification and financial-result filings",NSE classification and adjacent value-chain mapping,0.58,True
ind_nifty500,SJVN,SJVN Ltd.,2024-2025,Energy and Utilities,,,,,Energy products or utility services,"NSE annual report archive, quote classification and financial-result filings",NSE classification and business source inventory,0.64,True
ind_nifty500,SJVN,SJVN Ltd.,2024-2025,Infrastructure,,,,,Network and infrastructure services,"NSE annual report archive, quote classification and financial-result filings",NSE classification and adjacent value-chain mapping,0.58,True
ind_nifty500,SOLARINDS,Solar Industries India Ltd.,2024-2025,Chemicals,,,,,Specialty or industrial chemicals,"NSE annual report archive, quote classification and financial-result filings",NSE classification and business source inventory,0.64,True
ind_nifty500,SOLARINDS,Solar Industries India Ltd.,2024-2025,Value Added Chemicals,,,,,Formulated or value-added products,"NSE annual report archive, quote classification and financial-result filings",NSE classification and adjacent value-chain mapping,0.58,True
ind_nifty500,SONACOMS,Sona BLW Precision Forgings Ltd.,2024-2025,Automotive,,,,,Automotive products or components,"NSE annual report archive, quote classification and financial-result filings",NSE classification and business source inventory,0.64,True
ind_nifty500,SONACOMS,Sona BLW Precision Forgings Ltd.,2024-2025,Aftermarket,,,,,Aftermarket and services,"NSE annual report archive, quote classification and financial-result filings",NSE classification and adjacent value-chain mapping,0.58,True
ind_nifty500,STARHEALTH,Star Health and Allied Insurance Company Ltd.,2024-2025,Core Business,,,,,Core products or services,"NSE annual report archive, quote classification and financial-result filings",NSE classification and business source inventory,0.64,True
ind_nifty500,STARHEALTH,Star Health and Allied Insurance Company Ltd.,2024-2025,Ancillary Business,,,,,Value-added or ancillary services,"NSE annual report archive, quote classification and financial-result filings",NSE classification and adjacent value-chain mapping,0.58,True
ind_nifty500,SUMICHEM,Sumitomo Chemical India Ltd.,2024-2025,Chemicals,,,,,Specialty or industrial chemicals,"NSE annual report archive, quote classification and financial-result filings",NSE classification and business source inventory,0.64,True
ind_nifty500,SUMICHEM,Sumitomo Chemical India Ltd.,2024-2025,Value Added Chemicals,,,,,Formulated or value-added products,"NSE annual report archive, quote classification and financial-result filings",NSE classification and adjacent value-chain mapping,0.58,True
ind_nifty500,SUNDARMFIN,Sundaram Finance Ltd.,2024-2025,Core Business,,,,,Core products or services,"NSE annual report archive, quote classification and financial-result filings",NSE classification and business source inventory,0.64,True
ind_nifty500,SUNDARMFIN,Sundaram Finance Ltd.,2024-2025,Ancillary Business,,,,,Value-added or ancillary services,"NSE annual report archive, quote classification and financial-result filings",NSE classification and adjacent value-chain mapping,0.58,True
ind_nifty500,SUNTV,Sun TV Network Ltd.,2024-2025,Technology Services,,,,,IT and digital services,"NSE annual report archive, quote classification and financial-result filings",NSE classification and business source inventory,0.64,True
ind_nifty500,SUNTV,Sun TV Network Ltd.,2024-2025,Technology Services,,,,,Managed services and support,"NSE annual report archive, quote classification and financial-result filings",NSE classification and adjacent value-chain mapping,0.58,True
ind_nifty500,TATACAP,Tata Capital Ltd.,2024-2025,Core Business,,,,,Core products or services,"NSE annual report archive, quote classification and financial-result filings",NSE classification and business source inventory,0.64,True
ind_nifty500,TATACAP,Tata Capital Ltd.,2024-2025,Ancillary Business,,,,,Value-added or ancillary services,"NSE annual report archive, quote classification and financial-result filings",NSE classification and adjacent value-chain mapping,0.58,True
ind_nifty500,TATACOMM,Tata Communications Ltd.,2025-2026,Core Business,,,,,Core products or services,"NSE annual report archive, quote classification and financial-result filings",NSE classification and business source inventory,0.64,True
ind_nifty500,TATACOMM,Tata Communications Ltd.,2025-2026,Ancillary Business,,,,,Value-added or ancillary services,"NSE annual report archive, quote classification and financial-result filings",NSE classification and adjacent value-chain mapping,0.58,True
ind_nifty500,TATAELXSI,Tata Elxsi Ltd.,2025-2026,Technology Services,,,,,IT and digital services,"NSE annual report archive, quote classification and financial-result filings",NSE classification and business source inventory,0.64,True
ind_nifty500,TATAELXSI,Tata Elxsi Ltd.,2025-2026,Technology Services,,,,,Managed services and support,"NSE annual report archive, quote classification and financial-result filings",NSE classification and adjacent value-chain mapping,0.58,True
ind_nifty500,TATAINVEST,Tata Investment Corporation Ltd.,2025-2026,Core Business,,,,,Core products or services,"NSE annual report archive, quote classification and financial-result filings",NSE classification and business source inventory,0.64,True
ind_nifty500,TATAINVEST,Tata Investment Corporation Ltd.,2025-2026,Ancillary Business,,,,,Value-added or ancillary services,"NSE annual report archive, quote classification and financial-result filings",NSE classification and adjacent value-chain mapping,0.58,True
ind_nifty500,TATAPOWER,Tata Power Co. Ltd.,2025-2026,Energy and Utilities,,,,,Energy products or utility services,"NSE annual report archive, quote classification and financial-result filings",NSE classification and business source inventory,0.64,True
ind_nifty500,TATAPOWER,Tata Power Co. Ltd.,2025-2026,Infrastructure,,,,,Network and infrastructure services,"NSE annual report archive, quote classification and financial-result filings",NSE classification and adjacent value-chain mapping,0.58,True
ind_nifty500,TATASTEEL,Tata Steel Ltd.,2025-2026,Metals,,,,,Metal products,"NSE annual report archive, quote classification and financial-result filings",NSE classification and business source inventory,0.64,True
ind_nifty500,TATASTEEL,Tata Steel Ltd.,2025-2026,Value Added Metals,,,,,Value-added metal products,"NSE annual report archive, quote classification and financial-result filings",NSE classification and adjacent value-chain mapping,0.58,True
ind_nifty500,TECHNOE,Techno Electric & Engineering Company Ltd.,2024-2025,Capital Goods,,,,,Industrial equipment and project supplies,"NSE annual report archive, quote classification and financial-result filings",NSE classification and business source inventory,0.64,True
ind_nifty500,TECHNOE,Techno Electric & Engineering Company Ltd.,2024-2025,Services and Execution,,,,,"Services, spares and execution","NSE annual report archive, quote classification and financial-result filings",NSE classification and adjacent value-chain mapping,0.58,True
ind_nifty500,TEJASNET,Tejas Networks Ltd.,2024-2025,Capital Goods,,,,,Industrial equipment and project supplies,"NSE annual report archive, quote classification and financial-result filings",NSE classification and business source inventory,0.64,True
ind_nifty500,TEJASNET,Tejas Networks Ltd.,2024-2025,Services and Execution,,,,,"Services, spares and execution","NSE annual report archive, quote classification and financial-result filings",NSE classification and adjacent value-chain mapping,0.58,True
ind_nifty500,THELEELA,Leela Palaces Hotels & Resorts Ltd.,2024-2025,Consumer Products,,,,,Branded consumer products,"NSE annual report archive, quote classification and financial-result filings",NSE classification and business source inventory,0.64,True
ind_nifty500,THELEELA,Leela Palaces Hotels & Resorts Ltd.,2024-2025,Distribution and Channels,,,,,Distribution and channel portfolio,"NSE annual report archive, quote classification and financial-result filings",NSE classification and adjacent value-chain mapping,0.58,True
ind_nifty500,TITAN,Titan Company Ltd.,2024-2025,Consumer Products,,,,,Branded consumer products,"NSE annual report archive, quote classification and financial-result filings",NSE classification and business source inventory,0.64,True
ind_nifty500,TITAN,Titan Company Ltd.,2024-2025,Distribution and Channels,,,,,Distribution and channel portfolio,"NSE annual report archive, quote classification and financial-result filings",NSE classification and adjacent value-chain mapping,0.58,True
ind_nifty500,TMCV,Tata Motors Ltd.,2025-2026,Automotive,,,,,Automotive products or components,"NSE annual report archive, quote classification and financial-result filings",NSE classification and business source inventory,0.64,True
ind_nifty500,TMCV,Tata Motors Ltd.,2025-2026,Aftermarket,,,,,Aftermarket and services,"NSE annual report archive, quote classification and financial-result filings",NSE classification and adjacent value-chain mapping,0.58,True
ind_nifty500,TRAVELFOOD,Travel Food Services Ltd.,2024-2025,Consumer Products,,,,,Branded consumer products,"NSE annual report archive, quote classification and financial-result filings",NSE classification and business source inventory,0.64,True
ind_nifty500,TRAVELFOOD,Travel Food Services Ltd.,2024-2025,Distribution and Channels,,,,,Distribution and channel portfolio,"NSE annual report archive, quote classification and financial-result filings",NSE classification and adjacent value-chain mapping,0.58,True
ind_nifty500,TRITURBINE,Triveni Turbine Ltd.,2024-2025,Capital Goods,,,,,Industrial equipment and project supplies,"NSE annual report archive, quote classification and financial-result filings",NSE classification and business source inventory,0.64,True
ind_nifty500,TRITURBINE,Triveni Turbine Ltd.,2024-2025,Services and Execution,,,,,"Services, spares and execution","NSE annual report archive, quote classification and financial-result filings",NSE classification and adjacent value-chain mapping,0.58,True
ind_nifty500,TTML,Tata Teleservices (Maharashtra) Ltd.,2025-2026,Core Business,,,,,Core products or services,"NSE annual report archive, quote classification and financial-result filings",NSE classification and business source inventory,0.64,True
ind_nifty500,TTML,Tata Teleservices (Maharashtra) Ltd.,2025-2026,Ancillary Business,,,,,Value-added or ancillary services,"NSE annual report archive, quote classification and financial-result filings",NSE classification and adjacent value-chain mapping,0.58,True
ind_nifty500,TVSMOTOR,TVS Motor Company Ltd.,2024-2025,Automotive,,,,,Automotive products or components,"NSE annual report archive, quote classification and financial-result filings",NSE classification and business source inventory,0.64,True
ind_nifty500,TVSMOTOR,TVS Motor Company Ltd.,2024-2025,Aftermarket,,,,,Aftermarket and services,"NSE annual report archive, quote classification and financial-result filings",NSE classification and adjacent value-chain mapping,0.58,True
ind_nifty500,UBL,United Breweries Ltd.,2024-2025,Consumer Products,,,,,Branded consumer products,"NSE annual report archive, quote classification and financial-result filings",NSE classification and business source inventory,0.64,True
ind_nifty500,UBL,United Breweries Ltd.,2024-2025,Distribution and Channels,,,,,Distribution and channel portfolio,"NSE annual report archive, quote classification and financial-result filings",NSE classification and adjacent value-chain mapping,0.58,True
ind_nifty500,UCOBANK,UCO Bank,2025-2026,Core Business,,,,,Core products or services,"NSE annual report archive, quote classification and financial-result filings",NSE classification and business source inventory,0.64,True
ind_nifty500,UCOBANK,UCO Bank,2025-2026,Ancillary Business,,,,,Value-added or ancillary services,"NSE annual report archive, quote classification and financial-result filings",NSE classification and adjacent value-chain mapping,0.58,True
ind_nifty500,UNIONBANK,Union Bank of India,2024-2025,Core Business,,,,,Core products or services,"NSE annual report archive, quote classification and financial-result filings",NSE classification and business source inventory,0.64,True
ind_nifty500,UNIONBANK,Union Bank of India,2024-2025,Ancillary Business,,,,,Value-added or ancillary services,"NSE annual report archive, quote classification and financial-result filings",NSE classification and adjacent value-chain mapping,0.58,True
ind_nifty500,UNITDSPR,United Spirits Ltd.,2024-2025,Consumer Products,,,,,Branded consumer products,"NSE annual report archive, quote classification and financial-result filings",NSE classification and business source inventory,0.64,True
ind_nifty500,UNITDSPR,United Spirits Ltd.,2024-2025,Distribution and Channels,,,,,Distribution and channel portfolio,"NSE annual report archive, quote classification and financial-result filings",NSE classification and adjacent value-chain mapping,0.58,True
ind_nifty500,UPL,UPL Ltd.,2024-2025,Chemicals,,,,,Specialty or industrial chemicals,"NSE annual report archive, quote classification and financial-result filings",NSE classification and business source inventory,0.64,True
ind_nifty500,UPL,UPL Ltd.,2024-2025,Value Added Chemicals,,,,,Formulated or value-added products,"NSE annual report archive, quote classification and financial-result filings",NSE classification and adjacent value-chain mapping,0.58,True
ind_nifty500,URBANCO,Urban Company Ltd.,2025-2026,Consumer Products,,,,,Branded consumer products,"NSE annual report archive, quote classification and financial-result filings",NSE classification and business source inventory,0.64,True
ind_nifty500,URBANCO,Urban Company Ltd.,2025-2026,Distribution and Channels,,,,,Distribution and channel portfolio,"NSE annual report archive, quote classification and financial-result filings",NSE classification and adjacent value-chain mapping,0.58,True
ind_nifty500,UTIAMC,UTI Asset Management Company Ltd.,2024-2025,Core Business,,,,,Core products or services,"NSE annual report archive, quote classification and financial-result filings",NSE classification and business source inventory,0.64,True
ind_nifty500,UTIAMC,UTI Asset Management Company Ltd.,2024-2025,Ancillary Business,,,,,Value-added or ancillary services,"NSE annual report archive, quote classification and financial-result filings",NSE classification and adjacent value-chain mapping,0.58,True
ind_nifty500,VAML,Vedanta Aluminium Metal Ltd.,2024-2025,Metals,,,,,Metal products,"NSE annual report archive, quote classification and financial-result filings",NSE classification and business source inventory,0.64,True
ind_nifty500,VAML,Vedanta Aluminium Metal Ltd.,2024-2025,Value Added Metals,,,,,Value-added metal products,"NSE annual report archive, quote classification and financial-result filings",NSE classification and adjacent value-chain mapping,0.58,True
ind_nifty500,VBL,Varun Beverages Ltd.,2025-2025,Consumer Products,,,,,Branded consumer products,"NSE annual report archive, quote classification and financial-result filings",NSE classification and business source inventory,0.64,True
ind_nifty500,VBL,Varun Beverages Ltd.,2025-2025,Distribution and Channels,,,,,Distribution and channel portfolio,"NSE annual report archive, quote classification and financial-result filings",NSE classification and adjacent value-chain mapping,0.58,True
ind_nifty500,VEDL,Vedanta Ltd.,2024-2025,Metals,,,,,Metal products,"NSE annual report archive, quote classification and financial-result filings",NSE classification and business source inventory,0.64,True
ind_nifty500,VEDL,Vedanta Ltd.,2024-2025,Value Added Metals,,,,,Value-added metal products,"NSE annual report archive, quote classification and financial-result filings",NSE classification and adjacent value-chain mapping,0.58,True
ind_nifty500,VEDPOWER,Vedanta Power Ltd.,2024-2025,Energy and Utilities,,,,,Energy products or utility services,"NSE annual report archive, quote classification and financial-result filings",NSE classification and business source inventory,0.64,True
ind_nifty500,VEDPOWER,Vedanta Power Ltd.,2024-2025,Infrastructure,,,,,Network and infrastructure services,"NSE annual report archive, quote classification and financial-result filings",NSE classification and adjacent value-chain mapping,0.58,True
ind_nifty500,VIJAYA,Vijaya Diagnostic Centre Ltd.,2024-2025,Core Healthcare,,,,,Core healthcare products or services,"NSE annual report archive, quote classification and financial-result filings",NSE classification and business source inventory,0.64,True
ind_nifty500,VIJAYA,Vijaya Diagnostic Centre Ltd.,2024-2025,Specialty and Institutional,,,,,Specialty or institutional portfolio,"NSE annual report archive, quote classification and financial-result filings",NSE classification and adjacent value-chain mapping,0.58,True
ind_nifty500,VISL,Vedanta Iron and Steel Ltd.,2024-2025,Metals,,,,,Metal products,"NSE annual report archive, quote classification and financial-result filings",NSE classification and business source inventory,0.64,True
ind_nifty500,VISL,Vedanta Iron and Steel Ltd.,2024-2025,Value Added Metals,,,,,Value-added metal products,"NSE annual report archive, quote classification and financial-result filings",NSE classification and adjacent value-chain mapping,0.58,True
ind_nifty500,VOGL,Vedanta Oil and Gas Ltd.,2024-2025,Energy and Utilities,,,,,Energy products or utility services,"NSE annual report archive, quote classification and financial-result filings",NSE classification and business source inventory,0.64,True
ind_nifty500,VOGL,Vedanta Oil and Gas Ltd.,2024-2025,Infrastructure,,,,,Network and infrastructure services,"NSE annual report archive, quote classification and financial-result filings",NSE classification and adjacent value-chain mapping,0.58,True
ind_nifty500,WAAREEENER,Waaree Energies Ltd.,2024-2025,Capital Goods,,,,,Industrial equipment and project supplies,"NSE annual report archive, quote classification and financial-result filings",NSE classification and business source inventory,0.64,True
ind_nifty500,WAAREEENER,Waaree Energies Ltd.,2024-2025,Services and Execution,,,,,"Services, spares and execution","NSE annual report archive, quote classification and financial-result filings",NSE classification and adjacent value-chain mapping,0.58,True
ind_nifty500,WIPRO,Wipro Ltd.,2024-2025,Technology Services,,,,,IT and digital services,"NSE annual report archive, quote classification and financial-result filings",NSE classification and business source inventory,0.64,True
ind_nifty500,WIPRO,Wipro Ltd.,2024-2025,Technology Services,,,,,Managed services and support,"NSE annual report archive, quote classification and financial-result filings",NSE classification and adjacent value-chain mapping,0.58,True
ind_nifty500,YESBANK,Yes Bank Ltd.,2024-2025,Core Business,,,,,Core products or services,"NSE annual report archive, quote classification and financial-result filings",NSE classification and business source inventory,0.64,True
ind_nifty500,YESBANK,Yes Bank Ltd.,2024-2025,Ancillary Business,,,,,Value-added or ancillary services,"NSE annual report archive, quote classification and financial-result filings",NSE classification and adjacent value-chain mapping,0.58,True
ind_nifty500,ZEEL,Zee Entertainment Enterprises Ltd.,2024-2025,Technology Services,,,,,IT and digital services,"NSE annual report archive, quote classification and financial-result filings",NSE classification and business source inventory,0.64,True
ind_nifty500,ZEEL,Zee Entertainment Enterprises Ltd.,2024-2025,Technology Services,,,,,Managed services and support,"NSE annual report archive, quote classification and financial-result filings",NSE classification and adjacent value-chain mapping,0.58,True
ind_nifty500,ZENSARTECH,Zensar Technolgies Ltd.,2024-2025,Technology Services,,,,,IT and digital services,"NSE annual report archive, quote classification and financial-result filings",NSE classification and business source inventory,0.64,True
ind_nifty500,ZENSARTECH,Zensar Technolgies Ltd.,2024-2025,Technology Services,,,,,Managed services and support,"NSE annual report archive, quote classification and financial-result filings",NSE classification and adjacent value-chain mapping,0.58,True
ind_nifty500,ZENTEC,Zen Technologies Ltd.,2024-2025,Capital Goods,,,,,Industrial equipment and project supplies,"NSE annual report archive, quote classification and financial-result filings",NSE classification and business source inventory,0.64,True
ind_nifty500,ZENTEC,Zen Technologies Ltd.,2024-2025,Services and Execution,,,,,"Services, spares and execution","NSE annual report archive, quote classification and financial-result filings",NSE classification and adjacent value-chain mapping,0.58,True
ind_nifty500,ZFCVINDIA,ZF Commercial Vehicle Control Systems India Ltd.,2024-2025,Automotive,,,,,Automotive products or components,"NSE annual report archive, quote classification and financial-result filings",NSE classification and business source inventory,0.64,True
ind_nifty500,ZFCVINDIA,ZF Commercial Vehicle Control Systems India Ltd.,2024-2025,Aftermarket,,,,,Aftermarket and services,"NSE annual report archive, quote classification and financial-result filings",NSE classification and adjacent value-chain mapping,0.58,True
