batch_id,input_symbol,input_company_name,dependency_name,dependency_type,upstream_or_downstream,related_industry,related_commodity_or_macro_factor,importance,expected_sign,expected_lag_days_min,expected_lag_days_max,mechanism,evidence_type,source,confidence,provenance_type
nifty_500_shariah,3MINDIA,3M India Ltd.,"raw materials, energy and logistics",raw_material,upstream,industrial suppliers and logistics,,medium,negative,0,120,Input and freight costs influence margins.,inferred_from_industry,"NSE classification, annual-report source inventory and sector value-chain mapping",0.6,inferred
nifty_500_shariah,3MINDIA,3M India Ltd.,skilled labor and services,labour,upstream,labor and service providers,,medium,negative,0,120,Labor and service availability affects execution and cost.,inferred_from_industry,"NSE classification, annual-report source inventory and sector value-chain mapping",0.6,inferred
nifty_500_shariah,3MINDIA,3M India Ltd.,industry end-market demand,customer_industry,downstream,industry end-market demand,,high,positive,0,180,End-market demand and utilisation drive revenue.,inferred_from_industry,"NSE classification, annual-report source inventory and sector value-chain mapping",0.6,inferred
nifty_500_shariah,3MINDIA,3M India Ltd.,channel or institutional customers,customer_industry,downstream,channel or institutional customers,,medium,positive,0,180,"Distribution, tender or institutional demand affects volumes.",inferred_from_industry,"NSE classification, annual-report source inventory and sector value-chain mapping",0.6,inferred
nifty_500_shariah,ABFRL,Aditya Birla Fashion and Retail Ltd.,"petrochemical feedstocks, solvents and energy",raw_material,upstream,petrochemicals and energy,,high,negative,0,90,Feedstock and energy inflation affects gross margins.,inferred_from_industry,"NSE classification, annual-report source inventory and sector value-chain mapping",0.6,inferred
nifty_500_shariah,ABFRL,Aditya Birla Fashion and Retail Ltd.,environmental and product approvals,regulation,upstream,chemical regulators,,high,mixed,0,365,Approvals and environmental compliance shape operating continuity.,inferred_from_industry,"NSE classification, annual-report source inventory and sector value-chain mapping",0.6,inferred
nifty_500_shariah,ABFRL,Aditya Birla Fashion and Retail Ltd.,industrial manufacturing,customer_industry,downstream,industrial manufacturing,,high,positive,0,120,Industrial production drives chemical demand.,inferred_from_industry,"NSE classification, annual-report source inventory and sector value-chain mapping",0.6,inferred
nifty_500_shariah,ABFRL,Aditya Birla Fashion and Retail Ltd.,agriculture and regulated end-markets,customer_industry,downstream,agriculture and regulated end-markets,,medium,positive,0,180,Seasonal and regulated demand affects volumes and mix.,inferred_from_industry,"NSE classification, annual-report source inventory and sector value-chain mapping",0.6,inferred
nifty_500_shariah,ABLBL,Aditya Birla Lifestyle Brands Ltd.,"petrochemical feedstocks, solvents and energy",raw_material,upstream,petrochemicals and energy,,high,negative,0,90,Feedstock and energy inflation affects gross margins.,inferred_from_industry,"NSE classification, annual-report source inventory and sector value-chain mapping",0.6,inferred
nifty_500_shariah,ABLBL,Aditya Birla Lifestyle Brands Ltd.,environmental and product approvals,regulation,upstream,chemical regulators,,high,mixed,0,365,Approvals and environmental compliance shape operating continuity.,inferred_from_industry,"NSE classification, annual-report source inventory and sector value-chain mapping",0.6,inferred
nifty_500_shariah,ABLBL,Aditya Birla Lifestyle Brands Ltd.,industrial manufacturing,customer_industry,downstream,industrial manufacturing,,high,positive,0,120,Industrial production drives chemical demand.,inferred_from_industry,"NSE classification, annual-report source inventory and sector value-chain mapping",0.6,inferred
nifty_500_shariah,ABLBL,Aditya Birla Lifestyle Brands Ltd.,agriculture and regulated end-markets,customer_industry,downstream,agriculture and regulated end-markets,,medium,positive,0,180,Seasonal and regulated demand affects volumes and mix.,inferred_from_industry,"NSE classification, annual-report source inventory and sector value-chain mapping",0.6,inferred
nifty_500_shariah,ACE,Action Construction Equipment Ltd.,"steel, aluminium, rubber and components",raw_material,upstream,"metals, rubber and auto components",,high,negative,0,120,Commodity and component costs affect gross margin.,inferred_from_industry,"NSE classification, annual-report source inventory and sector value-chain mapping",0.6,inferred
nifty_500_shariah,ACE,Action Construction Equipment Ltd.,electronics and logistics,component,upstream,electronics and logistics,,medium,negative,0,180,Supply availability affects production continuity.,inferred_from_industry,"NSE classification, annual-report source inventory and sector value-chain mapping",0.6,inferred
nifty_500_shariah,ACE,Action Construction Equipment Ltd.,Indian auto demand,customer_industry,downstream,Indian auto demand,,high,positive,0,120,"Consumer income, financing and fleet demand drive volumes.",inferred_from_industry,"NSE classification, annual-report source inventory and sector value-chain mapping",0.6,inferred
nifty_500_shariah,ACE,Action Construction Equipment Ltd.,OEM production and replacement market,customer_industry,downstream,OEM production and replacement market,,high,positive,0,180,OEM production schedules and replacement cycles affect revenue.,inferred_from_industry,"NSE classification, annual-report source inventory and sector value-chain mapping",0.6,inferred
nifty_500_shariah,ACUTAAS,Acutaas Chemicals Ltd.,"APIs, KSMs, medical supplies and consumables",raw_material,upstream,pharma intermediates and healthcare supplies,,high,negative,0,120,Input availability and compliance influence margins and supply reliability.,inferred_from_industry,"NSE classification, annual-report source inventory and sector value-chain mapping",0.6,inferred
nifty_500_shariah,ACUTAAS,Acutaas Chemicals Ltd.,regulatory approvals and quality systems,regulation,upstream,healthcare regulators,,high,mixed,0,365,Approvals enable launches and capacity use; observations can disrupt supply.,inferred_from_industry,"NSE classification, annual-report source inventory and sector value-chain mapping",0.6,inferred
nifty_500_shariah,ACUTAAS,Acutaas Chemicals Ltd.,domestic healthcare demand,customer_industry,downstream,domestic healthcare demand,,high,positive,0,120,"Healthcare access, prescriptions and patient volumes support revenue.",inferred_from_industry,"NSE classification, annual-report source inventory and sector value-chain mapping",0.6,inferred
nifty_500_shariah,ACUTAAS,Acutaas Chemicals Ltd.,regulated export or institutional markets,customer_industry,downstream,regulated export or institutional markets,,medium,mixed,0,180,Approvals and tender flows can lift revenue while pricing pressure can offset volume.,inferred_from_industry,"NSE classification, annual-report source inventory and sector value-chain mapping",0.6,inferred
nifty_500_shariah,AFCONS,Afcons Infrastructure Ltd.,"steel, copper, electronics and bought-out components",raw_material,upstream,metals and electrical components,,high,negative,0,180,Input cost inflation can affect project margins.,inferred_from_industry,"NSE classification, annual-report source inventory and sector value-chain mapping",0.6,inferred
nifty_500_shariah,AFCONS,Afcons Infrastructure Ltd.,project execution labor and subcontractors,labour,upstream,engineering and construction services,,medium,negative,0,180,Execution availability and cost influence delivery timelines.,inferred_from_industry,"NSE classification, annual-report source inventory and sector value-chain mapping",0.6,inferred
nifty_500_shariah,AFCONS,Afcons Infrastructure Ltd.,industrial and infrastructure capex,customer_industry,downstream,industrial and infrastructure capex,,high,positive,0,365,Private and public capex drives orders and execution.,inferred_from_industry,"NSE classification, annual-report source inventory and sector value-chain mapping",0.6,inferred
nifty_500_shariah,AFCONS,Afcons Infrastructure Ltd.,government and regulated utilities,customer_industry,downstream,government and regulated utilities,,medium,positive,0,365,Tender awards and utility capex influence order inflow.,inferred_from_industry,"NSE classification, annual-report source inventory and sector value-chain mapping",0.6,inferred
ind_nifty500,AJANTPHARM,Ajanta Pharmaceuticals Ltd.,"APIs, KSMs, medical supplies and consumables",raw_material,upstream,pharma intermediates and healthcare supplies,,high,negative,0,120,Input availability and compliance influence margins and supply reliability.,inferred_from_industry,"NSE classification, annual-report source inventory and sector value-chain mapping",0.6,inferred
ind_nifty500,AJANTPHARM,Ajanta Pharmaceuticals Ltd.,regulatory approvals and quality systems,regulation,upstream,healthcare regulators,,high,mixed,0,365,Approvals enable launches and capacity use; observations can disrupt supply.,inferred_from_industry,"NSE classification, annual-report source inventory and sector value-chain mapping",0.6,inferred
ind_nifty500,AJANTPHARM,Ajanta Pharmaceuticals Ltd.,domestic healthcare demand,customer_industry,downstream,domestic healthcare demand,,high,positive,0,120,"Healthcare access, prescriptions and patient volumes support revenue.",inferred_from_industry,"NSE classification, annual-report source inventory and sector value-chain mapping",0.6,inferred
ind_nifty500,AJANTPHARM,Ajanta Pharmaceuticals Ltd.,regulated export or institutional markets,customer_industry,downstream,regulated export or institutional markets,,medium,mixed,0,180,Approvals and tender flows can lift revenue while pricing pressure can offset volume.,inferred_from_industry,"NSE classification, annual-report source inventory and sector value-chain mapping",0.6,inferred
nifty_500_shariah,ALKEM,Alkem Laboratories Ltd.,"APIs, KSMs, medical supplies and consumables",raw_material,upstream,pharma intermediates and healthcare supplies,,high,negative,0,120,Input availability and compliance influence margins and supply reliability.,inferred_from_industry,"NSE classification, annual-report source inventory and sector value-chain mapping",0.6,inferred
nifty_500_shariah,ALKEM,Alkem Laboratories Ltd.,regulatory approvals and quality systems,regulation,upstream,healthcare regulators,,high,mixed,0,365,Approvals enable launches and capacity use; observations can disrupt supply.,inferred_from_industry,"NSE classification, annual-report source inventory and sector value-chain mapping",0.6,inferred
nifty_500_shariah,ALKEM,Alkem Laboratories Ltd.,domestic healthcare demand,customer_industry,downstream,domestic healthcare demand,,high,positive,0,120,"Healthcare access, prescriptions and patient volumes support revenue.",inferred_from_industry,"NSE classification, annual-report source inventory and sector value-chain mapping",0.6,inferred
nifty_500_shariah,ALKEM,Alkem Laboratories Ltd.,regulated export or institutional markets,customer_industry,downstream,regulated export or institutional markets,,medium,mixed,0,180,Approvals and tender flows can lift revenue while pricing pressure can offset volume.,inferred_from_industry,"NSE classification, annual-report source inventory and sector value-chain mapping",0.6,inferred
nifty_500_shariah,AMBER,Amber Enterprises India Ltd.,"commodities, packaging and merchandise",raw_material,upstream,"agri, chemical, textile and packaging suppliers",,high,negative,0,90,Commodity and packaging inflation affects gross margin.,inferred_from_industry,"NSE classification, annual-report source inventory and sector value-chain mapping",0.6,inferred
nifty_500_shariah,AMBER,Amber Enterprises India Ltd.,"advertising, logistics and retail occupancy",other,upstream,"media, logistics and retail real estate",,medium,negative,0,120,Brand and channel costs influence operating margin.,inferred_from_industry,"NSE classification, annual-report source inventory and sector value-chain mapping",0.6,inferred
nifty_500_shariah,AMBER,Amber Enterprises India Ltd.,Indian household consumption,customer_industry,downstream,Indian household consumption,,high,positive,0,90,"Household income, pricing and distribution reach drive demand.",inferred_from_industry,"NSE classification, annual-report source inventory and sector value-chain mapping",0.6,inferred
nifty_500_shariah,AMBER,Amber Enterprises India Ltd.,retail and e-commerce channels,customer_industry,downstream,retail and e-commerce channels,,medium,positive,0,120,Channel expansion and inventory availability support revenue.,inferred_from_industry,"NSE classification, annual-report source inventory and sector value-chain mapping",0.6,inferred
nifty_500_shariah,ANANTRAJ,Anant Raj Ltd.,"commodities, packaging and merchandise",raw_material,upstream,"agri, chemical, textile and packaging suppliers",,high,negative,0,90,Commodity and packaging inflation affects gross margin.,inferred_from_industry,"NSE classification, annual-report source inventory and sector value-chain mapping",0.6,inferred
nifty_500_shariah,ANANTRAJ,Anant Raj Ltd.,"advertising, logistics and retail occupancy",other,upstream,"media, logistics and retail real estate",,medium,negative,0,120,Brand and channel costs influence operating margin.,inferred_from_industry,"NSE classification, annual-report source inventory and sector value-chain mapping",0.6,inferred
nifty_500_shariah,ANANTRAJ,Anant Raj Ltd.,Indian household consumption,customer_industry,downstream,Indian household consumption,,high,positive,0,90,"Household income, pricing and distribution reach drive demand.",inferred_from_industry,"NSE classification, annual-report source inventory and sector value-chain mapping",0.6,inferred
nifty_500_shariah,ANANTRAJ,Anant Raj Ltd.,retail and e-commerce channels,customer_industry,downstream,retail and e-commerce channels,,medium,positive,0,120,Channel expansion and inventory availability support revenue.,inferred_from_industry,"NSE classification, annual-report source inventory and sector value-chain mapping",0.6,inferred
ind_nifty500,APARINDS,Apar Industries Ltd.,"steel, copper, electronics and bought-out components",raw_material,upstream,metals and electrical components,,high,negative,0,180,Input cost inflation can affect project margins.,inferred_from_industry,"NSE classification, annual-report source inventory and sector value-chain mapping",0.6,inferred
ind_nifty500,APARINDS,Apar Industries Ltd.,project execution labor and subcontractors,labour,upstream,engineering and construction services,,medium,negative,0,180,Execution availability and cost influence delivery timelines.,inferred_from_industry,"NSE classification, annual-report source inventory and sector value-chain mapping",0.6,inferred
ind_nifty500,APARINDS,Apar Industries Ltd.,industrial and infrastructure capex,customer_industry,downstream,industrial and infrastructure capex,,high,positive,0,365,Private and public capex drives orders and execution.,inferred_from_industry,"NSE classification, annual-report source inventory and sector value-chain mapping",0.6,inferred
ind_nifty500,APARINDS,Apar Industries Ltd.,government and regulated utilities,customer_industry,downstream,government and regulated utilities,,medium,positive,0,365,Tender awards and utility capex influence order inflow.,inferred_from_industry,"NSE classification, annual-report source inventory and sector value-chain mapping",0.6,inferred
nifty_500_shariah,APLAPOLLO,APL Apollo Tubes Ltd.,"steel, copper, electronics and bought-out components",raw_material,upstream,metals and electrical components,,high,negative,0,180,Input cost inflation can affect project margins.,inferred_from_industry,"NSE classification, annual-report source inventory and sector value-chain mapping",0.6,inferred
nifty_500_shariah,APLAPOLLO,APL Apollo Tubes Ltd.,project execution labor and subcontractors,labour,upstream,engineering and construction services,,medium,negative,0,180,Execution availability and cost influence delivery timelines.,inferred_from_industry,"NSE classification, annual-report source inventory and sector value-chain mapping",0.6,inferred
nifty_500_shariah,APLAPOLLO,APL Apollo Tubes Ltd.,industrial and infrastructure capex,customer_industry,downstream,industrial and infrastructure capex,,high,positive,0,365,Private and public capex drives orders and execution.,inferred_from_industry,"NSE classification, annual-report source inventory and sector value-chain mapping",0.6,inferred
nifty_500_shariah,APLAPOLLO,APL Apollo Tubes Ltd.,government and regulated utilities,customer_industry,downstream,government and regulated utilities,,medium,positive,0,365,Tender awards and utility capex influence order inflow.,inferred_from_industry,"NSE classification, annual-report source inventory and sector value-chain mapping",0.6,inferred
nifty_500_shariah,APOLLOTYRE,Apollo Tyres Ltd.,"steel, aluminium, rubber and components",raw_material,upstream,"metals, rubber and auto components",,high,negative,0,120,Commodity and component costs affect gross margin.,inferred_from_industry,"NSE classification, annual-report source inventory and sector value-chain mapping",0.6,inferred
nifty_500_shariah,APOLLOTYRE,Apollo Tyres Ltd.,electronics and logistics,component,upstream,electronics and logistics,,medium,negative,0,180,Supply availability affects production continuity.,inferred_from_industry,"NSE classification, annual-report source inventory and sector value-chain mapping",0.6,inferred
nifty_500_shariah,APOLLOTYRE,Apollo Tyres Ltd.,Indian auto demand,customer_industry,downstream,Indian auto demand,,high,positive,0,120,"Consumer income, financing and fleet demand drive volumes.",inferred_from_industry,"NSE classification, annual-report source inventory and sector value-chain mapping",0.6,inferred
nifty_500_shariah,APOLLOTYRE,Apollo Tyres Ltd.,OEM production and replacement market,customer_industry,downstream,OEM production and replacement market,,high,positive,0,180,OEM production schedules and replacement cycles affect revenue.,inferred_from_industry,"NSE classification, annual-report source inventory and sector value-chain mapping",0.6,inferred
nifty_500_shariah,ARE&M,Amara Raja Energy & Mobility Ltd.,"steel, aluminium, rubber and components",raw_material,upstream,"metals, rubber and auto components",,high,negative,0,120,Commodity and component costs affect gross margin.,inferred_from_industry,"NSE classification, annual-report source inventory and sector value-chain mapping",0.6,inferred
nifty_500_shariah,ARE&M,Amara Raja Energy & Mobility Ltd.,electronics and logistics,component,upstream,electronics and logistics,,medium,negative,0,180,Supply availability affects production continuity.,inferred_from_industry,"NSE classification, annual-report source inventory and sector value-chain mapping",0.6,inferred
nifty_500_shariah,ARE&M,Amara Raja Energy & Mobility Ltd.,Indian auto demand,customer_industry,downstream,Indian auto demand,,high,positive,0,120,"Consumer income, financing and fleet demand drive volumes.",inferred_from_industry,"NSE classification, annual-report source inventory and sector value-chain mapping",0.6,inferred
nifty_500_shariah,ARE&M,Amara Raja Energy & Mobility Ltd.,OEM production and replacement market,customer_industry,downstream,OEM production and replacement market,,high,positive,0,180,OEM production schedules and replacement cycles affect revenue.,inferred_from_industry,"NSE classification, annual-report source inventory and sector value-chain mapping",0.6,inferred
nifty_50_shariah,ASIANPAINT,ASIAN PAINTS LTD.,"titanium dioxide, resins, monomers and solvents",raw_material,upstream,specialty chemicals and petrochemicals,,high,negative,0,90,Crude-linked and imported chemical inputs affect gross margin.,inferred_from_industry,Annual Report 2024-25 cost/risk discussion and value-chain mapping,0.8,inferred
nifty_50_shariah,ASIANPAINT,ASIAN PAINTS LTD.,packaging materials and logistics,logistics,upstream,packaging and transport,,high,negative,0,60,Paint distribution is packaging- and freight-intensive.,inferred_from_industry,Annual Report 2024-25 cost/risk discussion and value-chain mapping,0.55,inferred
nifty_50_shariah,ASIANPAINT,ASIAN PAINTS LTD.,residential housing and repainting,customer_industry,downstream,residential housing and repainting,,high,positive,0,120,"Housing turnover, renovation and repainting cycles drive volume and premium mix.",disclosed,Annual Report 2024-25 and industry value-chain mapping,0.82,inferred
nifty_50_shariah,ASIANPAINT,ASIAN PAINTS LTD.,automotive and industrial manufacturing,customer_industry,downstream,automotive and industrial manufacturing,,medium,positive,30,180,Industrial production and auto output influence industrial coatings.,inferred_from_industry,Annual Report 2024-25 and industry value-chain mapping,0.55,inferred
nifty_500_shariah,ASTERDM,Aster DM Healthcare Ltd.,"APIs, KSMs, medical supplies and consumables",raw_material,upstream,pharma intermediates and healthcare supplies,,high,negative,0,120,Input availability and compliance influence margins and supply reliability.,inferred_from_industry,"NSE classification, annual-report source inventory and sector value-chain mapping",0.6,inferred
nifty_500_shariah,ASTERDM,Aster DM Healthcare Ltd.,regulatory approvals and quality systems,regulation,upstream,healthcare regulators,,high,mixed,0,365,Approvals enable launches and capacity use; observations can disrupt supply.,inferred_from_industry,"NSE classification, annual-report source inventory and sector value-chain mapping",0.6,inferred
nifty_500_shariah,ASTERDM,Aster DM Healthcare Ltd.,domestic healthcare demand,customer_industry,downstream,domestic healthcare demand,,high,positive,0,120,"Healthcare access, prescriptions and patient volumes support revenue.",inferred_from_industry,"NSE classification, annual-report source inventory and sector value-chain mapping",0.6,inferred
nifty_500_shariah,ASTERDM,Aster DM Healthcare Ltd.,regulated export or institutional markets,customer_industry,downstream,regulated export or institutional markets,,medium,mixed,0,180,Approvals and tender flows can lift revenue while pricing pressure can offset volume.,inferred_from_industry,"NSE classification, annual-report source inventory and sector value-chain mapping",0.6,inferred
nifty_500_shariah,ASTRAL,Astral Ltd.,"steel, copper, electronics and bought-out components",raw_material,upstream,metals and electrical components,,high,negative,0,180,Input cost inflation can affect project margins.,inferred_from_industry,"NSE classification, annual-report source inventory and sector value-chain mapping",0.6,inferred
nifty_500_shariah,ASTRAL,Astral Ltd.,project execution labor and subcontractors,labour,upstream,engineering and construction services,,medium,negative,0,180,Execution availability and cost influence delivery timelines.,inferred_from_industry,"NSE classification, annual-report source inventory and sector value-chain mapping",0.6,inferred
nifty_500_shariah,ASTRAL,Astral Ltd.,industrial and infrastructure capex,customer_industry,downstream,industrial and infrastructure capex,,high,positive,0,365,Private and public capex drives orders and execution.,inferred_from_industry,"NSE classification, annual-report source inventory and sector value-chain mapping",0.6,inferred
nifty_500_shariah,ASTRAL,Astral Ltd.,government and regulated utilities,customer_industry,downstream,government and regulated utilities,,medium,positive,0,365,Tender awards and utility capex influence order inflow.,inferred_from_industry,"NSE classification, annual-report source inventory and sector value-chain mapping",0.6,inferred
nifty_500_shariah,ATGL,Adani Total Gas Ltd.,"fuel, gas, crude-linked inputs and power",energy,upstream,energy and commodities,,high,negative,0,90,Commodity prices and supply availability affect spreads and margins.,inferred_from_industry,"NSE classification, annual-report source inventory and sector value-chain mapping",0.6,inferred
nifty_500_shariah,ATGL,Adani Total Gas Ltd.,regulatory tariffs and licenses,regulation,upstream,energy regulators,,high,mixed,0,365,"Tariffs, licenses and policy changes influence returns.",inferred_from_industry,"NSE classification, annual-report source inventory and sector value-chain mapping",0.6,inferred
nifty_500_shariah,ATGL,Adani Total Gas Ltd.,industrial and commercial energy demand,customer_industry,downstream,industrial and commercial energy demand,,high,positive,0,120,Industrial activity and urban demand support offtake.,inferred_from_industry,"NSE classification, annual-report source inventory and sector value-chain mapping",0.6,inferred
nifty_500_shariah,ATGL,Adani Total Gas Ltd.,regulated retail users,customer_industry,downstream,regulated retail users,,medium,positive,0,120,Retail demand and tariff regulation affect revenue.,inferred_from_industry,"NSE classification, annual-report source inventory and sector value-chain mapping",0.6,inferred
ind_nifty500,ATUL,Atul Ltd.,"petrochemical feedstocks, solvents and energy",raw_material,upstream,petrochemicals and energy,,high,negative,0,90,Feedstock and energy inflation affects gross margins.,inferred_from_industry,"NSE classification, annual-report source inventory and sector value-chain mapping",0.6,inferred
ind_nifty500,ATUL,Atul Ltd.,environmental and product approvals,regulation,upstream,chemical regulators,,high,mixed,0,365,Approvals and environmental compliance shape operating continuity.,inferred_from_industry,"NSE classification, annual-report source inventory and sector value-chain mapping",0.6,inferred
ind_nifty500,ATUL,Atul Ltd.,industrial manufacturing,customer_industry,downstream,industrial manufacturing,,high,positive,0,120,Industrial production drives chemical demand.,inferred_from_industry,"NSE classification, annual-report source inventory and sector value-chain mapping",0.6,inferred
ind_nifty500,ATUL,Atul Ltd.,agriculture and regulated end-markets,customer_industry,downstream,agriculture and regulated end-markets,,medium,positive,0,180,Seasonal and regulated demand affects volumes and mix.,inferred_from_industry,"NSE classification, annual-report source inventory and sector value-chain mapping",0.6,inferred
nifty_500_shariah,AUROPHARMA,Aurobindo Pharma Ltd.,"APIs, KSMs, medical supplies and consumables",raw_material,upstream,pharma intermediates and healthcare supplies,,high,negative,0,120,Input availability and compliance influence margins and supply reliability.,inferred_from_industry,"NSE classification, annual-report source inventory and sector value-chain mapping",0.6,inferred
nifty_500_shariah,AUROPHARMA,Aurobindo Pharma Ltd.,regulatory approvals and quality systems,regulation,upstream,healthcare regulators,,high,mixed,0,365,Approvals enable launches and capacity use; observations can disrupt supply.,inferred_from_industry,"NSE classification, annual-report source inventory and sector value-chain mapping",0.6,inferred
nifty_500_shariah,AUROPHARMA,Aurobindo Pharma Ltd.,domestic healthcare demand,customer_industry,downstream,domestic healthcare demand,,high,positive,0,120,"Healthcare access, prescriptions and patient volumes support revenue.",inferred_from_industry,"NSE classification, annual-report source inventory and sector value-chain mapping",0.6,inferred
nifty_500_shariah,AUROPHARMA,Aurobindo Pharma Ltd.,regulated export or institutional markets,customer_industry,downstream,regulated export or institutional markets,,medium,mixed,0,180,Approvals and tender flows can lift revenue while pricing pressure can offset volume.,inferred_from_industry,"NSE classification, annual-report source inventory and sector value-chain mapping",0.6,inferred
nifty_500_shariah,BALKRISIND,Balkrishna Industries Ltd.,"steel, aluminium, rubber and components",raw_material,upstream,"metals, rubber and auto components",,high,negative,0,120,Commodity and component costs affect gross margin.,inferred_from_industry,"NSE classification, annual-report source inventory and sector value-chain mapping",0.6,inferred
nifty_500_shariah,BALKRISIND,Balkrishna Industries Ltd.,electronics and logistics,component,upstream,electronics and logistics,,medium,negative,0,180,Supply availability affects production continuity.,inferred_from_industry,"NSE classification, annual-report source inventory and sector value-chain mapping",0.6,inferred
nifty_500_shariah,BALKRISIND,Balkrishna Industries Ltd.,Indian auto demand,customer_industry,downstream,Indian auto demand,,high,positive,0,120,"Consumer income, financing and fleet demand drive volumes.",inferred_from_industry,"NSE classification, annual-report source inventory and sector value-chain mapping",0.6,inferred
nifty_500_shariah,BALKRISIND,Balkrishna Industries Ltd.,OEM production and replacement market,customer_industry,downstream,OEM production and replacement market,,high,positive,0,180,OEM production schedules and replacement cycles affect revenue.,inferred_from_industry,"NSE classification, annual-report source inventory and sector value-chain mapping",0.6,inferred
nifty_500_shariah,BATAINDIA,Bata India Ltd.,"commodities, packaging and merchandise",raw_material,upstream,"agri, chemical, textile and packaging suppliers",,high,negative,0,90,Commodity and packaging inflation affects gross margin.,inferred_from_industry,"NSE classification, annual-report source inventory and sector value-chain mapping",0.6,inferred
nifty_500_shariah,BATAINDIA,Bata India Ltd.,"advertising, logistics and retail occupancy",other,upstream,"media, logistics and retail real estate",,medium,negative,0,120,Brand and channel costs influence operating margin.,inferred_from_industry,"NSE classification, annual-report source inventory and sector value-chain mapping",0.6,inferred
nifty_500_shariah,BATAINDIA,Bata India Ltd.,Indian household consumption,customer_industry,downstream,Indian household consumption,,high,positive,0,90,"Household income, pricing and distribution reach drive demand.",inferred_from_industry,"NSE classification, annual-report source inventory and sector value-chain mapping",0.6,inferred
nifty_500_shariah,BATAINDIA,Bata India Ltd.,retail and e-commerce channels,customer_industry,downstream,retail and e-commerce channels,,medium,positive,0,120,Channel expansion and inventory availability support revenue.,inferred_from_industry,"NSE classification, annual-report source inventory and sector value-chain mapping",0.6,inferred
nifty_500_shariah,BAYERCROP,Bayer Cropscience Ltd.,"petrochemical feedstocks, solvents and energy",raw_material,upstream,petrochemicals and energy,,high,negative,0,90,Feedstock and energy inflation affects gross margins.,inferred_from_industry,"NSE classification, annual-report source inventory and sector value-chain mapping",0.6,inferred
nifty_500_shariah,BAYERCROP,Bayer Cropscience Ltd.,environmental and product approvals,regulation,upstream,chemical regulators,,high,mixed,0,365,Approvals and environmental compliance shape operating continuity.,inferred_from_industry,"NSE classification, annual-report source inventory and sector value-chain mapping",0.6,inferred
nifty_500_shariah,BAYERCROP,Bayer Cropscience Ltd.,industrial manufacturing,customer_industry,downstream,industrial manufacturing,,high,positive,0,120,Industrial production drives chemical demand.,inferred_from_industry,"NSE classification, annual-report source inventory and sector value-chain mapping",0.6,inferred
nifty_500_shariah,BAYERCROP,Bayer Cropscience Ltd.,agriculture and regulated end-markets,customer_industry,downstream,agriculture and regulated end-markets,,medium,positive,0,180,Seasonal and regulated demand affects volumes and mix.,inferred_from_industry,"NSE classification, annual-report source inventory and sector value-chain mapping",0.6,inferred
nifty_500_shariah,BBTC,The Bombay Burmah Trading Corporation Ltd.,"commodities, packaging and merchandise",raw_material,upstream,"agri, chemical, textile and packaging suppliers",,high,negative,0,90,Commodity and packaging inflation affects gross margin.,inferred_from_industry,"NSE classification, annual-report source inventory and sector value-chain mapping",0.6,inferred
nifty_500_shariah,BBTC,The Bombay Burmah Trading Corporation Ltd.,"advertising, logistics and retail occupancy",other,upstream,"media, logistics and retail real estate",,medium,negative,0,120,Brand and channel costs influence operating margin.,inferred_from_industry,"NSE classification, annual-report source inventory and sector value-chain mapping",0.6,inferred
nifty_500_shariah,BBTC,The Bombay Burmah Trading Corporation Ltd.,Indian household consumption,customer_industry,downstream,Indian household consumption,,high,positive,0,90,"Household income, pricing and distribution reach drive demand.",inferred_from_industry,"NSE classification, annual-report source inventory and sector value-chain mapping",0.6,inferred
nifty_500_shariah,BBTC,The Bombay Burmah Trading Corporation Ltd.,retail and e-commerce channels,customer_industry,downstream,retail and e-commerce channels,,medium,positive,0,120,Channel expansion and inventory availability support revenue.,inferred_from_industry,"NSE classification, annual-report source inventory and sector value-chain mapping",0.6,inferred
nifty_500_shariah,BERGEPAINT,Berger Paints (India) Ltd.,"commodities, packaging and merchandise",raw_material,upstream,"agri, chemical, textile and packaging suppliers",,high,negative,0,90,Commodity and packaging inflation affects gross margin.,inferred_from_industry,"NSE classification, annual-report source inventory and sector value-chain mapping",0.6,inferred
nifty_500_shariah,BERGEPAINT,Berger Paints (India) Ltd.,"advertising, logistics and retail occupancy",other,upstream,"media, logistics and retail real estate",,medium,negative,0,120,Brand and channel costs influence operating margin.,inferred_from_industry,"NSE classification, annual-report source inventory and sector value-chain mapping",0.6,inferred
nifty_500_shariah,BERGEPAINT,Berger Paints (India) Ltd.,Indian household consumption,customer_industry,downstream,Indian household consumption,,high,positive,0,90,"Household income, pricing and distribution reach drive demand.",inferred_from_industry,"NSE classification, annual-report source inventory and sector value-chain mapping",0.6,inferred
nifty_500_shariah,BERGEPAINT,Berger Paints (India) Ltd.,retail and e-commerce channels,customer_industry,downstream,retail and e-commerce channels,,medium,positive,0,120,Channel expansion and inventory availability support revenue.,inferred_from_industry,"NSE classification, annual-report source inventory and sector value-chain mapping",0.6,inferred
nifty_500_shariah,BHEL,Bharat Heavy Electricals Ltd.,"steel, copper, electronics and bought-out components",raw_material,upstream,metals and electrical components,,high,negative,0,180,Input cost inflation can affect project margins.,inferred_from_industry,"NSE classification, annual-report source inventory and sector value-chain mapping",0.6,inferred
nifty_500_shariah,BHEL,Bharat Heavy Electricals Ltd.,project execution labor and subcontractors,labour,upstream,engineering and construction services,,medium,negative,0,180,Execution availability and cost influence delivery timelines.,inferred_from_industry,"NSE classification, annual-report source inventory and sector value-chain mapping",0.6,inferred
nifty_500_shariah,BHEL,Bharat Heavy Electricals Ltd.,industrial and infrastructure capex,customer_industry,downstream,industrial and infrastructure capex,,high,positive,0,365,Private and public capex drives orders and execution.,inferred_from_industry,"NSE classification, annual-report source inventory and sector value-chain mapping",0.6,inferred
nifty_500_shariah,BHEL,Bharat Heavy Electricals Ltd.,government and regulated utilities,customer_industry,downstream,government and regulated utilities,,medium,positive,0,365,Tender awards and utility capex influence order inflow.,inferred_from_industry,"NSE classification, annual-report source inventory and sector value-chain mapping",0.6,inferred
nifty_500_shariah,BIKAJI,Bikaji Foods International Ltd.,"commodities, packaging and merchandise",raw_material,upstream,"agri, chemical, textile and packaging suppliers",,high,negative,0,90,Commodity and packaging inflation affects gross margin.,inferred_from_industry,"NSE classification, annual-report source inventory and sector value-chain mapping",0.6,inferred
nifty_500_shariah,BIKAJI,Bikaji Foods International Ltd.,"advertising, logistics and retail occupancy",other,upstream,"media, logistics and retail real estate",,medium,negative,0,120,Brand and channel costs influence operating margin.,inferred_from_industry,"NSE classification, annual-report source inventory and sector value-chain mapping",0.6,inferred
nifty_500_shariah,BIKAJI,Bikaji Foods International Ltd.,Indian household consumption,customer_industry,downstream,Indian household consumption,,high,positive,0,90,"Household income, pricing and distribution reach drive demand.",inferred_from_industry,"NSE classification, annual-report source inventory and sector value-chain mapping",0.6,inferred
nifty_500_shariah,BIKAJI,Bikaji Foods International Ltd.,retail and e-commerce channels,customer_industry,downstream,retail and e-commerce channels,,medium,positive,0,120,Channel expansion and inventory availability support revenue.,inferred_from_industry,"NSE classification, annual-report source inventory and sector value-chain mapping",0.6,inferred
nifty_500_shariah,BLUEDART,Blue Dart Express Ltd.,"raw materials, energy and logistics",raw_material,upstream,industrial suppliers and logistics,,medium,negative,0,120,Input and freight costs influence margins.,inferred_from_industry,"NSE classification, annual-report source inventory and sector value-chain mapping",0.6,inferred
nifty_500_shariah,BLUEDART,Blue Dart Express Ltd.,skilled labor and services,labour,upstream,labor and service providers,,medium,negative,0,120,Labor and service availability affects execution and cost.,inferred_from_industry,"NSE classification, annual-report source inventory and sector value-chain mapping",0.6,inferred
nifty_500_shariah,BLUEDART,Blue Dart Express Ltd.,industry end-market demand,customer_industry,downstream,industry end-market demand,,high,positive,0,180,End-market demand and utilisation drive revenue.,inferred_from_industry,"NSE classification, annual-report source inventory and sector value-chain mapping",0.6,inferred
nifty_500_shariah,BLUEDART,Blue Dart Express Ltd.,channel or institutional customers,customer_industry,downstream,channel or institutional customers,,medium,positive,0,180,"Distribution, tender or institutional demand affects volumes.",inferred_from_industry,"NSE classification, annual-report source inventory and sector value-chain mapping",0.6,inferred
nifty_500_shariah,BLUEJET,Blue Jet Healthcare Ltd,"APIs, KSMs, medical supplies and consumables",raw_material,upstream,pharma intermediates and healthcare supplies,,high,negative,0,120,Input availability and compliance influence margins and supply reliability.,inferred_from_industry,"NSE classification, annual-report source inventory and sector value-chain mapping",0.6,inferred
nifty_500_shariah,BLUEJET,Blue Jet Healthcare Ltd,regulatory approvals and quality systems,regulation,upstream,healthcare regulators,,high,mixed,0,365,Approvals enable launches and capacity use; observations can disrupt supply.,inferred_from_industry,"NSE classification, annual-report source inventory and sector value-chain mapping",0.6,inferred
nifty_500_shariah,BLUEJET,Blue Jet Healthcare Ltd,domestic healthcare demand,customer_industry,downstream,domestic healthcare demand,,high,positive,0,120,"Healthcare access, prescriptions and patient volumes support revenue.",inferred_from_industry,"NSE classification, annual-report source inventory and sector value-chain mapping",0.6,inferred
nifty_500_shariah,BLUEJET,Blue Jet Healthcare Ltd,regulated export or institutional markets,customer_industry,downstream,regulated export or institutional markets,,medium,mixed,0,180,Approvals and tender flows can lift revenue while pricing pressure can offset volume.,inferred_from_industry,"NSE classification, annual-report source inventory and sector value-chain mapping",0.6,inferred
nifty_500_shariah,BLUESTARCO,Blue Star Ltd.,"commodities, packaging and merchandise",raw_material,upstream,"agri, chemical, textile and packaging suppliers",,high,negative,0,90,Commodity and packaging inflation affects gross margin.,inferred_from_industry,"NSE classification, annual-report source inventory and sector value-chain mapping",0.6,inferred
nifty_500_shariah,BLUESTARCO,Blue Star Ltd.,"advertising, logistics and retail occupancy",other,upstream,"media, logistics and retail real estate",,medium,negative,0,120,Brand and channel costs influence operating margin.,inferred_from_industry,"NSE classification, annual-report source inventory and sector value-chain mapping",0.6,inferred
nifty_500_shariah,BLUESTARCO,Blue Star Ltd.,Indian household consumption,customer_industry,downstream,Indian household consumption,,high,positive,0,90,"Household income, pricing and distribution reach drive demand.",inferred_from_industry,"NSE classification, annual-report source inventory and sector value-chain mapping",0.6,inferred
nifty_500_shariah,BLUESTARCO,Blue Star Ltd.,retail and e-commerce channels,customer_industry,downstream,retail and e-commerce channels,,medium,positive,0,120,Channel expansion and inventory availability support revenue.,inferred_from_industry,"NSE classification, annual-report source inventory and sector value-chain mapping",0.6,inferred
nifty_500_shariah,BPCL,Bharat Petroleum Corporation Ltd.,"fuel, gas, crude-linked inputs and power",energy,upstream,energy and commodities,,high,negative,0,90,Commodity prices and supply availability affect spreads and margins.,inferred_from_industry,"NSE classification, annual-report source inventory and sector value-chain mapping",0.6,inferred
nifty_500_shariah,BPCL,Bharat Petroleum Corporation Ltd.,regulatory tariffs and licenses,regulation,upstream,energy regulators,,high,mixed,0,365,"Tariffs, licenses and policy changes influence returns.",inferred_from_industry,"NSE classification, annual-report source inventory and sector value-chain mapping",0.6,inferred
nifty_500_shariah,BPCL,Bharat Petroleum Corporation Ltd.,industrial and commercial energy demand,customer_industry,downstream,industrial and commercial energy demand,,high,positive,0,120,Industrial activity and urban demand support offtake.,inferred_from_industry,"NSE classification, annual-report source inventory and sector value-chain mapping",0.6,inferred
nifty_500_shariah,BPCL,Bharat Petroleum Corporation Ltd.,regulated retail users,customer_industry,downstream,regulated retail users,,medium,positive,0,120,Retail demand and tariff regulation affect revenue.,inferred_from_industry,"NSE classification, annual-report source inventory and sector value-chain mapping",0.6,inferred
nifty_500_shariah,BRITANNIA,Britannia Industries Ltd.,"commodities, packaging and merchandise",raw_material,upstream,"agri, chemical, textile and packaging suppliers",,high,negative,0,90,Commodity and packaging inflation affects gross margin.,inferred_from_industry,"NSE classification, annual-report source inventory and sector value-chain mapping",0.6,inferred
nifty_500_shariah,BRITANNIA,Britannia Industries Ltd.,"advertising, logistics and retail occupancy",other,upstream,"media, logistics and retail real estate",,medium,negative,0,120,Brand and channel costs influence operating margin.,inferred_from_industry,"NSE classification, annual-report source inventory and sector value-chain mapping",0.6,inferred
nifty_500_shariah,BRITANNIA,Britannia Industries Ltd.,Indian household consumption,customer_industry,downstream,Indian household consumption,,high,positive,0,90,"Household income, pricing and distribution reach drive demand.",inferred_from_industry,"NSE classification, annual-report source inventory and sector value-chain mapping",0.6,inferred
nifty_500_shariah,BRITANNIA,Britannia Industries Ltd.,retail and e-commerce channels,customer_industry,downstream,retail and e-commerce channels,,medium,positive,0,120,Channel expansion and inventory availability support revenue.,inferred_from_industry,"NSE classification, annual-report source inventory and sector value-chain mapping",0.6,inferred
nifty_500_shariah,BSOFT,Birlasoft Ltd.,skilled technology labor,labour,upstream,IT talent market,,high,negative,0,90,"Wage inflation, utilisation and attrition affect margins.",inferred_from_industry,"NSE classification, annual-report source inventory and sector value-chain mapping",0.6,inferred
nifty_500_shariah,BSOFT,Birlasoft Ltd.,cloud and software ecosystems,software,upstream,cloud and enterprise software,,medium,mixed,0,180,Partner ecosystems shape delivery capability and demand.,inferred_from_industry,"NSE classification, annual-report source inventory and sector value-chain mapping",0.6,inferred
nifty_500_shariah,BSOFT,Birlasoft Ltd.,global enterprise IT,customer_industry,downstream,global enterprise IT,,high,positive,0,180,Enterprise technology budgets and deal ramp-ups drive revenue.,inferred_from_industry,"NSE classification, annual-report source inventory and sector value-chain mapping",0.6,inferred
nifty_500_shariah,BSOFT,Birlasoft Ltd.,industry technology buyers,customer_industry,downstream,industry technology buyers,,medium,positive,0,180,Customer capex and transformation programs influence project conversion.,inferred_from_industry,"NSE classification, annual-report source inventory and sector value-chain mapping",0.6,inferred
nifty_500_shariah,CARBORUNIV,Carborundum Universal Ltd.,"steel, copper, electronics and bought-out components",raw_material,upstream,metals and electrical components,,high,negative,0,180,Input cost inflation can affect project margins.,inferred_from_industry,"NSE classification, annual-report source inventory and sector value-chain mapping",0.6,inferred
nifty_500_shariah,CARBORUNIV,Carborundum Universal Ltd.,project execution labor and subcontractors,labour,upstream,engineering and construction services,,medium,negative,0,180,Execution availability and cost influence delivery timelines.,inferred_from_industry,"NSE classification, annual-report source inventory and sector value-chain mapping",0.6,inferred
nifty_500_shariah,CARBORUNIV,Carborundum Universal Ltd.,industrial and infrastructure capex,customer_industry,downstream,industrial and infrastructure capex,,high,positive,0,365,Private and public capex drives orders and execution.,inferred_from_industry,"NSE classification, annual-report source inventory and sector value-chain mapping",0.6,inferred
nifty_500_shariah,CARBORUNIV,Carborundum Universal Ltd.,government and regulated utilities,customer_industry,downstream,government and regulated utilities,,medium,positive,0,365,Tender awards and utility capex influence order inflow.,inferred_from_industry,"NSE classification, annual-report source inventory and sector value-chain mapping",0.6,inferred
nifty_500_shariah,CASTROLIND,Castrol India Ltd.,"fuel, gas, crude-linked inputs and power",energy,upstream,energy and commodities,,high,negative,0,90,Commodity prices and supply availability affect spreads and margins.,inferred_from_industry,"NSE classification, annual-report source inventory and sector value-chain mapping",0.6,inferred
nifty_500_shariah,CASTROLIND,Castrol India Ltd.,regulatory tariffs and licenses,regulation,upstream,energy regulators,,high,mixed,0,365,"Tariffs, licenses and policy changes influence returns.",inferred_from_industry,"NSE classification, annual-report source inventory and sector value-chain mapping",0.6,inferred
nifty_500_shariah,CASTROLIND,Castrol India Ltd.,industrial and commercial energy demand,customer_industry,downstream,industrial and commercial energy demand,,high,positive,0,120,Industrial activity and urban demand support offtake.,inferred_from_industry,"NSE classification, annual-report source inventory and sector value-chain mapping",0.6,inferred
nifty_500_shariah,CASTROLIND,Castrol India Ltd.,regulated retail users,customer_industry,downstream,regulated retail users,,medium,positive,0,120,Retail demand and tariff regulation affect revenue.,inferred_from_industry,"NSE classification, annual-report source inventory and sector value-chain mapping",0.6,inferred
nifty_500_shariah,CEATLTD,Ceat Ltd.,"steel, aluminium, rubber and components",raw_material,upstream,"metals, rubber and auto components",,high,negative,0,120,Commodity and component costs affect gross margin.,inferred_from_industry,"NSE classification, annual-report source inventory and sector value-chain mapping",0.6,inferred
nifty_500_shariah,CEATLTD,Ceat Ltd.,electronics and logistics,component,upstream,electronics and logistics,,medium,negative,0,180,Supply availability affects production continuity.,inferred_from_industry,"NSE classification, annual-report source inventory and sector value-chain mapping",0.6,inferred
nifty_500_shariah,CEATLTD,Ceat Ltd.,Indian auto demand,customer_industry,downstream,Indian auto demand,,high,positive,0,120,"Consumer income, financing and fleet demand drive volumes.",inferred_from_industry,"NSE classification, annual-report source inventory and sector value-chain mapping",0.6,inferred
nifty_500_shariah,CEATLTD,Ceat Ltd.,OEM production and replacement market,customer_industry,downstream,OEM production and replacement market,,high,positive,0,180,OEM production schedules and replacement cycles affect revenue.,inferred_from_industry,"NSE classification, annual-report source inventory and sector value-chain mapping",0.6,inferred
nifty_500_shariah,CEMPRO,Cemindia Projects Ltd.,"steel, copper, electronics and bought-out components",raw_material,upstream,metals and electrical components,,high,negative,0,180,Input cost inflation can affect project margins.,inferred_from_industry,"NSE classification, annual-report source inventory and sector value-chain mapping",0.6,inferred
nifty_500_shariah,CEMPRO,Cemindia Projects Ltd.,project execution labor and subcontractors,labour,upstream,engineering and construction services,,medium,negative,0,180,Execution availability and cost influence delivery timelines.,inferred_from_industry,"NSE classification, annual-report source inventory and sector value-chain mapping",0.6,inferred
nifty_500_shariah,CEMPRO,Cemindia Projects Ltd.,industrial and infrastructure capex,customer_industry,downstream,industrial and infrastructure capex,,high,positive,0,365,Private and public capex drives orders and execution.,inferred_from_industry,"NSE classification, annual-report source inventory and sector value-chain mapping",0.6,inferred
nifty_500_shariah,CEMPRO,Cemindia Projects Ltd.,government and regulated utilities,customer_industry,downstream,government and regulated utilities,,medium,positive,0,365,Tender awards and utility capex influence order inflow.,inferred_from_industry,"NSE classification, annual-report source inventory and sector value-chain mapping",0.6,inferred
nifty_500_shariah,CGPOWER,CG Power and Industrial Solutions Ltd.,"steel, copper, electronics and bought-out components",raw_material,upstream,metals and electrical components,,high,negative,0,180,Input cost inflation can affect project margins.,inferred_from_industry,"NSE classification, annual-report source inventory and sector value-chain mapping",0.6,inferred
nifty_500_shariah,CGPOWER,CG Power and Industrial Solutions Ltd.,project execution labor and subcontractors,labour,upstream,engineering and construction services,,medium,negative,0,180,Execution availability and cost influence delivery timelines.,inferred_from_industry,"NSE classification, annual-report source inventory and sector value-chain mapping",0.6,inferred
nifty_500_shariah,CGPOWER,CG Power and Industrial Solutions Ltd.,industrial and infrastructure capex,customer_industry,downstream,industrial and infrastructure capex,,high,positive,0,365,Private and public capex drives orders and execution.,inferred_from_industry,"NSE classification, annual-report source inventory and sector value-chain mapping",0.6,inferred
nifty_500_shariah,CGPOWER,CG Power and Industrial Solutions Ltd.,government and regulated utilities,customer_industry,downstream,government and regulated utilities,,medium,positive,0,365,Tender awards and utility capex influence order inflow.,inferred_from_industry,"NSE classification, annual-report source inventory and sector value-chain mapping",0.6,inferred
nifty_500_shariah,CHAMBLFERT,Chambal Fertilisers & Chemicals Ltd.,"petrochemical feedstocks, solvents and energy",raw_material,upstream,petrochemicals and energy,,high,negative,0,90,Feedstock and energy inflation affects gross margins.,inferred_from_industry,"NSE classification, annual-report source inventory and sector value-chain mapping",0.6,inferred
nifty_500_shariah,CHAMBLFERT,Chambal Fertilisers & Chemicals Ltd.,environmental and product approvals,regulation,upstream,chemical regulators,,high,mixed,0,365,Approvals and environmental compliance shape operating continuity.,inferred_from_industry,"NSE classification, annual-report source inventory and sector value-chain mapping",0.6,inferred
nifty_500_shariah,CHAMBLFERT,Chambal Fertilisers & Chemicals Ltd.,industrial manufacturing,customer_industry,downstream,industrial manufacturing,,high,positive,0,120,Industrial production drives chemical demand.,inferred_from_industry,"NSE classification, annual-report source inventory and sector value-chain mapping",0.6,inferred
nifty_500_shariah,CHAMBLFERT,Chambal Fertilisers & Chemicals Ltd.,agriculture and regulated end-markets,customer_industry,downstream,agriculture and regulated end-markets,,medium,positive,0,180,Seasonal and regulated demand affects volumes and mix.,inferred_from_industry,"NSE classification, annual-report source inventory and sector value-chain mapping",0.6,inferred
nifty_500_shariah,CHENNPETRO,Chennai Petroleum Corporation Ltd.,"fuel, gas, crude-linked inputs and power",energy,upstream,energy and commodities,,high,negative,0,90,Commodity prices and supply availability affect spreads and margins.,inferred_from_industry,"NSE classification, annual-report source inventory and sector value-chain mapping",0.6,inferred
nifty_500_shariah,CHENNPETRO,Chennai Petroleum Corporation Ltd.,regulatory tariffs and licenses,regulation,upstream,energy regulators,,high,mixed,0,365,"Tariffs, licenses and policy changes influence returns.",inferred_from_industry,"NSE classification, annual-report source inventory and sector value-chain mapping",0.6,inferred
nifty_500_shariah,CHENNPETRO,Chennai Petroleum Corporation Ltd.,industrial and commercial energy demand,customer_industry,downstream,industrial and commercial energy demand,,high,positive,0,120,Industrial activity and urban demand support offtake.,inferred_from_industry,"NSE classification, annual-report source inventory and sector value-chain mapping",0.6,inferred
nifty_500_shariah,CHENNPETRO,Chennai Petroleum Corporation Ltd.,regulated retail users,customer_industry,downstream,regulated retail users,,medium,positive,0,120,Retail demand and tariff regulation affect revenue.,inferred_from_industry,"NSE classification, annual-report source inventory and sector value-chain mapping",0.6,inferred
nifty_50_shariah,CIPLA,CIPLA LTD.,APIs and key starting materials,raw_material,upstream,pharma intermediates and specialty chemicals,,high,negative,0,120,Input availability and prices affect gross margin and launch reliability.,inferred_from_industry,Annual Report 2024-25 cost/risk discussion and value-chain mapping,0.8,inferred
nifty_50_shariah,CIPLA,CIPLA LTD.,regulatory compliance and manufacturing quality,regulation,upstream,healthcare regulators,,high,mixed,0,365,Plant observations or approvals can materially alter product supply and launches.,inferred_from_industry,Annual Report 2024-25 cost/risk discussion and value-chain mapping,0.8,inferred
nifty_50_shariah,CIPLA,CIPLA LTD.,domestic pharmaceutical demand,customer_industry,downstream,domestic pharmaceutical demand,,high,positive,0,120,Prescription growth and market share drive India formulation sales.,disclosed,Annual Report 2024-25 and industry value-chain mapping,0.82,inferred
nifty_50_shariah,CIPLA,CIPLA LTD.,US generic drug market,customer_industry,downstream,US generic drug market,,high,mixed,30,180,"Approvals and launches help revenue, while price erosion can offset volume.",disclosed,Annual Report 2024-25 and industry value-chain mapping,0.82,inferred
nifty_500_shariah,COFORGE,Coforge Ltd.,skilled technology labor,labour,upstream,IT talent market,,high,negative,0,90,"Wage inflation, utilisation and attrition affect margins.",inferred_from_industry,"NSE classification, annual-report source inventory and sector value-chain mapping",0.6,inferred
nifty_500_shariah,COFORGE,Coforge Ltd.,cloud and software ecosystems,software,upstream,cloud and enterprise software,,medium,mixed,0,180,Partner ecosystems shape delivery capability and demand.,inferred_from_industry,"NSE classification, annual-report source inventory and sector value-chain mapping",0.6,inferred
nifty_500_shariah,COFORGE,Coforge Ltd.,global enterprise IT,customer_industry,downstream,global enterprise IT,,high,positive,0,180,Enterprise technology budgets and deal ramp-ups drive revenue.,inferred_from_industry,"NSE classification, annual-report source inventory and sector value-chain mapping",0.6,inferred
nifty_500_shariah,COFORGE,Coforge Ltd.,industry technology buyers,customer_industry,downstream,industry technology buyers,,medium,positive,0,180,Customer capex and transformation programs influence project conversion.,inferred_from_industry,"NSE classification, annual-report source inventory and sector value-chain mapping",0.6,inferred
nifty_500_shariah,COHANCE,Cohance Lifesciences Ltd.,"APIs, KSMs, medical supplies and consumables",raw_material,upstream,pharma intermediates and healthcare supplies,,high,negative,0,120,Input availability and compliance influence margins and supply reliability.,inferred_from_industry,"NSE classification, annual-report source inventory and sector value-chain mapping",0.6,inferred
nifty_500_shariah,COHANCE,Cohance Lifesciences Ltd.,regulatory approvals and quality systems,regulation,upstream,healthcare regulators,,high,mixed,0,365,Approvals enable launches and capacity use; observations can disrupt supply.,inferred_from_industry,"NSE classification, annual-report source inventory and sector value-chain mapping",0.6,inferred
nifty_500_shariah,COHANCE,Cohance Lifesciences Ltd.,domestic healthcare demand,customer_industry,downstream,domestic healthcare demand,,high,positive,0,120,"Healthcare access, prescriptions and patient volumes support revenue.",inferred_from_industry,"NSE classification, annual-report source inventory and sector value-chain mapping",0.6,inferred
nifty_500_shariah,COHANCE,Cohance Lifesciences Ltd.,regulated export or institutional markets,customer_industry,downstream,regulated export or institutional markets,,medium,mixed,0,180,Approvals and tender flows can lift revenue while pricing pressure can offset volume.,inferred_from_industry,"NSE classification, annual-report source inventory and sector value-chain mapping",0.6,inferred
ind_nifty500,COLPAL,Colgate Palmolive (India) Ltd.,"commodities, packaging and merchandise",raw_material,upstream,"agri, chemical, textile and packaging suppliers",,high,negative,0,90,Commodity and packaging inflation affects gross margin.,inferred_from_industry,"NSE classification, annual-report source inventory and sector value-chain mapping",0.6,inferred
ind_nifty500,COLPAL,Colgate Palmolive (India) Ltd.,"advertising, logistics and retail occupancy",other,upstream,"media, logistics and retail real estate",,medium,negative,0,120,Brand and channel costs influence operating margin.,inferred_from_industry,"NSE classification, annual-report source inventory and sector value-chain mapping",0.6,inferred
ind_nifty500,COLPAL,Colgate Palmolive (India) Ltd.,Indian household consumption,customer_industry,downstream,Indian household consumption,,high,positive,0,90,"Household income, pricing and distribution reach drive demand.",inferred_from_industry,"NSE classification, annual-report source inventory and sector value-chain mapping",0.6,inferred
ind_nifty500,COLPAL,Colgate Palmolive (India) Ltd.,retail and e-commerce channels,customer_industry,downstream,retail and e-commerce channels,,medium,positive,0,120,Channel expansion and inventory availability support revenue.,inferred_from_industry,"NSE classification, annual-report source inventory and sector value-chain mapping",0.6,inferred
nifty_500_shariah,CONCORDBIO,Concord Biotech Ltd.,"APIs, KSMs, medical supplies and consumables",raw_material,upstream,pharma intermediates and healthcare supplies,,high,negative,0,120,Input availability and compliance influence margins and supply reliability.,inferred_from_industry,"NSE classification, annual-report source inventory and sector value-chain mapping",0.6,inferred
nifty_500_shariah,CONCORDBIO,Concord Biotech Ltd.,regulatory approvals and quality systems,regulation,upstream,healthcare regulators,,high,mixed,0,365,Approvals enable launches and capacity use; observations can disrupt supply.,inferred_from_industry,"NSE classification, annual-report source inventory and sector value-chain mapping",0.6,inferred
nifty_500_shariah,CONCORDBIO,Concord Biotech Ltd.,domestic healthcare demand,customer_industry,downstream,domestic healthcare demand,,high,positive,0,120,"Healthcare access, prescriptions and patient volumes support revenue.",inferred_from_industry,"NSE classification, annual-report source inventory and sector value-chain mapping",0.6,inferred
nifty_500_shariah,CONCORDBIO,Concord Biotech Ltd.,regulated export or institutional markets,customer_industry,downstream,regulated export or institutional markets,,medium,mixed,0,180,Approvals and tender flows can lift revenue while pricing pressure can offset volume.,inferred_from_industry,"NSE classification, annual-report source inventory and sector value-chain mapping",0.6,inferred
ind_nifty500,COROMANDEL,Coromandel International Ltd.,"petrochemical feedstocks, solvents and energy",raw_material,upstream,petrochemicals and energy,,high,negative,0,90,Feedstock and energy inflation affects gross margins.,inferred_from_industry,"NSE classification, annual-report source inventory and sector value-chain mapping",0.6,inferred
ind_nifty500,COROMANDEL,Coromandel International Ltd.,environmental and product approvals,regulation,upstream,chemical regulators,,high,mixed,0,365,Approvals and environmental compliance shape operating continuity.,inferred_from_industry,"NSE classification, annual-report source inventory and sector value-chain mapping",0.6,inferred
ind_nifty500,COROMANDEL,Coromandel International Ltd.,industrial manufacturing,customer_industry,downstream,industrial manufacturing,,high,positive,0,120,Industrial production drives chemical demand.,inferred_from_industry,"NSE classification, annual-report source inventory and sector value-chain mapping",0.6,inferred
ind_nifty500,COROMANDEL,Coromandel International Ltd.,agriculture and regulated end-markets,customer_industry,downstream,agriculture and regulated end-markets,,medium,positive,0,180,Seasonal and regulated demand affects volumes and mix.,inferred_from_industry,"NSE classification, annual-report source inventory and sector value-chain mapping",0.6,inferred
nifty_500_shariah,CPPLUS,Aditya Infotech Ltd.,"steel, copper, electronics and bought-out components",raw_material,upstream,metals and electrical components,,high,negative,0,180,Input cost inflation can affect project margins.,inferred_from_industry,"NSE classification, annual-report source inventory and sector value-chain mapping",0.6,inferred
nifty_500_shariah,CPPLUS,Aditya Infotech Ltd.,project execution labor and subcontractors,labour,upstream,engineering and construction services,,medium,negative,0,180,Execution availability and cost influence delivery timelines.,inferred_from_industry,"NSE classification, annual-report source inventory and sector value-chain mapping",0.6,inferred
nifty_500_shariah,CPPLUS,Aditya Infotech Ltd.,industrial and infrastructure capex,customer_industry,downstream,industrial and infrastructure capex,,high,positive,0,365,Private and public capex drives orders and execution.,inferred_from_industry,"NSE classification, annual-report source inventory and sector value-chain mapping",0.6,inferred
nifty_500_shariah,CPPLUS,Aditya Infotech Ltd.,government and regulated utilities,customer_industry,downstream,government and regulated utilities,,medium,positive,0,365,Tender awards and utility capex influence order inflow.,inferred_from_industry,"NSE classification, annual-report source inventory and sector value-chain mapping",0.6,inferred
nifty_500_shariah,CRISIL,Crisil Ltd.,"raw materials, energy and logistics",raw_material,upstream,industrial suppliers and logistics,,medium,negative,0,120,Input and freight costs influence margins.,inferred_from_industry,"NSE classification, annual-report source inventory and sector value-chain mapping",0.6,inferred
nifty_500_shariah,CRISIL,Crisil Ltd.,skilled labor and services,labour,upstream,labor and service providers,,medium,negative,0,120,Labor and service availability affects execution and cost.,inferred_from_industry,"NSE classification, annual-report source inventory and sector value-chain mapping",0.6,inferred
nifty_500_shariah,CRISIL,Crisil Ltd.,industry end-market demand,customer_industry,downstream,industry end-market demand,,high,positive,0,180,End-market demand and utilisation drive revenue.,inferred_from_industry,"NSE classification, annual-report source inventory and sector value-chain mapping",0.6,inferred
nifty_500_shariah,CRISIL,Crisil Ltd.,channel or institutional customers,customer_industry,downstream,channel or institutional customers,,medium,positive,0,180,"Distribution, tender or institutional demand affects volumes.",inferred_from_industry,"NSE classification, annual-report source inventory and sector value-chain mapping",0.6,inferred
ind_nifty500,CROMPTON,Crompton Greaves Consumer Electricals Ltd.,"steel, copper, electronics and bought-out components",raw_material,upstream,metals and electrical components,,high,negative,0,180,Input cost inflation can affect project margins.,inferred_from_industry,"NSE classification, annual-report source inventory and sector value-chain mapping",0.6,inferred
ind_nifty500,CROMPTON,Crompton Greaves Consumer Electricals Ltd.,project execution labor and subcontractors,labour,upstream,engineering and construction services,,medium,negative,0,180,Execution availability and cost influence delivery timelines.,inferred_from_industry,"NSE classification, annual-report source inventory and sector value-chain mapping",0.6,inferred
ind_nifty500,CROMPTON,Crompton Greaves Consumer Electricals Ltd.,industrial and infrastructure capex,customer_industry,downstream,industrial and infrastructure capex,,high,positive,0,365,Private and public capex drives orders and execution.,inferred_from_industry,"NSE classification, annual-report source inventory and sector value-chain mapping",0.6,inferred
ind_nifty500,CROMPTON,Crompton Greaves Consumer Electricals Ltd.,government and regulated utilities,customer_industry,downstream,government and regulated utilities,,medium,positive,0,365,Tender awards and utility capex influence order inflow.,inferred_from_industry,"NSE classification, annual-report source inventory and sector value-chain mapping",0.6,inferred
nifty_500_shariah,CUMMINSIND,Cummins India Ltd.,"steel, copper, electronics and bought-out components",raw_material,upstream,metals and electrical components,,high,negative,0,180,Input cost inflation can affect project margins.,inferred_from_industry,"NSE classification, annual-report source inventory and sector value-chain mapping",0.6,inferred
nifty_500_shariah,CUMMINSIND,Cummins India Ltd.,project execution labor and subcontractors,labour,upstream,engineering and construction services,,medium,negative,0,180,Execution availability and cost influence delivery timelines.,inferred_from_industry,"NSE classification, annual-report source inventory and sector value-chain mapping",0.6,inferred
nifty_500_shariah,CUMMINSIND,Cummins India Ltd.,industrial and infrastructure capex,customer_industry,downstream,industrial and infrastructure capex,,high,positive,0,365,Private and public capex drives orders and execution.,inferred_from_industry,"NSE classification, annual-report source inventory and sector value-chain mapping",0.6,inferred
nifty_500_shariah,CUMMINSIND,Cummins India Ltd.,government and regulated utilities,customer_industry,downstream,government and regulated utilities,,medium,positive,0,365,Tender awards and utility capex influence order inflow.,inferred_from_industry,"NSE classification, annual-report source inventory and sector value-chain mapping",0.6,inferred
ind_nifty500,CYIENT,Cyient Ltd.,skilled technology labor,labour,upstream,IT talent market,,high,negative,0,90,"Wage inflation, utilisation and attrition affect margins.",inferred_from_industry,"NSE classification, annual-report source inventory and sector value-chain mapping",0.6,inferred
ind_nifty500,CYIENT,Cyient Ltd.,cloud and software ecosystems,software,upstream,cloud and enterprise software,,medium,mixed,0,180,Partner ecosystems shape delivery capability and demand.,inferred_from_industry,"NSE classification, annual-report source inventory and sector value-chain mapping",0.6,inferred
ind_nifty500,CYIENT,Cyient Ltd.,global enterprise IT,customer_industry,downstream,global enterprise IT,,high,positive,0,180,Enterprise technology budgets and deal ramp-ups drive revenue.,inferred_from_industry,"NSE classification, annual-report source inventory and sector value-chain mapping",0.6,inferred
ind_nifty500,CYIENT,Cyient Ltd.,industry technology buyers,customer_industry,downstream,industry technology buyers,,medium,positive,0,180,Customer capex and transformation programs influence project conversion.,inferred_from_industry,"NSE classification, annual-report source inventory and sector value-chain mapping",0.6,inferred
nifty_500_shariah,DALBHARAT,Dalmia Bharat Ltd.,"steel, copper, electronics and bought-out components",raw_material,upstream,metals and electrical components,,high,negative,0,180,Input cost inflation can affect project margins.,inferred_from_industry,"NSE classification, annual-report source inventory and sector value-chain mapping",0.6,inferred
nifty_500_shariah,DALBHARAT,Dalmia Bharat Ltd.,project execution labor and subcontractors,labour,upstream,engineering and construction services,,medium,negative,0,180,Execution availability and cost influence delivery timelines.,inferred_from_industry,"NSE classification, annual-report source inventory and sector value-chain mapping",0.6,inferred
nifty_500_shariah,DALBHARAT,Dalmia Bharat Ltd.,industrial and infrastructure capex,customer_industry,downstream,industrial and infrastructure capex,,high,positive,0,365,Private and public capex drives orders and execution.,inferred_from_industry,"NSE classification, annual-report source inventory and sector value-chain mapping",0.6,inferred
nifty_500_shariah,DALBHARAT,Dalmia Bharat Ltd.,government and regulated utilities,customer_industry,downstream,government and regulated utilities,,medium,positive,0,365,Tender awards and utility capex influence order inflow.,inferred_from_industry,"NSE classification, annual-report source inventory and sector value-chain mapping",0.6,inferred
nifty_500_shariah,DEEPAKNTR,Deepak Nitrite Ltd.,"petrochemical feedstocks, solvents and energy",raw_material,upstream,petrochemicals and energy,,high,negative,0,90,Feedstock and energy inflation affects gross margins.,inferred_from_industry,"NSE classification, annual-report source inventory and sector value-chain mapping",0.6,inferred
nifty_500_shariah,DEEPAKNTR,Deepak Nitrite Ltd.,environmental and product approvals,regulation,upstream,chemical regulators,,high,mixed,0,365,Approvals and environmental compliance shape operating continuity.,inferred_from_industry,"NSE classification, annual-report source inventory and sector value-chain mapping",0.6,inferred
nifty_500_shariah,DEEPAKNTR,Deepak Nitrite Ltd.,industrial manufacturing,customer_industry,downstream,industrial manufacturing,,high,positive,0,120,Industrial production drives chemical demand.,inferred_from_industry,"NSE classification, annual-report source inventory and sector value-chain mapping",0.6,inferred
nifty_500_shariah,DEEPAKNTR,Deepak Nitrite Ltd.,agriculture and regulated end-markets,customer_industry,downstream,agriculture and regulated end-markets,,medium,positive,0,180,Seasonal and regulated demand affects volumes and mix.,inferred_from_industry,"NSE classification, annual-report source inventory and sector value-chain mapping",0.6,inferred
nifty_500_shariah,DIXON,Dixon Technologies (India) Ltd.,"commodities, packaging and merchandise",raw_material,upstream,"agri, chemical, textile and packaging suppliers",,high,negative,0,90,Commodity and packaging inflation affects gross margin.,inferred_from_industry,"NSE classification, annual-report source inventory and sector value-chain mapping",0.6,inferred
nifty_500_shariah,DIXON,Dixon Technologies (India) Ltd.,"advertising, logistics and retail occupancy",other,upstream,"media, logistics and retail real estate",,medium,negative,0,120,Brand and channel costs influence operating margin.,inferred_from_industry,"NSE classification, annual-report source inventory and sector value-chain mapping",0.6,inferred
nifty_500_shariah,DIXON,Dixon Technologies (India) Ltd.,Indian household consumption,customer_industry,downstream,Indian household consumption,,high,positive,0,90,"Household income, pricing and distribution reach drive demand.",inferred_from_industry,"NSE classification, annual-report source inventory and sector value-chain mapping",0.6,inferred
nifty_500_shariah,DIXON,Dixon Technologies (India) Ltd.,retail and e-commerce channels,customer_industry,downstream,retail and e-commerce channels,,medium,positive,0,120,Channel expansion and inventory availability support revenue.,inferred_from_industry,"NSE classification, annual-report source inventory and sector value-chain mapping",0.6,inferred
nifty_500_shariah,DMART,Avenue Supermarts Ltd.,"commodities, packaging and merchandise",raw_material,upstream,"agri, chemical, textile and packaging suppliers",,high,negative,0,90,Commodity and packaging inflation affects gross margin.,inferred_from_industry,"NSE classification, annual-report source inventory and sector value-chain mapping",0.6,inferred
nifty_500_shariah,DMART,Avenue Supermarts Ltd.,"advertising, logistics and retail occupancy",other,upstream,"media, logistics and retail real estate",,medium,negative,0,120,Brand and channel costs influence operating margin.,inferred_from_industry,"NSE classification, annual-report source inventory and sector value-chain mapping",0.6,inferred
nifty_500_shariah,DMART,Avenue Supermarts Ltd.,Indian household consumption,customer_industry,downstream,Indian household consumption,,high,positive,0,90,"Household income, pricing and distribution reach drive demand.",inferred_from_industry,"NSE classification, annual-report source inventory and sector value-chain mapping",0.6,inferred
nifty_500_shariah,DMART,Avenue Supermarts Ltd.,retail and e-commerce channels,customer_industry,downstream,retail and e-commerce channels,,medium,positive,0,120,Channel expansion and inventory availability support revenue.,inferred_from_industry,"NSE classification, annual-report source inventory and sector value-chain mapping",0.6,inferred
nifty_500_shariah,DOMS,DOMS Industries Ltd.,"commodities, packaging and merchandise",raw_material,upstream,"agri, chemical, textile and packaging suppliers",,high,negative,0,90,Commodity and packaging inflation affects gross margin.,inferred_from_industry,"NSE classification, annual-report source inventory and sector value-chain mapping",0.6,inferred
nifty_500_shariah,DOMS,DOMS Industries Ltd.,"advertising, logistics and retail occupancy",other,upstream,"media, logistics and retail real estate",,medium,negative,0,120,Brand and channel costs influence operating margin.,inferred_from_industry,"NSE classification, annual-report source inventory and sector value-chain mapping",0.6,inferred
nifty_500_shariah,DOMS,DOMS Industries Ltd.,Indian household consumption,customer_industry,downstream,Indian household consumption,,high,positive,0,90,"Household income, pricing and distribution reach drive demand.",inferred_from_industry,"NSE classification, annual-report source inventory and sector value-chain mapping",0.6,inferred
nifty_500_shariah,DOMS,DOMS Industries Ltd.,retail and e-commerce channels,customer_industry,downstream,retail and e-commerce channels,,medium,positive,0,120,Channel expansion and inventory availability support revenue.,inferred_from_industry,"NSE classification, annual-report source inventory and sector value-chain mapping",0.6,inferred
nifty_50_shariah,DRREDDY,DR.REDDY'S LABORATORIES LTD.,"KSMs, APIs and solvents",raw_material,upstream,specialty chemicals and pharma intermediates,,high,negative,0,120,Input costs and supply disruptions influence margins.,inferred_from_industry,Annual Report 2024-25 cost/risk discussion and value-chain mapping,0.8,inferred
nifty_50_shariah,DRREDDY,DR.REDDY'S LABORATORIES LTD.,regulatory approvals and plant compliance,regulation,upstream,US FDA and global regulators,,high,mixed,0,365,Approvals drive launches; observations can delay supply.,inferred_from_industry,Annual Report 2024-25 cost/risk discussion and value-chain mapping,0.8,inferred
nifty_50_shariah,DRREDDY,DR.REDDY'S LABORATORIES LTD.,global generic drug market,customer_industry,downstream,global generic drug market,,high,mixed,30,180,"Launches and volume support revenue, while price erosion pressures margins.",disclosed,Annual Report 2024-25 and industry value-chain mapping,0.82,inferred
nifty_50_shariah,DRREDDY,DR.REDDY'S LABORATORIES LTD.,pharma manufacturers,customer_industry,downstream,pharma manufacturers,,medium,positive,30,180,API outsourcing and supply reliability drive PSAI demand.,disclosed,Annual Report 2024-25 and industry value-chain mapping,0.82,inferred
nifty_500_shariah,ECLERX,eClerx Services Ltd.,"raw materials, energy and logistics",raw_material,upstream,industrial suppliers and logistics,,medium,negative,0,120,Input and freight costs influence margins.,inferred_from_industry,"NSE classification, annual-report source inventory and sector value-chain mapping",0.6,inferred
nifty_500_shariah,ECLERX,eClerx Services Ltd.,skilled labor and services,labour,upstream,labor and service providers,,medium,negative,0,120,Labor and service availability affects execution and cost.,inferred_from_industry,"NSE classification, annual-report source inventory and sector value-chain mapping",0.6,inferred
nifty_500_shariah,ECLERX,eClerx Services Ltd.,industry end-market demand,customer_industry,downstream,industry end-market demand,,high,positive,0,180,End-market demand and utilisation drive revenue.,inferred_from_industry,"NSE classification, annual-report source inventory and sector value-chain mapping",0.6,inferred
nifty_500_shariah,ECLERX,eClerx Services Ltd.,channel or institutional customers,customer_industry,downstream,channel or institutional customers,,medium,positive,0,180,"Distribution, tender or institutional demand affects volumes.",inferred_from_industry,"NSE classification, annual-report source inventory and sector value-chain mapping",0.6,inferred
nifty_500_shariah,ELECON,Elecon Engineering Company Ltd.,"steel, copper, electronics and bought-out components",raw_material,upstream,metals and electrical components,,high,negative,0,180,Input cost inflation can affect project margins.,inferred_from_industry,"NSE classification, annual-report source inventory and sector value-chain mapping",0.6,inferred
nifty_500_shariah,ELECON,Elecon Engineering Company Ltd.,project execution labor and subcontractors,labour,upstream,engineering and construction services,,medium,negative,0,180,Execution availability and cost influence delivery timelines.,inferred_from_industry,"NSE classification, annual-report source inventory and sector value-chain mapping",0.6,inferred
nifty_500_shariah,ELECON,Elecon Engineering Company Ltd.,industrial and infrastructure capex,customer_industry,downstream,industrial and infrastructure capex,,high,positive,0,365,Private and public capex drives orders and execution.,inferred_from_industry,"NSE classification, annual-report source inventory and sector value-chain mapping",0.6,inferred
nifty_500_shariah,ELECON,Elecon Engineering Company Ltd.,government and regulated utilities,customer_industry,downstream,government and regulated utilities,,medium,positive,0,365,Tender awards and utility capex influence order inflow.,inferred_from_industry,"NSE classification, annual-report source inventory and sector value-chain mapping",0.6,inferred
nifty_500_shariah,ELGIEQUIP,Elgi Equipments Ltd.,"steel, copper, electronics and bought-out components",raw_material,upstream,metals and electrical components,,high,negative,0,180,Input cost inflation can affect project margins.,inferred_from_industry,"NSE classification, annual-report source inventory and sector value-chain mapping",0.6,inferred
nifty_500_shariah,ELGIEQUIP,Elgi Equipments Ltd.,project execution labor and subcontractors,labour,upstream,engineering and construction services,,medium,negative,0,180,Execution availability and cost influence delivery timelines.,inferred_from_industry,"NSE classification, annual-report source inventory and sector value-chain mapping",0.6,inferred
nifty_500_shariah,ELGIEQUIP,Elgi Equipments Ltd.,industrial and infrastructure capex,customer_industry,downstream,industrial and infrastructure capex,,high,positive,0,365,Private and public capex drives orders and execution.,inferred_from_industry,"NSE classification, annual-report source inventory and sector value-chain mapping",0.6,inferred
nifty_500_shariah,ELGIEQUIP,Elgi Equipments Ltd.,government and regulated utilities,customer_industry,downstream,government and regulated utilities,,medium,positive,0,365,Tender awards and utility capex influence order inflow.,inferred_from_industry,"NSE classification, annual-report source inventory and sector value-chain mapping",0.6,inferred
nifty_500_shariah,EMAMILTD,Emami Ltd.,"commodities, packaging and merchandise",raw_material,upstream,"agri, chemical, textile and packaging suppliers",,high,negative,0,90,Commodity and packaging inflation affects gross margin.,inferred_from_industry,"NSE classification, annual-report source inventory and sector value-chain mapping",0.6,inferred
nifty_500_shariah,EMAMILTD,Emami Ltd.,"advertising, logistics and retail occupancy",other,upstream,"media, logistics and retail real estate",,medium,negative,0,120,Brand and channel costs influence operating margin.,inferred_from_industry,"NSE classification, annual-report source inventory and sector value-chain mapping",0.6,inferred
nifty_500_shariah,EMAMILTD,Emami Ltd.,Indian household consumption,customer_industry,downstream,Indian household consumption,,high,positive,0,90,"Household income, pricing and distribution reach drive demand.",inferred_from_industry,"NSE classification, annual-report source inventory and sector value-chain mapping",0.6,inferred
nifty_500_shariah,EMAMILTD,Emami Ltd.,retail and e-commerce channels,customer_industry,downstream,retail and e-commerce channels,,medium,positive,0,120,Channel expansion and inventory availability support revenue.,inferred_from_industry,"NSE classification, annual-report source inventory and sector value-chain mapping",0.6,inferred
nifty_500_shariah,EMCURE,Emcure Pharmaceuticals Ltd.,"APIs, KSMs, medical supplies and consumables",raw_material,upstream,pharma intermediates and healthcare supplies,,high,negative,0,120,Input availability and compliance influence margins and supply reliability.,inferred_from_industry,"NSE classification, annual-report source inventory and sector value-chain mapping",0.6,inferred
nifty_500_shariah,EMCURE,Emcure Pharmaceuticals Ltd.,regulatory approvals and quality systems,regulation,upstream,healthcare regulators,,high,mixed,0,365,Approvals enable launches and capacity use; observations can disrupt supply.,inferred_from_industry,"NSE classification, annual-report source inventory and sector value-chain mapping",0.6,inferred
nifty_500_shariah,EMCURE,Emcure Pharmaceuticals Ltd.,domestic healthcare demand,customer_industry,downstream,domestic healthcare demand,,high,positive,0,120,"Healthcare access, prescriptions and patient volumes support revenue.",inferred_from_industry,"NSE classification, annual-report source inventory and sector value-chain mapping",0.6,inferred
nifty_500_shariah,EMCURE,Emcure Pharmaceuticals Ltd.,regulated export or institutional markets,customer_industry,downstream,regulated export or institutional markets,,medium,mixed,0,180,Approvals and tender flows can lift revenue while pricing pressure can offset volume.,inferred_from_industry,"NSE classification, annual-report source inventory and sector value-chain mapping",0.6,inferred
nifty_500_shariah,ENDURANCE,Endurance Technologies Ltd.,"steel, aluminium, rubber and components",raw_material,upstream,"metals, rubber and auto components",,high,negative,0,120,Commodity and component costs affect gross margin.,inferred_from_industry,"NSE classification, annual-report source inventory and sector value-chain mapping",0.6,inferred
nifty_500_shariah,ENDURANCE,Endurance Technologies Ltd.,electronics and logistics,component,upstream,electronics and logistics,,medium,negative,0,180,Supply availability affects production continuity.,inferred_from_industry,"NSE classification, annual-report source inventory and sector value-chain mapping",0.6,inferred
nifty_500_shariah,ENDURANCE,Endurance Technologies Ltd.,Indian auto demand,customer_industry,downstream,Indian auto demand,,high,positive,0,120,"Consumer income, financing and fleet demand drive volumes.",inferred_from_industry,"NSE classification, annual-report source inventory and sector value-chain mapping",0.6,inferred
nifty_500_shariah,ENDURANCE,Endurance Technologies Ltd.,OEM production and replacement market,customer_industry,downstream,OEM production and replacement market,,high,positive,0,180,OEM production schedules and replacement cycles affect revenue.,inferred_from_industry,"NSE classification, annual-report source inventory and sector value-chain mapping",0.6,inferred
nifty_500_shariah,ENRIN,Siemens Energy India Ltd.,"steel, copper, electronics and bought-out components",raw_material,upstream,metals and electrical components,,high,negative,0,180,Input cost inflation can affect project margins.,inferred_from_industry,"NSE classification, annual-report source inventory and sector value-chain mapping",0.6,inferred
nifty_500_shariah,ENRIN,Siemens Energy India Ltd.,project execution labor and subcontractors,labour,upstream,engineering and construction services,,medium,negative,0,180,Execution availability and cost influence delivery timelines.,inferred_from_industry,"NSE classification, annual-report source inventory and sector value-chain mapping",0.6,inferred
nifty_500_shariah,ENRIN,Siemens Energy India Ltd.,industrial and infrastructure capex,customer_industry,downstream,industrial and infrastructure capex,,high,positive,0,365,Private and public capex drives orders and execution.,inferred_from_industry,"NSE classification, annual-report source inventory and sector value-chain mapping",0.6,inferred
nifty_500_shariah,ENRIN,Siemens Energy India Ltd.,government and regulated utilities,customer_industry,downstream,government and regulated utilities,,medium,positive,0,365,Tender awards and utility capex influence order inflow.,inferred_from_industry,"NSE classification, annual-report source inventory and sector value-chain mapping",0.6,inferred
nifty_500_shariah,EXIDEIND,Exide Industries Ltd.,"steel, aluminium, rubber and components",raw_material,upstream,"metals, rubber and auto components",,high,negative,0,120,Commodity and component costs affect gross margin.,inferred_from_industry,"NSE classification, annual-report source inventory and sector value-chain mapping",0.6,inferred
nifty_500_shariah,EXIDEIND,Exide Industries Ltd.,electronics and logistics,component,upstream,electronics and logistics,,medium,negative,0,180,Supply availability affects production continuity.,inferred_from_industry,"NSE classification, annual-report source inventory and sector value-chain mapping",0.6,inferred
nifty_500_shariah,EXIDEIND,Exide Industries Ltd.,Indian auto demand,customer_industry,downstream,Indian auto demand,,high,positive,0,120,"Consumer income, financing and fleet demand drive volumes.",inferred_from_industry,"NSE classification, annual-report source inventory and sector value-chain mapping",0.6,inferred
nifty_500_shariah,EXIDEIND,Exide Industries Ltd.,OEM production and replacement market,customer_industry,downstream,OEM production and replacement market,,high,positive,0,180,OEM production schedules and replacement cycles affect revenue.,inferred_from_industry,"NSE classification, annual-report source inventory and sector value-chain mapping",0.6,inferred
nifty_500_shariah,FINCABLES,Finolex Cables Ltd.,"steel, copper, electronics and bought-out components",raw_material,upstream,metals and electrical components,,high,negative,0,180,Input cost inflation can affect project margins.,inferred_from_industry,"NSE classification, annual-report source inventory and sector value-chain mapping",0.6,inferred
nifty_500_shariah,FINCABLES,Finolex Cables Ltd.,project execution labor and subcontractors,labour,upstream,engineering and construction services,,medium,negative,0,180,Execution availability and cost influence delivery timelines.,inferred_from_industry,"NSE classification, annual-report source inventory and sector value-chain mapping",0.6,inferred
nifty_500_shariah,FINCABLES,Finolex Cables Ltd.,industrial and infrastructure capex,customer_industry,downstream,industrial and infrastructure capex,,high,positive,0,365,Private and public capex drives orders and execution.,inferred_from_industry,"NSE classification, annual-report source inventory and sector value-chain mapping",0.6,inferred
nifty_500_shariah,FINCABLES,Finolex Cables Ltd.,government and regulated utilities,customer_industry,downstream,government and regulated utilities,,medium,positive,0,365,Tender awards and utility capex influence order inflow.,inferred_from_industry,"NSE classification, annual-report source inventory and sector value-chain mapping",0.6,inferred
nifty_500_shariah,FIRSTCRY,Brainbees Solutions Ltd.,"commodities, packaging and merchandise",raw_material,upstream,"agri, chemical, textile and packaging suppliers",,high,negative,0,90,Commodity and packaging inflation affects gross margin.,inferred_from_industry,"NSE classification, annual-report source inventory and sector value-chain mapping",0.6,inferred
nifty_500_shariah,FIRSTCRY,Brainbees Solutions Ltd.,"advertising, logistics and retail occupancy",other,upstream,"media, logistics and retail real estate",,medium,negative,0,120,Brand and channel costs influence operating margin.,inferred_from_industry,"NSE classification, annual-report source inventory and sector value-chain mapping",0.6,inferred
nifty_500_shariah,FIRSTCRY,Brainbees Solutions Ltd.,Indian household consumption,customer_industry,downstream,Indian household consumption,,high,positive,0,90,"Household income, pricing and distribution reach drive demand.",inferred_from_industry,"NSE classification, annual-report source inventory and sector value-chain mapping",0.6,inferred
nifty_500_shariah,FIRSTCRY,Brainbees Solutions Ltd.,retail and e-commerce channels,customer_industry,downstream,retail and e-commerce channels,,medium,positive,0,120,Channel expansion and inventory availability support revenue.,inferred_from_industry,"NSE classification, annual-report source inventory and sector value-chain mapping",0.6,inferred
nifty_500_shariah,FLUOROCHEM,Gujarat Fluorochemicals Ltd.,"petrochemical feedstocks, solvents and energy",raw_material,upstream,petrochemicals and energy,,high,negative,0,90,Feedstock and energy inflation affects gross margins.,inferred_from_industry,"NSE classification, annual-report source inventory and sector value-chain mapping",0.6,inferred
nifty_500_shariah,FLUOROCHEM,Gujarat Fluorochemicals Ltd.,environmental and product approvals,regulation,upstream,chemical regulators,,high,mixed,0,365,Approvals and environmental compliance shape operating continuity.,inferred_from_industry,"NSE classification, annual-report source inventory and sector value-chain mapping",0.6,inferred
nifty_500_shariah,FLUOROCHEM,Gujarat Fluorochemicals Ltd.,industrial manufacturing,customer_industry,downstream,industrial manufacturing,,high,positive,0,120,Industrial production drives chemical demand.,inferred_from_industry,"NSE classification, annual-report source inventory and sector value-chain mapping",0.6,inferred
nifty_500_shariah,FLUOROCHEM,Gujarat Fluorochemicals Ltd.,agriculture and regulated end-markets,customer_industry,downstream,agriculture and regulated end-markets,,medium,positive,0,180,Seasonal and regulated demand affects volumes and mix.,inferred_from_industry,"NSE classification, annual-report source inventory and sector value-chain mapping",0.6,inferred
nifty_500_shariah,FORCEMOT,Force Motors Ltd.,"steel, aluminium, rubber and components",raw_material,upstream,"metals, rubber and auto components",,high,negative,0,120,Commodity and component costs affect gross margin.,inferred_from_industry,"NSE classification, annual-report source inventory and sector value-chain mapping",0.6,inferred
nifty_500_shariah,FORCEMOT,Force Motors Ltd.,electronics and logistics,component,upstream,electronics and logistics,,medium,negative,0,180,Supply availability affects production continuity.,inferred_from_industry,"NSE classification, annual-report source inventory and sector value-chain mapping",0.6,inferred
nifty_500_shariah,FORCEMOT,Force Motors Ltd.,Indian auto demand,customer_industry,downstream,Indian auto demand,,high,positive,0,120,"Consumer income, financing and fleet demand drive volumes.",inferred_from_industry,"NSE classification, annual-report source inventory and sector value-chain mapping",0.6,inferred
nifty_500_shariah,FORCEMOT,Force Motors Ltd.,OEM production and replacement market,customer_industry,downstream,OEM production and replacement market,,high,positive,0,180,OEM production schedules and replacement cycles affect revenue.,inferred_from_industry,"NSE classification, annual-report source inventory and sector value-chain mapping",0.6,inferred
nifty_500_shariah,FORTIS,Fortis Healthcare Ltd.,"APIs, KSMs, medical supplies and consumables",raw_material,upstream,pharma intermediates and healthcare supplies,,high,negative,0,120,Input availability and compliance influence margins and supply reliability.,inferred_from_industry,"NSE classification, annual-report source inventory and sector value-chain mapping",0.6,inferred
nifty_500_shariah,FORTIS,Fortis Healthcare Ltd.,regulatory approvals and quality systems,regulation,upstream,healthcare regulators,,high,mixed,0,365,Approvals enable launches and capacity use; observations can disrupt supply.,inferred_from_industry,"NSE classification, annual-report source inventory and sector value-chain mapping",0.6,inferred
nifty_500_shariah,FORTIS,Fortis Healthcare Ltd.,domestic healthcare demand,customer_industry,downstream,domestic healthcare demand,,high,positive,0,120,"Healthcare access, prescriptions and patient volumes support revenue.",inferred_from_industry,"NSE classification, annual-report source inventory and sector value-chain mapping",0.6,inferred
nifty_500_shariah,FORTIS,Fortis Healthcare Ltd.,regulated export or institutional markets,customer_industry,downstream,regulated export or institutional markets,,medium,mixed,0,180,Approvals and tender flows can lift revenue while pricing pressure can offset volume.,inferred_from_industry,"NSE classification, annual-report source inventory and sector value-chain mapping",0.6,inferred
nifty_500_shariah,FSL,Firstsource Solutions Ltd.,"raw materials, energy and logistics",raw_material,upstream,industrial suppliers and logistics,,medium,negative,0,120,Input and freight costs influence margins.,inferred_from_industry,"NSE classification, annual-report source inventory and sector value-chain mapping",0.6,inferred
nifty_500_shariah,FSL,Firstsource Solutions Ltd.,skilled labor and services,labour,upstream,labor and service providers,,medium,negative,0,120,Labor and service availability affects execution and cost.,inferred_from_industry,"NSE classification, annual-report source inventory and sector value-chain mapping",0.6,inferred
nifty_500_shariah,FSL,Firstsource Solutions Ltd.,industry end-market demand,customer_industry,downstream,industry end-market demand,,high,positive,0,180,End-market demand and utilisation drive revenue.,inferred_from_industry,"NSE classification, annual-report source inventory and sector value-chain mapping",0.6,inferred
nifty_500_shariah,FSL,Firstsource Solutions Ltd.,channel or institutional customers,customer_industry,downstream,channel or institutional customers,,medium,positive,0,180,"Distribution, tender or institutional demand affects volumes.",inferred_from_industry,"NSE classification, annual-report source inventory and sector value-chain mapping",0.6,inferred
nifty_500_shariah,GABRIEL,Gabriel India Ltd.,"steel, aluminium, rubber and components",raw_material,upstream,"metals, rubber and auto components",,high,negative,0,120,Commodity and component costs affect gross margin.,inferred_from_industry,"NSE classification, annual-report source inventory and sector value-chain mapping",0.6,inferred
nifty_500_shariah,GABRIEL,Gabriel India Ltd.,electronics and logistics,component,upstream,electronics and logistics,,medium,negative,0,180,Supply availability affects production continuity.,inferred_from_industry,"NSE classification, annual-report source inventory and sector value-chain mapping",0.6,inferred
nifty_500_shariah,GABRIEL,Gabriel India Ltd.,Indian auto demand,customer_industry,downstream,Indian auto demand,,high,positive,0,120,"Consumer income, financing and fleet demand drive volumes.",inferred_from_industry,"NSE classification, annual-report source inventory and sector value-chain mapping",0.6,inferred
nifty_500_shariah,GABRIEL,Gabriel India Ltd.,OEM production and replacement market,customer_industry,downstream,OEM production and replacement market,,high,positive,0,180,OEM production schedules and replacement cycles affect revenue.,inferred_from_industry,"NSE classification, annual-report source inventory and sector value-chain mapping",0.6,inferred
nifty_500_shariah,GAIL,GAIL (India) Ltd.,"fuel, gas, crude-linked inputs and power",energy,upstream,energy and commodities,,high,negative,0,90,Commodity prices and supply availability affect spreads and margins.,inferred_from_industry,"NSE classification, annual-report source inventory and sector value-chain mapping",0.6,inferred
nifty_500_shariah,GAIL,GAIL (India) Ltd.,regulatory tariffs and licenses,regulation,upstream,energy regulators,,high,mixed,0,365,"Tariffs, licenses and policy changes influence returns.",inferred_from_industry,"NSE classification, annual-report source inventory and sector value-chain mapping",0.6,inferred
nifty_500_shariah,GAIL,GAIL (India) Ltd.,industrial and commercial energy demand,customer_industry,downstream,industrial and commercial energy demand,,high,positive,0,120,Industrial activity and urban demand support offtake.,inferred_from_industry,"NSE classification, annual-report source inventory and sector value-chain mapping",0.6,inferred
nifty_500_shariah,GAIL,GAIL (India) Ltd.,regulated retail users,customer_industry,downstream,regulated retail users,,medium,positive,0,120,Retail demand and tariff regulation affect revenue.,inferred_from_industry,"NSE classification, annual-report source inventory and sector value-chain mapping",0.6,inferred
nifty_500_shariah,GALLANTT,Gallantt Ispat Ltd.,"steel, copper, electronics and bought-out components",raw_material,upstream,metals and electrical components,,high,negative,0,180,Input cost inflation can affect project margins.,inferred_from_industry,"NSE classification, annual-report source inventory and sector value-chain mapping",0.6,inferred
nifty_500_shariah,GALLANTT,Gallantt Ispat Ltd.,project execution labor and subcontractors,labour,upstream,engineering and construction services,,medium,negative,0,180,Execution availability and cost influence delivery timelines.,inferred_from_industry,"NSE classification, annual-report source inventory and sector value-chain mapping",0.6,inferred
nifty_500_shariah,GALLANTT,Gallantt Ispat Ltd.,industrial and infrastructure capex,customer_industry,downstream,industrial and infrastructure capex,,high,positive,0,365,Private and public capex drives orders and execution.,inferred_from_industry,"NSE classification, annual-report source inventory and sector value-chain mapping",0.6,inferred
nifty_500_shariah,GALLANTT,Gallantt Ispat Ltd.,government and regulated utilities,customer_industry,downstream,government and regulated utilities,,medium,positive,0,365,Tender awards and utility capex influence order inflow.,inferred_from_industry,"NSE classification, annual-report source inventory and sector value-chain mapping",0.6,inferred
nifty_500_shariah,GILLETTE,Gillette India Ltd.,"commodities, packaging and merchandise",raw_material,upstream,"agri, chemical, textile and packaging suppliers",,high,negative,0,90,Commodity and packaging inflation affects gross margin.,inferred_from_industry,"NSE classification, annual-report source inventory and sector value-chain mapping",0.6,inferred
nifty_500_shariah,GILLETTE,Gillette India Ltd.,"advertising, logistics and retail occupancy",other,upstream,"media, logistics and retail real estate",,medium,negative,0,120,Brand and channel costs influence operating margin.,inferred_from_industry,"NSE classification, annual-report source inventory and sector value-chain mapping",0.6,inferred
nifty_500_shariah,GILLETTE,Gillette India Ltd.,Indian household consumption,customer_industry,downstream,Indian household consumption,,high,positive,0,90,"Household income, pricing and distribution reach drive demand.",inferred_from_industry,"NSE classification, annual-report source inventory and sector value-chain mapping",0.6,inferred
nifty_500_shariah,GILLETTE,Gillette India Ltd.,retail and e-commerce channels,customer_industry,downstream,retail and e-commerce channels,,medium,positive,0,120,Channel expansion and inventory availability support revenue.,inferred_from_industry,"NSE classification, annual-report source inventory and sector value-chain mapping",0.6,inferred
nifty_500_shariah,GLENMARK,Glenmark Pharmaceuticals Ltd.,"APIs, KSMs, medical supplies and consumables",raw_material,upstream,pharma intermediates and healthcare supplies,,high,negative,0,120,Input availability and compliance influence margins and supply reliability.,inferred_from_industry,"NSE classification, annual-report source inventory and sector value-chain mapping",0.6,inferred
nifty_500_shariah,GLENMARK,Glenmark Pharmaceuticals Ltd.,regulatory approvals and quality systems,regulation,upstream,healthcare regulators,,high,mixed,0,365,Approvals enable launches and capacity use; observations can disrupt supply.,inferred_from_industry,"NSE classification, annual-report source inventory and sector value-chain mapping",0.6,inferred
nifty_500_shariah,GLENMARK,Glenmark Pharmaceuticals Ltd.,domestic healthcare demand,customer_industry,downstream,domestic healthcare demand,,high,positive,0,120,"Healthcare access, prescriptions and patient volumes support revenue.",inferred_from_industry,"NSE classification, annual-report source inventory and sector value-chain mapping",0.6,inferred
nifty_500_shariah,GLENMARK,Glenmark Pharmaceuticals Ltd.,regulated export or institutional markets,customer_industry,downstream,regulated export or institutional markets,,medium,mixed,0,180,Approvals and tender flows can lift revenue while pricing pressure can offset volume.,inferred_from_industry,"NSE classification, annual-report source inventory and sector value-chain mapping",0.6,inferred
nifty_500_shariah,GODREJCP,Godrej Consumer Products Ltd.,"commodities, packaging and merchandise",raw_material,upstream,"agri, chemical, textile and packaging suppliers",,high,negative,0,90,Commodity and packaging inflation affects gross margin.,inferred_from_industry,"NSE classification, annual-report source inventory and sector value-chain mapping",0.6,inferred
nifty_500_shariah,GODREJCP,Godrej Consumer Products Ltd.,"advertising, logistics and retail occupancy",other,upstream,"media, logistics and retail real estate",,medium,negative,0,120,Brand and channel costs influence operating margin.,inferred_from_industry,"NSE classification, annual-report source inventory and sector value-chain mapping",0.6,inferred
nifty_500_shariah,GODREJCP,Godrej Consumer Products Ltd.,Indian household consumption,customer_industry,downstream,Indian household consumption,,high,positive,0,90,"Household income, pricing and distribution reach drive demand.",inferred_from_industry,"NSE classification, annual-report source inventory and sector value-chain mapping",0.6,inferred
nifty_500_shariah,GODREJCP,Godrej Consumer Products Ltd.,retail and e-commerce channels,customer_industry,downstream,retail and e-commerce channels,,medium,positive,0,120,Channel expansion and inventory availability support revenue.,inferred_from_industry,"NSE classification, annual-report source inventory and sector value-chain mapping",0.6,inferred
nifty_500_shariah,GPIL,Godawari Power & Ispat Ltd.,"steel, copper, electronics and bought-out components",raw_material,upstream,metals and electrical components,,high,negative,0,180,Input cost inflation can affect project margins.,inferred_from_industry,"NSE classification, annual-report source inventory and sector value-chain mapping",0.6,inferred
nifty_500_shariah,GPIL,Godawari Power & Ispat Ltd.,project execution labor and subcontractors,labour,upstream,engineering and construction services,,medium,negative,0,180,Execution availability and cost influence delivery timelines.,inferred_from_industry,"NSE classification, annual-report source inventory and sector value-chain mapping",0.6,inferred
nifty_500_shariah,GPIL,Godawari Power & Ispat Ltd.,industrial and infrastructure capex,customer_industry,downstream,industrial and infrastructure capex,,high,positive,0,365,Private and public capex drives orders and execution.,inferred_from_industry,"NSE classification, annual-report source inventory and sector value-chain mapping",0.6,inferred
nifty_500_shariah,GPIL,Godawari Power & Ispat Ltd.,government and regulated utilities,customer_industry,downstream,government and regulated utilities,,medium,positive,0,365,Tender awards and utility capex influence order inflow.,inferred_from_industry,"NSE classification, annual-report source inventory and sector value-chain mapping",0.6,inferred
nifty_500_shariah,GRANULES,Granules India Ltd.,"APIs, KSMs, medical supplies and consumables",raw_material,upstream,pharma intermediates and healthcare supplies,,high,negative,0,120,Input availability and compliance influence margins and supply reliability.,inferred_from_industry,"NSE classification, annual-report source inventory and sector value-chain mapping",0.6,inferred
nifty_500_shariah,GRANULES,Granules India Ltd.,regulatory approvals and quality systems,regulation,upstream,healthcare regulators,,high,mixed,0,365,Approvals enable launches and capacity use; observations can disrupt supply.,inferred_from_industry,"NSE classification, annual-report source inventory and sector value-chain mapping",0.6,inferred
nifty_500_shariah,GRANULES,Granules India Ltd.,domestic healthcare demand,customer_industry,downstream,domestic healthcare demand,,high,positive,0,120,"Healthcare access, prescriptions and patient volumes support revenue.",inferred_from_industry,"NSE classification, annual-report source inventory and sector value-chain mapping",0.6,inferred
nifty_500_shariah,GRANULES,Granules India Ltd.,regulated export or institutional markets,customer_industry,downstream,regulated export or institutional markets,,medium,mixed,0,180,Approvals and tender flows can lift revenue while pricing pressure can offset volume.,inferred_from_industry,"NSE classification, annual-report source inventory and sector value-chain mapping",0.6,inferred
nifty_500_shariah,GRAVITA,Gravita India Ltd.,"ore, coal, power and freight",raw_material,upstream,"mining, energy and logistics",,high,negative,0,120,Input and energy costs affect spreads.,inferred_from_industry,"NSE classification, annual-report source inventory and sector value-chain mapping",0.6,inferred
nifty_500_shariah,GRAVITA,Gravita India Ltd.,environmental and mining regulation,regulation,upstream,mining and environmental regulators,,high,mixed,0,365,Regulatory approvals affect capacity and continuity.,inferred_from_industry,"NSE classification, annual-report source inventory and sector value-chain mapping",0.6,inferred
nifty_500_shariah,GRAVITA,Gravita India Ltd.,construction and infrastructure,customer_industry,downstream,construction and infrastructure,,high,positive,0,180,Infrastructure and building activity support metal demand.,inferred_from_industry,"NSE classification, annual-report source inventory and sector value-chain mapping",0.6,inferred
nifty_500_shariah,GRAVITA,Gravita India Ltd.,industrial manufacturing,customer_industry,downstream,industrial manufacturing,,high,positive,0,180,Manufacturing cycles influence metal volumes and pricing.,inferred_from_industry,"NSE classification, annual-report source inventory and sector value-chain mapping",0.6,inferred
nifty_500_shariah,GVT&D,GE Vernova T&D India Ltd.,"steel, copper, electronics and bought-out components",raw_material,upstream,metals and electrical components,,high,negative,0,180,Input cost inflation can affect project margins.,inferred_from_industry,"NSE classification, annual-report source inventory and sector value-chain mapping",0.6,inferred
nifty_500_shariah,GVT&D,GE Vernova T&D India Ltd.,project execution labor and subcontractors,labour,upstream,engineering and construction services,,medium,negative,0,180,Execution availability and cost influence delivery timelines.,inferred_from_industry,"NSE classification, annual-report source inventory and sector value-chain mapping",0.6,inferred
nifty_500_shariah,GVT&D,GE Vernova T&D India Ltd.,industrial and infrastructure capex,customer_industry,downstream,industrial and infrastructure capex,,high,positive,0,365,Private and public capex drives orders and execution.,inferred_from_industry,"NSE classification, annual-report source inventory and sector value-chain mapping",0.6,inferred
nifty_500_shariah,GVT&D,GE Vernova T&D India Ltd.,government and regulated utilities,customer_industry,downstream,government and regulated utilities,,medium,positive,0,365,Tender awards and utility capex influence order inflow.,inferred_from_industry,"NSE classification, annual-report source inventory and sector value-chain mapping",0.6,inferred
nifty_500_shariah,HAVELLS,Havells India Ltd.,"commodities, packaging and merchandise",raw_material,upstream,"agri, chemical, textile and packaging suppliers",,high,negative,0,90,Commodity and packaging inflation affects gross margin.,inferred_from_industry,"NSE classification, annual-report source inventory and sector value-chain mapping",0.6,inferred
nifty_500_shariah,HAVELLS,Havells India Ltd.,"advertising, logistics and retail occupancy",other,upstream,"media, logistics and retail real estate",,medium,negative,0,120,Brand and channel costs influence operating margin.,inferred_from_industry,"NSE classification, annual-report source inventory and sector value-chain mapping",0.6,inferred
nifty_500_shariah,HAVELLS,Havells India Ltd.,Indian household consumption,customer_industry,downstream,Indian household consumption,,high,positive,0,90,"Household income, pricing and distribution reach drive demand.",inferred_from_industry,"NSE classification, annual-report source inventory and sector value-chain mapping",0.6,inferred
nifty_500_shariah,HAVELLS,Havells India Ltd.,retail and e-commerce channels,customer_industry,downstream,retail and e-commerce channels,,medium,positive,0,120,Channel expansion and inventory availability support revenue.,inferred_from_industry,"NSE classification, annual-report source inventory and sector value-chain mapping",0.6,inferred
nifty_50_shariah,HCLTECH,HCL TECHNOLOGIES LTD.,skilled technology labor,labour,upstream,IT talent market,,high,negative,0,90,Wage inflation and attrition affect margins.,inferred_from_industry,Annual Report 2024-25 cost/risk discussion and value-chain mapping,0.8,inferred
nifty_50_shariah,HCLTECH,HCL TECHNOLOGIES LTD.,cloud and software ecosystems,software,upstream,cloud and enterprise software,,high,mixed,30,180,Partner ecosystems shape deal capability and delivery.,inferred_from_industry,Annual Report 2024-25 cost/risk discussion and value-chain mapping,0.55,inferred
nifty_50_shariah,HCLTECH,HCL TECHNOLOGIES LTD.,global enterprise IT,customer_industry,downstream,global enterprise IT,,high,positive,30,180,Enterprise tech budgets and large deal ramp-ups drive revenue.,disclosed,Annual Report 2024-25 and industry value-chain mapping,0.82,inferred
nifty_50_shariah,HCLTECH,HCL TECHNOLOGIES LTD.,technology and manufacturing R&D,customer_industry,downstream,technology and manufacturing R&D,,medium,positive,30,180,Product engineering spend drives ER&D growth.,disclosed,Annual Report 2024-25 and industry value-chain mapping,0.82,inferred
nifty_500_shariah,HEG,HEG Ltd.,"steel, copper, electronics and bought-out components",raw_material,upstream,metals and electrical components,,high,negative,0,180,Input cost inflation can affect project margins.,inferred_from_industry,"NSE classification, annual-report source inventory and sector value-chain mapping",0.6,inferred
nifty_500_shariah,HEG,HEG Ltd.,project execution labor and subcontractors,labour,upstream,engineering and construction services,,medium,negative,0,180,Execution availability and cost influence delivery timelines.,inferred_from_industry,"NSE classification, annual-report source inventory and sector value-chain mapping",0.6,inferred
nifty_500_shariah,HEG,HEG Ltd.,industrial and infrastructure capex,customer_industry,downstream,industrial and infrastructure capex,,high,positive,0,365,Private and public capex drives orders and execution.,inferred_from_industry,"NSE classification, annual-report source inventory and sector value-chain mapping",0.6,inferred
nifty_500_shariah,HEG,HEG Ltd.,government and regulated utilities,customer_industry,downstream,government and regulated utilities,,medium,positive,0,365,Tender awards and utility capex influence order inflow.,inferred_from_industry,"NSE classification, annual-report source inventory and sector value-chain mapping",0.6,inferred
nifty_500_shariah,HEROMOTOCO,Hero MotoCorp Ltd.,"steel, aluminium, rubber and components",raw_material,upstream,"metals, rubber and auto components",,high,negative,0,120,Commodity and component costs affect gross margin.,inferred_from_industry,"NSE classification, annual-report source inventory and sector value-chain mapping",0.6,inferred
nifty_500_shariah,HEROMOTOCO,Hero MotoCorp Ltd.,electronics and logistics,component,upstream,electronics and logistics,,medium,negative,0,180,Supply availability affects production continuity.,inferred_from_industry,"NSE classification, annual-report source inventory and sector value-chain mapping",0.6,inferred
nifty_500_shariah,HEROMOTOCO,Hero MotoCorp Ltd.,Indian auto demand,customer_industry,downstream,Indian auto demand,,high,positive,0,120,"Consumer income, financing and fleet demand drive volumes.",inferred_from_industry,"NSE classification, annual-report source inventory and sector value-chain mapping",0.6,inferred
nifty_500_shariah,HEROMOTOCO,Hero MotoCorp Ltd.,OEM production and replacement market,customer_industry,downstream,OEM production and replacement market,,high,positive,0,180,OEM production schedules and replacement cycles affect revenue.,inferred_from_industry,"NSE classification, annual-report source inventory and sector value-chain mapping",0.6,inferred
nifty_500_shariah,HEXT,Hexaware Technologies Ltd.,skilled technology labor,labour,upstream,IT talent market,,high,negative,0,90,"Wage inflation, utilisation and attrition affect margins.",inferred_from_industry,"NSE classification, annual-report source inventory and sector value-chain mapping",0.6,inferred
nifty_500_shariah,HEXT,Hexaware Technologies Ltd.,cloud and software ecosystems,software,upstream,cloud and enterprise software,,medium,mixed,0,180,Partner ecosystems shape delivery capability and demand.,inferred_from_industry,"NSE classification, annual-report source inventory and sector value-chain mapping",0.6,inferred
nifty_500_shariah,HEXT,Hexaware Technologies Ltd.,global enterprise IT,customer_industry,downstream,global enterprise IT,,high,positive,0,180,Enterprise technology budgets and deal ramp-ups drive revenue.,inferred_from_industry,"NSE classification, annual-report source inventory and sector value-chain mapping",0.6,inferred
nifty_500_shariah,HEXT,Hexaware Technologies Ltd.,industry technology buyers,customer_industry,downstream,industry technology buyers,,medium,positive,0,180,Customer capex and transformation programs influence project conversion.,inferred_from_industry,"NSE classification, annual-report source inventory and sector value-chain mapping",0.6,inferred
nifty_500_shariah,HFCL,HFCL Ltd.,"steel, copper, electronics and bought-out components",raw_material,upstream,metals and electrical components,,high,negative,0,180,Input cost inflation can affect project margins.,inferred_from_industry,"NSE classification, annual-report source inventory and sector value-chain mapping",0.6,inferred
nifty_500_shariah,HFCL,HFCL Ltd.,project execution labor and subcontractors,labour,upstream,engineering and construction services,,medium,negative,0,180,Execution availability and cost influence delivery timelines.,inferred_from_industry,"NSE classification, annual-report source inventory and sector value-chain mapping",0.6,inferred
nifty_500_shariah,HFCL,HFCL Ltd.,industrial and infrastructure capex,customer_industry,downstream,industrial and infrastructure capex,,high,positive,0,365,Private and public capex drives orders and execution.,inferred_from_industry,"NSE classification, annual-report source inventory and sector value-chain mapping",0.6,inferred
nifty_500_shariah,HFCL,HFCL Ltd.,government and regulated utilities,customer_industry,downstream,government and regulated utilities,,medium,positive,0,365,Tender awards and utility capex influence order inflow.,inferred_from_industry,"NSE classification, annual-report source inventory and sector value-chain mapping",0.6,inferred
nifty_50_shariah,HINDALCO,Hindalco Industries,"bauxite, alumina and coal/power",raw_material,upstream,mining and utilities,,high,negative,0,90,Input cost and energy availability drive smelting margins.,inferred_from_industry,Annual Report 2024-25 cost/risk discussion and value-chain mapping,0.8,inferred
nifty_50_shariah,HINDALCO,Hindalco Industries,copper concentrate,commodity,upstream,global mining,,high,negative,0,120,Treatment charges and concentrate supply influence copper margins.,inferred_from_industry,Annual Report 2024-25 cost/risk discussion and value-chain mapping,0.8,inferred
nifty_50_shariah,HINDALCO,Hindalco Industries,automotive and transport,customer_industry,downstream,automotive and transport,,high,positive,30,180,Auto production lifts downstream aluminium demand.,disclosed,Annual Report 2024-25 and industry value-chain mapping,0.82,inferred
nifty_50_shariah,HINDALCO,Hindalco Industries,electrical and infrastructure,customer_industry,downstream,electrical and infrastructure,,medium,positive,30,180,Power and infrastructure capex drive metal demand.,disclosed,Annual Report 2024-25 and industry value-chain mapping,0.82,inferred
nifty_500_shariah,HINDCOPPER,Hindustan Copper Ltd.,"ore, coal, power and freight",raw_material,upstream,"mining, energy and logistics",,high,negative,0,120,Input and energy costs affect spreads.,inferred_from_industry,"NSE classification, annual-report source inventory and sector value-chain mapping",0.6,inferred
nifty_500_shariah,HINDCOPPER,Hindustan Copper Ltd.,environmental and mining regulation,regulation,upstream,mining and environmental regulators,,high,mixed,0,365,Regulatory approvals affect capacity and continuity.,inferred_from_industry,"NSE classification, annual-report source inventory and sector value-chain mapping",0.6,inferred
nifty_500_shariah,HINDCOPPER,Hindustan Copper Ltd.,construction and infrastructure,customer_industry,downstream,construction and infrastructure,,high,positive,0,180,Infrastructure and building activity support metal demand.,inferred_from_industry,"NSE classification, annual-report source inventory and sector value-chain mapping",0.6,inferred
nifty_500_shariah,HINDCOPPER,Hindustan Copper Ltd.,industrial manufacturing,customer_industry,downstream,industrial manufacturing,,high,positive,0,180,Manufacturing cycles influence metal volumes and pricing.,inferred_from_industry,"NSE classification, annual-report source inventory and sector value-chain mapping",0.6,inferred
nifty_50_shariah,HINDUNILVR,HINDUSTAN UNILEVER LTD.,"palm oil, crude derivatives, chemicals and packaging",raw_material,upstream,agri commodities and petrochemicals,,high,negative,0,90,Commodity inputs affect gross margins.,inferred_from_industry,Annual Report 2024-25 cost/risk discussion and value-chain mapping,0.8,inferred
nifty_50_shariah,HINDUNILVR,HINDUSTAN UNILEVER LTD.,advertising and media inventory,other,upstream,media and advertising,,high,negative,0,60,Brand investment supports growth but affects operating leverage.,inferred_from_industry,Annual Report 2024-25 cost/risk discussion and value-chain mapping,0.55,inferred
nifty_50_shariah,HINDUNILVR,HINDUSTAN UNILEVER LTD.,Indian household consumption,customer_industry,downstream,Indian household consumption,,high,positive,0,90,Urban and rural consumption drive FMCG volume and mix.,disclosed,Annual Report 2024-25 and industry value-chain mapping,0.82,inferred
nifty_50_shariah,HINDUNILVR,HINDUSTAN UNILEVER LTD.,retail and e-commerce channels,customer_industry,downstream,retail and e-commerce channels,,high,positive,0,90,Channel availability and premiumization affect sales mix.,disclosed,Annual Report 2024-25 and industry value-chain mapping,0.82,inferred
nifty_500_shariah,HSCL,Himadri Speciality Chemical Ltd.,"petrochemical feedstocks, solvents and energy",raw_material,upstream,petrochemicals and energy,,high,negative,0,90,Feedstock and energy inflation affects gross margins.,inferred_from_industry,"NSE classification, annual-report source inventory and sector value-chain mapping",0.6,inferred
nifty_500_shariah,HSCL,Himadri Speciality Chemical Ltd.,environmental and product approvals,regulation,upstream,chemical regulators,,high,mixed,0,365,Approvals and environmental compliance shape operating continuity.,inferred_from_industry,"NSE classification, annual-report source inventory and sector value-chain mapping",0.6,inferred
nifty_500_shariah,HSCL,Himadri Speciality Chemical Ltd.,industrial manufacturing,customer_industry,downstream,industrial manufacturing,,high,positive,0,120,Industrial production drives chemical demand.,inferred_from_industry,"NSE classification, annual-report source inventory and sector value-chain mapping",0.6,inferred
nifty_500_shariah,HSCL,Himadri Speciality Chemical Ltd.,agriculture and regulated end-markets,customer_industry,downstream,agriculture and regulated end-markets,,medium,positive,0,180,Seasonal and regulated demand affects volumes and mix.,inferred_from_industry,"NSE classification, annual-report source inventory and sector value-chain mapping",0.6,inferred
nifty_500_shariah,HYUNDAI,Hyundai Motor India Ltd.,"steel, aluminium, rubber and components",raw_material,upstream,"metals, rubber and auto components",,high,negative,0,120,Commodity and component costs affect gross margin.,inferred_from_industry,"NSE classification, annual-report source inventory and sector value-chain mapping",0.6,inferred
nifty_500_shariah,HYUNDAI,Hyundai Motor India Ltd.,electronics and logistics,component,upstream,electronics and logistics,,medium,negative,0,180,Supply availability affects production continuity.,inferred_from_industry,"NSE classification, annual-report source inventory and sector value-chain mapping",0.6,inferred
nifty_500_shariah,HYUNDAI,Hyundai Motor India Ltd.,Indian auto demand,customer_industry,downstream,Indian auto demand,,high,positive,0,120,"Consumer income, financing and fleet demand drive volumes.",inferred_from_industry,"NSE classification, annual-report source inventory and sector value-chain mapping",0.6,inferred
nifty_500_shariah,HYUNDAI,Hyundai Motor India Ltd.,OEM production and replacement market,customer_industry,downstream,OEM production and replacement market,,high,positive,0,180,OEM production schedules and replacement cycles affect revenue.,inferred_from_industry,"NSE classification, annual-report source inventory and sector value-chain mapping",0.6,inferred
nifty_500_shariah,IGL,Indraprastha Gas Ltd.,"fuel, gas, crude-linked inputs and power",energy,upstream,energy and commodities,,high,negative,0,90,Commodity prices and supply availability affect spreads and margins.,inferred_from_industry,"NSE classification, annual-report source inventory and sector value-chain mapping",0.6,inferred
nifty_500_shariah,IGL,Indraprastha Gas Ltd.,regulatory tariffs and licenses,regulation,upstream,energy regulators,,high,mixed,0,365,"Tariffs, licenses and policy changes influence returns.",inferred_from_industry,"NSE classification, annual-report source inventory and sector value-chain mapping",0.6,inferred
nifty_500_shariah,IGL,Indraprastha Gas Ltd.,industrial and commercial energy demand,customer_industry,downstream,industrial and commercial energy demand,,high,positive,0,120,Industrial activity and urban demand support offtake.,inferred_from_industry,"NSE classification, annual-report source inventory and sector value-chain mapping",0.6,inferred
nifty_500_shariah,IGL,Indraprastha Gas Ltd.,regulated retail users,customer_industry,downstream,regulated retail users,,medium,positive,0,120,Retail demand and tariff regulation affect revenue.,inferred_from_industry,"NSE classification, annual-report source inventory and sector value-chain mapping",0.6,inferred
nifty_500_shariah,INDUSTOWER,Indus Towers Ltd.,"steel, copper, electronics and bought-out components",raw_material,upstream,metals and electrical components,,high,negative,0,180,Input cost inflation can affect project margins.,inferred_from_industry,"NSE classification, annual-report source inventory and sector value-chain mapping",0.6,inferred
nifty_500_shariah,INDUSTOWER,Indus Towers Ltd.,project execution labor and subcontractors,labour,upstream,engineering and construction services,,medium,negative,0,180,Execution availability and cost influence delivery timelines.,inferred_from_industry,"NSE classification, annual-report source inventory and sector value-chain mapping",0.6,inferred
nifty_500_shariah,INDUSTOWER,Indus Towers Ltd.,industrial and infrastructure capex,customer_industry,downstream,industrial and infrastructure capex,,high,positive,0,365,Private and public capex drives orders and execution.,inferred_from_industry,"NSE classification, annual-report source inventory and sector value-chain mapping",0.6,inferred
nifty_500_shariah,INDUSTOWER,Indus Towers Ltd.,government and regulated utilities,customer_industry,downstream,government and regulated utilities,,medium,positive,0,365,Tender awards and utility capex influence order inflow.,inferred_from_industry,"NSE classification, annual-report source inventory and sector value-chain mapping",0.6,inferred
nifty_50_shariah,INFY,INFOSYS LTD.,skilled technology labor,labour,upstream,IT talent market,,high,negative,0,90,"Employee cost, utilisation and attrition affect margins.",inferred_from_industry,Annual Report 2024-25 cost/risk discussion and value-chain mapping,0.8,inferred
nifty_50_shariah,INFY,INFOSYS LTD.,cloud and software partner ecosystems,software,upstream,cloud and enterprise software,,high,mixed,30,180,Platform partnerships support deal execution.,inferred_from_industry,Annual Report 2024-25 cost/risk discussion and value-chain mapping,0.55,inferred
nifty_50_shariah,INFY,INFOSYS LTD.,global enterprise IT budgets,customer_industry,downstream,global enterprise IT budgets,,high,positive,30,180,Enterprise budgets and large-deal conversion drive revenue.,disclosed,Annual Report 2024-25 and industry value-chain mapping,0.82,inferred
nifty_50_shariah,INFY,INFOSYS LTD.,BFSI technology spending,customer_industry,downstream,BFSI technology spending,,high,positive,30,180,Financial services is a major vertical for IT spend.,disclosed,Annual Report 2024-25 and industry value-chain mapping,0.82,inferred
nifty_500_shariah,INOXWIND,Inox Wind Ltd.,"steel, copper, electronics and bought-out components",raw_material,upstream,metals and electrical components,,high,negative,0,180,Input cost inflation can affect project margins.,inferred_from_industry,"NSE classification, annual-report source inventory and sector value-chain mapping",0.6,inferred
nifty_500_shariah,INOXWIND,Inox Wind Ltd.,project execution labor and subcontractors,labour,upstream,engineering and construction services,,medium,negative,0,180,Execution availability and cost influence delivery timelines.,inferred_from_industry,"NSE classification, annual-report source inventory and sector value-chain mapping",0.6,inferred
nifty_500_shariah,INOXWIND,Inox Wind Ltd.,industrial and infrastructure capex,customer_industry,downstream,industrial and infrastructure capex,,high,positive,0,365,Private and public capex drives orders and execution.,inferred_from_industry,"NSE classification, annual-report source inventory and sector value-chain mapping",0.6,inferred
nifty_500_shariah,INOXWIND,Inox Wind Ltd.,government and regulated utilities,customer_industry,downstream,government and regulated utilities,,medium,positive,0,365,Tender awards and utility capex influence order inflow.,inferred_from_industry,"NSE classification, annual-report source inventory and sector value-chain mapping",0.6,inferred
nifty_500_shariah,IPCALAB,Ipca Laboratories Ltd.,"APIs, KSMs, medical supplies and consumables",raw_material,upstream,pharma intermediates and healthcare supplies,,high,negative,0,120,Input availability and compliance influence margins and supply reliability.,inferred_from_industry,"NSE classification, annual-report source inventory and sector value-chain mapping",0.6,inferred
nifty_500_shariah,IPCALAB,Ipca Laboratories Ltd.,regulatory approvals and quality systems,regulation,upstream,healthcare regulators,,high,mixed,0,365,Approvals enable launches and capacity use; observations can disrupt supply.,inferred_from_industry,"NSE classification, annual-report source inventory and sector value-chain mapping",0.6,inferred
nifty_500_shariah,IPCALAB,Ipca Laboratories Ltd.,domestic healthcare demand,customer_industry,downstream,domestic healthcare demand,,high,positive,0,120,"Healthcare access, prescriptions and patient volumes support revenue.",inferred_from_industry,"NSE classification, annual-report source inventory and sector value-chain mapping",0.6,inferred
nifty_500_shariah,IPCALAB,Ipca Laboratories Ltd.,regulated export or institutional markets,customer_industry,downstream,regulated export or institutional markets,,medium,mixed,0,180,Approvals and tender flows can lift revenue while pricing pressure can offset volume.,inferred_from_industry,"NSE classification, annual-report source inventory and sector value-chain mapping",0.6,inferred
nifty_500_shariah,ITI,ITI Ltd.,"steel, copper, electronics and bought-out components",raw_material,upstream,metals and electrical components,,high,negative,0,180,Input cost inflation can affect project margins.,inferred_from_industry,"NSE classification, annual-report source inventory and sector value-chain mapping",0.6,inferred
nifty_500_shariah,ITI,ITI Ltd.,project execution labor and subcontractors,labour,upstream,engineering and construction services,,medium,negative,0,180,Execution availability and cost influence delivery timelines.,inferred_from_industry,"NSE classification, annual-report source inventory and sector value-chain mapping",0.6,inferred
nifty_500_shariah,ITI,ITI Ltd.,industrial and infrastructure capex,customer_industry,downstream,industrial and infrastructure capex,,high,positive,0,365,Private and public capex drives orders and execution.,inferred_from_industry,"NSE classification, annual-report source inventory and sector value-chain mapping",0.6,inferred
nifty_500_shariah,ITI,ITI Ltd.,government and regulated utilities,customer_industry,downstream,government and regulated utilities,,medium,positive,0,365,Tender awards and utility capex influence order inflow.,inferred_from_industry,"NSE classification, annual-report source inventory and sector value-chain mapping",0.6,inferred
nifty_500_shariah,JBCHEPHARM,J B Chemicals & Pharmaceuticals Ltd.,"APIs, KSMs, medical supplies and consumables",raw_material,upstream,pharma intermediates and healthcare supplies,,high,negative,0,120,Input availability and compliance influence margins and supply reliability.,inferred_from_industry,"NSE classification, annual-report source inventory and sector value-chain mapping",0.6,inferred
nifty_500_shariah,JBCHEPHARM,J B Chemicals & Pharmaceuticals Ltd.,regulatory approvals and quality systems,regulation,upstream,healthcare regulators,,high,mixed,0,365,Approvals enable launches and capacity use; observations can disrupt supply.,inferred_from_industry,"NSE classification, annual-report source inventory and sector value-chain mapping",0.6,inferred
nifty_500_shariah,JBCHEPHARM,J B Chemicals & Pharmaceuticals Ltd.,domestic healthcare demand,customer_industry,downstream,domestic healthcare demand,,high,positive,0,120,"Healthcare access, prescriptions and patient volumes support revenue.",inferred_from_industry,"NSE classification, annual-report source inventory and sector value-chain mapping",0.6,inferred
nifty_500_shariah,JBCHEPHARM,J B Chemicals & Pharmaceuticals Ltd.,regulated export or institutional markets,customer_industry,downstream,regulated export or institutional markets,,medium,mixed,0,180,Approvals and tender flows can lift revenue while pricing pressure can offset volume.,inferred_from_industry,"NSE classification, annual-report source inventory and sector value-chain mapping",0.6,inferred
nifty_500_shariah,JINDALSAW,Jindal Saw Ltd.,"steel, copper, electronics and bought-out components",raw_material,upstream,metals and electrical components,,high,negative,0,180,Input cost inflation can affect project margins.,inferred_from_industry,"NSE classification, annual-report source inventory and sector value-chain mapping",0.6,inferred
nifty_500_shariah,JINDALSAW,Jindal Saw Ltd.,project execution labor and subcontractors,labour,upstream,engineering and construction services,,medium,negative,0,180,Execution availability and cost influence delivery timelines.,inferred_from_industry,"NSE classification, annual-report source inventory and sector value-chain mapping",0.6,inferred
nifty_500_shariah,JINDALSAW,Jindal Saw Ltd.,industrial and infrastructure capex,customer_industry,downstream,industrial and infrastructure capex,,high,positive,0,365,Private and public capex drives orders and execution.,inferred_from_industry,"NSE classification, annual-report source inventory and sector value-chain mapping",0.6,inferred
nifty_500_shariah,JINDALSAW,Jindal Saw Ltd.,government and regulated utilities,customer_industry,downstream,government and regulated utilities,,medium,positive,0,365,Tender awards and utility capex influence order inflow.,inferred_from_industry,"NSE classification, annual-report source inventory and sector value-chain mapping",0.6,inferred
nifty_500_shariah,JINDALSTEL,Jindal Steel Ltd.,"ore, coal, power and freight",raw_material,upstream,"mining, energy and logistics",,high,negative,0,120,Input and energy costs affect spreads.,inferred_from_industry,"NSE classification, annual-report source inventory and sector value-chain mapping",0.6,inferred
nifty_500_shariah,JINDALSTEL,Jindal Steel Ltd.,environmental and mining regulation,regulation,upstream,mining and environmental regulators,,high,mixed,0,365,Regulatory approvals affect capacity and continuity.,inferred_from_industry,"NSE classification, annual-report source inventory and sector value-chain mapping",0.6,inferred
nifty_500_shariah,JINDALSTEL,Jindal Steel Ltd.,construction and infrastructure,customer_industry,downstream,construction and infrastructure,,high,positive,0,180,Infrastructure and building activity support metal demand.,inferred_from_industry,"NSE classification, annual-report source inventory and sector value-chain mapping",0.6,inferred
nifty_500_shariah,JINDALSTEL,Jindal Steel Ltd.,industrial manufacturing,customer_industry,downstream,industrial manufacturing,,high,positive,0,180,Manufacturing cycles influence metal volumes and pricing.,inferred_from_industry,"NSE classification, annual-report source inventory and sector value-chain mapping",0.6,inferred
nifty_500_shariah,JSL,Jindal Stainless Ltd.,"ore, coal, power and freight",raw_material,upstream,"mining, energy and logistics",,high,negative,0,120,Input and energy costs affect spreads.,inferred_from_industry,"NSE classification, annual-report source inventory and sector value-chain mapping",0.6,inferred
nifty_500_shariah,JSL,Jindal Stainless Ltd.,environmental and mining regulation,regulation,upstream,mining and environmental regulators,,high,mixed,0,365,Regulatory approvals affect capacity and continuity.,inferred_from_industry,"NSE classification, annual-report source inventory and sector value-chain mapping",0.6,inferred
nifty_500_shariah,JSL,Jindal Stainless Ltd.,construction and infrastructure,customer_industry,downstream,construction and infrastructure,,high,positive,0,180,Infrastructure and building activity support metal demand.,inferred_from_industry,"NSE classification, annual-report source inventory and sector value-chain mapping",0.6,inferred
nifty_500_shariah,JSL,Jindal Stainless Ltd.,industrial manufacturing,customer_industry,downstream,industrial manufacturing,,high,positive,0,180,Manufacturing cycles influence metal volumes and pricing.,inferred_from_industry,"NSE classification, annual-report source inventory and sector value-chain mapping",0.6,inferred
ind_nifty500,JSWDULUX,JSW Dulux Ltd.,"commodities, packaging and merchandise",raw_material,upstream,"agri, chemical, textile and packaging suppliers",,high,negative,0,90,Commodity and packaging inflation affects gross margin.,inferred_from_industry,"NSE classification, annual-report source inventory and sector value-chain mapping",0.6,inferred
ind_nifty500,JSWDULUX,JSW Dulux Ltd.,"advertising, logistics and retail occupancy",other,upstream,"media, logistics and retail real estate",,medium,negative,0,120,Brand and channel costs influence operating margin.,inferred_from_industry,"NSE classification, annual-report source inventory and sector value-chain mapping",0.6,inferred
ind_nifty500,JSWDULUX,JSW Dulux Ltd.,Indian household consumption,customer_industry,downstream,Indian household consumption,,high,positive,0,90,"Household income, pricing and distribution reach drive demand.",inferred_from_industry,"NSE classification, annual-report source inventory and sector value-chain mapping",0.6,inferred
ind_nifty500,JSWDULUX,JSW Dulux Ltd.,retail and e-commerce channels,customer_industry,downstream,retail and e-commerce channels,,medium,positive,0,120,Channel expansion and inventory availability support revenue.,inferred_from_industry,"NSE classification, annual-report source inventory and sector value-chain mapping",0.6,inferred
nifty_500_shariah,JUBLINGREA,Jubilant Ingrevia Ltd.,"petrochemical feedstocks, solvents and energy",raw_material,upstream,petrochemicals and energy,,high,negative,0,90,Feedstock and energy inflation affects gross margins.,inferred_from_industry,"NSE classification, annual-report source inventory and sector value-chain mapping",0.6,inferred
nifty_500_shariah,JUBLINGREA,Jubilant Ingrevia Ltd.,environmental and product approvals,regulation,upstream,chemical regulators,,high,mixed,0,365,Approvals and environmental compliance shape operating continuity.,inferred_from_industry,"NSE classification, annual-report source inventory and sector value-chain mapping",0.6,inferred
nifty_500_shariah,JUBLINGREA,Jubilant Ingrevia Ltd.,industrial manufacturing,customer_industry,downstream,industrial manufacturing,,high,positive,0,120,Industrial production drives chemical demand.,inferred_from_industry,"NSE classification, annual-report source inventory and sector value-chain mapping",0.6,inferred
nifty_500_shariah,JUBLINGREA,Jubilant Ingrevia Ltd.,agriculture and regulated end-markets,customer_industry,downstream,agriculture and regulated end-markets,,medium,positive,0,180,Seasonal and regulated demand affects volumes and mix.,inferred_from_industry,"NSE classification, annual-report source inventory and sector value-chain mapping",0.6,inferred
nifty_500_shariah,JUBLPHARMA,Jubilant Pharmova Ltd.,"APIs, KSMs, medical supplies and consumables",raw_material,upstream,pharma intermediates and healthcare supplies,,high,negative,0,120,Input availability and compliance influence margins and supply reliability.,inferred_from_industry,"NSE classification, annual-report source inventory and sector value-chain mapping",0.6,inferred
nifty_500_shariah,JUBLPHARMA,Jubilant Pharmova Ltd.,regulatory approvals and quality systems,regulation,upstream,healthcare regulators,,high,mixed,0,365,Approvals enable launches and capacity use; observations can disrupt supply.,inferred_from_industry,"NSE classification, annual-report source inventory and sector value-chain mapping",0.6,inferred
nifty_500_shariah,JUBLPHARMA,Jubilant Pharmova Ltd.,domestic healthcare demand,customer_industry,downstream,domestic healthcare demand,,high,positive,0,120,"Healthcare access, prescriptions and patient volumes support revenue.",inferred_from_industry,"NSE classification, annual-report source inventory and sector value-chain mapping",0.6,inferred
nifty_500_shariah,JUBLPHARMA,Jubilant Pharmova Ltd.,regulated export or institutional markets,customer_industry,downstream,regulated export or institutional markets,,medium,mixed,0,180,Approvals and tender flows can lift revenue while pricing pressure can offset volume.,inferred_from_industry,"NSE classification, annual-report source inventory and sector value-chain mapping",0.6,inferred
nifty_500_shariah,JWL,Jupiter Wagons Ltd.,"steel, copper, electronics and bought-out components",raw_material,upstream,metals and electrical components,,high,negative,0,180,Input cost inflation can affect project margins.,inferred_from_industry,"NSE classification, annual-report source inventory and sector value-chain mapping",0.6,inferred
nifty_500_shariah,JWL,Jupiter Wagons Ltd.,project execution labor and subcontractors,labour,upstream,engineering and construction services,,medium,negative,0,180,Execution availability and cost influence delivery timelines.,inferred_from_industry,"NSE classification, annual-report source inventory and sector value-chain mapping",0.6,inferred
nifty_500_shariah,JWL,Jupiter Wagons Ltd.,industrial and infrastructure capex,customer_industry,downstream,industrial and infrastructure capex,,high,positive,0,365,Private and public capex drives orders and execution.,inferred_from_industry,"NSE classification, annual-report source inventory and sector value-chain mapping",0.6,inferred
nifty_500_shariah,JWL,Jupiter Wagons Ltd.,government and regulated utilities,customer_industry,downstream,government and regulated utilities,,medium,positive,0,365,Tender awards and utility capex influence order inflow.,inferred_from_industry,"NSE classification, annual-report source inventory and sector value-chain mapping",0.6,inferred
nifty_500_shariah,JYOTICNC,Jyoti CNC Automation Ltd.,"steel, aluminium, rubber and components",raw_material,upstream,"metals, rubber and auto components",,high,negative,0,120,Commodity and component costs affect gross margin.,inferred_from_industry,"NSE classification, annual-report source inventory and sector value-chain mapping",0.6,inferred
nifty_500_shariah,JYOTICNC,Jyoti CNC Automation Ltd.,electronics and logistics,component,upstream,electronics and logistics,,medium,negative,0,180,Supply availability affects production continuity.,inferred_from_industry,"NSE classification, annual-report source inventory and sector value-chain mapping",0.6,inferred
nifty_500_shariah,JYOTICNC,Jyoti CNC Automation Ltd.,Indian auto demand,customer_industry,downstream,Indian auto demand,,high,positive,0,120,"Consumer income, financing and fleet demand drive volumes.",inferred_from_industry,"NSE classification, annual-report source inventory and sector value-chain mapping",0.6,inferred
nifty_500_shariah,JYOTICNC,Jyoti CNC Automation Ltd.,OEM production and replacement market,customer_industry,downstream,OEM production and replacement market,,high,positive,0,180,OEM production schedules and replacement cycles affect revenue.,inferred_from_industry,"NSE classification, annual-report source inventory and sector value-chain mapping",0.6,inferred
nifty_500_shariah,KAJARIACER,Kajaria Ceramics Ltd.,"commodities, packaging and merchandise",raw_material,upstream,"agri, chemical, textile and packaging suppliers",,high,negative,0,90,Commodity and packaging inflation affects gross margin.,inferred_from_industry,"NSE classification, annual-report source inventory and sector value-chain mapping",0.6,inferred
nifty_500_shariah,KAJARIACER,Kajaria Ceramics Ltd.,"advertising, logistics and retail occupancy",other,upstream,"media, logistics and retail real estate",,medium,negative,0,120,Brand and channel costs influence operating margin.,inferred_from_industry,"NSE classification, annual-report source inventory and sector value-chain mapping",0.6,inferred
nifty_500_shariah,KAJARIACER,Kajaria Ceramics Ltd.,Indian household consumption,customer_industry,downstream,Indian household consumption,,high,positive,0,90,"Household income, pricing and distribution reach drive demand.",inferred_from_industry,"NSE classification, annual-report source inventory and sector value-chain mapping",0.6,inferred
nifty_500_shariah,KAJARIACER,Kajaria Ceramics Ltd.,retail and e-commerce channels,customer_industry,downstream,retail and e-commerce channels,,medium,positive,0,120,Channel expansion and inventory availability support revenue.,inferred_from_industry,"NSE classification, annual-report source inventory and sector value-chain mapping",0.6,inferred
nifty_500_shariah,KEC,KEC International Ltd.,"steel, copper, electronics and bought-out components",raw_material,upstream,metals and electrical components,,high,negative,0,180,Input cost inflation can affect project margins.,inferred_from_industry,"NSE classification, annual-report source inventory and sector value-chain mapping",0.6,inferred
nifty_500_shariah,KEC,KEC International Ltd.,project execution labor and subcontractors,labour,upstream,engineering and construction services,,medium,negative,0,180,Execution availability and cost influence delivery timelines.,inferred_from_industry,"NSE classification, annual-report source inventory and sector value-chain mapping",0.6,inferred
nifty_500_shariah,KEC,KEC International Ltd.,industrial and infrastructure capex,customer_industry,downstream,industrial and infrastructure capex,,high,positive,0,365,Private and public capex drives orders and execution.,inferred_from_industry,"NSE classification, annual-report source inventory and sector value-chain mapping",0.6,inferred
nifty_500_shariah,KEC,KEC International Ltd.,government and regulated utilities,customer_industry,downstream,government and regulated utilities,,medium,positive,0,365,Tender awards and utility capex influence order inflow.,inferred_from_industry,"NSE classification, annual-report source inventory and sector value-chain mapping",0.6,inferred
nifty_500_shariah,KEI,KEI Industries Ltd.,"steel, copper, electronics and bought-out components",raw_material,upstream,metals and electrical components,,high,negative,0,180,Input cost inflation can affect project margins.,inferred_from_industry,"NSE classification, annual-report source inventory and sector value-chain mapping",0.6,inferred
nifty_500_shariah,KEI,KEI Industries Ltd.,project execution labor and subcontractors,labour,upstream,engineering and construction services,,medium,negative,0,180,Execution availability and cost influence delivery timelines.,inferred_from_industry,"NSE classification, annual-report source inventory and sector value-chain mapping",0.6,inferred
nifty_500_shariah,KEI,KEI Industries Ltd.,industrial and infrastructure capex,customer_industry,downstream,industrial and infrastructure capex,,high,positive,0,365,Private and public capex drives orders and execution.,inferred_from_industry,"NSE classification, annual-report source inventory and sector value-chain mapping",0.6,inferred
nifty_500_shariah,KEI,KEI Industries Ltd.,government and regulated utilities,customer_industry,downstream,government and regulated utilities,,medium,positive,0,365,Tender awards and utility capex influence order inflow.,inferred_from_industry,"NSE classification, annual-report source inventory and sector value-chain mapping",0.6,inferred
nifty_500_shariah,KPIL,Kalpataru Projects International Ltd.,"steel, copper, electronics and bought-out components",raw_material,upstream,metals and electrical components,,high,negative,0,180,Input cost inflation can affect project margins.,inferred_from_industry,"NSE classification, annual-report source inventory and sector value-chain mapping",0.6,inferred
nifty_500_shariah,KPIL,Kalpataru Projects International Ltd.,project execution labor and subcontractors,labour,upstream,engineering and construction services,,medium,negative,0,180,Execution availability and cost influence delivery timelines.,inferred_from_industry,"NSE classification, annual-report source inventory and sector value-chain mapping",0.6,inferred
nifty_500_shariah,KPIL,Kalpataru Projects International Ltd.,industrial and infrastructure capex,customer_industry,downstream,industrial and infrastructure capex,,high,positive,0,365,Private and public capex drives orders and execution.,inferred_from_industry,"NSE classification, annual-report source inventory and sector value-chain mapping",0.6,inferred
nifty_500_shariah,KPIL,Kalpataru Projects International Ltd.,government and regulated utilities,customer_industry,downstream,government and regulated utilities,,medium,positive,0,365,Tender awards and utility capex influence order inflow.,inferred_from_industry,"NSE classification, annual-report source inventory and sector value-chain mapping",0.6,inferred
nifty_500_shariah,KPITTECH,KPIT Technologies Ltd.,skilled technology labor,labour,upstream,IT talent market,,high,negative,0,90,"Wage inflation, utilisation and attrition affect margins.",inferred_from_industry,"NSE classification, annual-report source inventory and sector value-chain mapping",0.6,inferred
nifty_500_shariah,KPITTECH,KPIT Technologies Ltd.,cloud and software ecosystems,software,upstream,cloud and enterprise software,,medium,mixed,0,180,Partner ecosystems shape delivery capability and demand.,inferred_from_industry,"NSE classification, annual-report source inventory and sector value-chain mapping",0.6,inferred
nifty_500_shariah,KPITTECH,KPIT Technologies Ltd.,global enterprise IT,customer_industry,downstream,global enterprise IT,,high,positive,0,180,Enterprise technology budgets and deal ramp-ups drive revenue.,inferred_from_industry,"NSE classification, annual-report source inventory and sector value-chain mapping",0.6,inferred
nifty_500_shariah,KPITTECH,KPIT Technologies Ltd.,industry technology buyers,customer_industry,downstream,industry technology buyers,,medium,positive,0,180,Customer capex and transformation programs influence project conversion.,inferred_from_industry,"NSE classification, annual-report source inventory and sector value-chain mapping",0.6,inferred
nifty_500_shariah,LINDEINDIA,Linde India Ltd.,"petrochemical feedstocks, solvents and energy",raw_material,upstream,petrochemicals and energy,,high,negative,0,90,Feedstock and energy inflation affects gross margins.,inferred_from_industry,"NSE classification, annual-report source inventory and sector value-chain mapping",0.6,inferred
nifty_500_shariah,LINDEINDIA,Linde India Ltd.,environmental and product approvals,regulation,upstream,chemical regulators,,high,mixed,0,365,Approvals and environmental compliance shape operating continuity.,inferred_from_industry,"NSE classification, annual-report source inventory and sector value-chain mapping",0.6,inferred
nifty_500_shariah,LINDEINDIA,Linde India Ltd.,industrial manufacturing,customer_industry,downstream,industrial manufacturing,,high,positive,0,120,Industrial production drives chemical demand.,inferred_from_industry,"NSE classification, annual-report source inventory and sector value-chain mapping",0.6,inferred
nifty_500_shariah,LINDEINDIA,Linde India Ltd.,agriculture and regulated end-markets,customer_industry,downstream,agriculture and regulated end-markets,,medium,positive,0,180,Seasonal and regulated demand affects volumes and mix.,inferred_from_industry,"NSE classification, annual-report source inventory and sector value-chain mapping",0.6,inferred
nifty_500_shariah,LLOYDSME,Lloyds Metals & Energy Ltd.,"ore, coal, power and freight",raw_material,upstream,"mining, energy and logistics",,high,negative,0,120,Input and energy costs affect spreads.,inferred_from_industry,"NSE classification, annual-report source inventory and sector value-chain mapping",0.6,inferred
nifty_500_shariah,LLOYDSME,Lloyds Metals & Energy Ltd.,environmental and mining regulation,regulation,upstream,mining and environmental regulators,,high,mixed,0,365,Regulatory approvals affect capacity and continuity.,inferred_from_industry,"NSE classification, annual-report source inventory and sector value-chain mapping",0.6,inferred
nifty_500_shariah,LLOYDSME,Lloyds Metals & Energy Ltd.,construction and infrastructure,customer_industry,downstream,construction and infrastructure,,high,positive,0,180,Infrastructure and building activity support metal demand.,inferred_from_industry,"NSE classification, annual-report source inventory and sector value-chain mapping",0.6,inferred
nifty_500_shariah,LLOYDSME,Lloyds Metals & Energy Ltd.,industrial manufacturing,customer_industry,downstream,industrial manufacturing,,high,positive,0,180,Manufacturing cycles influence metal volumes and pricing.,inferred_from_industry,"NSE classification, annual-report source inventory and sector value-chain mapping",0.6,inferred
nifty_500_shariah,LODHA,Lodha Developers Ltd.,"commodities, packaging and merchandise",raw_material,upstream,"agri, chemical, textile and packaging suppliers",,high,negative,0,90,Commodity and packaging inflation affects gross margin.,inferred_from_industry,"NSE classification, annual-report source inventory and sector value-chain mapping",0.6,inferred
nifty_500_shariah,LODHA,Lodha Developers Ltd.,"advertising, logistics and retail occupancy",other,upstream,"media, logistics and retail real estate",,medium,negative,0,120,Brand and channel costs influence operating margin.,inferred_from_industry,"NSE classification, annual-report source inventory and sector value-chain mapping",0.6,inferred
nifty_500_shariah,LODHA,Lodha Developers Ltd.,Indian household consumption,customer_industry,downstream,Indian household consumption,,high,positive,0,90,"Household income, pricing and distribution reach drive demand.",inferred_from_industry,"NSE classification, annual-report source inventory and sector value-chain mapping",0.6,inferred
nifty_500_shariah,LODHA,Lodha Developers Ltd.,retail and e-commerce channels,customer_industry,downstream,retail and e-commerce channels,,medium,positive,0,120,Channel expansion and inventory availability support revenue.,inferred_from_industry,"NSE classification, annual-report source inventory and sector value-chain mapping",0.6,inferred
nifty_500_shariah,LTFOODS,LT Foods Ltd.,"commodities, packaging and merchandise",raw_material,upstream,"agri, chemical, textile and packaging suppliers",,high,negative,0,90,Commodity and packaging inflation affects gross margin.,inferred_from_industry,"NSE classification, annual-report source inventory and sector value-chain mapping",0.6,inferred
nifty_500_shariah,LTFOODS,LT Foods Ltd.,"advertising, logistics and retail occupancy",other,upstream,"media, logistics and retail real estate",,medium,negative,0,120,Brand and channel costs influence operating margin.,inferred_from_industry,"NSE classification, annual-report source inventory and sector value-chain mapping",0.6,inferred
nifty_500_shariah,LTFOODS,LT Foods Ltd.,Indian household consumption,customer_industry,downstream,Indian household consumption,,high,positive,0,90,"Household income, pricing and distribution reach drive demand.",inferred_from_industry,"NSE classification, annual-report source inventory and sector value-chain mapping",0.6,inferred
nifty_500_shariah,LTFOODS,LT Foods Ltd.,retail and e-commerce channels,customer_industry,downstream,retail and e-commerce channels,,medium,positive,0,120,Channel expansion and inventory availability support revenue.,inferred_from_industry,"NSE classification, annual-report source inventory and sector value-chain mapping",0.6,inferred
nifty_500_shariah,LTM,LTM Ltd.,skilled technology labor,labour,upstream,IT talent market,,high,negative,0,90,"Wage inflation, utilisation and attrition affect margins.",inferred_from_industry,"NSE classification, annual-report source inventory and sector value-chain mapping",0.6,inferred
nifty_500_shariah,LTM,LTM Ltd.,cloud and software ecosystems,software,upstream,cloud and enterprise software,,medium,mixed,0,180,Partner ecosystems shape delivery capability and demand.,inferred_from_industry,"NSE classification, annual-report source inventory and sector value-chain mapping",0.6,inferred
nifty_500_shariah,LTM,LTM Ltd.,global enterprise IT,customer_industry,downstream,global enterprise IT,,high,positive,0,180,Enterprise technology budgets and deal ramp-ups drive revenue.,inferred_from_industry,"NSE classification, annual-report source inventory and sector value-chain mapping",0.6,inferred
nifty_500_shariah,LTM,LTM Ltd.,industry technology buyers,customer_industry,downstream,industry technology buyers,,medium,positive,0,180,Customer capex and transformation programs influence project conversion.,inferred_from_industry,"NSE classification, annual-report source inventory and sector value-chain mapping",0.6,inferred
nifty_500_shariah,LTTS,L&T Technology Services Ltd.,skilled technology labor,labour,upstream,IT talent market,,high,negative,0,90,"Wage inflation, utilisation and attrition affect margins.",inferred_from_industry,"NSE classification, annual-report source inventory and sector value-chain mapping",0.6,inferred
nifty_500_shariah,LTTS,L&T Technology Services Ltd.,cloud and software ecosystems,software,upstream,cloud and enterprise software,,medium,mixed,0,180,Partner ecosystems shape delivery capability and demand.,inferred_from_industry,"NSE classification, annual-report source inventory and sector value-chain mapping",0.6,inferred
nifty_500_shariah,LTTS,L&T Technology Services Ltd.,global enterprise IT,customer_industry,downstream,global enterprise IT,,high,positive,0,180,Enterprise technology budgets and deal ramp-ups drive revenue.,inferred_from_industry,"NSE classification, annual-report source inventory and sector value-chain mapping",0.6,inferred
nifty_500_shariah,LTTS,L&T Technology Services Ltd.,industry technology buyers,customer_industry,downstream,industry technology buyers,,medium,positive,0,180,Customer capex and transformation programs influence project conversion.,inferred_from_industry,"NSE classification, annual-report source inventory and sector value-chain mapping",0.6,inferred
nifty_500_shariah,LUPIN,Lupin Ltd.,"APIs, KSMs, medical supplies and consumables",raw_material,upstream,pharma intermediates and healthcare supplies,,high,negative,0,120,Input availability and compliance influence margins and supply reliability.,inferred_from_industry,"NSE classification, annual-report source inventory and sector value-chain mapping",0.6,inferred
nifty_500_shariah,LUPIN,Lupin Ltd.,regulatory approvals and quality systems,regulation,upstream,healthcare regulators,,high,mixed,0,365,Approvals enable launches and capacity use; observations can disrupt supply.,inferred_from_industry,"NSE classification, annual-report source inventory and sector value-chain mapping",0.6,inferred
nifty_500_shariah,LUPIN,Lupin Ltd.,domestic healthcare demand,customer_industry,downstream,domestic healthcare demand,,high,positive,0,120,"Healthcare access, prescriptions and patient volumes support revenue.",inferred_from_industry,"NSE classification, annual-report source inventory and sector value-chain mapping",0.6,inferred
nifty_500_shariah,LUPIN,Lupin Ltd.,regulated export or institutional markets,customer_industry,downstream,regulated export or institutional markets,,medium,mixed,0,180,Approvals and tender flows can lift revenue while pricing pressure can offset volume.,inferred_from_industry,"NSE classification, annual-report source inventory and sector value-chain mapping",0.6,inferred
nifty_500_shariah,MARICO,Marico Ltd.,"commodities, packaging and merchandise",raw_material,upstream,"agri, chemical, textile and packaging suppliers",,high,negative,0,90,Commodity and packaging inflation affects gross margin.,inferred_from_industry,"NSE classification, annual-report source inventory and sector value-chain mapping",0.6,inferred
nifty_500_shariah,MARICO,Marico Ltd.,"advertising, logistics and retail occupancy",other,upstream,"media, logistics and retail real estate",,medium,negative,0,120,Brand and channel costs influence operating margin.,inferred_from_industry,"NSE classification, annual-report source inventory and sector value-chain mapping",0.6,inferred
nifty_500_shariah,MARICO,Marico Ltd.,Indian household consumption,customer_industry,downstream,Indian household consumption,,high,positive,0,90,"Household income, pricing and distribution reach drive demand.",inferred_from_industry,"NSE classification, annual-report source inventory and sector value-chain mapping",0.6,inferred
nifty_500_shariah,MARICO,Marico Ltd.,retail and e-commerce channels,customer_industry,downstream,retail and e-commerce channels,,medium,positive,0,120,Channel expansion and inventory availability support revenue.,inferred_from_industry,"NSE classification, annual-report source inventory and sector value-chain mapping",0.6,inferred
nifty_500_shariah,MAXHEALTH,Max Healthcare Institute Ltd.,"APIs, KSMs, medical supplies and consumables",raw_material,upstream,pharma intermediates and healthcare supplies,,high,negative,0,120,Input availability and compliance influence margins and supply reliability.,inferred_from_industry,"NSE classification, annual-report source inventory and sector value-chain mapping",0.6,inferred
nifty_500_shariah,MAXHEALTH,Max Healthcare Institute Ltd.,regulatory approvals and quality systems,regulation,upstream,healthcare regulators,,high,mixed,0,365,Approvals enable launches and capacity use; observations can disrupt supply.,inferred_from_industry,"NSE classification, annual-report source inventory and sector value-chain mapping",0.6,inferred
nifty_500_shariah,MAXHEALTH,Max Healthcare Institute Ltd.,domestic healthcare demand,customer_industry,downstream,domestic healthcare demand,,high,positive,0,120,"Healthcare access, prescriptions and patient volumes support revenue.",inferred_from_industry,"NSE classification, annual-report source inventory and sector value-chain mapping",0.6,inferred
nifty_500_shariah,MAXHEALTH,Max Healthcare Institute Ltd.,regulated export or institutional markets,customer_industry,downstream,regulated export or institutional markets,,medium,mixed,0,180,Approvals and tender flows can lift revenue while pricing pressure can offset volume.,inferred_from_industry,"NSE classification, annual-report source inventory and sector value-chain mapping",0.6,inferred
nifty_500_shariah,MEDANTA,Global Health Ltd.,"APIs, KSMs, medical supplies and consumables",raw_material,upstream,pharma intermediates and healthcare supplies,,high,negative,0,120,Input availability and compliance influence margins and supply reliability.,inferred_from_industry,"NSE classification, annual-report source inventory and sector value-chain mapping",0.6,inferred
nifty_500_shariah,MEDANTA,Global Health Ltd.,regulatory approvals and quality systems,regulation,upstream,healthcare regulators,,high,mixed,0,365,Approvals enable launches and capacity use; observations can disrupt supply.,inferred_from_industry,"NSE classification, annual-report source inventory and sector value-chain mapping",0.6,inferred
nifty_500_shariah,MEDANTA,Global Health Ltd.,domestic healthcare demand,customer_industry,downstream,domestic healthcare demand,,high,positive,0,120,"Healthcare access, prescriptions and patient volumes support revenue.",inferred_from_industry,"NSE classification, annual-report source inventory and sector value-chain mapping",0.6,inferred
nifty_500_shariah,MEDANTA,Global Health Ltd.,regulated export or institutional markets,customer_industry,downstream,regulated export or institutional markets,,medium,mixed,0,180,Approvals and tender flows can lift revenue while pricing pressure can offset volume.,inferred_from_industry,"NSE classification, annual-report source inventory and sector value-chain mapping",0.6,inferred
nifty_500_shariah,MGL,Mahanagar Gas Ltd.,"fuel, gas, crude-linked inputs and power",energy,upstream,energy and commodities,,high,negative,0,90,Commodity prices and supply availability affect spreads and margins.,inferred_from_industry,"NSE classification, annual-report source inventory and sector value-chain mapping",0.6,inferred
nifty_500_shariah,MGL,Mahanagar Gas Ltd.,regulatory tariffs and licenses,regulation,upstream,energy regulators,,high,mixed,0,365,"Tariffs, licenses and policy changes influence returns.",inferred_from_industry,"NSE classification, annual-report source inventory and sector value-chain mapping",0.6,inferred
nifty_500_shariah,MGL,Mahanagar Gas Ltd.,industrial and commercial energy demand,customer_industry,downstream,industrial and commercial energy demand,,high,positive,0,120,Industrial activity and urban demand support offtake.,inferred_from_industry,"NSE classification, annual-report source inventory and sector value-chain mapping",0.6,inferred
nifty_500_shariah,MGL,Mahanagar Gas Ltd.,regulated retail users,customer_industry,downstream,regulated retail users,,medium,positive,0,120,Retail demand and tariff regulation affect revenue.,inferred_from_industry,"NSE classification, annual-report source inventory and sector value-chain mapping",0.6,inferred
nifty_500_shariah,MOTHERSON,Samvardhana Motherson International Ltd.,"steel, aluminium, rubber and components",raw_material,upstream,"metals, rubber and auto components",,high,negative,0,120,Commodity and component costs affect gross margin.,inferred_from_industry,"NSE classification, annual-report source inventory and sector value-chain mapping",0.6,inferred
nifty_500_shariah,MOTHERSON,Samvardhana Motherson International Ltd.,electronics and logistics,component,upstream,electronics and logistics,,medium,negative,0,180,Supply availability affects production continuity.,inferred_from_industry,"NSE classification, annual-report source inventory and sector value-chain mapping",0.6,inferred
nifty_500_shariah,MOTHERSON,Samvardhana Motherson International Ltd.,Indian auto demand,customer_industry,downstream,Indian auto demand,,high,positive,0,120,"Consumer income, financing and fleet demand drive volumes.",inferred_from_industry,"NSE classification, annual-report source inventory and sector value-chain mapping",0.6,inferred
nifty_500_shariah,MOTHERSON,Samvardhana Motherson International Ltd.,OEM production and replacement market,customer_industry,downstream,OEM production and replacement market,,high,positive,0,180,OEM production schedules and replacement cycles affect revenue.,inferred_from_industry,"NSE classification, annual-report source inventory and sector value-chain mapping",0.6,inferred
nifty_500_shariah,MPHASIS,MphasiS Ltd.,skilled technology labor,labour,upstream,IT talent market,,high,negative,0,90,"Wage inflation, utilisation and attrition affect margins.",inferred_from_industry,"NSE classification, annual-report source inventory and sector value-chain mapping",0.6,inferred
nifty_500_shariah,MPHASIS,MphasiS Ltd.,cloud and software ecosystems,software,upstream,cloud and enterprise software,,medium,mixed,0,180,Partner ecosystems shape delivery capability and demand.,inferred_from_industry,"NSE classification, annual-report source inventory and sector value-chain mapping",0.6,inferred
nifty_500_shariah,MPHASIS,MphasiS Ltd.,global enterprise IT,customer_industry,downstream,global enterprise IT,,high,positive,0,180,Enterprise technology budgets and deal ramp-ups drive revenue.,inferred_from_industry,"NSE classification, annual-report source inventory and sector value-chain mapping",0.6,inferred
nifty_500_shariah,MPHASIS,MphasiS Ltd.,industry technology buyers,customer_industry,downstream,industry technology buyers,,medium,positive,0,180,Customer capex and transformation programs influence project conversion.,inferred_from_industry,"NSE classification, annual-report source inventory and sector value-chain mapping",0.6,inferred
nifty_500_shariah,MRF,MRF Ltd.,"steel, aluminium, rubber and components",raw_material,upstream,"metals, rubber and auto components",,high,negative,0,120,Commodity and component costs affect gross margin.,inferred_from_industry,"NSE classification, annual-report source inventory and sector value-chain mapping",0.6,inferred
nifty_500_shariah,MRF,MRF Ltd.,electronics and logistics,component,upstream,electronics and logistics,,medium,negative,0,180,Supply availability affects production continuity.,inferred_from_industry,"NSE classification, annual-report source inventory and sector value-chain mapping",0.6,inferred
nifty_500_shariah,MRF,MRF Ltd.,Indian auto demand,customer_industry,downstream,Indian auto demand,,high,positive,0,120,"Consumer income, financing and fleet demand drive volumes.",inferred_from_industry,"NSE classification, annual-report source inventory and sector value-chain mapping",0.6,inferred
nifty_500_shariah,MRF,MRF Ltd.,OEM production and replacement market,customer_industry,downstream,OEM production and replacement market,,high,positive,0,180,OEM production schedules and replacement cycles affect revenue.,inferred_from_industry,"NSE classification, annual-report source inventory and sector value-chain mapping",0.6,inferred
nifty_500_shariah,MSUMI,Motherson Sumi Wiring India Ltd.,"steel, aluminium, rubber and components",raw_material,upstream,"metals, rubber and auto components",,high,negative,0,120,Commodity and component costs affect gross margin.,inferred_from_industry,"NSE classification, annual-report source inventory and sector value-chain mapping",0.6,inferred
nifty_500_shariah,MSUMI,Motherson Sumi Wiring India Ltd.,electronics and logistics,component,upstream,electronics and logistics,,medium,negative,0,180,Supply availability affects production continuity.,inferred_from_industry,"NSE classification, annual-report source inventory and sector value-chain mapping",0.6,inferred
nifty_500_shariah,MSUMI,Motherson Sumi Wiring India Ltd.,Indian auto demand,customer_industry,downstream,Indian auto demand,,high,positive,0,120,"Consumer income, financing and fleet demand drive volumes.",inferred_from_industry,"NSE classification, annual-report source inventory and sector value-chain mapping",0.6,inferred
nifty_500_shariah,MSUMI,Motherson Sumi Wiring India Ltd.,OEM production and replacement market,customer_industry,downstream,OEM production and replacement market,,high,positive,0,180,OEM production schedules and replacement cycles affect revenue.,inferred_from_industry,"NSE classification, annual-report source inventory and sector value-chain mapping",0.6,inferred
nifty_500_shariah,NATIONALUM,National Aluminium Company Ltd.,"ore, coal, power and freight",raw_material,upstream,"mining, energy and logistics",,high,negative,0,120,Input and energy costs affect spreads.,inferred_from_industry,"NSE classification, annual-report source inventory and sector value-chain mapping",0.6,inferred
nifty_500_shariah,NATIONALUM,National Aluminium Company Ltd.,environmental and mining regulation,regulation,upstream,mining and environmental regulators,,high,mixed,0,365,Regulatory approvals affect capacity and continuity.,inferred_from_industry,"NSE classification, annual-report source inventory and sector value-chain mapping",0.6,inferred
nifty_500_shariah,NATIONALUM,National Aluminium Company Ltd.,construction and infrastructure,customer_industry,downstream,construction and infrastructure,,high,positive,0,180,Infrastructure and building activity support metal demand.,inferred_from_industry,"NSE classification, annual-report source inventory and sector value-chain mapping",0.6,inferred
nifty_500_shariah,NATIONALUM,National Aluminium Company Ltd.,industrial manufacturing,customer_industry,downstream,industrial manufacturing,,high,positive,0,180,Manufacturing cycles influence metal volumes and pricing.,inferred_from_industry,"NSE classification, annual-report source inventory and sector value-chain mapping",0.6,inferred
nifty_500_shariah,NAVA,NAVA Ltd.,"fuel, gas, crude-linked inputs and power",energy,upstream,energy and commodities,,high,negative,0,90,Commodity prices and supply availability affect spreads and margins.,inferred_from_industry,"NSE classification, annual-report source inventory and sector value-chain mapping",0.6,inferred
nifty_500_shariah,NAVA,NAVA Ltd.,regulatory tariffs and licenses,regulation,upstream,energy regulators,,high,mixed,0,365,"Tariffs, licenses and policy changes influence returns.",inferred_from_industry,"NSE classification, annual-report source inventory and sector value-chain mapping",0.6,inferred
nifty_500_shariah,NAVA,NAVA Ltd.,industrial and commercial energy demand,customer_industry,downstream,industrial and commercial energy demand,,high,positive,0,120,Industrial activity and urban demand support offtake.,inferred_from_industry,"NSE classification, annual-report source inventory and sector value-chain mapping",0.6,inferred
nifty_500_shariah,NAVA,NAVA Ltd.,regulated retail users,customer_industry,downstream,regulated retail users,,medium,positive,0,120,Retail demand and tariff regulation affect revenue.,inferred_from_industry,"NSE classification, annual-report source inventory and sector value-chain mapping",0.6,inferred
nifty_500_shariah,NBCC,NBCC (India) Ltd.,"steel, copper, electronics and bought-out components",raw_material,upstream,metals and electrical components,,high,negative,0,180,Input cost inflation can affect project margins.,inferred_from_industry,"NSE classification, annual-report source inventory and sector value-chain mapping",0.6,inferred
nifty_500_shariah,NBCC,NBCC (India) Ltd.,project execution labor and subcontractors,labour,upstream,engineering and construction services,,medium,negative,0,180,Execution availability and cost influence delivery timelines.,inferred_from_industry,"NSE classification, annual-report source inventory and sector value-chain mapping",0.6,inferred
nifty_500_shariah,NBCC,NBCC (India) Ltd.,industrial and infrastructure capex,customer_industry,downstream,industrial and infrastructure capex,,high,positive,0,365,Private and public capex drives orders and execution.,inferred_from_industry,"NSE classification, annual-report source inventory and sector value-chain mapping",0.6,inferred
nifty_500_shariah,NBCC,NBCC (India) Ltd.,government and regulated utilities,customer_industry,downstream,government and regulated utilities,,medium,positive,0,365,Tender awards and utility capex influence order inflow.,inferred_from_industry,"NSE classification, annual-report source inventory and sector value-chain mapping",0.6,inferred
nifty_500_shariah,NCC,NCC Ltd.,"steel, copper, electronics and bought-out components",raw_material,upstream,metals and electrical components,,high,negative,0,180,Input cost inflation can affect project margins.,inferred_from_industry,"NSE classification, annual-report source inventory and sector value-chain mapping",0.6,inferred
nifty_500_shariah,NCC,NCC Ltd.,project execution labor and subcontractors,labour,upstream,engineering and construction services,,medium,negative,0,180,Execution availability and cost influence delivery timelines.,inferred_from_industry,"NSE classification, annual-report source inventory and sector value-chain mapping",0.6,inferred
nifty_500_shariah,NCC,NCC Ltd.,industrial and infrastructure capex,customer_industry,downstream,industrial and infrastructure capex,,high,positive,0,365,Private and public capex drives orders and execution.,inferred_from_industry,"NSE classification, annual-report source inventory and sector value-chain mapping",0.6,inferred
nifty_500_shariah,NCC,NCC Ltd.,government and regulated utilities,customer_industry,downstream,government and regulated utilities,,medium,positive,0,365,Tender awards and utility capex influence order inflow.,inferred_from_industry,"NSE classification, annual-report source inventory and sector value-chain mapping",0.6,inferred
nifty_50_shariah,NESTLEIND,NESTLE INDIA LTD.,"milk, coffee, cocoa, wheat and sugar",raw_material,upstream,agri commodities,,high,negative,0,120,Agri commodity cost affects gross margins.,inferred_from_industry,Annual Report 2024-25 cost/risk discussion and value-chain mapping,0.8,inferred
nifty_50_shariah,NESTLEIND,NESTLE INDIA LTD.,packaging materials,raw_material,upstream,packaging,,high,negative,0,90,Packaging inflation affects product margins.,inferred_from_industry,Annual Report 2024-25 cost/risk discussion and value-chain mapping,0.55,inferred
nifty_50_shariah,NESTLEIND,NESTLE INDIA LTD.,Indian packaged-food consumption,customer_industry,downstream,Indian packaged-food consumption,,high,positive,0,120,Household consumption and distribution reach drive volumes.,disclosed,Annual Report 2024-25 and industry value-chain mapping,0.82,inferred
nifty_50_shariah,NESTLEIND,NESTLE INDIA LTD.,modern trade and e-commerce,customer_industry,downstream,modern trade and e-commerce,,medium,positive,0,120,Urban channels support premium mix.,disclosed,Annual Report 2024-25 and industry value-chain mapping,0.82,inferred
nifty_500_shariah,NETWEB,Netweb Technologies India Ltd.,skilled technology labor,labour,upstream,IT talent market,,high,negative,0,90,"Wage inflation, utilisation and attrition affect margins.",inferred_from_industry,"NSE classification, annual-report source inventory and sector value-chain mapping",0.6,inferred
nifty_500_shariah,NETWEB,Netweb Technologies India Ltd.,cloud and software ecosystems,software,upstream,cloud and enterprise software,,medium,mixed,0,180,Partner ecosystems shape delivery capability and demand.,inferred_from_industry,"NSE classification, annual-report source inventory and sector value-chain mapping",0.6,inferred
nifty_500_shariah,NETWEB,Netweb Technologies India Ltd.,global enterprise IT,customer_industry,downstream,global enterprise IT,,high,positive,0,180,Enterprise technology budgets and deal ramp-ups drive revenue.,inferred_from_industry,"NSE classification, annual-report source inventory and sector value-chain mapping",0.6,inferred
nifty_500_shariah,NETWEB,Netweb Technologies India Ltd.,industry technology buyers,customer_industry,downstream,industry technology buyers,,medium,positive,0,180,Customer capex and transformation programs influence project conversion.,inferred_from_industry,"NSE classification, annual-report source inventory and sector value-chain mapping",0.6,inferred
nifty_500_shariah,NEULANDLAB,Neuland Laboratories Ltd.,"APIs, KSMs, medical supplies and consumables",raw_material,upstream,pharma intermediates and healthcare supplies,,high,negative,0,120,Input availability and compliance influence margins and supply reliability.,inferred_from_industry,"NSE classification, annual-report source inventory and sector value-chain mapping",0.6,inferred
nifty_500_shariah,NEULANDLAB,Neuland Laboratories Ltd.,regulatory approvals and quality systems,regulation,upstream,healthcare regulators,,high,mixed,0,365,Approvals enable launches and capacity use; observations can disrupt supply.,inferred_from_industry,"NSE classification, annual-report source inventory and sector value-chain mapping",0.6,inferred
nifty_500_shariah,NEULANDLAB,Neuland Laboratories Ltd.,domestic healthcare demand,customer_industry,downstream,domestic healthcare demand,,high,positive,0,120,"Healthcare access, prescriptions and patient volumes support revenue.",inferred_from_industry,"NSE classification, annual-report source inventory and sector value-chain mapping",0.6,inferred
nifty_500_shariah,NEULANDLAB,Neuland Laboratories Ltd.,regulated export or institutional markets,customer_industry,downstream,regulated export or institutional markets,,medium,mixed,0,180,Approvals and tender flows can lift revenue while pricing pressure can offset volume.,inferred_from_industry,"NSE classification, annual-report source inventory and sector value-chain mapping",0.6,inferred
nifty_500_shariah,NSLNISP,NMDC Steel Ltd.,"ore, coal, power and freight",raw_material,upstream,"mining, energy and logistics",,high,negative,0,120,Input and energy costs affect spreads.,inferred_from_industry,"NSE classification, annual-report source inventory and sector value-chain mapping",0.6,inferred
nifty_500_shariah,NSLNISP,NMDC Steel Ltd.,environmental and mining regulation,regulation,upstream,mining and environmental regulators,,high,mixed,0,365,Regulatory approvals affect capacity and continuity.,inferred_from_industry,"NSE classification, annual-report source inventory and sector value-chain mapping",0.6,inferred
nifty_500_shariah,NSLNISP,NMDC Steel Ltd.,construction and infrastructure,customer_industry,downstream,construction and infrastructure,,high,positive,0,180,Infrastructure and building activity support metal demand.,inferred_from_industry,"NSE classification, annual-report source inventory and sector value-chain mapping",0.6,inferred
nifty_500_shariah,NSLNISP,NMDC Steel Ltd.,industrial manufacturing,customer_industry,downstream,industrial manufacturing,,high,positive,0,180,Manufacturing cycles influence metal volumes and pricing.,inferred_from_industry,"NSE classification, annual-report source inventory and sector value-chain mapping",0.6,inferred
nifty_500_shariah,NUVOCO,Nuvoco Vistas Corporation Ltd.,"steel, copper, electronics and bought-out components",raw_material,upstream,metals and electrical components,,high,negative,0,180,Input cost inflation can affect project margins.,inferred_from_industry,"NSE classification, annual-report source inventory and sector value-chain mapping",0.6,inferred
nifty_500_shariah,NUVOCO,Nuvoco Vistas Corporation Ltd.,project execution labor and subcontractors,labour,upstream,engineering and construction services,,medium,negative,0,180,Execution availability and cost influence delivery timelines.,inferred_from_industry,"NSE classification, annual-report source inventory and sector value-chain mapping",0.6,inferred
nifty_500_shariah,NUVOCO,Nuvoco Vistas Corporation Ltd.,industrial and infrastructure capex,customer_industry,downstream,industrial and infrastructure capex,,high,positive,0,365,Private and public capex drives orders and execution.,inferred_from_industry,"NSE classification, annual-report source inventory and sector value-chain mapping",0.6,inferred
nifty_500_shariah,NUVOCO,Nuvoco Vistas Corporation Ltd.,government and regulated utilities,customer_industry,downstream,government and regulated utilities,,medium,positive,0,365,Tender awards and utility capex influence order inflow.,inferred_from_industry,"NSE classification, annual-report source inventory and sector value-chain mapping",0.6,inferred
nifty_500_shariah,OLECTRA,Olectra Greentech Ltd.,"steel, aluminium, rubber and components",raw_material,upstream,"metals, rubber and auto components",,high,negative,0,120,Commodity and component costs affect gross margin.,inferred_from_industry,"NSE classification, annual-report source inventory and sector value-chain mapping",0.6,inferred
nifty_500_shariah,OLECTRA,Olectra Greentech Ltd.,electronics and logistics,component,upstream,electronics and logistics,,medium,negative,0,180,Supply availability affects production continuity.,inferred_from_industry,"NSE classification, annual-report source inventory and sector value-chain mapping",0.6,inferred
nifty_500_shariah,OLECTRA,Olectra Greentech Ltd.,Indian auto demand,customer_industry,downstream,Indian auto demand,,high,positive,0,120,"Consumer income, financing and fleet demand drive volumes.",inferred_from_industry,"NSE classification, annual-report source inventory and sector value-chain mapping",0.6,inferred
nifty_500_shariah,OLECTRA,Olectra Greentech Ltd.,OEM production and replacement market,customer_industry,downstream,OEM production and replacement market,,high,positive,0,180,OEM production schedules and replacement cycles affect revenue.,inferred_from_industry,"NSE classification, annual-report source inventory and sector value-chain mapping",0.6,inferred
nifty_50_shariah,ONGC,Oil & Natural Gas Corporation,oilfield services and drilling equipment,capital_equipment,upstream,oilfield services,,high,negative,30,365,Exploration and development capex depends on service availability.,inferred_from_industry,Annual Report 2024-25 cost/risk discussion and value-chain mapping,0.8,inferred
nifty_50_shariah,ONGC,Oil & Natural Gas Corporation,government licence and fiscal regime,regulation,upstream,government policy,,high,mixed,0,365,"Taxes, cess and pricing policy alter realised economics.",inferred_from_industry,Annual Report 2024-25 cost/risk discussion and value-chain mapping,0.8,inferred
nifty_50_shariah,ONGC,Oil & Natural Gas Corporation,Indian refining and gas distribution,customer_industry,downstream,Indian refining and gas distribution,,high,positive,0,90,Production volumes and realised prices drive revenue.,disclosed,Annual Report 2024-25 and industry value-chain mapping,0.82,inferred
nifty_50_shariah,ONGC,Oil & Natural Gas Corporation,petrochemical and industrial energy users,customer_industry,downstream,petrochemical and industrial energy users,,medium,positive,30,180,Industrial activity affects gas/product demand.,inferred_from_industry,Annual Report 2024-25 and industry value-chain mapping,0.55,inferred
nifty_500_shariah,PAGEIND,Page Industries Ltd.,"commodities, packaging and merchandise",raw_material,upstream,"agri, chemical, textile and packaging suppliers",,high,negative,0,90,Commodity and packaging inflation affects gross margin.,inferred_from_industry,"NSE classification, annual-report source inventory and sector value-chain mapping",0.6,inferred
nifty_500_shariah,PAGEIND,Page Industries Ltd.,"advertising, logistics and retail occupancy",other,upstream,"media, logistics and retail real estate",,medium,negative,0,120,Brand and channel costs influence operating margin.,inferred_from_industry,"NSE classification, annual-report source inventory and sector value-chain mapping",0.6,inferred
nifty_500_shariah,PAGEIND,Page Industries Ltd.,Indian household consumption,customer_industry,downstream,Indian household consumption,,high,positive,0,90,"Household income, pricing and distribution reach drive demand.",inferred_from_industry,"NSE classification, annual-report source inventory and sector value-chain mapping",0.6,inferred
nifty_500_shariah,PAGEIND,Page Industries Ltd.,retail and e-commerce channels,customer_industry,downstream,retail and e-commerce channels,,medium,positive,0,120,Channel expansion and inventory availability support revenue.,inferred_from_industry,"NSE classification, annual-report source inventory and sector value-chain mapping",0.6,inferred
nifty_500_shariah,PATANJALI,Patanjali Foods Ltd.,"commodities, packaging and merchandise",raw_material,upstream,"agri, chemical, textile and packaging suppliers",,high,negative,0,90,Commodity and packaging inflation affects gross margin.,inferred_from_industry,"NSE classification, annual-report source inventory and sector value-chain mapping",0.6,inferred
nifty_500_shariah,PATANJALI,Patanjali Foods Ltd.,"advertising, logistics and retail occupancy",other,upstream,"media, logistics and retail real estate",,medium,negative,0,120,Brand and channel costs influence operating margin.,inferred_from_industry,"NSE classification, annual-report source inventory and sector value-chain mapping",0.6,inferred
nifty_500_shariah,PATANJALI,Patanjali Foods Ltd.,Indian household consumption,customer_industry,downstream,Indian household consumption,,high,positive,0,90,"Household income, pricing and distribution reach drive demand.",inferred_from_industry,"NSE classification, annual-report source inventory and sector value-chain mapping",0.6,inferred
nifty_500_shariah,PATANJALI,Patanjali Foods Ltd.,retail and e-commerce channels,customer_industry,downstream,retail and e-commerce channels,,medium,positive,0,120,Channel expansion and inventory availability support revenue.,inferred_from_industry,"NSE classification, annual-report source inventory and sector value-chain mapping",0.6,inferred
nifty_500_shariah,PERSISTENT,Persistent Systems Ltd.,skilled technology labor,labour,upstream,IT talent market,,high,negative,0,90,"Wage inflation, utilisation and attrition affect margins.",inferred_from_industry,"NSE classification, annual-report source inventory and sector value-chain mapping",0.6,inferred
nifty_500_shariah,PERSISTENT,Persistent Systems Ltd.,cloud and software ecosystems,software,upstream,cloud and enterprise software,,medium,mixed,0,180,Partner ecosystems shape delivery capability and demand.,inferred_from_industry,"NSE classification, annual-report source inventory and sector value-chain mapping",0.6,inferred
nifty_500_shariah,PERSISTENT,Persistent Systems Ltd.,global enterprise IT,customer_industry,downstream,global enterprise IT,,high,positive,0,180,Enterprise technology budgets and deal ramp-ups drive revenue.,inferred_from_industry,"NSE classification, annual-report source inventory and sector value-chain mapping",0.6,inferred
nifty_500_shariah,PERSISTENT,Persistent Systems Ltd.,industry technology buyers,customer_industry,downstream,industry technology buyers,,medium,positive,0,180,Customer capex and transformation programs influence project conversion.,inferred_from_industry,"NSE classification, annual-report source inventory and sector value-chain mapping",0.6,inferred
nifty_500_shariah,PETRONET,Petronet LNG Ltd.,"fuel, gas, crude-linked inputs and power",energy,upstream,energy and commodities,,high,negative,0,90,Commodity prices and supply availability affect spreads and margins.,inferred_from_industry,"NSE classification, annual-report source inventory and sector value-chain mapping",0.6,inferred
nifty_500_shariah,PETRONET,Petronet LNG Ltd.,regulatory tariffs and licenses,regulation,upstream,energy regulators,,high,mixed,0,365,"Tariffs, licenses and policy changes influence returns.",inferred_from_industry,"NSE classification, annual-report source inventory and sector value-chain mapping",0.6,inferred
nifty_500_shariah,PETRONET,Petronet LNG Ltd.,industrial and commercial energy demand,customer_industry,downstream,industrial and commercial energy demand,,high,positive,0,120,Industrial activity and urban demand support offtake.,inferred_from_industry,"NSE classification, annual-report source inventory and sector value-chain mapping",0.6,inferred
nifty_500_shariah,PETRONET,Petronet LNG Ltd.,regulated retail users,customer_industry,downstream,regulated retail users,,medium,positive,0,120,Retail demand and tariff regulation affect revenue.,inferred_from_industry,"NSE classification, annual-report source inventory and sector value-chain mapping",0.6,inferred
nifty_500_shariah,PGEL,PG Electroplast Ltd.,"commodities, packaging and merchandise",raw_material,upstream,"agri, chemical, textile and packaging suppliers",,high,negative,0,90,Commodity and packaging inflation affects gross margin.,inferred_from_industry,"NSE classification, annual-report source inventory and sector value-chain mapping",0.6,inferred
nifty_500_shariah,PGEL,PG Electroplast Ltd.,"advertising, logistics and retail occupancy",other,upstream,"media, logistics and retail real estate",,medium,negative,0,120,Brand and channel costs influence operating margin.,inferred_from_industry,"NSE classification, annual-report source inventory and sector value-chain mapping",0.6,inferred
nifty_500_shariah,PGEL,PG Electroplast Ltd.,Indian household consumption,customer_industry,downstream,Indian household consumption,,high,positive,0,90,"Household income, pricing and distribution reach drive demand.",inferred_from_industry,"NSE classification, annual-report source inventory and sector value-chain mapping",0.6,inferred
nifty_500_shariah,PGEL,PG Electroplast Ltd.,retail and e-commerce channels,customer_industry,downstream,retail and e-commerce channels,,medium,positive,0,120,Channel expansion and inventory availability support revenue.,inferred_from_industry,"NSE classification, annual-report source inventory and sector value-chain mapping",0.6,inferred
nifty_500_shariah,PIDILITIND,Pidilite Industries Ltd.,"petrochemical feedstocks, solvents and energy",raw_material,upstream,petrochemicals and energy,,high,negative,0,90,Feedstock and energy inflation affects gross margins.,inferred_from_industry,"NSE classification, annual-report source inventory and sector value-chain mapping",0.6,inferred
nifty_500_shariah,PIDILITIND,Pidilite Industries Ltd.,environmental and product approvals,regulation,upstream,chemical regulators,,high,mixed,0,365,Approvals and environmental compliance shape operating continuity.,inferred_from_industry,"NSE classification, annual-report source inventory and sector value-chain mapping",0.6,inferred
nifty_500_shariah,PIDILITIND,Pidilite Industries Ltd.,industrial manufacturing,customer_industry,downstream,industrial manufacturing,,high,positive,0,120,Industrial production drives chemical demand.,inferred_from_industry,"NSE classification, annual-report source inventory and sector value-chain mapping",0.6,inferred
nifty_500_shariah,PIDILITIND,Pidilite Industries Ltd.,agriculture and regulated end-markets,customer_industry,downstream,agriculture and regulated end-markets,,medium,positive,0,180,Seasonal and regulated demand affects volumes and mix.,inferred_from_industry,"NSE classification, annual-report source inventory and sector value-chain mapping",0.6,inferred
nifty_500_shariah,POLYCAB,Polycab India Ltd.,"steel, copper, electronics and bought-out components",raw_material,upstream,metals and electrical components,,high,negative,0,180,Input cost inflation can affect project margins.,inferred_from_industry,"NSE classification, annual-report source inventory and sector value-chain mapping",0.6,inferred
nifty_500_shariah,POLYCAB,Polycab India Ltd.,project execution labor and subcontractors,labour,upstream,engineering and construction services,,medium,negative,0,180,Execution availability and cost influence delivery timelines.,inferred_from_industry,"NSE classification, annual-report source inventory and sector value-chain mapping",0.6,inferred
nifty_500_shariah,POLYCAB,Polycab India Ltd.,industrial and infrastructure capex,customer_industry,downstream,industrial and infrastructure capex,,high,positive,0,365,Private and public capex drives orders and execution.,inferred_from_industry,"NSE classification, annual-report source inventory and sector value-chain mapping",0.6,inferred
nifty_500_shariah,POLYCAB,Polycab India Ltd.,government and regulated utilities,customer_industry,downstream,government and regulated utilities,,medium,positive,0,365,Tender awards and utility capex influence order inflow.,inferred_from_industry,"NSE classification, annual-report source inventory and sector value-chain mapping",0.6,inferred
nifty_500_shariah,POWERINDIA,Hitachi Energy India Ltd.,"steel, copper, electronics and bought-out components",raw_material,upstream,metals and electrical components,,high,negative,0,180,Input cost inflation can affect project margins.,inferred_from_industry,"NSE classification, annual-report source inventory and sector value-chain mapping",0.6,inferred
nifty_500_shariah,POWERINDIA,Hitachi Energy India Ltd.,project execution labor and subcontractors,labour,upstream,engineering and construction services,,medium,negative,0,180,Execution availability and cost influence delivery timelines.,inferred_from_industry,"NSE classification, annual-report source inventory and sector value-chain mapping",0.6,inferred
nifty_500_shariah,POWERINDIA,Hitachi Energy India Ltd.,industrial and infrastructure capex,customer_industry,downstream,industrial and infrastructure capex,,high,positive,0,365,Private and public capex drives orders and execution.,inferred_from_industry,"NSE classification, annual-report source inventory and sector value-chain mapping",0.6,inferred
nifty_500_shariah,POWERINDIA,Hitachi Energy India Ltd.,government and regulated utilities,customer_industry,downstream,government and regulated utilities,,medium,positive,0,365,Tender awards and utility capex influence order inflow.,inferred_from_industry,"NSE classification, annual-report source inventory and sector value-chain mapping",0.6,inferred
nifty_500_shariah,RAILTEL,RailTel Corporation of India Ltd.,"raw materials, energy and logistics",raw_material,upstream,industrial suppliers and logistics,,medium,negative,0,120,Input and freight costs influence margins.,inferred_from_industry,"NSE classification, annual-report source inventory and sector value-chain mapping",0.6,inferred
nifty_500_shariah,RAILTEL,RailTel Corporation of India Ltd.,skilled labor and services,labour,upstream,labor and service providers,,medium,negative,0,120,Labor and service availability affects execution and cost.,inferred_from_industry,"NSE classification, annual-report source inventory and sector value-chain mapping",0.6,inferred
nifty_500_shariah,RAILTEL,RailTel Corporation of India Ltd.,industry end-market demand,customer_industry,downstream,industry end-market demand,,high,positive,0,180,End-market demand and utilisation drive revenue.,inferred_from_industry,"NSE classification, annual-report source inventory and sector value-chain mapping",0.6,inferred
nifty_500_shariah,RAILTEL,RailTel Corporation of India Ltd.,channel or institutional customers,customer_industry,downstream,channel or institutional customers,,medium,positive,0,180,"Distribution, tender or institutional demand affects volumes.",inferred_from_industry,"NSE classification, annual-report source inventory and sector value-chain mapping",0.6,inferred
nifty_500_shariah,REDINGTON,Redington Ltd.,"raw materials, energy and logistics",raw_material,upstream,industrial suppliers and logistics,,medium,negative,0,120,Input and freight costs influence margins.,inferred_from_industry,"NSE classification, annual-report source inventory and sector value-chain mapping",0.6,inferred
nifty_500_shariah,REDINGTON,Redington Ltd.,skilled labor and services,labour,upstream,labor and service providers,,medium,negative,0,120,Labor and service availability affects execution and cost.,inferred_from_industry,"NSE classification, annual-report source inventory and sector value-chain mapping",0.6,inferred
nifty_500_shariah,REDINGTON,Redington Ltd.,industry end-market demand,customer_industry,downstream,industry end-market demand,,high,positive,0,180,End-market demand and utilisation drive revenue.,inferred_from_industry,"NSE classification, annual-report source inventory and sector value-chain mapping",0.6,inferred
nifty_500_shariah,REDINGTON,Redington Ltd.,channel or institutional customers,customer_industry,downstream,channel or institutional customers,,medium,positive,0,180,"Distribution, tender or institutional demand affects volumes.",inferred_from_industry,"NSE classification, annual-report source inventory and sector value-chain mapping",0.6,inferred
nifty_500_shariah,RHIM,RHI Magnesita India Ltd.,"steel, copper, electronics and bought-out components",raw_material,upstream,metals and electrical components,,high,negative,0,180,Input cost inflation can affect project margins.,inferred_from_industry,"NSE classification, annual-report source inventory and sector value-chain mapping",0.6,inferred
nifty_500_shariah,RHIM,RHI Magnesita India Ltd.,project execution labor and subcontractors,labour,upstream,engineering and construction services,,medium,negative,0,180,Execution availability and cost influence delivery timelines.,inferred_from_industry,"NSE classification, annual-report source inventory and sector value-chain mapping",0.6,inferred
nifty_500_shariah,RHIM,RHI Magnesita India Ltd.,industrial and infrastructure capex,customer_industry,downstream,industrial and infrastructure capex,,high,positive,0,365,Private and public capex drives orders and execution.,inferred_from_industry,"NSE classification, annual-report source inventory and sector value-chain mapping",0.6,inferred
nifty_500_shariah,RHIM,RHI Magnesita India Ltd.,government and regulated utilities,customer_industry,downstream,government and regulated utilities,,medium,positive,0,365,Tender awards and utility capex influence order inflow.,inferred_from_industry,"NSE classification, annual-report source inventory and sector value-chain mapping",0.6,inferred
nifty_500_shariah,RRKABEL,R R Kabel Ltd.,"steel, copper, electronics and bought-out components",raw_material,upstream,metals and electrical components,,high,negative,0,180,Input cost inflation can affect project margins.,inferred_from_industry,"NSE classification, annual-report source inventory and sector value-chain mapping",0.6,inferred
nifty_500_shariah,RRKABEL,R R Kabel Ltd.,project execution labor and subcontractors,labour,upstream,engineering and construction services,,medium,negative,0,180,Execution availability and cost influence delivery timelines.,inferred_from_industry,"NSE classification, annual-report source inventory and sector value-chain mapping",0.6,inferred
nifty_500_shariah,RRKABEL,R R Kabel Ltd.,industrial and infrastructure capex,customer_industry,downstream,industrial and infrastructure capex,,high,positive,0,365,Private and public capex drives orders and execution.,inferred_from_industry,"NSE classification, annual-report source inventory and sector value-chain mapping",0.6,inferred
nifty_500_shariah,RRKABEL,R R Kabel Ltd.,government and regulated utilities,customer_industry,downstream,government and regulated utilities,,medium,positive,0,365,Tender awards and utility capex influence order inflow.,inferred_from_industry,"NSE classification, annual-report source inventory and sector value-chain mapping",0.6,inferred
nifty_500_shariah,RVNL,Rail Vikas Nigam Ltd.,"steel, copper, electronics and bought-out components",raw_material,upstream,metals and electrical components,,high,negative,0,180,Input cost inflation can affect project margins.,inferred_from_industry,"NSE classification, annual-report source inventory and sector value-chain mapping",0.6,inferred
nifty_500_shariah,RVNL,Rail Vikas Nigam Ltd.,project execution labor and subcontractors,labour,upstream,engineering and construction services,,medium,negative,0,180,Execution availability and cost influence delivery timelines.,inferred_from_industry,"NSE classification, annual-report source inventory and sector value-chain mapping",0.6,inferred
nifty_500_shariah,RVNL,Rail Vikas Nigam Ltd.,industrial and infrastructure capex,customer_industry,downstream,industrial and infrastructure capex,,high,positive,0,365,Private and public capex drives orders and execution.,inferred_from_industry,"NSE classification, annual-report source inventory and sector value-chain mapping",0.6,inferred
nifty_500_shariah,RVNL,Rail Vikas Nigam Ltd.,government and regulated utilities,customer_industry,downstream,government and regulated utilities,,medium,positive,0,365,Tender awards and utility capex influence order inflow.,inferred_from_industry,"NSE classification, annual-report source inventory and sector value-chain mapping",0.6,inferred
nifty_500_shariah,SAGILITY,Sagility Ltd.,skilled technology labor,labour,upstream,IT talent market,,high,negative,0,90,"Wage inflation, utilisation and attrition affect margins.",inferred_from_industry,"NSE classification, annual-report source inventory and sector value-chain mapping",0.6,inferred
nifty_500_shariah,SAGILITY,Sagility Ltd.,cloud and software ecosystems,software,upstream,cloud and enterprise software,,medium,mixed,0,180,Partner ecosystems shape delivery capability and demand.,inferred_from_industry,"NSE classification, annual-report source inventory and sector value-chain mapping",0.6,inferred
nifty_500_shariah,SAGILITY,Sagility Ltd.,global enterprise IT,customer_industry,downstream,global enterprise IT,,high,positive,0,180,Enterprise technology budgets and deal ramp-ups drive revenue.,inferred_from_industry,"NSE classification, annual-report source inventory and sector value-chain mapping",0.6,inferred
nifty_500_shariah,SAGILITY,Sagility Ltd.,industry technology buyers,customer_industry,downstream,industry technology buyers,,medium,positive,0,180,Customer capex and transformation programs influence project conversion.,inferred_from_industry,"NSE classification, annual-report source inventory and sector value-chain mapping",0.6,inferred
nifty_500_shariah,SAIL,Steel Authority of India (SAIL) Ltd.,"ore, coal, power and freight",raw_material,upstream,"mining, energy and logistics",,high,negative,0,120,Input and energy costs affect spreads.,inferred_from_industry,"NSE classification, annual-report source inventory and sector value-chain mapping",0.6,inferred
nifty_500_shariah,SAIL,Steel Authority of India (SAIL) Ltd.,environmental and mining regulation,regulation,upstream,mining and environmental regulators,,high,mixed,0,365,Regulatory approvals affect capacity and continuity.,inferred_from_industry,"NSE classification, annual-report source inventory and sector value-chain mapping",0.6,inferred
nifty_500_shariah,SAIL,Steel Authority of India (SAIL) Ltd.,construction and infrastructure,customer_industry,downstream,construction and infrastructure,,high,positive,0,180,Infrastructure and building activity support metal demand.,inferred_from_industry,"NSE classification, annual-report source inventory and sector value-chain mapping",0.6,inferred
nifty_500_shariah,SAIL,Steel Authority of India (SAIL) Ltd.,industrial manufacturing,customer_industry,downstream,industrial manufacturing,,high,positive,0,180,Manufacturing cycles influence metal volumes and pricing.,inferred_from_industry,"NSE classification, annual-report source inventory and sector value-chain mapping",0.6,inferred
nifty_500_shariah,SAILIFE,Sai Life Science Ltd.,"APIs, KSMs, medical supplies and consumables",raw_material,upstream,pharma intermediates and healthcare supplies,,high,negative,0,120,Input availability and compliance influence margins and supply reliability.,inferred_from_industry,"NSE classification, annual-report source inventory and sector value-chain mapping",0.6,inferred
nifty_500_shariah,SAILIFE,Sai Life Science Ltd.,regulatory approvals and quality systems,regulation,upstream,healthcare regulators,,high,mixed,0,365,Approvals enable launches and capacity use; observations can disrupt supply.,inferred_from_industry,"NSE classification, annual-report source inventory and sector value-chain mapping",0.6,inferred
nifty_500_shariah,SAILIFE,Sai Life Science Ltd.,domestic healthcare demand,customer_industry,downstream,domestic healthcare demand,,high,positive,0,120,"Healthcare access, prescriptions and patient volumes support revenue.",inferred_from_industry,"NSE classification, annual-report source inventory and sector value-chain mapping",0.6,inferred
nifty_500_shariah,SAILIFE,Sai Life Science Ltd.,regulated export or institutional markets,customer_industry,downstream,regulated export or institutional markets,,medium,mixed,0,180,Approvals and tender flows can lift revenue while pricing pressure can offset volume.,inferred_from_industry,"NSE classification, annual-report source inventory and sector value-chain mapping",0.6,inferred
nifty_500_shariah,SCHAEFFLER,Schaeffler India Ltd.,"steel, aluminium, rubber and components",raw_material,upstream,"metals, rubber and auto components",,high,negative,0,120,Commodity and component costs affect gross margin.,inferred_from_industry,"NSE classification, annual-report source inventory and sector value-chain mapping",0.6,inferred
nifty_500_shariah,SCHAEFFLER,Schaeffler India Ltd.,electronics and logistics,component,upstream,electronics and logistics,,medium,negative,0,180,Supply availability affects production continuity.,inferred_from_industry,"NSE classification, annual-report source inventory and sector value-chain mapping",0.6,inferred
nifty_500_shariah,SCHAEFFLER,Schaeffler India Ltd.,Indian auto demand,customer_industry,downstream,Indian auto demand,,high,positive,0,120,"Consumer income, financing and fleet demand drive volumes.",inferred_from_industry,"NSE classification, annual-report source inventory and sector value-chain mapping",0.6,inferred
nifty_500_shariah,SCHAEFFLER,Schaeffler India Ltd.,OEM production and replacement market,customer_industry,downstream,OEM production and replacement market,,high,positive,0,180,OEM production schedules and replacement cycles affect revenue.,inferred_from_industry,"NSE classification, annual-report source inventory and sector value-chain mapping",0.6,inferred
nifty_500_shariah,SCI,Shipping Corporation of India Ltd.,"raw materials, energy and logistics",raw_material,upstream,industrial suppliers and logistics,,medium,negative,0,120,Input and freight costs influence margins.,inferred_from_industry,"NSE classification, annual-report source inventory and sector value-chain mapping",0.6,inferred
nifty_500_shariah,SCI,Shipping Corporation of India Ltd.,skilled labor and services,labour,upstream,labor and service providers,,medium,negative,0,120,Labor and service availability affects execution and cost.,inferred_from_industry,"NSE classification, annual-report source inventory and sector value-chain mapping",0.6,inferred
nifty_500_shariah,SCI,Shipping Corporation of India Ltd.,industry end-market demand,customer_industry,downstream,industry end-market demand,,high,positive,0,180,End-market demand and utilisation drive revenue.,inferred_from_industry,"NSE classification, annual-report source inventory and sector value-chain mapping",0.6,inferred
nifty_500_shariah,SCI,Shipping Corporation of India Ltd.,channel or institutional customers,customer_industry,downstream,channel or institutional customers,,medium,positive,0,180,"Distribution, tender or institutional demand affects volumes.",inferred_from_industry,"NSE classification, annual-report source inventory and sector value-chain mapping",0.6,inferred
nifty_500_shariah,SHYAMMETL,Shyam Metalics and Energy Ltd.,"steel, copper, electronics and bought-out components",raw_material,upstream,metals and electrical components,,high,negative,0,180,Input cost inflation can affect project margins.,inferred_from_industry,"NSE classification, annual-report source inventory and sector value-chain mapping",0.6,inferred
nifty_500_shariah,SHYAMMETL,Shyam Metalics and Energy Ltd.,project execution labor and subcontractors,labour,upstream,engineering and construction services,,medium,negative,0,180,Execution availability and cost influence delivery timelines.,inferred_from_industry,"NSE classification, annual-report source inventory and sector value-chain mapping",0.6,inferred
nifty_500_shariah,SHYAMMETL,Shyam Metalics and Energy Ltd.,industrial and infrastructure capex,customer_industry,downstream,industrial and infrastructure capex,,high,positive,0,365,Private and public capex drives orders and execution.,inferred_from_industry,"NSE classification, annual-report source inventory and sector value-chain mapping",0.6,inferred
nifty_500_shariah,SHYAMMETL,Shyam Metalics and Energy Ltd.,government and regulated utilities,customer_industry,downstream,government and regulated utilities,,medium,positive,0,365,Tender awards and utility capex influence order inflow.,inferred_from_industry,"NSE classification, annual-report source inventory and sector value-chain mapping",0.6,inferred
ind_nifty500,SOBHA,Sobha Ltd.,"commodities, packaging and merchandise",raw_material,upstream,"agri, chemical, textile and packaging suppliers",,high,negative,0,90,Commodity and packaging inflation affects gross margin.,inferred_from_industry,"NSE classification, annual-report source inventory and sector value-chain mapping",0.6,inferred
ind_nifty500,SOBHA,Sobha Ltd.,"advertising, logistics and retail occupancy",other,upstream,"media, logistics and retail real estate",,medium,negative,0,120,Brand and channel costs influence operating margin.,inferred_from_industry,"NSE classification, annual-report source inventory and sector value-chain mapping",0.6,inferred
ind_nifty500,SOBHA,Sobha Ltd.,Indian household consumption,customer_industry,downstream,Indian household consumption,,high,positive,0,90,"Household income, pricing and distribution reach drive demand.",inferred_from_industry,"NSE classification, annual-report source inventory and sector value-chain mapping",0.6,inferred
ind_nifty500,SOBHA,Sobha Ltd.,retail and e-commerce channels,customer_industry,downstream,retail and e-commerce channels,,medium,positive,0,120,Channel expansion and inventory availability support revenue.,inferred_from_industry,"NSE classification, annual-report source inventory and sector value-chain mapping",0.6,inferred
ind_nifty500,SONATSOFTW,Sonata Software Ltd.,skilled technology labor,labour,upstream,IT talent market,,high,negative,0,90,"Wage inflation, utilisation and attrition affect margins.",inferred_from_industry,"NSE classification, annual-report source inventory and sector value-chain mapping",0.6,inferred
ind_nifty500,SONATSOFTW,Sonata Software Ltd.,cloud and software ecosystems,software,upstream,cloud and enterprise software,,medium,mixed,0,180,Partner ecosystems shape delivery capability and demand.,inferred_from_industry,"NSE classification, annual-report source inventory and sector value-chain mapping",0.6,inferred
ind_nifty500,SONATSOFTW,Sonata Software Ltd.,global enterprise IT,customer_industry,downstream,global enterprise IT,,high,positive,0,180,Enterprise technology budgets and deal ramp-ups drive revenue.,inferred_from_industry,"NSE classification, annual-report source inventory and sector value-chain mapping",0.6,inferred
ind_nifty500,SONATSOFTW,Sonata Software Ltd.,industry technology buyers,customer_industry,downstream,industry technology buyers,,medium,positive,0,180,Customer capex and transformation programs influence project conversion.,inferred_from_industry,"NSE classification, annual-report source inventory and sector value-chain mapping",0.6,inferred
nifty_500_shariah,SPLPETRO,Supreme Petrochem Ltd.,"petrochemical feedstocks, solvents and energy",raw_material,upstream,petrochemicals and energy,,high,negative,0,90,Feedstock and energy inflation affects gross margins.,inferred_from_industry,"NSE classification, annual-report source inventory and sector value-chain mapping",0.6,inferred
nifty_500_shariah,SPLPETRO,Supreme Petrochem Ltd.,environmental and product approvals,regulation,upstream,chemical regulators,,high,mixed,0,365,Approvals and environmental compliance shape operating continuity.,inferred_from_industry,"NSE classification, annual-report source inventory and sector value-chain mapping",0.6,inferred
nifty_500_shariah,SPLPETRO,Supreme Petrochem Ltd.,industrial manufacturing,customer_industry,downstream,industrial manufacturing,,high,positive,0,120,Industrial production drives chemical demand.,inferred_from_industry,"NSE classification, annual-report source inventory and sector value-chain mapping",0.6,inferred
nifty_500_shariah,SPLPETRO,Supreme Petrochem Ltd.,agriculture and regulated end-markets,customer_industry,downstream,agriculture and regulated end-markets,,medium,positive,0,180,Seasonal and regulated demand affects volumes and mix.,inferred_from_industry,"NSE classification, annual-report source inventory and sector value-chain mapping",0.6,inferred
ind_nifty500,SRF,SRF Ltd.,"petrochemical feedstocks, solvents and energy",raw_material,upstream,petrochemicals and energy,,high,negative,0,90,Feedstock and energy inflation affects gross margins.,inferred_from_industry,"NSE classification, annual-report source inventory and sector value-chain mapping",0.6,inferred
ind_nifty500,SRF,SRF Ltd.,environmental and product approvals,regulation,upstream,chemical regulators,,high,mixed,0,365,Approvals and environmental compliance shape operating continuity.,inferred_from_industry,"NSE classification, annual-report source inventory and sector value-chain mapping",0.6,inferred
ind_nifty500,SRF,SRF Ltd.,industrial manufacturing,customer_industry,downstream,industrial manufacturing,,high,positive,0,120,Industrial production drives chemical demand.,inferred_from_industry,"NSE classification, annual-report source inventory and sector value-chain mapping",0.6,inferred
ind_nifty500,SRF,SRF Ltd.,agriculture and regulated end-markets,customer_industry,downstream,agriculture and regulated end-markets,,medium,positive,0,180,Seasonal and regulated demand affects volumes and mix.,inferred_from_industry,"NSE classification, annual-report source inventory and sector value-chain mapping",0.6,inferred
nifty_50_shariah,SUNPHARMA,SUN PHARMACEUTICAL INDUSTRIES LTD.,"APIs, KSMs and excipients",raw_material,upstream,pharma intermediates,,high,negative,0,120,Input cost and availability affect gross margin.,inferred_from_industry,Annual Report 2024-25 cost/risk discussion and value-chain mapping,0.8,inferred
nifty_50_shariah,SUNPHARMA,SUN PHARMACEUTICAL INDUSTRIES LTD.,regulatory approvals and compliance,regulation,upstream,global healthcare regulators,,high,mixed,0,365,"Approvals, inspections and compliance affect launches and supply.",inferred_from_industry,Annual Report 2024-25 cost/risk discussion and value-chain mapping,0.8,inferred
nifty_50_shariah,SUNPHARMA,SUN PHARMACEUTICAL INDUSTRIES LTD.,India prescription pharma,customer_industry,downstream,India prescription pharma,,high,positive,0,120,Prescription growth and field force execution drive domestic sales.,disclosed,Annual Report 2024-25 and industry value-chain mapping,0.82,inferred
nifty_50_shariah,SUNPHARMA,SUN PHARMACEUTICAL INDUSTRIES LTD.,US specialty/generic market,customer_industry,downstream,US specialty/generic market,,high,mixed,30,180,Specialty launches support growth while generic pricing can pressure revenue.,disclosed,Annual Report 2024-25 and industry value-chain mapping,0.82,inferred
nifty_500_shariah,SUPREMEIND,Supreme Industries Ltd.,"steel, copper, electronics and bought-out components",raw_material,upstream,metals and electrical components,,high,negative,0,180,Input cost inflation can affect project margins.,inferred_from_industry,"NSE classification, annual-report source inventory and sector value-chain mapping",0.6,inferred
nifty_500_shariah,SUPREMEIND,Supreme Industries Ltd.,project execution labor and subcontractors,labour,upstream,engineering and construction services,,medium,negative,0,180,Execution availability and cost influence delivery timelines.,inferred_from_industry,"NSE classification, annual-report source inventory and sector value-chain mapping",0.6,inferred
nifty_500_shariah,SUPREMEIND,Supreme Industries Ltd.,industrial and infrastructure capex,customer_industry,downstream,industrial and infrastructure capex,,high,positive,0,365,Private and public capex drives orders and execution.,inferred_from_industry,"NSE classification, annual-report source inventory and sector value-chain mapping",0.6,inferred
nifty_500_shariah,SUPREMEIND,Supreme Industries Ltd.,government and regulated utilities,customer_industry,downstream,government and regulated utilities,,medium,positive,0,365,Tender awards and utility capex influence order inflow.,inferred_from_industry,"NSE classification, annual-report source inventory and sector value-chain mapping",0.6,inferred
nifty_500_shariah,SUZLON,Suzlon Energy Ltd.,"steel, copper, electronics and bought-out components",raw_material,upstream,metals and electrical components,,high,negative,0,180,Input cost inflation can affect project margins.,inferred_from_industry,"NSE classification, annual-report source inventory and sector value-chain mapping",0.6,inferred
nifty_500_shariah,SUZLON,Suzlon Energy Ltd.,project execution labor and subcontractors,labour,upstream,engineering and construction services,,medium,negative,0,180,Execution availability and cost influence delivery timelines.,inferred_from_industry,"NSE classification, annual-report source inventory and sector value-chain mapping",0.6,inferred
nifty_500_shariah,SUZLON,Suzlon Energy Ltd.,industrial and infrastructure capex,customer_industry,downstream,industrial and infrastructure capex,,high,positive,0,365,Private and public capex drives orders and execution.,inferred_from_industry,"NSE classification, annual-report source inventory and sector value-chain mapping",0.6,inferred
nifty_500_shariah,SUZLON,Suzlon Energy Ltd.,government and regulated utilities,customer_industry,downstream,government and regulated utilities,,medium,positive,0,365,Tender awards and utility capex influence order inflow.,inferred_from_industry,"NSE classification, annual-report source inventory and sector value-chain mapping",0.6,inferred
nifty_500_shariah,SWANCORP,Swan Corp Ltd.,"petrochemical feedstocks, solvents and energy",raw_material,upstream,petrochemicals and energy,,high,negative,0,90,Feedstock and energy inflation affects gross margins.,inferred_from_industry,"NSE classification, annual-report source inventory and sector value-chain mapping",0.6,inferred
nifty_500_shariah,SWANCORP,Swan Corp Ltd.,environmental and product approvals,regulation,upstream,chemical regulators,,high,mixed,0,365,Approvals and environmental compliance shape operating continuity.,inferred_from_industry,"NSE classification, annual-report source inventory and sector value-chain mapping",0.6,inferred
nifty_500_shariah,SWANCORP,Swan Corp Ltd.,industrial manufacturing,customer_industry,downstream,industrial manufacturing,,high,positive,0,120,Industrial production drives chemical demand.,inferred_from_industry,"NSE classification, annual-report source inventory and sector value-chain mapping",0.6,inferred
nifty_500_shariah,SWANCORP,Swan Corp Ltd.,agriculture and regulated end-markets,customer_industry,downstream,agriculture and regulated end-markets,,medium,positive,0,180,Seasonal and regulated demand affects volumes and mix.,inferred_from_industry,"NSE classification, annual-report source inventory and sector value-chain mapping",0.6,inferred
nifty_500_shariah,SWIGGY,Swiggy Ltd.,"commodities, packaging and merchandise",raw_material,upstream,"agri, chemical, textile and packaging suppliers",,high,negative,0,90,Commodity and packaging inflation affects gross margin.,inferred_from_industry,"NSE classification, annual-report source inventory and sector value-chain mapping",0.6,inferred
nifty_500_shariah,SWIGGY,Swiggy Ltd.,"advertising, logistics and retail occupancy",other,upstream,"media, logistics and retail real estate",,medium,negative,0,120,Brand and channel costs influence operating margin.,inferred_from_industry,"NSE classification, annual-report source inventory and sector value-chain mapping",0.6,inferred
nifty_500_shariah,SWIGGY,Swiggy Ltd.,Indian household consumption,customer_industry,downstream,Indian household consumption,,high,positive,0,90,"Household income, pricing and distribution reach drive demand.",inferred_from_industry,"NSE classification, annual-report source inventory and sector value-chain mapping",0.6,inferred
nifty_500_shariah,SWIGGY,Swiggy Ltd.,retail and e-commerce channels,customer_industry,downstream,retail and e-commerce channels,,medium,positive,0,120,Channel expansion and inventory availability support revenue.,inferred_from_industry,"NSE classification, annual-report source inventory and sector value-chain mapping",0.6,inferred
nifty_500_shariah,SYNGENE,Syngene International Ltd.,"APIs, KSMs, medical supplies and consumables",raw_material,upstream,pharma intermediates and healthcare supplies,,high,negative,0,120,Input availability and compliance influence margins and supply reliability.,inferred_from_industry,"NSE classification, annual-report source inventory and sector value-chain mapping",0.6,inferred
nifty_500_shariah,SYNGENE,Syngene International Ltd.,regulatory approvals and quality systems,regulation,upstream,healthcare regulators,,high,mixed,0,365,Approvals enable launches and capacity use; observations can disrupt supply.,inferred_from_industry,"NSE classification, annual-report source inventory and sector value-chain mapping",0.6,inferred
nifty_500_shariah,SYNGENE,Syngene International Ltd.,domestic healthcare demand,customer_industry,downstream,domestic healthcare demand,,high,positive,0,120,"Healthcare access, prescriptions and patient volumes support revenue.",inferred_from_industry,"NSE classification, annual-report source inventory and sector value-chain mapping",0.6,inferred
nifty_500_shariah,SYNGENE,Syngene International Ltd.,regulated export or institutional markets,customer_industry,downstream,regulated export or institutional markets,,medium,mixed,0,180,Approvals and tender flows can lift revenue while pricing pressure can offset volume.,inferred_from_industry,"NSE classification, annual-report source inventory and sector value-chain mapping",0.6,inferred
nifty_500_shariah,SYRMA,Syrma SGS Technology Ltd.,skilled technology labor,labour,upstream,IT talent market,,high,negative,0,90,"Wage inflation, utilisation and attrition affect margins.",inferred_from_industry,"NSE classification, annual-report source inventory and sector value-chain mapping",0.6,inferred
nifty_500_shariah,SYRMA,Syrma SGS Technology Ltd.,cloud and software ecosystems,software,upstream,cloud and enterprise software,,medium,mixed,0,180,Partner ecosystems shape delivery capability and demand.,inferred_from_industry,"NSE classification, annual-report source inventory and sector value-chain mapping",0.6,inferred
nifty_500_shariah,SYRMA,Syrma SGS Technology Ltd.,global enterprise IT,customer_industry,downstream,global enterprise IT,,high,positive,0,180,Enterprise technology budgets and deal ramp-ups drive revenue.,inferred_from_industry,"NSE classification, annual-report source inventory and sector value-chain mapping",0.6,inferred
nifty_500_shariah,SYRMA,Syrma SGS Technology Ltd.,industry technology buyers,customer_industry,downstream,industry technology buyers,,medium,positive,0,180,Customer capex and transformation programs influence project conversion.,inferred_from_industry,"NSE classification, annual-report source inventory and sector value-chain mapping",0.6,inferred
nifty_500_shariah,TARIL,Transformers & Rectifiers (India) Ltd.,"steel, copper, electronics and bought-out components",raw_material,upstream,metals and electrical components,,high,negative,0,180,Input cost inflation can affect project margins.,inferred_from_industry,"NSE classification, annual-report source inventory and sector value-chain mapping",0.6,inferred
nifty_500_shariah,TARIL,Transformers & Rectifiers (India) Ltd.,project execution labor and subcontractors,labour,upstream,engineering and construction services,,medium,negative,0,180,Execution availability and cost influence delivery timelines.,inferred_from_industry,"NSE classification, annual-report source inventory and sector value-chain mapping",0.6,inferred
nifty_500_shariah,TARIL,Transformers & Rectifiers (India) Ltd.,industrial and infrastructure capex,customer_industry,downstream,industrial and infrastructure capex,,high,positive,0,365,Private and public capex drives orders and execution.,inferred_from_industry,"NSE classification, annual-report source inventory and sector value-chain mapping",0.6,inferred
nifty_500_shariah,TARIL,Transformers & Rectifiers (India) Ltd.,government and regulated utilities,customer_industry,downstream,government and regulated utilities,,medium,positive,0,365,Tender awards and utility capex influence order inflow.,inferred_from_industry,"NSE classification, annual-report source inventory and sector value-chain mapping",0.6,inferred
nifty_500_shariah,TATACHEM,Tata Chemicals Ltd.,"petrochemical feedstocks, solvents and energy",raw_material,upstream,petrochemicals and energy,,high,negative,0,90,Feedstock and energy inflation affects gross margins.,inferred_from_industry,"NSE classification, annual-report source inventory and sector value-chain mapping",0.6,inferred
nifty_500_shariah,TATACHEM,Tata Chemicals Ltd.,environmental and product approvals,regulation,upstream,chemical regulators,,high,mixed,0,365,Approvals and environmental compliance shape operating continuity.,inferred_from_industry,"NSE classification, annual-report source inventory and sector value-chain mapping",0.6,inferred
nifty_500_shariah,TATACHEM,Tata Chemicals Ltd.,industrial manufacturing,customer_industry,downstream,industrial manufacturing,,high,positive,0,120,Industrial production drives chemical demand.,inferred_from_industry,"NSE classification, annual-report source inventory and sector value-chain mapping",0.6,inferred
nifty_500_shariah,TATACHEM,Tata Chemicals Ltd.,agriculture and regulated end-markets,customer_industry,downstream,agriculture and regulated end-markets,,medium,positive,0,180,Seasonal and regulated demand affects volumes and mix.,inferred_from_industry,"NSE classification, annual-report source inventory and sector value-chain mapping",0.6,inferred
nifty_50_shariah,TATACONSUM,TATA CONSUMER PRODUCTS LTD,"tea, coffee, salt and agri staples",raw_material,upstream,agri commodities,,high,negative,0,120,Commodity cost and crop availability affect margins.,inferred_from_industry,Annual Report 2024-25 cost/risk discussion and value-chain mapping,0.8,inferred
nifty_50_shariah,TATACONSUM,TATA CONSUMER PRODUCTS LTD,packaging and logistics,logistics,upstream,packaging and transport,,high,negative,0,90,Distribution and packaging costs affect profitability.,inferred_from_industry,Annual Report 2024-25 cost/risk discussion and value-chain mapping,0.55,inferred
nifty_50_shariah,TATACONSUM,TATA CONSUMER PRODUCTS LTD,Indian household consumption,customer_industry,downstream,Indian household consumption,,high,positive,0,120,Household consumption and distribution expansion drive volumes.,disclosed,Annual Report 2024-25 and industry value-chain mapping,0.82,inferred
nifty_50_shariah,TATACONSUM,TATA CONSUMER PRODUCTS LTD,urban food service,customer_industry,downstream,urban food service,,medium,positive,30,180,Out-of-home consumption supports JV/food-service growth.,inferred_from_industry,Annual Report 2024-25 and industry value-chain mapping,0.55,inferred
nifty_500_shariah,TATATECH,Tata Technologies Ltd.,skilled technology labor,labour,upstream,IT talent market,,high,negative,0,90,"Wage inflation, utilisation and attrition affect margins.",inferred_from_industry,"NSE classification, annual-report source inventory and sector value-chain mapping",0.6,inferred
nifty_500_shariah,TATATECH,Tata Technologies Ltd.,cloud and software ecosystems,software,upstream,cloud and enterprise software,,medium,mixed,0,180,Partner ecosystems shape delivery capability and demand.,inferred_from_industry,"NSE classification, annual-report source inventory and sector value-chain mapping",0.6,inferred
nifty_500_shariah,TATATECH,Tata Technologies Ltd.,global enterprise IT,customer_industry,downstream,global enterprise IT,,high,positive,0,180,Enterprise technology budgets and deal ramp-ups drive revenue.,inferred_from_industry,"NSE classification, annual-report source inventory and sector value-chain mapping",0.6,inferred
nifty_500_shariah,TATATECH,Tata Technologies Ltd.,industry technology buyers,customer_industry,downstream,industry technology buyers,,medium,positive,0,180,Customer capex and transformation programs influence project conversion.,inferred_from_industry,"NSE classification, annual-report source inventory and sector value-chain mapping",0.6,inferred
nifty_500_shariah,TBOTEK,TBO Tek Ltd.,"commodities, packaging and merchandise",raw_material,upstream,"agri, chemical, textile and packaging suppliers",,high,negative,0,90,Commodity and packaging inflation affects gross margin.,inferred_from_industry,"NSE classification, annual-report source inventory and sector value-chain mapping",0.6,inferred
nifty_500_shariah,TBOTEK,TBO Tek Ltd.,"advertising, logistics and retail occupancy",other,upstream,"media, logistics and retail real estate",,medium,negative,0,120,Brand and channel costs influence operating margin.,inferred_from_industry,"NSE classification, annual-report source inventory and sector value-chain mapping",0.6,inferred
nifty_500_shariah,TBOTEK,TBO Tek Ltd.,Indian household consumption,customer_industry,downstream,Indian household consumption,,high,positive,0,90,"Household income, pricing and distribution reach drive demand.",inferred_from_industry,"NSE classification, annual-report source inventory and sector value-chain mapping",0.6,inferred
nifty_500_shariah,TBOTEK,TBO Tek Ltd.,retail and e-commerce channels,customer_industry,downstream,retail and e-commerce channels,,medium,positive,0,120,Channel expansion and inventory availability support revenue.,inferred_from_industry,"NSE classification, annual-report source inventory and sector value-chain mapping",0.6,inferred
nifty_50_shariah,TCS,TATA CONSULTANCY SERVICES LTD.,skilled technology workforce,labour,upstream,IT talent market,,high,negative,0,90,"Utilisation, wage inflation and attrition affect margins.",inferred_from_industry,Annual Report 2024-25 cost/risk discussion and value-chain mapping,0.8,inferred
nifty_50_shariah,TCS,TATA CONSULTANCY SERVICES LTD.,cloud and enterprise software partners,software,upstream,technology platforms,,high,mixed,30,180,Partner ecosystems support delivery.,inferred_from_industry,Annual Report 2024-25 cost/risk discussion and value-chain mapping,0.55,inferred
nifty_50_shariah,TCS,TATA CONSULTANCY SERVICES LTD.,global enterprise IT budgets,customer_industry,downstream,global enterprise IT budgets,,high,positive,30,180,Large deals and tech budgets drive growth.,disclosed,Annual Report 2024-25 and industry value-chain mapping,0.82,inferred
nifty_50_shariah,TCS,TATA CONSULTANCY SERVICES LTD.,BFSI technology spending,customer_industry,downstream,BFSI technology spending,,high,positive,30,180,BFSI is a major demand vertical.,disclosed,Annual Report 2024-25 and industry value-chain mapping,0.82,inferred
nifty_50_shariah,TECHM,TECH MAHINDRA LTD.,skilled technology labor,labour,upstream,IT talent market,,high,negative,0,90,Wage and utilisation affect margins.,inferred_from_industry,Annual Report 2024-25 cost/risk discussion and value-chain mapping,0.8,inferred
nifty_50_shariah,TECHM,TECH MAHINDRA LTD.,telecom/cloud technology platforms,software,upstream,telecom and cloud ecosystem,,high,mixed,30,180,Platform capability affects deal execution.,inferred_from_industry,Annual Report 2024-25 cost/risk discussion and value-chain mapping,0.55,inferred
nifty_50_shariah,TECHM,TECH MAHINDRA LTD.,telecom operators,customer_industry,downstream,telecom operators,,high,positive,30,180,Telecom capex and IT modernization drive communication vertical.,disclosed,Annual Report 2024-25 and industry value-chain mapping,0.82,inferred
nifty_50_shariah,TECHM,TECH MAHINDRA LTD.,global enterprise IT,customer_industry,downstream,global enterprise IT,,high,positive,30,180,Enterprise tech budgets drive non-telecom revenue.,disclosed,Annual Report 2024-25 and industry value-chain mapping,0.82,inferred
nifty_500_shariah,TEGA,Tega Industries Ltd.,"steel, copper, electronics and bought-out components",raw_material,upstream,metals and electrical components,,high,negative,0,180,Input cost inflation can affect project margins.,inferred_from_industry,"NSE classification, annual-report source inventory and sector value-chain mapping",0.6,inferred
nifty_500_shariah,TEGA,Tega Industries Ltd.,project execution labor and subcontractors,labour,upstream,engineering and construction services,,medium,negative,0,180,Execution availability and cost influence delivery timelines.,inferred_from_industry,"NSE classification, annual-report source inventory and sector value-chain mapping",0.6,inferred
nifty_500_shariah,TEGA,Tega Industries Ltd.,industrial and infrastructure capex,customer_industry,downstream,industrial and infrastructure capex,,high,positive,0,365,Private and public capex drives orders and execution.,inferred_from_industry,"NSE classification, annual-report source inventory and sector value-chain mapping",0.6,inferred
nifty_500_shariah,TEGA,Tega Industries Ltd.,government and regulated utilities,customer_industry,downstream,government and regulated utilities,,medium,positive,0,365,Tender awards and utility capex influence order inflow.,inferred_from_industry,"NSE classification, annual-report source inventory and sector value-chain mapping",0.6,inferred
nifty_500_shariah,TENNIND,Tenneco Clean Air India Ltd.,"steel, aluminium, rubber and components",raw_material,upstream,"metals, rubber and auto components",,high,negative,0,120,Commodity and component costs affect gross margin.,inferred_from_industry,"NSE classification, annual-report source inventory and sector value-chain mapping",0.6,inferred
nifty_500_shariah,TENNIND,Tenneco Clean Air India Ltd.,electronics and logistics,component,upstream,electronics and logistics,,medium,negative,0,180,Supply availability affects production continuity.,inferred_from_industry,"NSE classification, annual-report source inventory and sector value-chain mapping",0.6,inferred
nifty_500_shariah,TENNIND,Tenneco Clean Air India Ltd.,Indian auto demand,customer_industry,downstream,Indian auto demand,,high,positive,0,120,"Consumer income, financing and fleet demand drive volumes.",inferred_from_industry,"NSE classification, annual-report source inventory and sector value-chain mapping",0.6,inferred
nifty_500_shariah,TENNIND,Tenneco Clean Air India Ltd.,OEM production and replacement market,customer_industry,downstream,OEM production and replacement market,,high,positive,0,180,OEM production schedules and replacement cycles affect revenue.,inferred_from_industry,"NSE classification, annual-report source inventory and sector value-chain mapping",0.6,inferred
nifty_500_shariah,THERMAX,Thermax Ltd.,"steel, copper, electronics and bought-out components",raw_material,upstream,metals and electrical components,,high,negative,0,180,Input cost inflation can affect project margins.,inferred_from_industry,"NSE classification, annual-report source inventory and sector value-chain mapping",0.6,inferred
nifty_500_shariah,THERMAX,Thermax Ltd.,project execution labor and subcontractors,labour,upstream,engineering and construction services,,medium,negative,0,180,Execution availability and cost influence delivery timelines.,inferred_from_industry,"NSE classification, annual-report source inventory and sector value-chain mapping",0.6,inferred
nifty_500_shariah,THERMAX,Thermax Ltd.,industrial and infrastructure capex,customer_industry,downstream,industrial and infrastructure capex,,high,positive,0,365,Private and public capex drives orders and execution.,inferred_from_industry,"NSE classification, annual-report source inventory and sector value-chain mapping",0.6,inferred
nifty_500_shariah,THERMAX,Thermax Ltd.,government and regulated utilities,customer_industry,downstream,government and regulated utilities,,medium,positive,0,365,Tender awards and utility capex influence order inflow.,inferred_from_industry,"NSE classification, annual-report source inventory and sector value-chain mapping",0.6,inferred
ind_nifty500,TIINDIA,Tube Investments of India Ltd.,"steel, aluminium, rubber and components",raw_material,upstream,"metals, rubber and auto components",,high,negative,0,120,Commodity and component costs affect gross margin.,inferred_from_industry,"NSE classification, annual-report source inventory and sector value-chain mapping",0.6,inferred
ind_nifty500,TIINDIA,Tube Investments of India Ltd.,electronics and logistics,component,upstream,electronics and logistics,,medium,negative,0,180,Supply availability affects production continuity.,inferred_from_industry,"NSE classification, annual-report source inventory and sector value-chain mapping",0.6,inferred
ind_nifty500,TIINDIA,Tube Investments of India Ltd.,Indian auto demand,customer_industry,downstream,Indian auto demand,,high,positive,0,120,"Consumer income, financing and fleet demand drive volumes.",inferred_from_industry,"NSE classification, annual-report source inventory and sector value-chain mapping",0.6,inferred
ind_nifty500,TIINDIA,Tube Investments of India Ltd.,OEM production and replacement market,customer_industry,downstream,OEM production and replacement market,,high,positive,0,180,OEM production schedules and replacement cycles affect revenue.,inferred_from_industry,"NSE classification, annual-report source inventory and sector value-chain mapping",0.6,inferred
nifty_500_shariah,TIMKEN,Timken India Ltd.,"steel, copper, electronics and bought-out components",raw_material,upstream,metals and electrical components,,high,negative,0,180,Input cost inflation can affect project margins.,inferred_from_industry,"NSE classification, annual-report source inventory and sector value-chain mapping",0.6,inferred
nifty_500_shariah,TIMKEN,Timken India Ltd.,project execution labor and subcontractors,labour,upstream,engineering and construction services,,medium,negative,0,180,Execution availability and cost influence delivery timelines.,inferred_from_industry,"NSE classification, annual-report source inventory and sector value-chain mapping",0.6,inferred
nifty_500_shariah,TIMKEN,Timken India Ltd.,industrial and infrastructure capex,customer_industry,downstream,industrial and infrastructure capex,,high,positive,0,365,Private and public capex drives orders and execution.,inferred_from_industry,"NSE classification, annual-report source inventory and sector value-chain mapping",0.6,inferred
nifty_500_shariah,TIMKEN,Timken India Ltd.,government and regulated utilities,customer_industry,downstream,government and regulated utilities,,medium,positive,0,365,Tender awards and utility capex influence order inflow.,inferred_from_industry,"NSE classification, annual-report source inventory and sector value-chain mapping",0.6,inferred
ind_nifty500,TITAGARH,Titagarh Rail Systems Ltd.,"steel, copper, electronics and bought-out components",raw_material,upstream,metals and electrical components,,high,negative,0,180,Input cost inflation can affect project margins.,inferred_from_industry,"NSE classification, annual-report source inventory and sector value-chain mapping",0.6,inferred
ind_nifty500,TITAGARH,Titagarh Rail Systems Ltd.,project execution labor and subcontractors,labour,upstream,engineering and construction services,,medium,negative,0,180,Execution availability and cost influence delivery timelines.,inferred_from_industry,"NSE classification, annual-report source inventory and sector value-chain mapping",0.6,inferred
ind_nifty500,TITAGARH,Titagarh Rail Systems Ltd.,industrial and infrastructure capex,customer_industry,downstream,industrial and infrastructure capex,,high,positive,0,365,Private and public capex drives orders and execution.,inferred_from_industry,"NSE classification, annual-report source inventory and sector value-chain mapping",0.6,inferred
ind_nifty500,TITAGARH,Titagarh Rail Systems Ltd.,government and regulated utilities,customer_industry,downstream,government and regulated utilities,,medium,positive,0,365,Tender awards and utility capex influence order inflow.,inferred_from_industry,"NSE classification, annual-report source inventory and sector value-chain mapping",0.6,inferred
nifty_50_shariah,TMPV,Tata Motors Passenger Vehicles Limited,"steel, aluminium and auto components",raw_material,upstream,metals and auto components,,high,negative,0,120,Commodity and component costs affect gross margin.,inferred_from_industry,Annual Report 2024-25 cost/risk discussion and value-chain mapping,0.8,inferred
nifty_50_shariah,TMPV,Tata Motors Passenger Vehicles Limited,semiconductors and EV batteries,component,upstream,electronics and battery supply chain,,high,negative,0,180,Supply availability affects production and EV economics.,inferred_from_industry,Annual Report 2024-25 cost/risk discussion and value-chain mapping,0.8,inferred
nifty_50_shariah,TMPV,Tata Motors Passenger Vehicles Limited,Indian passenger vehicle buyers,customer_industry,downstream,Indian passenger vehicle buyers,,high,positive,0,120,"Consumer income, financing and product launches drive PV demand.",disclosed,Annual Report 2024-25 and industry value-chain mapping,0.82,inferred
nifty_50_shariah,TMPV,Tata Motors Passenger Vehicles Limited,global premium auto buyers,customer_industry,downstream,global premium auto buyers,,high,positive,30,180,Luxury auto cycle and China/Europe/US demand influence JLR revenue.,disclosed,Annual Report 2024-25 and industry value-chain mapping,0.82,inferred
ind_nifty500,TORNTPHARM,Torrent Pharmaceuticals Ltd.,"APIs, KSMs, medical supplies and consumables",raw_material,upstream,pharma intermediates and healthcare supplies,,high,negative,0,120,Input availability and compliance influence margins and supply reliability.,inferred_from_industry,"NSE classification, annual-report source inventory and sector value-chain mapping",0.6,inferred
ind_nifty500,TORNTPHARM,Torrent Pharmaceuticals Ltd.,regulatory approvals and quality systems,regulation,upstream,healthcare regulators,,high,mixed,0,365,Approvals enable launches and capacity use; observations can disrupt supply.,inferred_from_industry,"NSE classification, annual-report source inventory and sector value-chain mapping",0.6,inferred
ind_nifty500,TORNTPHARM,Torrent Pharmaceuticals Ltd.,domestic healthcare demand,customer_industry,downstream,domestic healthcare demand,,high,positive,0,120,"Healthcare access, prescriptions and patient volumes support revenue.",inferred_from_industry,"NSE classification, annual-report source inventory and sector value-chain mapping",0.6,inferred
ind_nifty500,TORNTPHARM,Torrent Pharmaceuticals Ltd.,regulated export or institutional markets,customer_industry,downstream,regulated export or institutional markets,,medium,mixed,0,180,Approvals and tender flows can lift revenue while pricing pressure can offset volume.,inferred_from_industry,"NSE classification, annual-report source inventory and sector value-chain mapping",0.6,inferred
ind_nifty500,TORNTPOWER,Torrent Power Ltd.,"fuel, gas, crude-linked inputs and power",energy,upstream,energy and commodities,,high,negative,0,90,Commodity prices and supply availability affect spreads and margins.,inferred_from_industry,"NSE classification, annual-report source inventory and sector value-chain mapping",0.6,inferred
ind_nifty500,TORNTPOWER,Torrent Power Ltd.,regulatory tariffs and licenses,regulation,upstream,energy regulators,,high,mixed,0,365,"Tariffs, licenses and policy changes influence returns.",inferred_from_industry,"NSE classification, annual-report source inventory and sector value-chain mapping",0.6,inferred
ind_nifty500,TORNTPOWER,Torrent Power Ltd.,industrial and commercial energy demand,customer_industry,downstream,industrial and commercial energy demand,,high,positive,0,120,Industrial activity and urban demand support offtake.,inferred_from_industry,"NSE classification, annual-report source inventory and sector value-chain mapping",0.6,inferred
ind_nifty500,TORNTPOWER,Torrent Power Ltd.,regulated retail users,customer_industry,downstream,regulated retail users,,medium,positive,0,120,Retail demand and tariff regulation affect revenue.,inferred_from_industry,"NSE classification, annual-report source inventory and sector value-chain mapping",0.6,inferred
nifty_50_shariah,TRENT,TRENT LTD.,apparel and merchandise sourcing,raw_material,upstream,textiles and apparel manufacturing,,high,negative,0,90,Sourcing cost and inventory availability affect margins.,inferred_from_industry,Annual Report 2024-25 cost/risk discussion and value-chain mapping,0.8,inferred
nifty_50_shariah,TRENT,TRENT LTD.,retail real estate and rentals,other,upstream,commercial real estate,,high,negative,0,180,Store economics depend on rental and location quality.,inferred_from_industry,Annual Report 2024-25 cost/risk discussion and value-chain mapping,0.8,inferred
nifty_50_shariah,TRENT,TRENT LTD.,urban discretionary consumers,customer_industry,downstream,urban discretionary consumers,,high,positive,0,90,"Footfall, conversion and discretionary spend drive sales.",disclosed,Annual Report 2024-25 and industry value-chain mapping,0.82,inferred
nifty_50_shariah,TRENT,TRENT LTD.,value fashion buyers,customer_industry,downstream,value fashion buyers,,high,positive,0,90,Zudio growth depends on value-fashion demand and store expansion.,disclosed,Annual Report 2024-25 and industry value-chain mapping,0.82,inferred
nifty_500_shariah,TRIDENT,Trident Ltd.,"commodities, packaging and merchandise",raw_material,upstream,"agri, chemical, textile and packaging suppliers",,high,negative,0,90,Commodity and packaging inflation affects gross margin.,inferred_from_industry,"NSE classification, annual-report source inventory and sector value-chain mapping",0.6,inferred
nifty_500_shariah,TRIDENT,Trident Ltd.,"advertising, logistics and retail occupancy",other,upstream,"media, logistics and retail real estate",,medium,negative,0,120,Brand and channel costs influence operating margin.,inferred_from_industry,"NSE classification, annual-report source inventory and sector value-chain mapping",0.6,inferred
nifty_500_shariah,TRIDENT,Trident Ltd.,Indian household consumption,customer_industry,downstream,Indian household consumption,,high,positive,0,90,"Household income, pricing and distribution reach drive demand.",inferred_from_industry,"NSE classification, annual-report source inventory and sector value-chain mapping",0.6,inferred
nifty_500_shariah,TRIDENT,Trident Ltd.,retail and e-commerce channels,customer_industry,downstream,retail and e-commerce channels,,medium,positive,0,120,Channel expansion and inventory availability support revenue.,inferred_from_industry,"NSE classification, annual-report source inventory and sector value-chain mapping",0.6,inferred
nifty_50_shariah,ULTRACEMCO,ULTRATECH CEMENT LTD.,"coal, petcoke and power",energy,upstream,energy and utilities,,high,negative,0,90,Fuel and power are major cement cost drivers.,inferred_from_industry,Annual Report 2024-25 cost/risk discussion and value-chain mapping,0.8,inferred
nifty_50_shariah,ULTRACEMCO,ULTRATECH CEMENT LTD.,limestone and freight,raw_material,upstream,mining and logistics,,high,negative,0,120,Limestone access and freight costs affect regional economics.,inferred_from_industry,Annual Report 2024-25 cost/risk discussion and value-chain mapping,0.8,inferred
nifty_50_shariah,ULTRACEMCO,ULTRATECH CEMENT LTD.,housing and real estate,customer_industry,downstream,housing and real estate,,high,positive,0,120,Housing demand and construction activity drive trade cement volumes.,disclosed,Annual Report 2024-25 and industry value-chain mapping,0.82,inferred
nifty_50_shariah,ULTRACEMCO,ULTRATECH CEMENT LTD.,infrastructure and government capex,customer_industry,downstream,infrastructure and government capex,,high,positive,30,180,"Roads, metros and infrastructure projects drive non-trade demand.",disclosed,Annual Report 2024-25 and industry value-chain mapping,0.82,inferred
nifty_500_shariah,UNOMINDA,UNO Minda Ltd.,"steel, aluminium, rubber and components",raw_material,upstream,"metals, rubber and auto components",,high,negative,0,120,Commodity and component costs affect gross margin.,inferred_from_industry,"NSE classification, annual-report source inventory and sector value-chain mapping",0.6,inferred
nifty_500_shariah,UNOMINDA,UNO Minda Ltd.,electronics and logistics,component,upstream,electronics and logistics,,medium,negative,0,180,Supply availability affects production continuity.,inferred_from_industry,"NSE classification, annual-report source inventory and sector value-chain mapping",0.6,inferred
nifty_500_shariah,UNOMINDA,UNO Minda Ltd.,Indian auto demand,customer_industry,downstream,Indian auto demand,,high,positive,0,120,"Consumer income, financing and fleet demand drive volumes.",inferred_from_industry,"NSE classification, annual-report source inventory and sector value-chain mapping",0.6,inferred
nifty_500_shariah,UNOMINDA,UNO Minda Ltd.,OEM production and replacement market,customer_industry,downstream,OEM production and replacement market,,high,positive,0,180,OEM production schedules and replacement cycles affect revenue.,inferred_from_industry,"NSE classification, annual-report source inventory and sector value-chain mapping",0.6,inferred
nifty_500_shariah,USHAMART,Usha Martin Ltd.,"steel, copper, electronics and bought-out components",raw_material,upstream,metals and electrical components,,high,negative,0,180,Input cost inflation can affect project margins.,inferred_from_industry,"NSE classification, annual-report source inventory and sector value-chain mapping",0.6,inferred
nifty_500_shariah,USHAMART,Usha Martin Ltd.,project execution labor and subcontractors,labour,upstream,engineering and construction services,,medium,negative,0,180,Execution availability and cost influence delivery timelines.,inferred_from_industry,"NSE classification, annual-report source inventory and sector value-chain mapping",0.6,inferred
nifty_500_shariah,USHAMART,Usha Martin Ltd.,industrial and infrastructure capex,customer_industry,downstream,industrial and infrastructure capex,,high,positive,0,365,Private and public capex drives orders and execution.,inferred_from_industry,"NSE classification, annual-report source inventory and sector value-chain mapping",0.6,inferred
nifty_500_shariah,USHAMART,Usha Martin Ltd.,government and regulated utilities,customer_industry,downstream,government and regulated utilities,,medium,positive,0,365,Tender awards and utility capex influence order inflow.,inferred_from_industry,"NSE classification, annual-report source inventory and sector value-chain mapping",0.6,inferred
nifty_500_shariah,VMM,Vishal Mega Mart Ltd.,"commodities, packaging and merchandise",raw_material,upstream,"agri, chemical, textile and packaging suppliers",,high,negative,0,90,Commodity and packaging inflation affects gross margin.,inferred_from_industry,"NSE classification, annual-report source inventory and sector value-chain mapping",0.6,inferred
nifty_500_shariah,VMM,Vishal Mega Mart Ltd.,"advertising, logistics and retail occupancy",other,upstream,"media, logistics and retail real estate",,medium,negative,0,120,Brand and channel costs influence operating margin.,inferred_from_industry,"NSE classification, annual-report source inventory and sector value-chain mapping",0.6,inferred
nifty_500_shariah,VMM,Vishal Mega Mart Ltd.,Indian household consumption,customer_industry,downstream,Indian household consumption,,high,positive,0,90,"Household income, pricing and distribution reach drive demand.",inferred_from_industry,"NSE classification, annual-report source inventory and sector value-chain mapping",0.6,inferred
nifty_500_shariah,VMM,Vishal Mega Mart Ltd.,retail and e-commerce channels,customer_industry,downstream,retail and e-commerce channels,,medium,positive,0,120,Channel expansion and inventory availability support revenue.,inferred_from_industry,"NSE classification, annual-report source inventory and sector value-chain mapping",0.6,inferred
nifty_500_shariah,VOLTAS,Voltas Ltd.,"commodities, packaging and merchandise",raw_material,upstream,"agri, chemical, textile and packaging suppliers",,high,negative,0,90,Commodity and packaging inflation affects gross margin.,inferred_from_industry,"NSE classification, annual-report source inventory and sector value-chain mapping",0.6,inferred
nifty_500_shariah,VOLTAS,Voltas Ltd.,"advertising, logistics and retail occupancy",other,upstream,"media, logistics and retail real estate",,medium,negative,0,120,Brand and channel costs influence operating margin.,inferred_from_industry,"NSE classification, annual-report source inventory and sector value-chain mapping",0.6,inferred
nifty_500_shariah,VOLTAS,Voltas Ltd.,Indian household consumption,customer_industry,downstream,Indian household consumption,,high,positive,0,90,"Household income, pricing and distribution reach drive demand.",inferred_from_industry,"NSE classification, annual-report source inventory and sector value-chain mapping",0.6,inferred
nifty_500_shariah,VOLTAS,Voltas Ltd.,retail and e-commerce channels,customer_industry,downstream,retail and e-commerce channels,,medium,positive,0,120,Channel expansion and inventory availability support revenue.,inferred_from_industry,"NSE classification, annual-report source inventory and sector value-chain mapping",0.6,inferred
nifty_500_shariah,VTL,Vardhman Textiles Ltd.,"commodities, packaging and merchandise",raw_material,upstream,"agri, chemical, textile and packaging suppliers",,high,negative,0,90,Commodity and packaging inflation affects gross margin.,inferred_from_industry,"NSE classification, annual-report source inventory and sector value-chain mapping",0.6,inferred
nifty_500_shariah,VTL,Vardhman Textiles Ltd.,"advertising, logistics and retail occupancy",other,upstream,"media, logistics and retail real estate",,medium,negative,0,120,Brand and channel costs influence operating margin.,inferred_from_industry,"NSE classification, annual-report source inventory and sector value-chain mapping",0.6,inferred
nifty_500_shariah,VTL,Vardhman Textiles Ltd.,Indian household consumption,customer_industry,downstream,Indian household consumption,,high,positive,0,90,"Household income, pricing and distribution reach drive demand.",inferred_from_industry,"NSE classification, annual-report source inventory and sector value-chain mapping",0.6,inferred
nifty_500_shariah,VTL,Vardhman Textiles Ltd.,retail and e-commerce channels,customer_industry,downstream,retail and e-commerce channels,,medium,positive,0,120,Channel expansion and inventory availability support revenue.,inferred_from_industry,"NSE classification, annual-report source inventory and sector value-chain mapping",0.6,inferred
ind_nifty500,WELCORP,Welspun Corp Ltd.,"steel, copper, electronics and bought-out components",raw_material,upstream,metals and electrical components,,high,negative,0,180,Input cost inflation can affect project margins.,inferred_from_industry,"NSE classification, annual-report source inventory and sector value-chain mapping",0.6,inferred
ind_nifty500,WELCORP,Welspun Corp Ltd.,project execution labor and subcontractors,labour,upstream,engineering and construction services,,medium,negative,0,180,Execution availability and cost influence delivery timelines.,inferred_from_industry,"NSE classification, annual-report source inventory and sector value-chain mapping",0.6,inferred
ind_nifty500,WELCORP,Welspun Corp Ltd.,industrial and infrastructure capex,customer_industry,downstream,industrial and infrastructure capex,,high,positive,0,365,Private and public capex drives orders and execution.,inferred_from_industry,"NSE classification, annual-report source inventory and sector value-chain mapping",0.6,inferred
ind_nifty500,WELCORP,Welspun Corp Ltd.,government and regulated utilities,customer_industry,downstream,government and regulated utilities,,medium,positive,0,365,Tender awards and utility capex influence order inflow.,inferred_from_industry,"NSE classification, annual-report source inventory and sector value-chain mapping",0.6,inferred
ind_nifty500,WELSPUNLIV,Welspun Living Ltd.,"commodities, packaging and merchandise",raw_material,upstream,"agri, chemical, textile and packaging suppliers",,high,negative,0,90,Commodity and packaging inflation affects gross margin.,inferred_from_industry,"NSE classification, annual-report source inventory and sector value-chain mapping",0.6,inferred
ind_nifty500,WELSPUNLIV,Welspun Living Ltd.,"advertising, logistics and retail occupancy",other,upstream,"media, logistics and retail real estate",,medium,negative,0,120,Brand and channel costs influence operating margin.,inferred_from_industry,"NSE classification, annual-report source inventory and sector value-chain mapping",0.6,inferred
ind_nifty500,WELSPUNLIV,Welspun Living Ltd.,Indian household consumption,customer_industry,downstream,Indian household consumption,,high,positive,0,90,"Household income, pricing and distribution reach drive demand.",inferred_from_industry,"NSE classification, annual-report source inventory and sector value-chain mapping",0.6,inferred
ind_nifty500,WELSPUNLIV,Welspun Living Ltd.,retail and e-commerce channels,customer_industry,downstream,retail and e-commerce channels,,medium,positive,0,120,Channel expansion and inventory availability support revenue.,inferred_from_industry,"NSE classification, annual-report source inventory and sector value-chain mapping",0.6,inferred
nifty_500_shariah,WHIRLPOOL,Whirlpool of India Ltd.,"commodities, packaging and merchandise",raw_material,upstream,"agri, chemical, textile and packaging suppliers",,high,negative,0,90,Commodity and packaging inflation affects gross margin.,inferred_from_industry,"NSE classification, annual-report source inventory and sector value-chain mapping",0.6,inferred
nifty_500_shariah,WHIRLPOOL,Whirlpool of India Ltd.,"advertising, logistics and retail occupancy",other,upstream,"media, logistics and retail real estate",,medium,negative,0,120,Brand and channel costs influence operating margin.,inferred_from_industry,"NSE classification, annual-report source inventory and sector value-chain mapping",0.6,inferred
nifty_500_shariah,WHIRLPOOL,Whirlpool of India Ltd.,Indian household consumption,customer_industry,downstream,Indian household consumption,,high,positive,0,90,"Household income, pricing and distribution reach drive demand.",inferred_from_industry,"NSE classification, annual-report source inventory and sector value-chain mapping",0.6,inferred
nifty_500_shariah,WHIRLPOOL,Whirlpool of India Ltd.,retail and e-commerce channels,customer_industry,downstream,retail and e-commerce channels,,medium,positive,0,120,Channel expansion and inventory availability support revenue.,inferred_from_industry,"NSE classification, annual-report source inventory and sector value-chain mapping",0.6,inferred
nifty_500_shariah,WOCKPHARMA,Wockhardt Ltd.,"APIs, KSMs, medical supplies and consumables",raw_material,upstream,pharma intermediates and healthcare supplies,,high,negative,0,120,Input availability and compliance influence margins and supply reliability.,inferred_from_industry,"NSE classification, annual-report source inventory and sector value-chain mapping",0.6,inferred
nifty_500_shariah,WOCKPHARMA,Wockhardt Ltd.,regulatory approvals and quality systems,regulation,upstream,healthcare regulators,,high,mixed,0,365,Approvals enable launches and capacity use; observations can disrupt supply.,inferred_from_industry,"NSE classification, annual-report source inventory and sector value-chain mapping",0.6,inferred
nifty_500_shariah,WOCKPHARMA,Wockhardt Ltd.,domestic healthcare demand,customer_industry,downstream,domestic healthcare demand,,high,positive,0,120,"Healthcare access, prescriptions and patient volumes support revenue.",inferred_from_industry,"NSE classification, annual-report source inventory and sector value-chain mapping",0.6,inferred
nifty_500_shariah,WOCKPHARMA,Wockhardt Ltd.,regulated export or institutional markets,customer_industry,downstream,regulated export or institutional markets,,medium,mixed,0,180,Approvals and tender flows can lift revenue while pricing pressure can offset volume.,inferred_from_industry,"NSE classification, annual-report source inventory and sector value-chain mapping",0.6,inferred
nifty_500_shariah,ZYDUSLIFE,Zydus Lifesciences Ltd.,"APIs, KSMs, medical supplies and consumables",raw_material,upstream,pharma intermediates and healthcare supplies,,high,negative,0,120,Input availability and compliance influence margins and supply reliability.,inferred_from_industry,"NSE classification, annual-report source inventory and sector value-chain mapping",0.6,inferred
nifty_500_shariah,ZYDUSLIFE,Zydus Lifesciences Ltd.,regulatory approvals and quality systems,regulation,upstream,healthcare regulators,,high,mixed,0,365,Approvals enable launches and capacity use; observations can disrupt supply.,inferred_from_industry,"NSE classification, annual-report source inventory and sector value-chain mapping",0.6,inferred
nifty_500_shariah,ZYDUSLIFE,Zydus Lifesciences Ltd.,domestic healthcare demand,customer_industry,downstream,domestic healthcare demand,,high,positive,0,120,"Healthcare access, prescriptions and patient volumes support revenue.",inferred_from_industry,"NSE classification, annual-report source inventory and sector value-chain mapping",0.6,inferred
nifty_500_shariah,ZYDUSLIFE,Zydus Lifesciences Ltd.,regulated export or institutional markets,customer_industry,downstream,regulated export or institutional markets,,medium,mixed,0,180,Approvals and tender flows can lift revenue while pricing pressure can offset volume.,inferred_from_industry,"NSE classification, annual-report source inventory and sector value-chain mapping",0.6,inferred
nifty_500_shariah,ZYDUSWELL,Zydus Wellness Ltd.,"commodities, packaging and merchandise",raw_material,upstream,"agri, chemical, textile and packaging suppliers",,high,negative,0,90,Commodity and packaging inflation affects gross margin.,inferred_from_industry,"NSE classification, annual-report source inventory and sector value-chain mapping",0.6,inferred
nifty_500_shariah,ZYDUSWELL,Zydus Wellness Ltd.,"advertising, logistics and retail occupancy",other,upstream,"media, logistics and retail real estate",,medium,negative,0,120,Brand and channel costs influence operating margin.,inferred_from_industry,"NSE classification, annual-report source inventory and sector value-chain mapping",0.6,inferred
nifty_500_shariah,ZYDUSWELL,Zydus Wellness Ltd.,Indian household consumption,customer_industry,downstream,Indian household consumption,,high,positive,0,90,"Household income, pricing and distribution reach drive demand.",inferred_from_industry,"NSE classification, annual-report source inventory and sector value-chain mapping",0.6,inferred
nifty_500_shariah,ZYDUSWELL,Zydus Wellness Ltd.,retail and e-commerce channels,customer_industry,downstream,retail and e-commerce channels,,medium,positive,0,120,Channel expansion and inventory availability support revenue.,inferred_from_industry,"NSE classification, annual-report source inventory and sector value-chain mapping",0.6,inferred
ind_nifty500,360ONE,360 ONE WAM Ltd.,"raw materials, energy and logistics",raw_material,upstream,industrial suppliers and logistics,,medium,negative,0,120,Input and freight costs influence margins.,inferred_from_industry,"NSE classification, annual-report source inventory and sector value-chain mapping",0.6,inferred
ind_nifty500,360ONE,360 ONE WAM Ltd.,skilled labor and services,labour,upstream,labor and service providers,,medium,negative,0,120,Labor and service availability affects execution and cost.,inferred_from_industry,"NSE classification, annual-report source inventory and sector value-chain mapping",0.6,inferred
ind_nifty500,360ONE,360 ONE WAM Ltd.,industry end-market demand,customer_industry,downstream,industry end-market demand,,high,positive,0,180,End-market demand and utilisation drive revenue.,inferred_from_industry,"NSE classification, annual-report source inventory and sector value-chain mapping",0.6,inferred
ind_nifty500,360ONE,360 ONE WAM Ltd.,channel or institutional customers,customer_industry,downstream,channel or institutional customers,,medium,positive,0,180,"Distribution, tender or institutional demand affects volumes.",inferred_from_industry,"NSE classification, annual-report source inventory and sector value-chain mapping",0.6,inferred
ind_nifty500,AARTIIND,Aarti Industries Ltd.,"petrochemical feedstocks, solvents and energy",raw_material,upstream,petrochemicals and energy,,high,negative,0,90,Feedstock and energy inflation affects gross margins.,inferred_from_industry,"NSE classification, annual-report source inventory and sector value-chain mapping",0.6,inferred
ind_nifty500,AARTIIND,Aarti Industries Ltd.,environmental and product approvals,regulation,upstream,chemical regulators,,high,mixed,0,365,Approvals and environmental compliance shape operating continuity.,inferred_from_industry,"NSE classification, annual-report source inventory and sector value-chain mapping",0.6,inferred
ind_nifty500,AARTIIND,Aarti Industries Ltd.,industrial manufacturing,customer_industry,downstream,industrial manufacturing,,high,positive,0,120,Industrial production drives chemical demand.,inferred_from_industry,"NSE classification, annual-report source inventory and sector value-chain mapping",0.6,inferred
ind_nifty500,AARTIIND,Aarti Industries Ltd.,agriculture and regulated end-markets,customer_industry,downstream,agriculture and regulated end-markets,,medium,positive,0,180,Seasonal and regulated demand affects volumes and mix.,inferred_from_industry,"NSE classification, annual-report source inventory and sector value-chain mapping",0.6,inferred
ind_nifty500,AAVAS,Aavas Financiers Ltd.,"raw materials, energy and logistics",raw_material,upstream,industrial suppliers and logistics,,medium,negative,0,120,Input and freight costs influence margins.,inferred_from_industry,"NSE classification, annual-report source inventory and sector value-chain mapping",0.6,inferred
ind_nifty500,AAVAS,Aavas Financiers Ltd.,skilled labor and services,labour,upstream,labor and service providers,,medium,negative,0,120,Labor and service availability affects execution and cost.,inferred_from_industry,"NSE classification, annual-report source inventory and sector value-chain mapping",0.6,inferred
ind_nifty500,AAVAS,Aavas Financiers Ltd.,industry end-market demand,customer_industry,downstream,industry end-market demand,,high,positive,0,180,End-market demand and utilisation drive revenue.,inferred_from_industry,"NSE classification, annual-report source inventory and sector value-chain mapping",0.6,inferred
ind_nifty500,AAVAS,Aavas Financiers Ltd.,channel or institutional customers,customer_industry,downstream,channel or institutional customers,,medium,positive,0,180,"Distribution, tender or institutional demand affects volumes.",inferred_from_industry,"NSE classification, annual-report source inventory and sector value-chain mapping",0.6,inferred
ind_nifty500,ABB,ABB India Ltd.,"steel, copper, electronics and bought-out components",raw_material,upstream,metals and electrical components,,high,negative,0,180,Input cost inflation can affect project margins.,inferred_from_industry,"NSE classification, annual-report source inventory and sector value-chain mapping",0.6,inferred
ind_nifty500,ABB,ABB India Ltd.,project execution labor and subcontractors,labour,upstream,engineering and construction services,,medium,negative,0,180,Execution availability and cost influence delivery timelines.,inferred_from_industry,"NSE classification, annual-report source inventory and sector value-chain mapping",0.6,inferred
ind_nifty500,ABB,ABB India Ltd.,industrial and infrastructure capex,customer_industry,downstream,industrial and infrastructure capex,,high,positive,0,365,Private and public capex drives orders and execution.,inferred_from_industry,"NSE classification, annual-report source inventory and sector value-chain mapping",0.6,inferred
ind_nifty500,ABB,ABB India Ltd.,government and regulated utilities,customer_industry,downstream,government and regulated utilities,,medium,positive,0,365,Tender awards and utility capex influence order inflow.,inferred_from_industry,"NSE classification, annual-report source inventory and sector value-chain mapping",0.6,inferred
ind_nifty500,ABBOTINDIA,Abbott India Ltd.,"APIs, KSMs, medical supplies and consumables",raw_material,upstream,pharma intermediates and healthcare supplies,,high,negative,0,120,Input availability and compliance influence margins and supply reliability.,inferred_from_industry,"NSE classification, annual-report source inventory and sector value-chain mapping",0.6,inferred
ind_nifty500,ABBOTINDIA,Abbott India Ltd.,regulatory approvals and quality systems,regulation,upstream,healthcare regulators,,high,mixed,0,365,Approvals enable launches and capacity use; observations can disrupt supply.,inferred_from_industry,"NSE classification, annual-report source inventory and sector value-chain mapping",0.6,inferred
ind_nifty500,ABBOTINDIA,Abbott India Ltd.,domestic healthcare demand,customer_industry,downstream,domestic healthcare demand,,high,positive,0,120,"Healthcare access, prescriptions and patient volumes support revenue.",inferred_from_industry,"NSE classification, annual-report source inventory and sector value-chain mapping",0.6,inferred
ind_nifty500,ABBOTINDIA,Abbott India Ltd.,regulated export or institutional markets,customer_industry,downstream,regulated export or institutional markets,,medium,mixed,0,180,Approvals and tender flows can lift revenue while pricing pressure can offset volume.,inferred_from_industry,"NSE classification, annual-report source inventory and sector value-chain mapping",0.6,inferred
ind_nifty500,ABCAPITAL,Aditya Birla Capital Ltd.,"raw materials, energy and logistics",raw_material,upstream,industrial suppliers and logistics,,medium,negative,0,120,Input and freight costs influence margins.,inferred_from_industry,"NSE classification, annual-report source inventory and sector value-chain mapping",0.6,inferred
ind_nifty500,ABCAPITAL,Aditya Birla Capital Ltd.,skilled labor and services,labour,upstream,labor and service providers,,medium,negative,0,120,Labor and service availability affects execution and cost.,inferred_from_industry,"NSE classification, annual-report source inventory and sector value-chain mapping",0.6,inferred
ind_nifty500,ABCAPITAL,Aditya Birla Capital Ltd.,industry end-market demand,customer_industry,downstream,industry end-market demand,,high,positive,0,180,End-market demand and utilisation drive revenue.,inferred_from_industry,"NSE classification, annual-report source inventory and sector value-chain mapping",0.6,inferred
ind_nifty500,ABCAPITAL,Aditya Birla Capital Ltd.,channel or institutional customers,customer_industry,downstream,channel or institutional customers,,medium,positive,0,180,"Distribution, tender or institutional demand affects volumes.",inferred_from_industry,"NSE classification, annual-report source inventory and sector value-chain mapping",0.6,inferred
ind_nifty500,ABDL,Allied Blenders and Distillers Ltd.,"commodities, packaging and merchandise",raw_material,upstream,"agri, chemical, textile and packaging suppliers",,high,negative,0,90,Commodity and packaging inflation affects gross margin.,inferred_from_industry,"NSE classification, annual-report source inventory and sector value-chain mapping",0.6,inferred
ind_nifty500,ABDL,Allied Blenders and Distillers Ltd.,"advertising, logistics and retail occupancy",other,upstream,"media, logistics and retail real estate",,medium,negative,0,120,Brand and channel costs influence operating margin.,inferred_from_industry,"NSE classification, annual-report source inventory and sector value-chain mapping",0.6,inferred
ind_nifty500,ABDL,Allied Blenders and Distillers Ltd.,Indian household consumption,customer_industry,downstream,Indian household consumption,,high,positive,0,90,"Household income, pricing and distribution reach drive demand.",inferred_from_industry,"NSE classification, annual-report source inventory and sector value-chain mapping",0.6,inferred
ind_nifty500,ABDL,Allied Blenders and Distillers Ltd.,retail and e-commerce channels,customer_industry,downstream,retail and e-commerce channels,,medium,positive,0,120,Channel expansion and inventory availability support revenue.,inferred_from_industry,"NSE classification, annual-report source inventory and sector value-chain mapping",0.6,inferred
ind_nifty500,ABSLAMC,Aditya Birla Sun Life AMC Ltd.,"raw materials, energy and logistics",raw_material,upstream,industrial suppliers and logistics,,medium,negative,0,120,Input and freight costs influence margins.,inferred_from_industry,"NSE classification, annual-report source inventory and sector value-chain mapping",0.6,inferred
ind_nifty500,ABSLAMC,Aditya Birla Sun Life AMC Ltd.,skilled labor and services,labour,upstream,labor and service providers,,medium,negative,0,120,Labor and service availability affects execution and cost.,inferred_from_industry,"NSE classification, annual-report source inventory and sector value-chain mapping",0.6,inferred
ind_nifty500,ABSLAMC,Aditya Birla Sun Life AMC Ltd.,industry end-market demand,customer_industry,downstream,industry end-market demand,,high,positive,0,180,End-market demand and utilisation drive revenue.,inferred_from_industry,"NSE classification, annual-report source inventory and sector value-chain mapping",0.6,inferred
ind_nifty500,ABSLAMC,Aditya Birla Sun Life AMC Ltd.,channel or institutional customers,customer_industry,downstream,channel or institutional customers,,medium,positive,0,180,"Distribution, tender or institutional demand affects volumes.",inferred_from_industry,"NSE classification, annual-report source inventory and sector value-chain mapping",0.6,inferred
ind_nifty500,ACC,ACC Ltd.,"steel, copper, electronics and bought-out components",raw_material,upstream,metals and electrical components,,high,negative,0,180,Input cost inflation can affect project margins.,inferred_from_industry,"NSE classification, annual-report source inventory and sector value-chain mapping",0.6,inferred
ind_nifty500,ACC,ACC Ltd.,project execution labor and subcontractors,labour,upstream,engineering and construction services,,medium,negative,0,180,Execution availability and cost influence delivery timelines.,inferred_from_industry,"NSE classification, annual-report source inventory and sector value-chain mapping",0.6,inferred
ind_nifty500,ACC,ACC Ltd.,industrial and infrastructure capex,customer_industry,downstream,industrial and infrastructure capex,,high,positive,0,365,Private and public capex drives orders and execution.,inferred_from_industry,"NSE classification, annual-report source inventory and sector value-chain mapping",0.6,inferred
ind_nifty500,ACC,ACC Ltd.,government and regulated utilities,customer_industry,downstream,government and regulated utilities,,medium,positive,0,365,Tender awards and utility capex influence order inflow.,inferred_from_industry,"NSE classification, annual-report source inventory and sector value-chain mapping",0.6,inferred
ind_nifty500,ACMESOLAR,ACME Solar Holdings Ltd.,"fuel, gas, crude-linked inputs and power",energy,upstream,energy and commodities,,high,negative,0,90,Commodity prices and supply availability affect spreads and margins.,inferred_from_industry,"NSE classification, annual-report source inventory and sector value-chain mapping",0.6,inferred
ind_nifty500,ACMESOLAR,ACME Solar Holdings Ltd.,regulatory tariffs and licenses,regulation,upstream,energy regulators,,high,mixed,0,365,"Tariffs, licenses and policy changes influence returns.",inferred_from_industry,"NSE classification, annual-report source inventory and sector value-chain mapping",0.6,inferred
ind_nifty500,ACMESOLAR,ACME Solar Holdings Ltd.,industrial and commercial energy demand,customer_industry,downstream,industrial and commercial energy demand,,high,positive,0,120,Industrial activity and urban demand support offtake.,inferred_from_industry,"NSE classification, annual-report source inventory and sector value-chain mapping",0.6,inferred
ind_nifty500,ACMESOLAR,ACME Solar Holdings Ltd.,regulated retail users,customer_industry,downstream,regulated retail users,,medium,positive,0,120,Retail demand and tariff regulation affect revenue.,inferred_from_industry,"NSE classification, annual-report source inventory and sector value-chain mapping",0.6,inferred
ind_nifty500,ADANIENSOL,Adani Energy Solutions Ltd.,"fuel, gas, crude-linked inputs and power",energy,upstream,energy and commodities,,high,negative,0,90,Commodity prices and supply availability affect spreads and margins.,inferred_from_industry,"NSE classification, annual-report source inventory and sector value-chain mapping",0.6,inferred
ind_nifty500,ADANIENSOL,Adani Energy Solutions Ltd.,regulatory tariffs and licenses,regulation,upstream,energy regulators,,high,mixed,0,365,"Tariffs, licenses and policy changes influence returns.",inferred_from_industry,"NSE classification, annual-report source inventory and sector value-chain mapping",0.6,inferred
ind_nifty500,ADANIENSOL,Adani Energy Solutions Ltd.,industrial and commercial energy demand,customer_industry,downstream,industrial and commercial energy demand,,high,positive,0,120,Industrial activity and urban demand support offtake.,inferred_from_industry,"NSE classification, annual-report source inventory and sector value-chain mapping",0.6,inferred
ind_nifty500,ADANIENSOL,Adani Energy Solutions Ltd.,regulated retail users,customer_industry,downstream,regulated retail users,,medium,positive,0,120,Retail demand and tariff regulation affect revenue.,inferred_from_industry,"NSE classification, annual-report source inventory and sector value-chain mapping",0.6,inferred
ind_nifty500,ADANIENT,Adani Enterprises Ltd.,"ore, coal, power and freight",raw_material,upstream,"mining, energy and logistics",,high,negative,0,120,Input and energy costs affect spreads.,inferred_from_industry,"NSE classification, annual-report source inventory and sector value-chain mapping",0.6,inferred
ind_nifty500,ADANIENT,Adani Enterprises Ltd.,environmental and mining regulation,regulation,upstream,mining and environmental regulators,,high,mixed,0,365,Regulatory approvals affect capacity and continuity.,inferred_from_industry,"NSE classification, annual-report source inventory and sector value-chain mapping",0.6,inferred
ind_nifty500,ADANIENT,Adani Enterprises Ltd.,construction and infrastructure,customer_industry,downstream,construction and infrastructure,,high,positive,0,180,Infrastructure and building activity support metal demand.,inferred_from_industry,"NSE classification, annual-report source inventory and sector value-chain mapping",0.6,inferred
ind_nifty500,ADANIENT,Adani Enterprises Ltd.,industrial manufacturing,customer_industry,downstream,industrial manufacturing,,high,positive,0,180,Manufacturing cycles influence metal volumes and pricing.,inferred_from_industry,"NSE classification, annual-report source inventory and sector value-chain mapping",0.6,inferred
ind_nifty500,ADANIGREEN,Adani Green Energy Ltd.,"fuel, gas, crude-linked inputs and power",energy,upstream,energy and commodities,,high,negative,0,90,Commodity prices and supply availability affect spreads and margins.,inferred_from_industry,"NSE classification, annual-report source inventory and sector value-chain mapping",0.6,inferred
ind_nifty500,ADANIGREEN,Adani Green Energy Ltd.,regulatory tariffs and licenses,regulation,upstream,energy regulators,,high,mixed,0,365,"Tariffs, licenses and policy changes influence returns.",inferred_from_industry,"NSE classification, annual-report source inventory and sector value-chain mapping",0.6,inferred
ind_nifty500,ADANIGREEN,Adani Green Energy Ltd.,industrial and commercial energy demand,customer_industry,downstream,industrial and commercial energy demand,,high,positive,0,120,Industrial activity and urban demand support offtake.,inferred_from_industry,"NSE classification, annual-report source inventory and sector value-chain mapping",0.6,inferred
ind_nifty500,ADANIGREEN,Adani Green Energy Ltd.,regulated retail users,customer_industry,downstream,regulated retail users,,medium,positive,0,120,Retail demand and tariff regulation affect revenue.,inferred_from_industry,"NSE classification, annual-report source inventory and sector value-chain mapping",0.6,inferred
ind_nifty500,ADANIPORTS,Adani Ports and Special Economic Zone Ltd.,"steel, copper, electronics and bought-out components",raw_material,upstream,metals and electrical components,,high,negative,0,180,Input cost inflation can affect project margins.,inferred_from_industry,"NSE classification, annual-report source inventory and sector value-chain mapping",0.6,inferred
ind_nifty500,ADANIPORTS,Adani Ports and Special Economic Zone Ltd.,project execution labor and subcontractors,labour,upstream,engineering and construction services,,medium,negative,0,180,Execution availability and cost influence delivery timelines.,inferred_from_industry,"NSE classification, annual-report source inventory and sector value-chain mapping",0.6,inferred
ind_nifty500,ADANIPORTS,Adani Ports and Special Economic Zone Ltd.,industrial and infrastructure capex,customer_industry,downstream,industrial and infrastructure capex,,high,positive,0,365,Private and public capex drives orders and execution.,inferred_from_industry,"NSE classification, annual-report source inventory and sector value-chain mapping",0.6,inferred
ind_nifty500,ADANIPORTS,Adani Ports and Special Economic Zone Ltd.,government and regulated utilities,customer_industry,downstream,government and regulated utilities,,medium,positive,0,365,Tender awards and utility capex influence order inflow.,inferred_from_industry,"NSE classification, annual-report source inventory and sector value-chain mapping",0.6,inferred
ind_nifty500,ADANIPOWER,Adani Power Ltd.,"fuel, gas, crude-linked inputs and power",energy,upstream,energy and commodities,,high,negative,0,90,Commodity prices and supply availability affect spreads and margins.,inferred_from_industry,"NSE classification, annual-report source inventory and sector value-chain mapping",0.6,inferred
ind_nifty500,ADANIPOWER,Adani Power Ltd.,regulatory tariffs and licenses,regulation,upstream,energy regulators,,high,mixed,0,365,"Tariffs, licenses and policy changes influence returns.",inferred_from_industry,"NSE classification, annual-report source inventory and sector value-chain mapping",0.6,inferred
ind_nifty500,ADANIPOWER,Adani Power Ltd.,industrial and commercial energy demand,customer_industry,downstream,industrial and commercial energy demand,,high,positive,0,120,Industrial activity and urban demand support offtake.,inferred_from_industry,"NSE classification, annual-report source inventory and sector value-chain mapping",0.6,inferred
ind_nifty500,ADANIPOWER,Adani Power Ltd.,regulated retail users,customer_industry,downstream,regulated retail users,,medium,positive,0,120,Retail demand and tariff regulation affect revenue.,inferred_from_industry,"NSE classification, annual-report source inventory and sector value-chain mapping",0.6,inferred
ind_nifty500,AEGISLOG,Aegis Logistics Ltd.,"fuel, gas, crude-linked inputs and power",energy,upstream,energy and commodities,,high,negative,0,90,Commodity prices and supply availability affect spreads and margins.,inferred_from_industry,"NSE classification, annual-report source inventory and sector value-chain mapping",0.6,inferred
ind_nifty500,AEGISLOG,Aegis Logistics Ltd.,regulatory tariffs and licenses,regulation,upstream,energy regulators,,high,mixed,0,365,"Tariffs, licenses and policy changes influence returns.",inferred_from_industry,"NSE classification, annual-report source inventory and sector value-chain mapping",0.6,inferred
ind_nifty500,AEGISLOG,Aegis Logistics Ltd.,industrial and commercial energy demand,customer_industry,downstream,industrial and commercial energy demand,,high,positive,0,120,Industrial activity and urban demand support offtake.,inferred_from_industry,"NSE classification, annual-report source inventory and sector value-chain mapping",0.6,inferred
ind_nifty500,AEGISLOG,Aegis Logistics Ltd.,regulated retail users,customer_industry,downstream,regulated retail users,,medium,positive,0,120,Retail demand and tariff regulation affect revenue.,inferred_from_industry,"NSE classification, annual-report source inventory and sector value-chain mapping",0.6,inferred
ind_nifty500,AEGISVOPAK,Aegis Vopak Terminals Ltd.,"fuel, gas, crude-linked inputs and power",energy,upstream,energy and commodities,,high,negative,0,90,Commodity prices and supply availability affect spreads and margins.,inferred_from_industry,"NSE classification, annual-report source inventory and sector value-chain mapping",0.6,inferred
ind_nifty500,AEGISVOPAK,Aegis Vopak Terminals Ltd.,regulatory tariffs and licenses,regulation,upstream,energy regulators,,high,mixed,0,365,"Tariffs, licenses and policy changes influence returns.",inferred_from_industry,"NSE classification, annual-report source inventory and sector value-chain mapping",0.6,inferred
ind_nifty500,AEGISVOPAK,Aegis Vopak Terminals Ltd.,industrial and commercial energy demand,customer_industry,downstream,industrial and commercial energy demand,,high,positive,0,120,Industrial activity and urban demand support offtake.,inferred_from_industry,"NSE classification, annual-report source inventory and sector value-chain mapping",0.6,inferred
ind_nifty500,AEGISVOPAK,Aegis Vopak Terminals Ltd.,regulated retail users,customer_industry,downstream,regulated retail users,,medium,positive,0,120,Retail demand and tariff regulation affect revenue.,inferred_from_industry,"NSE classification, annual-report source inventory and sector value-chain mapping",0.6,inferred
ind_nifty500,AFFLE,Affle 3i Ltd.,skilled technology labor,labour,upstream,IT talent market,,high,negative,0,90,"Wage inflation, utilisation and attrition affect margins.",inferred_from_industry,"NSE classification, annual-report source inventory and sector value-chain mapping",0.6,inferred
ind_nifty500,AFFLE,Affle 3i Ltd.,cloud and software ecosystems,software,upstream,cloud and enterprise software,,medium,mixed,0,180,Partner ecosystems shape delivery capability and demand.,inferred_from_industry,"NSE classification, annual-report source inventory and sector value-chain mapping",0.6,inferred
ind_nifty500,AFFLE,Affle 3i Ltd.,global enterprise IT,customer_industry,downstream,global enterprise IT,,high,positive,0,180,Enterprise technology budgets and deal ramp-ups drive revenue.,inferred_from_industry,"NSE classification, annual-report source inventory and sector value-chain mapping",0.6,inferred
ind_nifty500,AFFLE,Affle 3i Ltd.,industry technology buyers,customer_industry,downstream,industry technology buyers,,medium,positive,0,180,Customer capex and transformation programs influence project conversion.,inferred_from_industry,"NSE classification, annual-report source inventory and sector value-chain mapping",0.6,inferred
ind_nifty500,AIAENG,AIA Engineering Ltd.,"steel, copper, electronics and bought-out components",raw_material,upstream,metals and electrical components,,high,negative,0,180,Input cost inflation can affect project margins.,inferred_from_industry,"NSE classification, annual-report source inventory and sector value-chain mapping",0.6,inferred
ind_nifty500,AIAENG,AIA Engineering Ltd.,project execution labor and subcontractors,labour,upstream,engineering and construction services,,medium,negative,0,180,Execution availability and cost influence delivery timelines.,inferred_from_industry,"NSE classification, annual-report source inventory and sector value-chain mapping",0.6,inferred
ind_nifty500,AIAENG,AIA Engineering Ltd.,industrial and infrastructure capex,customer_industry,downstream,industrial and infrastructure capex,,high,positive,0,365,Private and public capex drives orders and execution.,inferred_from_industry,"NSE classification, annual-report source inventory and sector value-chain mapping",0.6,inferred
ind_nifty500,AIAENG,AIA Engineering Ltd.,government and regulated utilities,customer_industry,downstream,government and regulated utilities,,medium,positive,0,365,Tender awards and utility capex influence order inflow.,inferred_from_industry,"NSE classification, annual-report source inventory and sector value-chain mapping",0.6,inferred
ind_nifty500,AIIL,Authum Investment & Infrastructure Ltd.,"steel, copper, electronics and bought-out components",raw_material,upstream,metals and electrical components,,high,negative,0,180,Input cost inflation can affect project margins.,inferred_from_industry,"NSE classification, annual-report source inventory and sector value-chain mapping",0.6,inferred
ind_nifty500,AIIL,Authum Investment & Infrastructure Ltd.,project execution labor and subcontractors,labour,upstream,engineering and construction services,,medium,negative,0,180,Execution availability and cost influence delivery timelines.,inferred_from_industry,"NSE classification, annual-report source inventory and sector value-chain mapping",0.6,inferred
ind_nifty500,AIIL,Authum Investment & Infrastructure Ltd.,industrial and infrastructure capex,customer_industry,downstream,industrial and infrastructure capex,,high,positive,0,365,Private and public capex drives orders and execution.,inferred_from_industry,"NSE classification, annual-report source inventory and sector value-chain mapping",0.6,inferred
ind_nifty500,AIIL,Authum Investment & Infrastructure Ltd.,government and regulated utilities,customer_industry,downstream,government and regulated utilities,,medium,positive,0,365,Tender awards and utility capex influence order inflow.,inferred_from_industry,"NSE classification, annual-report source inventory and sector value-chain mapping",0.6,inferred
ind_nifty500,AMBUJACEM,Ambuja Cements Ltd.,"steel, copper, electronics and bought-out components",raw_material,upstream,metals and electrical components,,high,negative,0,180,Input cost inflation can affect project margins.,inferred_from_industry,"NSE classification, annual-report source inventory and sector value-chain mapping",0.6,inferred
ind_nifty500,AMBUJACEM,Ambuja Cements Ltd.,project execution labor and subcontractors,labour,upstream,engineering and construction services,,medium,negative,0,180,Execution availability and cost influence delivery timelines.,inferred_from_industry,"NSE classification, annual-report source inventory and sector value-chain mapping",0.6,inferred
ind_nifty500,AMBUJACEM,Ambuja Cements Ltd.,industrial and infrastructure capex,customer_industry,downstream,industrial and infrastructure capex,,high,positive,0,365,Private and public capex drives orders and execution.,inferred_from_industry,"NSE classification, annual-report source inventory and sector value-chain mapping",0.6,inferred
ind_nifty500,AMBUJACEM,Ambuja Cements Ltd.,government and regulated utilities,customer_industry,downstream,government and regulated utilities,,medium,positive,0,365,Tender awards and utility capex influence order inflow.,inferred_from_industry,"NSE classification, annual-report source inventory and sector value-chain mapping",0.6,inferred
ind_nifty500,ANANDRATHI,Anand Rathi Wealth Ltd.,"raw materials, energy and logistics",raw_material,upstream,industrial suppliers and logistics,,medium,negative,0,120,Input and freight costs influence margins.,inferred_from_industry,"NSE classification, annual-report source inventory and sector value-chain mapping",0.6,inferred
ind_nifty500,ANANDRATHI,Anand Rathi Wealth Ltd.,skilled labor and services,labour,upstream,labor and service providers,,medium,negative,0,120,Labor and service availability affects execution and cost.,inferred_from_industry,"NSE classification, annual-report source inventory and sector value-chain mapping",0.6,inferred
ind_nifty500,ANANDRATHI,Anand Rathi Wealth Ltd.,industry end-market demand,customer_industry,downstream,industry end-market demand,,high,positive,0,180,End-market demand and utilisation drive revenue.,inferred_from_industry,"NSE classification, annual-report source inventory and sector value-chain mapping",0.6,inferred
ind_nifty500,ANANDRATHI,Anand Rathi Wealth Ltd.,channel or institutional customers,customer_industry,downstream,channel or institutional customers,,medium,positive,0,180,"Distribution, tender or institutional demand affects volumes.",inferred_from_industry,"NSE classification, annual-report source inventory and sector value-chain mapping",0.6,inferred
ind_nifty500,ANGELONE,Angel One Ltd.,"raw materials, energy and logistics",raw_material,upstream,industrial suppliers and logistics,,medium,negative,0,120,Input and freight costs influence margins.,inferred_from_industry,"NSE classification, annual-report source inventory and sector value-chain mapping",0.6,inferred
ind_nifty500,ANGELONE,Angel One Ltd.,skilled labor and services,labour,upstream,labor and service providers,,medium,negative,0,120,Labor and service availability affects execution and cost.,inferred_from_industry,"NSE classification, annual-report source inventory and sector value-chain mapping",0.6,inferred
ind_nifty500,ANGELONE,Angel One Ltd.,industry end-market demand,customer_industry,downstream,industry end-market demand,,high,positive,0,180,End-market demand and utilisation drive revenue.,inferred_from_industry,"NSE classification, annual-report source inventory and sector value-chain mapping",0.6,inferred
ind_nifty500,ANGELONE,Angel One Ltd.,channel or institutional customers,customer_industry,downstream,channel or institutional customers,,medium,positive,0,180,"Distribution, tender or institutional demand affects volumes.",inferred_from_industry,"NSE classification, annual-report source inventory and sector value-chain mapping",0.6,inferred
ind_nifty500,ANTHEM,Anthem Biosciences Ltd.,"APIs, KSMs, medical supplies and consumables",raw_material,upstream,pharma intermediates and healthcare supplies,,high,negative,0,120,Input availability and compliance influence margins and supply reliability.,inferred_from_industry,"NSE classification, annual-report source inventory and sector value-chain mapping",0.6,inferred
ind_nifty500,ANTHEM,Anthem Biosciences Ltd.,regulatory approvals and quality systems,regulation,upstream,healthcare regulators,,high,mixed,0,365,Approvals enable launches and capacity use; observations can disrupt supply.,inferred_from_industry,"NSE classification, annual-report source inventory and sector value-chain mapping",0.6,inferred
ind_nifty500,ANTHEM,Anthem Biosciences Ltd.,domestic healthcare demand,customer_industry,downstream,domestic healthcare demand,,high,positive,0,120,"Healthcare access, prescriptions and patient volumes support revenue.",inferred_from_industry,"NSE classification, annual-report source inventory and sector value-chain mapping",0.6,inferred
ind_nifty500,ANTHEM,Anthem Biosciences Ltd.,regulated export or institutional markets,customer_industry,downstream,regulated export or institutional markets,,medium,mixed,0,180,Approvals and tender flows can lift revenue while pricing pressure can offset volume.,inferred_from_industry,"NSE classification, annual-report source inventory and sector value-chain mapping",0.6,inferred
ind_nifty500,ANURAS,Anupam Rasayan India Ltd.,"petrochemical feedstocks, solvents and energy",raw_material,upstream,petrochemicals and energy,,high,negative,0,90,Feedstock and energy inflation affects gross margins.,inferred_from_industry,"NSE classification, annual-report source inventory and sector value-chain mapping",0.6,inferred
ind_nifty500,ANURAS,Anupam Rasayan India Ltd.,environmental and product approvals,regulation,upstream,chemical regulators,,high,mixed,0,365,Approvals and environmental compliance shape operating continuity.,inferred_from_industry,"NSE classification, annual-report source inventory and sector value-chain mapping",0.6,inferred
ind_nifty500,ANURAS,Anupam Rasayan India Ltd.,industrial manufacturing,customer_industry,downstream,industrial manufacturing,,high,positive,0,120,Industrial production drives chemical demand.,inferred_from_industry,"NSE classification, annual-report source inventory and sector value-chain mapping",0.6,inferred
ind_nifty500,ANURAS,Anupam Rasayan India Ltd.,agriculture and regulated end-markets,customer_industry,downstream,agriculture and regulated end-markets,,medium,positive,0,180,Seasonal and regulated demand affects volumes and mix.,inferred_from_industry,"NSE classification, annual-report source inventory and sector value-chain mapping",0.6,inferred
ind_nifty500,APOLLOHOSP,Apollo Hospitals Enterprise Ltd.,"APIs, KSMs, medical supplies and consumables",raw_material,upstream,pharma intermediates and healthcare supplies,,high,negative,0,120,Input availability and compliance influence margins and supply reliability.,inferred_from_industry,"NSE classification, annual-report source inventory and sector value-chain mapping",0.6,inferred
ind_nifty500,APOLLOHOSP,Apollo Hospitals Enterprise Ltd.,regulatory approvals and quality systems,regulation,upstream,healthcare regulators,,high,mixed,0,365,Approvals enable launches and capacity use; observations can disrupt supply.,inferred_from_industry,"NSE classification, annual-report source inventory and sector value-chain mapping",0.6,inferred
ind_nifty500,APOLLOHOSP,Apollo Hospitals Enterprise Ltd.,domestic healthcare demand,customer_industry,downstream,domestic healthcare demand,,high,positive,0,120,"Healthcare access, prescriptions and patient volumes support revenue.",inferred_from_industry,"NSE classification, annual-report source inventory and sector value-chain mapping",0.6,inferred
ind_nifty500,APOLLOHOSP,Apollo Hospitals Enterprise Ltd.,regulated export or institutional markets,customer_industry,downstream,regulated export or institutional markets,,medium,mixed,0,180,Approvals and tender flows can lift revenue while pricing pressure can offset volume.,inferred_from_industry,"NSE classification, annual-report source inventory and sector value-chain mapping",0.6,inferred
ind_nifty500,APTUS,Aptus Value Housing Finance India Ltd.,"raw materials, energy and logistics",raw_material,upstream,industrial suppliers and logistics,,medium,negative,0,120,Input and freight costs influence margins.,inferred_from_industry,"NSE classification, annual-report source inventory and sector value-chain mapping",0.6,inferred
ind_nifty500,APTUS,Aptus Value Housing Finance India Ltd.,skilled labor and services,labour,upstream,labor and service providers,,medium,negative,0,120,Labor and service availability affects execution and cost.,inferred_from_industry,"NSE classification, annual-report source inventory and sector value-chain mapping",0.6,inferred
ind_nifty500,APTUS,Aptus Value Housing Finance India Ltd.,industry end-market demand,customer_industry,downstream,industry end-market demand,,high,positive,0,180,End-market demand and utilisation drive revenue.,inferred_from_industry,"NSE classification, annual-report source inventory and sector value-chain mapping",0.6,inferred
ind_nifty500,APTUS,Aptus Value Housing Finance India Ltd.,channel or institutional customers,customer_industry,downstream,channel or institutional customers,,medium,positive,0,180,"Distribution, tender or institutional demand affects volumes.",inferred_from_industry,"NSE classification, annual-report source inventory and sector value-chain mapping",0.6,inferred
ind_nifty500,ASAHIINDIA,Asahi India Glass Ltd.,"steel, aluminium, rubber and components",raw_material,upstream,"metals, rubber and auto components",,high,negative,0,120,Commodity and component costs affect gross margin.,inferred_from_industry,"NSE classification, annual-report source inventory and sector value-chain mapping",0.6,inferred
ind_nifty500,ASAHIINDIA,Asahi India Glass Ltd.,electronics and logistics,component,upstream,electronics and logistics,,medium,negative,0,180,Supply availability affects production continuity.,inferred_from_industry,"NSE classification, annual-report source inventory and sector value-chain mapping",0.6,inferred
ind_nifty500,ASAHIINDIA,Asahi India Glass Ltd.,Indian auto demand,customer_industry,downstream,Indian auto demand,,high,positive,0,120,"Consumer income, financing and fleet demand drive volumes.",inferred_from_industry,"NSE classification, annual-report source inventory and sector value-chain mapping",0.6,inferred
ind_nifty500,ASAHIINDIA,Asahi India Glass Ltd.,OEM production and replacement market,customer_industry,downstream,OEM production and replacement market,,high,positive,0,180,OEM production schedules and replacement cycles affect revenue.,inferred_from_industry,"NSE classification, annual-report source inventory and sector value-chain mapping",0.6,inferred
ind_nifty500,ASHOKLEY,Ashok Leyland Ltd.,"steel, aluminium, rubber and components",raw_material,upstream,"metals, rubber and auto components",,high,negative,0,120,Commodity and component costs affect gross margin.,inferred_from_industry,"NSE classification, annual-report source inventory and sector value-chain mapping",0.6,inferred
ind_nifty500,ASHOKLEY,Ashok Leyland Ltd.,electronics and logistics,component,upstream,electronics and logistics,,medium,negative,0,180,Supply availability affects production continuity.,inferred_from_industry,"NSE classification, annual-report source inventory and sector value-chain mapping",0.6,inferred
ind_nifty500,ASHOKLEY,Ashok Leyland Ltd.,Indian auto demand,customer_industry,downstream,Indian auto demand,,high,positive,0,120,"Consumer income, financing and fleet demand drive volumes.",inferred_from_industry,"NSE classification, annual-report source inventory and sector value-chain mapping",0.6,inferred
ind_nifty500,ASHOKLEY,Ashok Leyland Ltd.,OEM production and replacement market,customer_industry,downstream,OEM production and replacement market,,high,positive,0,180,OEM production schedules and replacement cycles affect revenue.,inferred_from_industry,"NSE classification, annual-report source inventory and sector value-chain mapping",0.6,inferred
ind_nifty500,ATHERENERG,Ather Energy Ltd.,"steel, aluminium, rubber and components",raw_material,upstream,"metals, rubber and auto components",,high,negative,0,120,Commodity and component costs affect gross margin.,inferred_from_industry,"NSE classification, annual-report source inventory and sector value-chain mapping",0.6,inferred
ind_nifty500,ATHERENERG,Ather Energy Ltd.,electronics and logistics,component,upstream,electronics and logistics,,medium,negative,0,180,Supply availability affects production continuity.,inferred_from_industry,"NSE classification, annual-report source inventory and sector value-chain mapping",0.6,inferred
ind_nifty500,ATHERENERG,Ather Energy Ltd.,Indian auto demand,customer_industry,downstream,Indian auto demand,,high,positive,0,120,"Consumer income, financing and fleet demand drive volumes.",inferred_from_industry,"NSE classification, annual-report source inventory and sector value-chain mapping",0.6,inferred
ind_nifty500,ATHERENERG,Ather Energy Ltd.,OEM production and replacement market,customer_industry,downstream,OEM production and replacement market,,high,positive,0,180,OEM production schedules and replacement cycles affect revenue.,inferred_from_industry,"NSE classification, annual-report source inventory and sector value-chain mapping",0.6,inferred
ind_nifty500,AUBANK,AU Small Finance Bank Ltd.,"raw materials, energy and logistics",raw_material,upstream,industrial suppliers and logistics,,medium,negative,0,120,Input and freight costs influence margins.,inferred_from_industry,"NSE classification, annual-report source inventory and sector value-chain mapping",0.6,inferred
ind_nifty500,AUBANK,AU Small Finance Bank Ltd.,skilled labor and services,labour,upstream,labor and service providers,,medium,negative,0,120,Labor and service availability affects execution and cost.,inferred_from_industry,"NSE classification, annual-report source inventory and sector value-chain mapping",0.6,inferred
ind_nifty500,AUBANK,AU Small Finance Bank Ltd.,industry end-market demand,customer_industry,downstream,industry end-market demand,,high,positive,0,180,End-market demand and utilisation drive revenue.,inferred_from_industry,"NSE classification, annual-report source inventory and sector value-chain mapping",0.6,inferred
ind_nifty500,AUBANK,AU Small Finance Bank Ltd.,channel or institutional customers,customer_industry,downstream,channel or institutional customers,,medium,positive,0,180,"Distribution, tender or institutional demand affects volumes.",inferred_from_industry,"NSE classification, annual-report source inventory and sector value-chain mapping",0.6,inferred
ind_nifty500,AWL,AWL Agri Business Ltd.,"commodities, packaging and merchandise",raw_material,upstream,"agri, chemical, textile and packaging suppliers",,high,negative,0,90,Commodity and packaging inflation affects gross margin.,inferred_from_industry,"NSE classification, annual-report source inventory and sector value-chain mapping",0.6,inferred
ind_nifty500,AWL,AWL Agri Business Ltd.,"advertising, logistics and retail occupancy",other,upstream,"media, logistics and retail real estate",,medium,negative,0,120,Brand and channel costs influence operating margin.,inferred_from_industry,"NSE classification, annual-report source inventory and sector value-chain mapping",0.6,inferred
ind_nifty500,AWL,AWL Agri Business Ltd.,Indian household consumption,customer_industry,downstream,Indian household consumption,,high,positive,0,90,"Household income, pricing and distribution reach drive demand.",inferred_from_industry,"NSE classification, annual-report source inventory and sector value-chain mapping",0.6,inferred
ind_nifty500,AWL,AWL Agri Business Ltd.,retail and e-commerce channels,customer_industry,downstream,retail and e-commerce channels,,medium,positive,0,120,Channel expansion and inventory availability support revenue.,inferred_from_industry,"NSE classification, annual-report source inventory and sector value-chain mapping",0.6,inferred
ind_nifty500,AXISBANK,Axis Bank Ltd.,"raw materials, energy and logistics",raw_material,upstream,industrial suppliers and logistics,,medium,negative,0,120,Input and freight costs influence margins.,inferred_from_industry,"NSE classification, annual-report source inventory and sector value-chain mapping",0.6,inferred
ind_nifty500,AXISBANK,Axis Bank Ltd.,skilled labor and services,labour,upstream,labor and service providers,,medium,negative,0,120,Labor and service availability affects execution and cost.,inferred_from_industry,"NSE classification, annual-report source inventory and sector value-chain mapping",0.6,inferred
ind_nifty500,AXISBANK,Axis Bank Ltd.,industry end-market demand,customer_industry,downstream,industry end-market demand,,high,positive,0,180,End-market demand and utilisation drive revenue.,inferred_from_industry,"NSE classification, annual-report source inventory and sector value-chain mapping",0.6,inferred
ind_nifty500,AXISBANK,Axis Bank Ltd.,channel or institutional customers,customer_industry,downstream,channel or institutional customers,,medium,positive,0,180,"Distribution, tender or institutional demand affects volumes.",inferred_from_industry,"NSE classification, annual-report source inventory and sector value-chain mapping",0.6,inferred
ind_nifty500,BAJAJ-AUTO,Bajaj Auto Ltd.,"steel, aluminium, rubber and components",raw_material,upstream,"metals, rubber and auto components",,high,negative,0,120,Commodity and component costs affect gross margin.,inferred_from_industry,"NSE classification, annual-report source inventory and sector value-chain mapping",0.6,inferred
ind_nifty500,BAJAJ-AUTO,Bajaj Auto Ltd.,electronics and logistics,component,upstream,electronics and logistics,,medium,negative,0,180,Supply availability affects production continuity.,inferred_from_industry,"NSE classification, annual-report source inventory and sector value-chain mapping",0.6,inferred
ind_nifty500,BAJAJ-AUTO,Bajaj Auto Ltd.,Indian auto demand,customer_industry,downstream,Indian auto demand,,high,positive,0,120,"Consumer income, financing and fleet demand drive volumes.",inferred_from_industry,"NSE classification, annual-report source inventory and sector value-chain mapping",0.6,inferred
ind_nifty500,BAJAJ-AUTO,Bajaj Auto Ltd.,OEM production and replacement market,customer_industry,downstream,OEM production and replacement market,,high,positive,0,180,OEM production schedules and replacement cycles affect revenue.,inferred_from_industry,"NSE classification, annual-report source inventory and sector value-chain mapping",0.6,inferred
ind_nifty500,BAJAJFINSV,Bajaj Finserv Ltd.,"raw materials, energy and logistics",raw_material,upstream,industrial suppliers and logistics,,medium,negative,0,120,Input and freight costs influence margins.,inferred_from_industry,"NSE classification, annual-report source inventory and sector value-chain mapping",0.6,inferred
ind_nifty500,BAJAJFINSV,Bajaj Finserv Ltd.,skilled labor and services,labour,upstream,labor and service providers,,medium,negative,0,120,Labor and service availability affects execution and cost.,inferred_from_industry,"NSE classification, annual-report source inventory and sector value-chain mapping",0.6,inferred
ind_nifty500,BAJAJFINSV,Bajaj Finserv Ltd.,industry end-market demand,customer_industry,downstream,industry end-market demand,,high,positive,0,180,End-market demand and utilisation drive revenue.,inferred_from_industry,"NSE classification, annual-report source inventory and sector value-chain mapping",0.6,inferred
ind_nifty500,BAJAJFINSV,Bajaj Finserv Ltd.,channel or institutional customers,customer_industry,downstream,channel or institutional customers,,medium,positive,0,180,"Distribution, tender or institutional demand affects volumes.",inferred_from_industry,"NSE classification, annual-report source inventory and sector value-chain mapping",0.6,inferred
ind_nifty500,BAJAJHFL,Bajaj Housing Finance Ltd.,"raw materials, energy and logistics",raw_material,upstream,industrial suppliers and logistics,,medium,negative,0,120,Input and freight costs influence margins.,inferred_from_industry,"NSE classification, annual-report source inventory and sector value-chain mapping",0.6,inferred
ind_nifty500,BAJAJHFL,Bajaj Housing Finance Ltd.,skilled labor and services,labour,upstream,labor and service providers,,medium,negative,0,120,Labor and service availability affects execution and cost.,inferred_from_industry,"NSE classification, annual-report source inventory and sector value-chain mapping",0.6,inferred
ind_nifty500,BAJAJHFL,Bajaj Housing Finance Ltd.,industry end-market demand,customer_industry,downstream,industry end-market demand,,high,positive,0,180,End-market demand and utilisation drive revenue.,inferred_from_industry,"NSE classification, annual-report source inventory and sector value-chain mapping",0.6,inferred
ind_nifty500,BAJAJHFL,Bajaj Housing Finance Ltd.,channel or institutional customers,customer_industry,downstream,channel or institutional customers,,medium,positive,0,180,"Distribution, tender or institutional demand affects volumes.",inferred_from_industry,"NSE classification, annual-report source inventory and sector value-chain mapping",0.6,inferred
ind_nifty500,BAJAJHLDNG,Bajaj Holdings & Investment Ltd.,"raw materials, energy and logistics",raw_material,upstream,industrial suppliers and logistics,,medium,negative,0,120,Input and freight costs influence margins.,inferred_from_industry,"NSE classification, annual-report source inventory and sector value-chain mapping",0.6,inferred
ind_nifty500,BAJAJHLDNG,Bajaj Holdings & Investment Ltd.,skilled labor and services,labour,upstream,labor and service providers,,medium,negative,0,120,Labor and service availability affects execution and cost.,inferred_from_industry,"NSE classification, annual-report source inventory and sector value-chain mapping",0.6,inferred
ind_nifty500,BAJAJHLDNG,Bajaj Holdings & Investment Ltd.,industry end-market demand,customer_industry,downstream,industry end-market demand,,high,positive,0,180,End-market demand and utilisation drive revenue.,inferred_from_industry,"NSE classification, annual-report source inventory and sector value-chain mapping",0.6,inferred
ind_nifty500,BAJAJHLDNG,Bajaj Holdings & Investment Ltd.,channel or institutional customers,customer_industry,downstream,channel or institutional customers,,medium,positive,0,180,"Distribution, tender or institutional demand affects volumes.",inferred_from_industry,"NSE classification, annual-report source inventory and sector value-chain mapping",0.6,inferred
ind_nifty500,BAJFINANCE,Bajaj Finance Ltd.,"raw materials, energy and logistics",raw_material,upstream,industrial suppliers and logistics,,medium,negative,0,120,Input and freight costs influence margins.,inferred_from_industry,"NSE classification, annual-report source inventory and sector value-chain mapping",0.6,inferred
ind_nifty500,BAJFINANCE,Bajaj Finance Ltd.,skilled labor and services,labour,upstream,labor and service providers,,medium,negative,0,120,Labor and service availability affects execution and cost.,inferred_from_industry,"NSE classification, annual-report source inventory and sector value-chain mapping",0.6,inferred
ind_nifty500,BAJFINANCE,Bajaj Finance Ltd.,industry end-market demand,customer_industry,downstream,industry end-market demand,,high,positive,0,180,End-market demand and utilisation drive revenue.,inferred_from_industry,"NSE classification, annual-report source inventory and sector value-chain mapping",0.6,inferred
ind_nifty500,BAJFINANCE,Bajaj Finance Ltd.,channel or institutional customers,customer_industry,downstream,channel or institutional customers,,medium,positive,0,180,"Distribution, tender or institutional demand affects volumes.",inferred_from_industry,"NSE classification, annual-report source inventory and sector value-chain mapping",0.6,inferred
ind_nifty500,BALRAMCHIN,Balrampur Chini Mills Ltd.,"commodities, packaging and merchandise",raw_material,upstream,"agri, chemical, textile and packaging suppliers",,high,negative,0,90,Commodity and packaging inflation affects gross margin.,inferred_from_industry,"NSE classification, annual-report source inventory and sector value-chain mapping",0.6,inferred
ind_nifty500,BALRAMCHIN,Balrampur Chini Mills Ltd.,"advertising, logistics and retail occupancy",other,upstream,"media, logistics and retail real estate",,medium,negative,0,120,Brand and channel costs influence operating margin.,inferred_from_industry,"NSE classification, annual-report source inventory and sector value-chain mapping",0.6,inferred
ind_nifty500,BALRAMCHIN,Balrampur Chini Mills Ltd.,Indian household consumption,customer_industry,downstream,Indian household consumption,,high,positive,0,90,"Household income, pricing and distribution reach drive demand.",inferred_from_industry,"NSE classification, annual-report source inventory and sector value-chain mapping",0.6,inferred
ind_nifty500,BALRAMCHIN,Balrampur Chini Mills Ltd.,retail and e-commerce channels,customer_industry,downstream,retail and e-commerce channels,,medium,positive,0,120,Channel expansion and inventory availability support revenue.,inferred_from_industry,"NSE classification, annual-report source inventory and sector value-chain mapping",0.6,inferred
ind_nifty500,BANDHANBNK,Bandhan Bank Ltd.,"raw materials, energy and logistics",raw_material,upstream,industrial suppliers and logistics,,medium,negative,0,120,Input and freight costs influence margins.,inferred_from_industry,"NSE classification, annual-report source inventory and sector value-chain mapping",0.6,inferred
ind_nifty500,BANDHANBNK,Bandhan Bank Ltd.,skilled labor and services,labour,upstream,labor and service providers,,medium,negative,0,120,Labor and service availability affects execution and cost.,inferred_from_industry,"NSE classification, annual-report source inventory and sector value-chain mapping",0.6,inferred
ind_nifty500,BANDHANBNK,Bandhan Bank Ltd.,industry end-market demand,customer_industry,downstream,industry end-market demand,,high,positive,0,180,End-market demand and utilisation drive revenue.,inferred_from_industry,"NSE classification, annual-report source inventory and sector value-chain mapping",0.6,inferred
ind_nifty500,BANDHANBNK,Bandhan Bank Ltd.,channel or institutional customers,customer_industry,downstream,channel or institutional customers,,medium,positive,0,180,"Distribution, tender or institutional demand affects volumes.",inferred_from_industry,"NSE classification, annual-report source inventory and sector value-chain mapping",0.6,inferred
ind_nifty500,BANKBARODA,Bank of Baroda,"raw materials, energy and logistics",raw_material,upstream,industrial suppliers and logistics,,medium,negative,0,120,Input and freight costs influence margins.,inferred_from_industry,"NSE classification, annual-report source inventory and sector value-chain mapping",0.6,inferred
ind_nifty500,BANKBARODA,Bank of Baroda,skilled labor and services,labour,upstream,labor and service providers,,medium,negative,0,120,Labor and service availability affects execution and cost.,inferred_from_industry,"NSE classification, annual-report source inventory and sector value-chain mapping",0.6,inferred
ind_nifty500,BANKBARODA,Bank of Baroda,industry end-market demand,customer_industry,downstream,industry end-market demand,,high,positive,0,180,End-market demand and utilisation drive revenue.,inferred_from_industry,"NSE classification, annual-report source inventory and sector value-chain mapping",0.6,inferred
ind_nifty500,BANKBARODA,Bank of Baroda,channel or institutional customers,customer_industry,downstream,channel or institutional customers,,medium,positive,0,180,"Distribution, tender or institutional demand affects volumes.",inferred_from_industry,"NSE classification, annual-report source inventory and sector value-chain mapping",0.6,inferred
ind_nifty500,BANKINDIA,Bank of India,"raw materials, energy and logistics",raw_material,upstream,industrial suppliers and logistics,,medium,negative,0,120,Input and freight costs influence margins.,inferred_from_industry,"NSE classification, annual-report source inventory and sector value-chain mapping",0.6,inferred
ind_nifty500,BANKINDIA,Bank of India,skilled labor and services,labour,upstream,labor and service providers,,medium,negative,0,120,Labor and service availability affects execution and cost.,inferred_from_industry,"NSE classification, annual-report source inventory and sector value-chain mapping",0.6,inferred
ind_nifty500,BANKINDIA,Bank of India,industry end-market demand,customer_industry,downstream,industry end-market demand,,high,positive,0,180,End-market demand and utilisation drive revenue.,inferred_from_industry,"NSE classification, annual-report source inventory and sector value-chain mapping",0.6,inferred
ind_nifty500,BANKINDIA,Bank of India,channel or institutional customers,customer_industry,downstream,channel or institutional customers,,medium,positive,0,180,"Distribution, tender or institutional demand affects volumes.",inferred_from_industry,"NSE classification, annual-report source inventory and sector value-chain mapping",0.6,inferred
ind_nifty500,BDL,Bharat Dynamics Ltd.,"steel, copper, electronics and bought-out components",raw_material,upstream,metals and electrical components,,high,negative,0,180,Input cost inflation can affect project margins.,inferred_from_industry,"NSE classification, annual-report source inventory and sector value-chain mapping",0.6,inferred
ind_nifty500,BDL,Bharat Dynamics Ltd.,project execution labor and subcontractors,labour,upstream,engineering and construction services,,medium,negative,0,180,Execution availability and cost influence delivery timelines.,inferred_from_industry,"NSE classification, annual-report source inventory and sector value-chain mapping",0.6,inferred
ind_nifty500,BDL,Bharat Dynamics Ltd.,industrial and infrastructure capex,customer_industry,downstream,industrial and infrastructure capex,,high,positive,0,365,Private and public capex drives orders and execution.,inferred_from_industry,"NSE classification, annual-report source inventory and sector value-chain mapping",0.6,inferred
ind_nifty500,BDL,Bharat Dynamics Ltd.,government and regulated utilities,customer_industry,downstream,government and regulated utilities,,medium,positive,0,365,Tender awards and utility capex influence order inflow.,inferred_from_industry,"NSE classification, annual-report source inventory and sector value-chain mapping",0.6,inferred
ind_nifty500,BEL,Bharat Electronics Ltd.,"steel, copper, electronics and bought-out components",raw_material,upstream,metals and electrical components,,high,negative,0,180,Input cost inflation can affect project margins.,inferred_from_industry,"NSE classification, annual-report source inventory and sector value-chain mapping",0.6,inferred
ind_nifty500,BEL,Bharat Electronics Ltd.,project execution labor and subcontractors,labour,upstream,engineering and construction services,,medium,negative,0,180,Execution availability and cost influence delivery timelines.,inferred_from_industry,"NSE classification, annual-report source inventory and sector value-chain mapping",0.6,inferred
ind_nifty500,BEL,Bharat Electronics Ltd.,industrial and infrastructure capex,customer_industry,downstream,industrial and infrastructure capex,,high,positive,0,365,Private and public capex drives orders and execution.,inferred_from_industry,"NSE classification, annual-report source inventory and sector value-chain mapping",0.6,inferred
ind_nifty500,BEL,Bharat Electronics Ltd.,government and regulated utilities,customer_industry,downstream,government and regulated utilities,,medium,positive,0,365,Tender awards and utility capex influence order inflow.,inferred_from_industry,"NSE classification, annual-report source inventory and sector value-chain mapping",0.6,inferred
ind_nifty500,BELRISE,Belrise Industries Ltd.,"steel, aluminium, rubber and components",raw_material,upstream,"metals, rubber and auto components",,high,negative,0,120,Commodity and component costs affect gross margin.,inferred_from_industry,"NSE classification, annual-report source inventory and sector value-chain mapping",0.6,inferred
ind_nifty500,BELRISE,Belrise Industries Ltd.,electronics and logistics,component,upstream,electronics and logistics,,medium,negative,0,180,Supply availability affects production continuity.,inferred_from_industry,"NSE classification, annual-report source inventory and sector value-chain mapping",0.6,inferred
ind_nifty500,BELRISE,Belrise Industries Ltd.,Indian auto demand,customer_industry,downstream,Indian auto demand,,high,positive,0,120,"Consumer income, financing and fleet demand drive volumes.",inferred_from_industry,"NSE classification, annual-report source inventory and sector value-chain mapping",0.6,inferred
ind_nifty500,BELRISE,Belrise Industries Ltd.,OEM production and replacement market,customer_industry,downstream,OEM production and replacement market,,high,positive,0,180,OEM production schedules and replacement cycles affect revenue.,inferred_from_industry,"NSE classification, annual-report source inventory and sector value-chain mapping",0.6,inferred
ind_nifty500,BEML,BEML Ltd.,"steel, aluminium, rubber and components",raw_material,upstream,"metals, rubber and auto components",,high,negative,0,120,Commodity and component costs affect gross margin.,inferred_from_industry,"NSE classification, annual-report source inventory and sector value-chain mapping",0.6,inferred
ind_nifty500,BEML,BEML Ltd.,electronics and logistics,component,upstream,electronics and logistics,,medium,negative,0,180,Supply availability affects production continuity.,inferred_from_industry,"NSE classification, annual-report source inventory and sector value-chain mapping",0.6,inferred
ind_nifty500,BEML,BEML Ltd.,Indian auto demand,customer_industry,downstream,Indian auto demand,,high,positive,0,120,"Consumer income, financing and fleet demand drive volumes.",inferred_from_industry,"NSE classification, annual-report source inventory and sector value-chain mapping",0.6,inferred
ind_nifty500,BEML,BEML Ltd.,OEM production and replacement market,customer_industry,downstream,OEM production and replacement market,,high,positive,0,180,OEM production schedules and replacement cycles affect revenue.,inferred_from_industry,"NSE classification, annual-report source inventory and sector value-chain mapping",0.6,inferred
ind_nifty500,BHARATFORG,Bharat Forge Ltd.,"steel, aluminium, rubber and components",raw_material,upstream,"metals, rubber and auto components",,high,negative,0,120,Commodity and component costs affect gross margin.,inferred_from_industry,"NSE classification, annual-report source inventory and sector value-chain mapping",0.6,inferred
ind_nifty500,BHARATFORG,Bharat Forge Ltd.,electronics and logistics,component,upstream,electronics and logistics,,medium,negative,0,180,Supply availability affects production continuity.,inferred_from_industry,"NSE classification, annual-report source inventory and sector value-chain mapping",0.6,inferred
ind_nifty500,BHARATFORG,Bharat Forge Ltd.,Indian auto demand,customer_industry,downstream,Indian auto demand,,high,positive,0,120,"Consumer income, financing and fleet demand drive volumes.",inferred_from_industry,"NSE classification, annual-report source inventory and sector value-chain mapping",0.6,inferred
ind_nifty500,BHARATFORG,Bharat Forge Ltd.,OEM production and replacement market,customer_industry,downstream,OEM production and replacement market,,high,positive,0,180,OEM production schedules and replacement cycles affect revenue.,inferred_from_industry,"NSE classification, annual-report source inventory and sector value-chain mapping",0.6,inferred
ind_nifty500,BHARTIARTL,Bharti Airtel Ltd.,"raw materials, energy and logistics",raw_material,upstream,industrial suppliers and logistics,,medium,negative,0,120,Input and freight costs influence margins.,inferred_from_industry,"NSE classification, annual-report source inventory and sector value-chain mapping",0.6,inferred
ind_nifty500,BHARTIARTL,Bharti Airtel Ltd.,skilled labor and services,labour,upstream,labor and service providers,,medium,negative,0,120,Labor and service availability affects execution and cost.,inferred_from_industry,"NSE classification, annual-report source inventory and sector value-chain mapping",0.6,inferred
ind_nifty500,BHARTIARTL,Bharti Airtel Ltd.,industry end-market demand,customer_industry,downstream,industry end-market demand,,high,positive,0,180,End-market demand and utilisation drive revenue.,inferred_from_industry,"NSE classification, annual-report source inventory and sector value-chain mapping",0.6,inferred
ind_nifty500,BHARTIARTL,Bharti Airtel Ltd.,channel or institutional customers,customer_industry,downstream,channel or institutional customers,,medium,positive,0,180,"Distribution, tender or institutional demand affects volumes.",inferred_from_industry,"NSE classification, annual-report source inventory and sector value-chain mapping",0.6,inferred
ind_nifty500,BHARTIHEXA,Bharti Hexacom Ltd.,"raw materials, energy and logistics",raw_material,upstream,industrial suppliers and logistics,,medium,negative,0,120,Input and freight costs influence margins.,inferred_from_industry,"NSE classification, annual-report source inventory and sector value-chain mapping",0.6,inferred
ind_nifty500,BHARTIHEXA,Bharti Hexacom Ltd.,skilled labor and services,labour,upstream,labor and service providers,,medium,negative,0,120,Labor and service availability affects execution and cost.,inferred_from_industry,"NSE classification, annual-report source inventory and sector value-chain mapping",0.6,inferred
ind_nifty500,BHARTIHEXA,Bharti Hexacom Ltd.,industry end-market demand,customer_industry,downstream,industry end-market demand,,high,positive,0,180,End-market demand and utilisation drive revenue.,inferred_from_industry,"NSE classification, annual-report source inventory and sector value-chain mapping",0.6,inferred
ind_nifty500,BHARTIHEXA,Bharti Hexacom Ltd.,channel or institutional customers,customer_industry,downstream,channel or institutional customers,,medium,positive,0,180,"Distribution, tender or institutional demand affects volumes.",inferred_from_industry,"NSE classification, annual-report source inventory and sector value-chain mapping",0.6,inferred
ind_nifty500,BIOCON,Biocon Ltd.,"APIs, KSMs, medical supplies and consumables",raw_material,upstream,pharma intermediates and healthcare supplies,,high,negative,0,120,Input availability and compliance influence margins and supply reliability.,inferred_from_industry,"NSE classification, annual-report source inventory and sector value-chain mapping",0.6,inferred
ind_nifty500,BIOCON,Biocon Ltd.,regulatory approvals and quality systems,regulation,upstream,healthcare regulators,,high,mixed,0,365,Approvals enable launches and capacity use; observations can disrupt supply.,inferred_from_industry,"NSE classification, annual-report source inventory and sector value-chain mapping",0.6,inferred
ind_nifty500,BIOCON,Biocon Ltd.,domestic healthcare demand,customer_industry,downstream,domestic healthcare demand,,high,positive,0,120,"Healthcare access, prescriptions and patient volumes support revenue.",inferred_from_industry,"NSE classification, annual-report source inventory and sector value-chain mapping",0.6,inferred
ind_nifty500,BIOCON,Biocon Ltd.,regulated export or institutional markets,customer_industry,downstream,regulated export or institutional markets,,medium,mixed,0,180,Approvals and tender flows can lift revenue while pricing pressure can offset volume.,inferred_from_industry,"NSE classification, annual-report source inventory and sector value-chain mapping",0.6,inferred
ind_nifty500,BLS,BLS International Services Ltd.,"commodities, packaging and merchandise",raw_material,upstream,"agri, chemical, textile and packaging suppliers",,high,negative,0,90,Commodity and packaging inflation affects gross margin.,inferred_from_industry,"NSE classification, annual-report source inventory and sector value-chain mapping",0.6,inferred
ind_nifty500,BLS,BLS International Services Ltd.,"advertising, logistics and retail occupancy",other,upstream,"media, logistics and retail real estate",,medium,negative,0,120,Brand and channel costs influence operating margin.,inferred_from_industry,"NSE classification, annual-report source inventory and sector value-chain mapping",0.6,inferred
ind_nifty500,BLS,BLS International Services Ltd.,Indian household consumption,customer_industry,downstream,Indian household consumption,,high,positive,0,90,"Household income, pricing and distribution reach drive demand.",inferred_from_industry,"NSE classification, annual-report source inventory and sector value-chain mapping",0.6,inferred
ind_nifty500,BLS,BLS International Services Ltd.,retail and e-commerce channels,customer_industry,downstream,retail and e-commerce channels,,medium,positive,0,120,Channel expansion and inventory availability support revenue.,inferred_from_industry,"NSE classification, annual-report source inventory and sector value-chain mapping",0.6,inferred
ind_nifty500,BOSCHLTD,Bosch Ltd.,"steel, aluminium, rubber and components",raw_material,upstream,"metals, rubber and auto components",,high,negative,0,120,Commodity and component costs affect gross margin.,inferred_from_industry,"NSE classification, annual-report source inventory and sector value-chain mapping",0.6,inferred
ind_nifty500,BOSCHLTD,Bosch Ltd.,electronics and logistics,component,upstream,electronics and logistics,,medium,negative,0,180,Supply availability affects production continuity.,inferred_from_industry,"NSE classification, annual-report source inventory and sector value-chain mapping",0.6,inferred
ind_nifty500,BOSCHLTD,Bosch Ltd.,Indian auto demand,customer_industry,downstream,Indian auto demand,,high,positive,0,120,"Consumer income, financing and fleet demand drive volumes.",inferred_from_industry,"NSE classification, annual-report source inventory and sector value-chain mapping",0.6,inferred
ind_nifty500,BOSCHLTD,Bosch Ltd.,OEM production and replacement market,customer_industry,downstream,OEM production and replacement market,,high,positive,0,180,OEM production schedules and replacement cycles affect revenue.,inferred_from_industry,"NSE classification, annual-report source inventory and sector value-chain mapping",0.6,inferred
ind_nifty500,BRIGADE,Brigade Enterprises Ltd.,"commodities, packaging and merchandise",raw_material,upstream,"agri, chemical, textile and packaging suppliers",,high,negative,0,90,Commodity and packaging inflation affects gross margin.,inferred_from_industry,"NSE classification, annual-report source inventory and sector value-chain mapping",0.6,inferred
ind_nifty500,BRIGADE,Brigade Enterprises Ltd.,"advertising, logistics and retail occupancy",other,upstream,"media, logistics and retail real estate",,medium,negative,0,120,Brand and channel costs influence operating margin.,inferred_from_industry,"NSE classification, annual-report source inventory and sector value-chain mapping",0.6,inferred
ind_nifty500,BRIGADE,Brigade Enterprises Ltd.,Indian household consumption,customer_industry,downstream,Indian household consumption,,high,positive,0,90,"Household income, pricing and distribution reach drive demand.",inferred_from_industry,"NSE classification, annual-report source inventory and sector value-chain mapping",0.6,inferred
ind_nifty500,BRIGADE,Brigade Enterprises Ltd.,retail and e-commerce channels,customer_industry,downstream,retail and e-commerce channels,,medium,positive,0,120,Channel expansion and inventory availability support revenue.,inferred_from_industry,"NSE classification, annual-report source inventory and sector value-chain mapping",0.6,inferred
ind_nifty500,BSE,BSE Ltd.,"raw materials, energy and logistics",raw_material,upstream,industrial suppliers and logistics,,medium,negative,0,120,Input and freight costs influence margins.,inferred_from_industry,"NSE classification, annual-report source inventory and sector value-chain mapping",0.6,inferred
ind_nifty500,BSE,BSE Ltd.,skilled labor and services,labour,upstream,labor and service providers,,medium,negative,0,120,Labor and service availability affects execution and cost.,inferred_from_industry,"NSE classification, annual-report source inventory and sector value-chain mapping",0.6,inferred
ind_nifty500,BSE,BSE Ltd.,industry end-market demand,customer_industry,downstream,industry end-market demand,,high,positive,0,180,End-market demand and utilisation drive revenue.,inferred_from_industry,"NSE classification, annual-report source inventory and sector value-chain mapping",0.6,inferred
ind_nifty500,BSE,BSE Ltd.,channel or institutional customers,customer_industry,downstream,channel or institutional customers,,medium,positive,0,180,"Distribution, tender or institutional demand affects volumes.",inferred_from_industry,"NSE classification, annual-report source inventory and sector value-chain mapping",0.6,inferred
ind_nifty500,CAMS,Computer Age Management Services Ltd.,skilled technology labor,labour,upstream,IT talent market,,high,negative,0,90,"Wage inflation, utilisation and attrition affect margins.",inferred_from_industry,"NSE classification, annual-report source inventory and sector value-chain mapping",0.6,inferred
ind_nifty500,CAMS,Computer Age Management Services Ltd.,cloud and software ecosystems,software,upstream,cloud and enterprise software,,medium,mixed,0,180,Partner ecosystems shape delivery capability and demand.,inferred_from_industry,"NSE classification, annual-report source inventory and sector value-chain mapping",0.6,inferred
ind_nifty500,CAMS,Computer Age Management Services Ltd.,global enterprise IT,customer_industry,downstream,global enterprise IT,,high,positive,0,180,Enterprise technology budgets and deal ramp-ups drive revenue.,inferred_from_industry,"NSE classification, annual-report source inventory and sector value-chain mapping",0.6,inferred
ind_nifty500,CAMS,Computer Age Management Services Ltd.,industry technology buyers,customer_industry,downstream,industry technology buyers,,medium,positive,0,180,Customer capex and transformation programs influence project conversion.,inferred_from_industry,"NSE classification, annual-report source inventory and sector value-chain mapping",0.6,inferred
ind_nifty500,CANBK,Canara Bank,"raw materials, energy and logistics",raw_material,upstream,industrial suppliers and logistics,,medium,negative,0,120,Input and freight costs influence margins.,inferred_from_industry,"NSE classification, annual-report source inventory and sector value-chain mapping",0.6,inferred
ind_nifty500,CANBK,Canara Bank,skilled labor and services,labour,upstream,labor and service providers,,medium,negative,0,120,Labor and service availability affects execution and cost.,inferred_from_industry,"NSE classification, annual-report source inventory and sector value-chain mapping",0.6,inferred
ind_nifty500,CANBK,Canara Bank,industry end-market demand,customer_industry,downstream,industry end-market demand,,high,positive,0,180,End-market demand and utilisation drive revenue.,inferred_from_industry,"NSE classification, annual-report source inventory and sector value-chain mapping",0.6,inferred
ind_nifty500,CANBK,Canara Bank,channel or institutional customers,customer_industry,downstream,channel or institutional customers,,medium,positive,0,180,"Distribution, tender or institutional demand affects volumes.",inferred_from_industry,"NSE classification, annual-report source inventory and sector value-chain mapping",0.6,inferred
ind_nifty500,CANFINHOME,Can Fin Homes Ltd.,"raw materials, energy and logistics",raw_material,upstream,industrial suppliers and logistics,,medium,negative,0,120,Input and freight costs influence margins.,inferred_from_industry,"NSE classification, annual-report source inventory and sector value-chain mapping",0.6,inferred
ind_nifty500,CANFINHOME,Can Fin Homes Ltd.,skilled labor and services,labour,upstream,labor and service providers,,medium,negative,0,120,Labor and service availability affects execution and cost.,inferred_from_industry,"NSE classification, annual-report source inventory and sector value-chain mapping",0.6,inferred
ind_nifty500,CANFINHOME,Can Fin Homes Ltd.,industry end-market demand,customer_industry,downstream,industry end-market demand,,high,positive,0,180,End-market demand and utilisation drive revenue.,inferred_from_industry,"NSE classification, annual-report source inventory and sector value-chain mapping",0.6,inferred
ind_nifty500,CANFINHOME,Can Fin Homes Ltd.,channel or institutional customers,customer_industry,downstream,channel or institutional customers,,medium,positive,0,180,"Distribution, tender or institutional demand affects volumes.",inferred_from_industry,"NSE classification, annual-report source inventory and sector value-chain mapping",0.6,inferred
ind_nifty500,CANHLIFE,Canara HSBC Life Insurance Company Ltd.,"raw materials, energy and logistics",raw_material,upstream,industrial suppliers and logistics,,medium,negative,0,120,Input and freight costs influence margins.,inferred_from_industry,"NSE classification, annual-report source inventory and sector value-chain mapping",0.6,inferred
ind_nifty500,CANHLIFE,Canara HSBC Life Insurance Company Ltd.,skilled labor and services,labour,upstream,labor and service providers,,medium,negative,0,120,Labor and service availability affects execution and cost.,inferred_from_industry,"NSE classification, annual-report source inventory and sector value-chain mapping",0.6,inferred
ind_nifty500,CANHLIFE,Canara HSBC Life Insurance Company Ltd.,industry end-market demand,customer_industry,downstream,industry end-market demand,,high,positive,0,180,End-market demand and utilisation drive revenue.,inferred_from_industry,"NSE classification, annual-report source inventory and sector value-chain mapping",0.6,inferred
ind_nifty500,CANHLIFE,Canara HSBC Life Insurance Company Ltd.,channel or institutional customers,customer_industry,downstream,channel or institutional customers,,medium,positive,0,180,"Distribution, tender or institutional demand affects volumes.",inferred_from_industry,"NSE classification, annual-report source inventory and sector value-chain mapping",0.6,inferred
ind_nifty500,CAPLIPOINT,Caplin Point Laboratories Ltd.,"APIs, KSMs, medical supplies and consumables",raw_material,upstream,pharma intermediates and healthcare supplies,,high,negative,0,120,Input availability and compliance influence margins and supply reliability.,inferred_from_industry,"NSE classification, annual-report source inventory and sector value-chain mapping",0.6,inferred
ind_nifty500,CAPLIPOINT,Caplin Point Laboratories Ltd.,regulatory approvals and quality systems,regulation,upstream,healthcare regulators,,high,mixed,0,365,Approvals enable launches and capacity use; observations can disrupt supply.,inferred_from_industry,"NSE classification, annual-report source inventory and sector value-chain mapping",0.6,inferred
ind_nifty500,CAPLIPOINT,Caplin Point Laboratories Ltd.,domestic healthcare demand,customer_industry,downstream,domestic healthcare demand,,high,positive,0,120,"Healthcare access, prescriptions and patient volumes support revenue.",inferred_from_industry,"NSE classification, annual-report source inventory and sector value-chain mapping",0.6,inferred
ind_nifty500,CAPLIPOINT,Caplin Point Laboratories Ltd.,regulated export or institutional markets,customer_industry,downstream,regulated export or institutional markets,,medium,mixed,0,180,Approvals and tender flows can lift revenue while pricing pressure can offset volume.,inferred_from_industry,"NSE classification, annual-report source inventory and sector value-chain mapping",0.6,inferred
ind_nifty500,CARTRADE,Cartrade Tech Ltd.,"commodities, packaging and merchandise",raw_material,upstream,"agri, chemical, textile and packaging suppliers",,high,negative,0,90,Commodity and packaging inflation affects gross margin.,inferred_from_industry,"NSE classification, annual-report source inventory and sector value-chain mapping",0.6,inferred
ind_nifty500,CARTRADE,Cartrade Tech Ltd.,"advertising, logistics and retail occupancy",other,upstream,"media, logistics and retail real estate",,medium,negative,0,120,Brand and channel costs influence operating margin.,inferred_from_industry,"NSE classification, annual-report source inventory and sector value-chain mapping",0.6,inferred
ind_nifty500,CARTRADE,Cartrade Tech Ltd.,Indian household consumption,customer_industry,downstream,Indian household consumption,,high,positive,0,90,"Household income, pricing and distribution reach drive demand.",inferred_from_industry,"NSE classification, annual-report source inventory and sector value-chain mapping",0.6,inferred
ind_nifty500,CARTRADE,Cartrade Tech Ltd.,retail and e-commerce channels,customer_industry,downstream,retail and e-commerce channels,,medium,positive,0,120,Channel expansion and inventory availability support revenue.,inferred_from_industry,"NSE classification, annual-report source inventory and sector value-chain mapping",0.6,inferred
ind_nifty500,CCL,CCL Products (I) Ltd.,"commodities, packaging and merchandise",raw_material,upstream,"agri, chemical, textile and packaging suppliers",,high,negative,0,90,Commodity and packaging inflation affects gross margin.,inferred_from_industry,"NSE classification, annual-report source inventory and sector value-chain mapping",0.6,inferred
ind_nifty500,CCL,CCL Products (I) Ltd.,"advertising, logistics and retail occupancy",other,upstream,"media, logistics and retail real estate",,medium,negative,0,120,Brand and channel costs influence operating margin.,inferred_from_industry,"NSE classification, annual-report source inventory and sector value-chain mapping",0.6,inferred
ind_nifty500,CCL,CCL Products (I) Ltd.,Indian household consumption,customer_industry,downstream,Indian household consumption,,high,positive,0,90,"Household income, pricing and distribution reach drive demand.",inferred_from_industry,"NSE classification, annual-report source inventory and sector value-chain mapping",0.6,inferred
ind_nifty500,CCL,CCL Products (I) Ltd.,retail and e-commerce channels,customer_industry,downstream,retail and e-commerce channels,,medium,positive,0,120,Channel expansion and inventory availability support revenue.,inferred_from_industry,"NSE classification, annual-report source inventory and sector value-chain mapping",0.6,inferred
ind_nifty500,CDSL,Central Depository Services (India) Ltd.,"raw materials, energy and logistics",raw_material,upstream,industrial suppliers and logistics,,medium,negative,0,120,Input and freight costs influence margins.,inferred_from_industry,"NSE classification, annual-report source inventory and sector value-chain mapping",0.6,inferred
ind_nifty500,CDSL,Central Depository Services (India) Ltd.,skilled labor and services,labour,upstream,labor and service providers,,medium,negative,0,120,Labor and service availability affects execution and cost.,inferred_from_industry,"NSE classification, annual-report source inventory and sector value-chain mapping",0.6,inferred
ind_nifty500,CDSL,Central Depository Services (India) Ltd.,industry end-market demand,customer_industry,downstream,industry end-market demand,,high,positive,0,180,End-market demand and utilisation drive revenue.,inferred_from_industry,"NSE classification, annual-report source inventory and sector value-chain mapping",0.6,inferred
ind_nifty500,CDSL,Central Depository Services (India) Ltd.,channel or institutional customers,customer_industry,downstream,channel or institutional customers,,medium,positive,0,180,"Distribution, tender or institutional demand affects volumes.",inferred_from_industry,"NSE classification, annual-report source inventory and sector value-chain mapping",0.6,inferred
ind_nifty500,CENTRALBK,Central Bank of India,"raw materials, energy and logistics",raw_material,upstream,industrial suppliers and logistics,,medium,negative,0,120,Input and freight costs influence margins.,inferred_from_industry,"NSE classification, annual-report source inventory and sector value-chain mapping",0.6,inferred
ind_nifty500,CENTRALBK,Central Bank of India,skilled labor and services,labour,upstream,labor and service providers,,medium,negative,0,120,Labor and service availability affects execution and cost.,inferred_from_industry,"NSE classification, annual-report source inventory and sector value-chain mapping",0.6,inferred
ind_nifty500,CENTRALBK,Central Bank of India,industry end-market demand,customer_industry,downstream,industry end-market demand,,high,positive,0,180,End-market demand and utilisation drive revenue.,inferred_from_industry,"NSE classification, annual-report source inventory and sector value-chain mapping",0.6,inferred
ind_nifty500,CENTRALBK,Central Bank of India,channel or institutional customers,customer_industry,downstream,channel or institutional customers,,medium,positive,0,180,"Distribution, tender or institutional demand affects volumes.",inferred_from_industry,"NSE classification, annual-report source inventory and sector value-chain mapping",0.6,inferred
ind_nifty500,CESC,CESC Ltd.,"fuel, gas, crude-linked inputs and power",energy,upstream,energy and commodities,,high,negative,0,90,Commodity prices and supply availability affect spreads and margins.,inferred_from_industry,"NSE classification, annual-report source inventory and sector value-chain mapping",0.6,inferred
ind_nifty500,CESC,CESC Ltd.,regulatory tariffs and licenses,regulation,upstream,energy regulators,,high,mixed,0,365,"Tariffs, licenses and policy changes influence returns.",inferred_from_industry,"NSE classification, annual-report source inventory and sector value-chain mapping",0.6,inferred
ind_nifty500,CESC,CESC Ltd.,industrial and commercial energy demand,customer_industry,downstream,industrial and commercial energy demand,,high,positive,0,120,Industrial activity and urban demand support offtake.,inferred_from_industry,"NSE classification, annual-report source inventory and sector value-chain mapping",0.6,inferred
ind_nifty500,CESC,CESC Ltd.,regulated retail users,customer_industry,downstream,regulated retail users,,medium,positive,0,120,Retail demand and tariff regulation affect revenue.,inferred_from_industry,"NSE classification, annual-report source inventory and sector value-chain mapping",0.6,inferred
ind_nifty500,CGCL,Capri Global Capital Ltd.,"raw materials, energy and logistics",raw_material,upstream,industrial suppliers and logistics,,medium,negative,0,120,Input and freight costs influence margins.,inferred_from_industry,"NSE classification, annual-report source inventory and sector value-chain mapping",0.6,inferred
ind_nifty500,CGCL,Capri Global Capital Ltd.,skilled labor and services,labour,upstream,labor and service providers,,medium,negative,0,120,Labor and service availability affects execution and cost.,inferred_from_industry,"NSE classification, annual-report source inventory and sector value-chain mapping",0.6,inferred
ind_nifty500,CGCL,Capri Global Capital Ltd.,industry end-market demand,customer_industry,downstream,industry end-market demand,,high,positive,0,180,End-market demand and utilisation drive revenue.,inferred_from_industry,"NSE classification, annual-report source inventory and sector value-chain mapping",0.6,inferred
ind_nifty500,CGCL,Capri Global Capital Ltd.,channel or institutional customers,customer_industry,downstream,channel or institutional customers,,medium,positive,0,180,"Distribution, tender or institutional demand affects volumes.",inferred_from_industry,"NSE classification, annual-report source inventory and sector value-chain mapping",0.6,inferred
ind_nifty500,CHALET,Chalet Hotels Ltd.,"commodities, packaging and merchandise",raw_material,upstream,"agri, chemical, textile and packaging suppliers",,high,negative,0,90,Commodity and packaging inflation affects gross margin.,inferred_from_industry,"NSE classification, annual-report source inventory and sector value-chain mapping",0.6,inferred
ind_nifty500,CHALET,Chalet Hotels Ltd.,"advertising, logistics and retail occupancy",other,upstream,"media, logistics and retail real estate",,medium,negative,0,120,Brand and channel costs influence operating margin.,inferred_from_industry,"NSE classification, annual-report source inventory and sector value-chain mapping",0.6,inferred
ind_nifty500,CHALET,Chalet Hotels Ltd.,Indian household consumption,customer_industry,downstream,Indian household consumption,,high,positive,0,90,"Household income, pricing and distribution reach drive demand.",inferred_from_industry,"NSE classification, annual-report source inventory and sector value-chain mapping",0.6,inferred
ind_nifty500,CHALET,Chalet Hotels Ltd.,retail and e-commerce channels,customer_industry,downstream,retail and e-commerce channels,,medium,positive,0,120,Channel expansion and inventory availability support revenue.,inferred_from_industry,"NSE classification, annual-report source inventory and sector value-chain mapping",0.6,inferred
ind_nifty500,CHOICEIN,Choice International Ltd.,"raw materials, energy and logistics",raw_material,upstream,industrial suppliers and logistics,,medium,negative,0,120,Input and freight costs influence margins.,inferred_from_industry,"NSE classification, annual-report source inventory and sector value-chain mapping",0.6,inferred
ind_nifty500,CHOICEIN,Choice International Ltd.,skilled labor and services,labour,upstream,labor and service providers,,medium,negative,0,120,Labor and service availability affects execution and cost.,inferred_from_industry,"NSE classification, annual-report source inventory and sector value-chain mapping",0.6,inferred
ind_nifty500,CHOICEIN,Choice International Ltd.,industry end-market demand,customer_industry,downstream,industry end-market demand,,high,positive,0,180,End-market demand and utilisation drive revenue.,inferred_from_industry,"NSE classification, annual-report source inventory and sector value-chain mapping",0.6,inferred
ind_nifty500,CHOICEIN,Choice International Ltd.,channel or institutional customers,customer_industry,downstream,channel or institutional customers,,medium,positive,0,180,"Distribution, tender or institutional demand affects volumes.",inferred_from_industry,"NSE classification, annual-report source inventory and sector value-chain mapping",0.6,inferred
ind_nifty500,CHOLAFIN,Cholamandalam Investment and Finance Company Ltd.,"raw materials, energy and logistics",raw_material,upstream,industrial suppliers and logistics,,medium,negative,0,120,Input and freight costs influence margins.,inferred_from_industry,"NSE classification, annual-report source inventory and sector value-chain mapping",0.6,inferred
ind_nifty500,CHOLAFIN,Cholamandalam Investment and Finance Company Ltd.,skilled labor and services,labour,upstream,labor and service providers,,medium,negative,0,120,Labor and service availability affects execution and cost.,inferred_from_industry,"NSE classification, annual-report source inventory and sector value-chain mapping",0.6,inferred
ind_nifty500,CHOLAFIN,Cholamandalam Investment and Finance Company Ltd.,industry end-market demand,customer_industry,downstream,industry end-market demand,,high,positive,0,180,End-market demand and utilisation drive revenue.,inferred_from_industry,"NSE classification, annual-report source inventory and sector value-chain mapping",0.6,inferred
ind_nifty500,CHOLAFIN,Cholamandalam Investment and Finance Company Ltd.,channel or institutional customers,customer_industry,downstream,channel or institutional customers,,medium,positive,0,180,"Distribution, tender or institutional demand affects volumes.",inferred_from_industry,"NSE classification, annual-report source inventory and sector value-chain mapping",0.6,inferred
ind_nifty500,CHOLAHLDNG,Cholamandalam Financial Holdings Ltd.,"raw materials, energy and logistics",raw_material,upstream,industrial suppliers and logistics,,medium,negative,0,120,Input and freight costs influence margins.,inferred_from_industry,"NSE classification, annual-report source inventory and sector value-chain mapping",0.6,inferred
ind_nifty500,CHOLAHLDNG,Cholamandalam Financial Holdings Ltd.,skilled labor and services,labour,upstream,labor and service providers,,medium,negative,0,120,Labor and service availability affects execution and cost.,inferred_from_industry,"NSE classification, annual-report source inventory and sector value-chain mapping",0.6,inferred
ind_nifty500,CHOLAHLDNG,Cholamandalam Financial Holdings Ltd.,industry end-market demand,customer_industry,downstream,industry end-market demand,,high,positive,0,180,End-market demand and utilisation drive revenue.,inferred_from_industry,"NSE classification, annual-report source inventory and sector value-chain mapping",0.6,inferred
ind_nifty500,CHOLAHLDNG,Cholamandalam Financial Holdings Ltd.,channel or institutional customers,customer_industry,downstream,channel or institutional customers,,medium,positive,0,180,"Distribution, tender or institutional demand affects volumes.",inferred_from_industry,"NSE classification, annual-report source inventory and sector value-chain mapping",0.6,inferred
ind_nifty500,CIEINDIA,CIE Automotive India Ltd.,"steel, aluminium, rubber and components",raw_material,upstream,"metals, rubber and auto components",,high,negative,0,120,Commodity and component costs affect gross margin.,inferred_from_industry,"NSE classification, annual-report source inventory and sector value-chain mapping",0.6,inferred
ind_nifty500,CIEINDIA,CIE Automotive India Ltd.,electronics and logistics,component,upstream,electronics and logistics,,medium,negative,0,180,Supply availability affects production continuity.,inferred_from_industry,"NSE classification, annual-report source inventory and sector value-chain mapping",0.6,inferred
ind_nifty500,CIEINDIA,CIE Automotive India Ltd.,Indian auto demand,customer_industry,downstream,Indian auto demand,,high,positive,0,120,"Consumer income, financing and fleet demand drive volumes.",inferred_from_industry,"NSE classification, annual-report source inventory and sector value-chain mapping",0.6,inferred
ind_nifty500,CIEINDIA,CIE Automotive India Ltd.,OEM production and replacement market,customer_industry,downstream,OEM production and replacement market,,high,positive,0,180,OEM production schedules and replacement cycles affect revenue.,inferred_from_industry,"NSE classification, annual-report source inventory and sector value-chain mapping",0.6,inferred
ind_nifty500,CLEAN,Clean Science and Technology Ltd.,skilled technology labor,labour,upstream,IT talent market,,high,negative,0,90,"Wage inflation, utilisation and attrition affect margins.",inferred_from_industry,"NSE classification, annual-report source inventory and sector value-chain mapping",0.6,inferred
ind_nifty500,CLEAN,Clean Science and Technology Ltd.,cloud and software ecosystems,software,upstream,cloud and enterprise software,,medium,mixed,0,180,Partner ecosystems shape delivery capability and demand.,inferred_from_industry,"NSE classification, annual-report source inventory and sector value-chain mapping",0.6,inferred
ind_nifty500,CLEAN,Clean Science and Technology Ltd.,global enterprise IT,customer_industry,downstream,global enterprise IT,,high,positive,0,180,Enterprise technology budgets and deal ramp-ups drive revenue.,inferred_from_industry,"NSE classification, annual-report source inventory and sector value-chain mapping",0.6,inferred
ind_nifty500,CLEAN,Clean Science and Technology Ltd.,industry technology buyers,customer_industry,downstream,industry technology buyers,,medium,positive,0,180,Customer capex and transformation programs influence project conversion.,inferred_from_industry,"NSE classification, annual-report source inventory and sector value-chain mapping",0.6,inferred
ind_nifty500,COALINDIA,Coal India Ltd.,"fuel, gas, crude-linked inputs and power",energy,upstream,energy and commodities,,high,negative,0,90,Commodity prices and supply availability affect spreads and margins.,inferred_from_industry,"NSE classification, annual-report source inventory and sector value-chain mapping",0.6,inferred
ind_nifty500,COALINDIA,Coal India Ltd.,regulatory tariffs and licenses,regulation,upstream,energy regulators,,high,mixed,0,365,"Tariffs, licenses and policy changes influence returns.",inferred_from_industry,"NSE classification, annual-report source inventory and sector value-chain mapping",0.6,inferred
ind_nifty500,COALINDIA,Coal India Ltd.,industrial and commercial energy demand,customer_industry,downstream,industrial and commercial energy demand,,high,positive,0,120,Industrial activity and urban demand support offtake.,inferred_from_industry,"NSE classification, annual-report source inventory and sector value-chain mapping",0.6,inferred
ind_nifty500,COALINDIA,Coal India Ltd.,regulated retail users,customer_industry,downstream,regulated retail users,,medium,positive,0,120,Retail demand and tariff regulation affect revenue.,inferred_from_industry,"NSE classification, annual-report source inventory and sector value-chain mapping",0.6,inferred
ind_nifty500,COCHINSHIP,Cochin Shipyard Ltd.,"steel, copper, electronics and bought-out components",raw_material,upstream,metals and electrical components,,high,negative,0,180,Input cost inflation can affect project margins.,inferred_from_industry,"NSE classification, annual-report source inventory and sector value-chain mapping",0.6,inferred
ind_nifty500,COCHINSHIP,Cochin Shipyard Ltd.,project execution labor and subcontractors,labour,upstream,engineering and construction services,,medium,negative,0,180,Execution availability and cost influence delivery timelines.,inferred_from_industry,"NSE classification, annual-report source inventory and sector value-chain mapping",0.6,inferred
ind_nifty500,COCHINSHIP,Cochin Shipyard Ltd.,industrial and infrastructure capex,customer_industry,downstream,industrial and infrastructure capex,,high,positive,0,365,Private and public capex drives orders and execution.,inferred_from_industry,"NSE classification, annual-report source inventory and sector value-chain mapping",0.6,inferred
ind_nifty500,COCHINSHIP,Cochin Shipyard Ltd.,government and regulated utilities,customer_industry,downstream,government and regulated utilities,,medium,positive,0,365,Tender awards and utility capex influence order inflow.,inferred_from_industry,"NSE classification, annual-report source inventory and sector value-chain mapping",0.6,inferred
ind_nifty500,CONCOR,Container Corporation of India Ltd.,"raw materials, energy and logistics",raw_material,upstream,industrial suppliers and logistics,,medium,negative,0,120,Input and freight costs influence margins.,inferred_from_industry,"NSE classification, annual-report source inventory and sector value-chain mapping",0.6,inferred
ind_nifty500,CONCOR,Container Corporation of India Ltd.,skilled labor and services,labour,upstream,labor and service providers,,medium,negative,0,120,Labor and service availability affects execution and cost.,inferred_from_industry,"NSE classification, annual-report source inventory and sector value-chain mapping",0.6,inferred
ind_nifty500,CONCOR,Container Corporation of India Ltd.,industry end-market demand,customer_industry,downstream,industry end-market demand,,high,positive,0,180,End-market demand and utilisation drive revenue.,inferred_from_industry,"NSE classification, annual-report source inventory and sector value-chain mapping",0.6,inferred
ind_nifty500,CONCOR,Container Corporation of India Ltd.,channel or institutional customers,customer_industry,downstream,channel or institutional customers,,medium,positive,0,180,"Distribution, tender or institutional demand affects volumes.",inferred_from_industry,"NSE classification, annual-report source inventory and sector value-chain mapping",0.6,inferred
ind_nifty500,CRAFTSMAN,Craftsman Automation Ltd.,"steel, aluminium, rubber and components",raw_material,upstream,"metals, rubber and auto components",,high,negative,0,120,Commodity and component costs affect gross margin.,inferred_from_industry,"NSE classification, annual-report source inventory and sector value-chain mapping",0.6,inferred
ind_nifty500,CRAFTSMAN,Craftsman Automation Ltd.,electronics and logistics,component,upstream,electronics and logistics,,medium,negative,0,180,Supply availability affects production continuity.,inferred_from_industry,"NSE classification, annual-report source inventory and sector value-chain mapping",0.6,inferred
ind_nifty500,CRAFTSMAN,Craftsman Automation Ltd.,Indian auto demand,customer_industry,downstream,Indian auto demand,,high,positive,0,120,"Consumer income, financing and fleet demand drive volumes.",inferred_from_industry,"NSE classification, annual-report source inventory and sector value-chain mapping",0.6,inferred
ind_nifty500,CRAFTSMAN,Craftsman Automation Ltd.,OEM production and replacement market,customer_industry,downstream,OEM production and replacement market,,high,positive,0,180,OEM production schedules and replacement cycles affect revenue.,inferred_from_industry,"NSE classification, annual-report source inventory and sector value-chain mapping",0.6,inferred
ind_nifty500,CREDITACC,CreditAccess Grameen Ltd.,"raw materials, energy and logistics",raw_material,upstream,industrial suppliers and logistics,,medium,negative,0,120,Input and freight costs influence margins.,inferred_from_industry,"NSE classification, annual-report source inventory and sector value-chain mapping",0.6,inferred
ind_nifty500,CREDITACC,CreditAccess Grameen Ltd.,skilled labor and services,labour,upstream,labor and service providers,,medium,negative,0,120,Labor and service availability affects execution and cost.,inferred_from_industry,"NSE classification, annual-report source inventory and sector value-chain mapping",0.6,inferred
ind_nifty500,CREDITACC,CreditAccess Grameen Ltd.,industry end-market demand,customer_industry,downstream,industry end-market demand,,high,positive,0,180,End-market demand and utilisation drive revenue.,inferred_from_industry,"NSE classification, annual-report source inventory and sector value-chain mapping",0.6,inferred
ind_nifty500,CREDITACC,CreditAccess Grameen Ltd.,channel or institutional customers,customer_industry,downstream,channel or institutional customers,,medium,positive,0,180,"Distribution, tender or institutional demand affects volumes.",inferred_from_industry,"NSE classification, annual-report source inventory and sector value-chain mapping",0.6,inferred
ind_nifty500,CUB,City Union Bank Ltd.,"raw materials, energy and logistics",raw_material,upstream,industrial suppliers and logistics,,medium,negative,0,120,Input and freight costs influence margins.,inferred_from_industry,"NSE classification, annual-report source inventory and sector value-chain mapping",0.6,inferred
ind_nifty500,CUB,City Union Bank Ltd.,skilled labor and services,labour,upstream,labor and service providers,,medium,negative,0,120,Labor and service availability affects execution and cost.,inferred_from_industry,"NSE classification, annual-report source inventory and sector value-chain mapping",0.6,inferred
ind_nifty500,CUB,City Union Bank Ltd.,industry end-market demand,customer_industry,downstream,industry end-market demand,,high,positive,0,180,End-market demand and utilisation drive revenue.,inferred_from_industry,"NSE classification, annual-report source inventory and sector value-chain mapping",0.6,inferred
ind_nifty500,CUB,City Union Bank Ltd.,channel or institutional customers,customer_industry,downstream,channel or institutional customers,,medium,positive,0,180,"Distribution, tender or institutional demand affects volumes.",inferred_from_industry,"NSE classification, annual-report source inventory and sector value-chain mapping",0.6,inferred
ind_nifty500,DABUR,Dabur India Ltd.,"commodities, packaging and merchandise",raw_material,upstream,"agri, chemical, textile and packaging suppliers",,high,negative,0,90,Commodity and packaging inflation affects gross margin.,inferred_from_industry,"NSE classification, annual-report source inventory and sector value-chain mapping",0.6,inferred
ind_nifty500,DABUR,Dabur India Ltd.,"advertising, logistics and retail occupancy",other,upstream,"media, logistics and retail real estate",,medium,negative,0,120,Brand and channel costs influence operating margin.,inferred_from_industry,"NSE classification, annual-report source inventory and sector value-chain mapping",0.6,inferred
ind_nifty500,DABUR,Dabur India Ltd.,Indian household consumption,customer_industry,downstream,Indian household consumption,,high,positive,0,90,"Household income, pricing and distribution reach drive demand.",inferred_from_industry,"NSE classification, annual-report source inventory and sector value-chain mapping",0.6,inferred
ind_nifty500,DABUR,Dabur India Ltd.,retail and e-commerce channels,customer_industry,downstream,retail and e-commerce channels,,medium,positive,0,120,Channel expansion and inventory availability support revenue.,inferred_from_industry,"NSE classification, annual-report source inventory and sector value-chain mapping",0.6,inferred
ind_nifty500,DATAPATTNS,Data Patterns (India) Ltd.,"steel, copper, electronics and bought-out components",raw_material,upstream,metals and electrical components,,high,negative,0,180,Input cost inflation can affect project margins.,inferred_from_industry,"NSE classification, annual-report source inventory and sector value-chain mapping",0.6,inferred
ind_nifty500,DATAPATTNS,Data Patterns (India) Ltd.,project execution labor and subcontractors,labour,upstream,engineering and construction services,,medium,negative,0,180,Execution availability and cost influence delivery timelines.,inferred_from_industry,"NSE classification, annual-report source inventory and sector value-chain mapping",0.6,inferred
ind_nifty500,DATAPATTNS,Data Patterns (India) Ltd.,industrial and infrastructure capex,customer_industry,downstream,industrial and infrastructure capex,,high,positive,0,365,Private and public capex drives orders and execution.,inferred_from_industry,"NSE classification, annual-report source inventory and sector value-chain mapping",0.6,inferred
ind_nifty500,DATAPATTNS,Data Patterns (India) Ltd.,government and regulated utilities,customer_industry,downstream,government and regulated utilities,,medium,positive,0,365,Tender awards and utility capex influence order inflow.,inferred_from_industry,"NSE classification, annual-report source inventory and sector value-chain mapping",0.6,inferred
ind_nifty500,DCMSHRIRAM,DCM Shriram Ltd.,"raw materials, energy and logistics",raw_material,upstream,industrial suppliers and logistics,,medium,negative,0,120,Input and freight costs influence margins.,inferred_from_industry,"NSE classification, annual-report source inventory and sector value-chain mapping",0.6,inferred
ind_nifty500,DCMSHRIRAM,DCM Shriram Ltd.,skilled labor and services,labour,upstream,labor and service providers,,medium,negative,0,120,Labor and service availability affects execution and cost.,inferred_from_industry,"NSE classification, annual-report source inventory and sector value-chain mapping",0.6,inferred
ind_nifty500,DCMSHRIRAM,DCM Shriram Ltd.,industry end-market demand,customer_industry,downstream,industry end-market demand,,high,positive,0,180,End-market demand and utilisation drive revenue.,inferred_from_industry,"NSE classification, annual-report source inventory and sector value-chain mapping",0.6,inferred
ind_nifty500,DCMSHRIRAM,DCM Shriram Ltd.,channel or institutional customers,customer_industry,downstream,channel or institutional customers,,medium,positive,0,180,"Distribution, tender or institutional demand affects volumes.",inferred_from_industry,"NSE classification, annual-report source inventory and sector value-chain mapping",0.6,inferred
ind_nifty500,DEEPAKFERT,Deepak Fertilisers & Petrochemicals Corp. Ltd.,"petrochemical feedstocks, solvents and energy",raw_material,upstream,petrochemicals and energy,,high,negative,0,90,Feedstock and energy inflation affects gross margins.,inferred_from_industry,"NSE classification, annual-report source inventory and sector value-chain mapping",0.6,inferred
ind_nifty500,DEEPAKFERT,Deepak Fertilisers & Petrochemicals Corp. Ltd.,environmental and product approvals,regulation,upstream,chemical regulators,,high,mixed,0,365,Approvals and environmental compliance shape operating continuity.,inferred_from_industry,"NSE classification, annual-report source inventory and sector value-chain mapping",0.6,inferred
ind_nifty500,DEEPAKFERT,Deepak Fertilisers & Petrochemicals Corp. Ltd.,industrial manufacturing,customer_industry,downstream,industrial manufacturing,,high,positive,0,120,Industrial production drives chemical demand.,inferred_from_industry,"NSE classification, annual-report source inventory and sector value-chain mapping",0.6,inferred
ind_nifty500,DEEPAKFERT,Deepak Fertilisers & Petrochemicals Corp. Ltd.,agriculture and regulated end-markets,customer_industry,downstream,agriculture and regulated end-markets,,medium,positive,0,180,Seasonal and regulated demand affects volumes and mix.,inferred_from_industry,"NSE classification, annual-report source inventory and sector value-chain mapping",0.6,inferred
ind_nifty500,DELHIVERY,Delhivery Ltd.,"raw materials, energy and logistics",raw_material,upstream,industrial suppliers and logistics,,medium,negative,0,120,Input and freight costs influence margins.,inferred_from_industry,"NSE classification, annual-report source inventory and sector value-chain mapping",0.6,inferred
ind_nifty500,DELHIVERY,Delhivery Ltd.,skilled labor and services,labour,upstream,labor and service providers,,medium,negative,0,120,Labor and service availability affects execution and cost.,inferred_from_industry,"NSE classification, annual-report source inventory and sector value-chain mapping",0.6,inferred
ind_nifty500,DELHIVERY,Delhivery Ltd.,industry end-market demand,customer_industry,downstream,industry end-market demand,,high,positive,0,180,End-market demand and utilisation drive revenue.,inferred_from_industry,"NSE classification, annual-report source inventory and sector value-chain mapping",0.6,inferred
ind_nifty500,DELHIVERY,Delhivery Ltd.,channel or institutional customers,customer_industry,downstream,channel or institutional customers,,medium,positive,0,180,"Distribution, tender or institutional demand affects volumes.",inferred_from_industry,"NSE classification, annual-report source inventory and sector value-chain mapping",0.6,inferred
ind_nifty500,DEVYANI,Devyani International Ltd.,"commodities, packaging and merchandise",raw_material,upstream,"agri, chemical, textile and packaging suppliers",,high,negative,0,90,Commodity and packaging inflation affects gross margin.,inferred_from_industry,"NSE classification, annual-report source inventory and sector value-chain mapping",0.6,inferred
ind_nifty500,DEVYANI,Devyani International Ltd.,"advertising, logistics and retail occupancy",other,upstream,"media, logistics and retail real estate",,medium,negative,0,120,Brand and channel costs influence operating margin.,inferred_from_industry,"NSE classification, annual-report source inventory and sector value-chain mapping",0.6,inferred
ind_nifty500,DEVYANI,Devyani International Ltd.,Indian household consumption,customer_industry,downstream,Indian household consumption,,high,positive,0,90,"Household income, pricing and distribution reach drive demand.",inferred_from_industry,"NSE classification, annual-report source inventory and sector value-chain mapping",0.6,inferred
ind_nifty500,DEVYANI,Devyani International Ltd.,retail and e-commerce channels,customer_industry,downstream,retail and e-commerce channels,,medium,positive,0,120,Channel expansion and inventory availability support revenue.,inferred_from_industry,"NSE classification, annual-report source inventory and sector value-chain mapping",0.6,inferred
ind_nifty500,DIVISLAB,Divi's Laboratories Ltd.,"APIs, KSMs, medical supplies and consumables",raw_material,upstream,pharma intermediates and healthcare supplies,,high,negative,0,120,Input availability and compliance influence margins and supply reliability.,inferred_from_industry,"NSE classification, annual-report source inventory and sector value-chain mapping",0.6,inferred
ind_nifty500,DIVISLAB,Divi's Laboratories Ltd.,regulatory approvals and quality systems,regulation,upstream,healthcare regulators,,high,mixed,0,365,Approvals enable launches and capacity use; observations can disrupt supply.,inferred_from_industry,"NSE classification, annual-report source inventory and sector value-chain mapping",0.6,inferred
ind_nifty500,DIVISLAB,Divi's Laboratories Ltd.,domestic healthcare demand,customer_industry,downstream,domestic healthcare demand,,high,positive,0,120,"Healthcare access, prescriptions and patient volumes support revenue.",inferred_from_industry,"NSE classification, annual-report source inventory and sector value-chain mapping",0.6,inferred
ind_nifty500,DIVISLAB,Divi's Laboratories Ltd.,regulated export or institutional markets,customer_industry,downstream,regulated export or institutional markets,,medium,mixed,0,180,Approvals and tender flows can lift revenue while pricing pressure can offset volume.,inferred_from_industry,"NSE classification, annual-report source inventory and sector value-chain mapping",0.6,inferred
ind_nifty500,DLF,DLF Ltd.,"commodities, packaging and merchandise",raw_material,upstream,"agri, chemical, textile and packaging suppliers",,high,negative,0,90,Commodity and packaging inflation affects gross margin.,inferred_from_industry,"NSE classification, annual-report source inventory and sector value-chain mapping",0.6,inferred
ind_nifty500,DLF,DLF Ltd.,"advertising, logistics and retail occupancy",other,upstream,"media, logistics and retail real estate",,medium,negative,0,120,Brand and channel costs influence operating margin.,inferred_from_industry,"NSE classification, annual-report source inventory and sector value-chain mapping",0.6,inferred
ind_nifty500,DLF,DLF Ltd.,Indian household consumption,customer_industry,downstream,Indian household consumption,,high,positive,0,90,"Household income, pricing and distribution reach drive demand.",inferred_from_industry,"NSE classification, annual-report source inventory and sector value-chain mapping",0.6,inferred
ind_nifty500,DLF,DLF Ltd.,retail and e-commerce channels,customer_industry,downstream,retail and e-commerce channels,,medium,positive,0,120,Channel expansion and inventory availability support revenue.,inferred_from_industry,"NSE classification, annual-report source inventory and sector value-chain mapping",0.6,inferred
ind_nifty500,EICHERMOT,Eicher Motors Ltd.,"steel, aluminium, rubber and components",raw_material,upstream,"metals, rubber and auto components",,high,negative,0,120,Commodity and component costs affect gross margin.,inferred_from_industry,"NSE classification, annual-report source inventory and sector value-chain mapping",0.6,inferred
ind_nifty500,EICHERMOT,Eicher Motors Ltd.,electronics and logistics,component,upstream,electronics and logistics,,medium,negative,0,180,Supply availability affects production continuity.,inferred_from_industry,"NSE classification, annual-report source inventory and sector value-chain mapping",0.6,inferred
ind_nifty500,EICHERMOT,Eicher Motors Ltd.,Indian auto demand,customer_industry,downstream,Indian auto demand,,high,positive,0,120,"Consumer income, financing and fleet demand drive volumes.",inferred_from_industry,"NSE classification, annual-report source inventory and sector value-chain mapping",0.6,inferred
ind_nifty500,EICHERMOT,Eicher Motors Ltd.,OEM production and replacement market,customer_industry,downstream,OEM production and replacement market,,high,positive,0,180,OEM production schedules and replacement cycles affect revenue.,inferred_from_industry,"NSE classification, annual-report source inventory and sector value-chain mapping",0.6,inferred
ind_nifty500,EIDPARRY,E.I.D. Parry (India) Ltd.,"commodities, packaging and merchandise",raw_material,upstream,"agri, chemical, textile and packaging suppliers",,high,negative,0,90,Commodity and packaging inflation affects gross margin.,inferred_from_industry,"NSE classification, annual-report source inventory and sector value-chain mapping",0.6,inferred
ind_nifty500,EIDPARRY,E.I.D. Parry (India) Ltd.,"advertising, logistics and retail occupancy",other,upstream,"media, logistics and retail real estate",,medium,negative,0,120,Brand and channel costs influence operating margin.,inferred_from_industry,"NSE classification, annual-report source inventory and sector value-chain mapping",0.6,inferred
ind_nifty500,EIDPARRY,E.I.D. Parry (India) Ltd.,Indian household consumption,customer_industry,downstream,Indian household consumption,,high,positive,0,90,"Household income, pricing and distribution reach drive demand.",inferred_from_industry,"NSE classification, annual-report source inventory and sector value-chain mapping",0.6,inferred
ind_nifty500,EIDPARRY,E.I.D. Parry (India) Ltd.,retail and e-commerce channels,customer_industry,downstream,retail and e-commerce channels,,medium,positive,0,120,Channel expansion and inventory availability support revenue.,inferred_from_industry,"NSE classification, annual-report source inventory and sector value-chain mapping",0.6,inferred
ind_nifty500,EIHOTEL,EIH Ltd.,"commodities, packaging and merchandise",raw_material,upstream,"agri, chemical, textile and packaging suppliers",,high,negative,0,90,Commodity and packaging inflation affects gross margin.,inferred_from_industry,"NSE classification, annual-report source inventory and sector value-chain mapping",0.6,inferred
ind_nifty500,EIHOTEL,EIH Ltd.,"advertising, logistics and retail occupancy",other,upstream,"media, logistics and retail real estate",,medium,negative,0,120,Brand and channel costs influence operating margin.,inferred_from_industry,"NSE classification, annual-report source inventory and sector value-chain mapping",0.6,inferred
ind_nifty500,EIHOTEL,EIH Ltd.,Indian household consumption,customer_industry,downstream,Indian household consumption,,high,positive,0,90,"Household income, pricing and distribution reach drive demand.",inferred_from_industry,"NSE classification, annual-report source inventory and sector value-chain mapping",0.6,inferred
ind_nifty500,EIHOTEL,EIH Ltd.,retail and e-commerce channels,customer_industry,downstream,retail and e-commerce channels,,medium,positive,0,120,Channel expansion and inventory availability support revenue.,inferred_from_industry,"NSE classification, annual-report source inventory and sector value-chain mapping",0.6,inferred
ind_nifty500,EMMVEE,Emmvee Photovoltaic Power Ltd.,"steel, copper, electronics and bought-out components",raw_material,upstream,metals and electrical components,,high,negative,0,180,Input cost inflation can affect project margins.,inferred_from_industry,"NSE classification, annual-report source inventory and sector value-chain mapping",0.6,inferred
ind_nifty500,EMMVEE,Emmvee Photovoltaic Power Ltd.,project execution labor and subcontractors,labour,upstream,engineering and construction services,,medium,negative,0,180,Execution availability and cost influence delivery timelines.,inferred_from_industry,"NSE classification, annual-report source inventory and sector value-chain mapping",0.6,inferred
ind_nifty500,EMMVEE,Emmvee Photovoltaic Power Ltd.,industrial and infrastructure capex,customer_industry,downstream,industrial and infrastructure capex,,high,positive,0,365,Private and public capex drives orders and execution.,inferred_from_industry,"NSE classification, annual-report source inventory and sector value-chain mapping",0.6,inferred
ind_nifty500,EMMVEE,Emmvee Photovoltaic Power Ltd.,government and regulated utilities,customer_industry,downstream,government and regulated utilities,,medium,positive,0,365,Tender awards and utility capex influence order inflow.,inferred_from_industry,"NSE classification, annual-report source inventory and sector value-chain mapping",0.6,inferred
ind_nifty500,ENGINERSIN,Engineers India Ltd.,"steel, copper, electronics and bought-out components",raw_material,upstream,metals and electrical components,,high,negative,0,180,Input cost inflation can affect project margins.,inferred_from_industry,"NSE classification, annual-report source inventory and sector value-chain mapping",0.6,inferred
ind_nifty500,ENGINERSIN,Engineers India Ltd.,project execution labor and subcontractors,labour,upstream,engineering and construction services,,medium,negative,0,180,Execution availability and cost influence delivery timelines.,inferred_from_industry,"NSE classification, annual-report source inventory and sector value-chain mapping",0.6,inferred
ind_nifty500,ENGINERSIN,Engineers India Ltd.,industrial and infrastructure capex,customer_industry,downstream,industrial and infrastructure capex,,high,positive,0,365,Private and public capex drives orders and execution.,inferred_from_industry,"NSE classification, annual-report source inventory and sector value-chain mapping",0.6,inferred
ind_nifty500,ENGINERSIN,Engineers India Ltd.,government and regulated utilities,customer_industry,downstream,government and regulated utilities,,medium,positive,0,365,Tender awards and utility capex influence order inflow.,inferred_from_industry,"NSE classification, annual-report source inventory and sector value-chain mapping",0.6,inferred
ind_nifty500,ERIS,Eris Lifesciences Ltd.,"APIs, KSMs, medical supplies and consumables",raw_material,upstream,pharma intermediates and healthcare supplies,,high,negative,0,120,Input availability and compliance influence margins and supply reliability.,inferred_from_industry,"NSE classification, annual-report source inventory and sector value-chain mapping",0.6,inferred
ind_nifty500,ERIS,Eris Lifesciences Ltd.,regulatory approvals and quality systems,regulation,upstream,healthcare regulators,,high,mixed,0,365,Approvals enable launches and capacity use; observations can disrupt supply.,inferred_from_industry,"NSE classification, annual-report source inventory and sector value-chain mapping",0.6,inferred
ind_nifty500,ERIS,Eris Lifesciences Ltd.,domestic healthcare demand,customer_industry,downstream,domestic healthcare demand,,high,positive,0,120,"Healthcare access, prescriptions and patient volumes support revenue.",inferred_from_industry,"NSE classification, annual-report source inventory and sector value-chain mapping",0.6,inferred
ind_nifty500,ERIS,Eris Lifesciences Ltd.,regulated export or institutional markets,customer_industry,downstream,regulated export or institutional markets,,medium,mixed,0,180,Approvals and tender flows can lift revenue while pricing pressure can offset volume.,inferred_from_industry,"NSE classification, annual-report source inventory and sector value-chain mapping",0.6,inferred
ind_nifty500,ESCORTS,Escorts Kubota Ltd.,"steel, aluminium, rubber and components",raw_material,upstream,"metals, rubber and auto components",,high,negative,0,120,Commodity and component costs affect gross margin.,inferred_from_industry,"NSE classification, annual-report source inventory and sector value-chain mapping",0.6,inferred
ind_nifty500,ESCORTS,Escorts Kubota Ltd.,electronics and logistics,component,upstream,electronics and logistics,,medium,negative,0,180,Supply availability affects production continuity.,inferred_from_industry,"NSE classification, annual-report source inventory and sector value-chain mapping",0.6,inferred
ind_nifty500,ESCORTS,Escorts Kubota Ltd.,Indian auto demand,customer_industry,downstream,Indian auto demand,,high,positive,0,120,"Consumer income, financing and fleet demand drive volumes.",inferred_from_industry,"NSE classification, annual-report source inventory and sector value-chain mapping",0.6,inferred
ind_nifty500,ESCORTS,Escorts Kubota Ltd.,OEM production and replacement market,customer_industry,downstream,OEM production and replacement market,,high,positive,0,180,OEM production schedules and replacement cycles affect revenue.,inferred_from_industry,"NSE classification, annual-report source inventory and sector value-chain mapping",0.6,inferred
ind_nifty500,ETERNAL,Eternal Ltd.,"commodities, packaging and merchandise",raw_material,upstream,"agri, chemical, textile and packaging suppliers",,high,negative,0,90,Commodity and packaging inflation affects gross margin.,inferred_from_industry,"NSE classification, annual-report source inventory and sector value-chain mapping",0.6,inferred
ind_nifty500,ETERNAL,Eternal Ltd.,"advertising, logistics and retail occupancy",other,upstream,"media, logistics and retail real estate",,medium,negative,0,120,Brand and channel costs influence operating margin.,inferred_from_industry,"NSE classification, annual-report source inventory and sector value-chain mapping",0.6,inferred
ind_nifty500,ETERNAL,Eternal Ltd.,Indian household consumption,customer_industry,downstream,Indian household consumption,,high,positive,0,90,"Household income, pricing and distribution reach drive demand.",inferred_from_industry,"NSE classification, annual-report source inventory and sector value-chain mapping",0.6,inferred
ind_nifty500,ETERNAL,Eternal Ltd.,retail and e-commerce channels,customer_industry,downstream,retail and e-commerce channels,,medium,positive,0,120,Channel expansion and inventory availability support revenue.,inferred_from_industry,"NSE classification, annual-report source inventory and sector value-chain mapping",0.6,inferred
ind_nifty500,FACT,Fertilisers and Chemicals Travancore Ltd.,"petrochemical feedstocks, solvents and energy",raw_material,upstream,petrochemicals and energy,,high,negative,0,90,Feedstock and energy inflation affects gross margins.,inferred_from_industry,"NSE classification, annual-report source inventory and sector value-chain mapping",0.6,inferred
ind_nifty500,FACT,Fertilisers and Chemicals Travancore Ltd.,environmental and product approvals,regulation,upstream,chemical regulators,,high,mixed,0,365,Approvals and environmental compliance shape operating continuity.,inferred_from_industry,"NSE classification, annual-report source inventory and sector value-chain mapping",0.6,inferred
ind_nifty500,FACT,Fertilisers and Chemicals Travancore Ltd.,industrial manufacturing,customer_industry,downstream,industrial manufacturing,,high,positive,0,120,Industrial production drives chemical demand.,inferred_from_industry,"NSE classification, annual-report source inventory and sector value-chain mapping",0.6,inferred
ind_nifty500,FACT,Fertilisers and Chemicals Travancore Ltd.,agriculture and regulated end-markets,customer_industry,downstream,agriculture and regulated end-markets,,medium,positive,0,180,Seasonal and regulated demand affects volumes and mix.,inferred_from_industry,"NSE classification, annual-report source inventory and sector value-chain mapping",0.6,inferred
ind_nifty500,FEDERALBNK,Federal Bank Ltd.,"raw materials, energy and logistics",raw_material,upstream,industrial suppliers and logistics,,medium,negative,0,120,Input and freight costs influence margins.,inferred_from_industry,"NSE classification, annual-report source inventory and sector value-chain mapping",0.6,inferred
ind_nifty500,FEDERALBNK,Federal Bank Ltd.,skilled labor and services,labour,upstream,labor and service providers,,medium,negative,0,120,Labor and service availability affects execution and cost.,inferred_from_industry,"NSE classification, annual-report source inventory and sector value-chain mapping",0.6,inferred
ind_nifty500,FEDERALBNK,Federal Bank Ltd.,industry end-market demand,customer_industry,downstream,industry end-market demand,,high,positive,0,180,End-market demand and utilisation drive revenue.,inferred_from_industry,"NSE classification, annual-report source inventory and sector value-chain mapping",0.6,inferred
ind_nifty500,FEDERALBNK,Federal Bank Ltd.,channel or institutional customers,customer_industry,downstream,channel or institutional customers,,medium,positive,0,180,"Distribution, tender or institutional demand affects volumes.",inferred_from_industry,"NSE classification, annual-report source inventory and sector value-chain mapping",0.6,inferred
ind_nifty500,FIVESTAR,Five-Star Business Finance Ltd.,"raw materials, energy and logistics",raw_material,upstream,industrial suppliers and logistics,,medium,negative,0,120,Input and freight costs influence margins.,inferred_from_industry,"NSE classification, annual-report source inventory and sector value-chain mapping",0.6,inferred
ind_nifty500,FIVESTAR,Five-Star Business Finance Ltd.,skilled labor and services,labour,upstream,labor and service providers,,medium,negative,0,120,Labor and service availability affects execution and cost.,inferred_from_industry,"NSE classification, annual-report source inventory and sector value-chain mapping",0.6,inferred
ind_nifty500,FIVESTAR,Five-Star Business Finance Ltd.,industry end-market demand,customer_industry,downstream,industry end-market demand,,high,positive,0,180,End-market demand and utilisation drive revenue.,inferred_from_industry,"NSE classification, annual-report source inventory and sector value-chain mapping",0.6,inferred
ind_nifty500,FIVESTAR,Five-Star Business Finance Ltd.,channel or institutional customers,customer_industry,downstream,channel or institutional customers,,medium,positive,0,180,"Distribution, tender or institutional demand affects volumes.",inferred_from_industry,"NSE classification, annual-report source inventory and sector value-chain mapping",0.6,inferred
ind_nifty500,GESHIP,Great Eastern Shipping Co. Ltd.,"raw materials, energy and logistics",raw_material,upstream,industrial suppliers and logistics,,medium,negative,0,120,Input and freight costs influence margins.,inferred_from_industry,"NSE classification, annual-report source inventory and sector value-chain mapping",0.6,inferred
ind_nifty500,GESHIP,Great Eastern Shipping Co. Ltd.,skilled labor and services,labour,upstream,labor and service providers,,medium,negative,0,120,Labor and service availability affects execution and cost.,inferred_from_industry,"NSE classification, annual-report source inventory and sector value-chain mapping",0.6,inferred
ind_nifty500,GESHIP,Great Eastern Shipping Co. Ltd.,industry end-market demand,customer_industry,downstream,industry end-market demand,,high,positive,0,180,End-market demand and utilisation drive revenue.,inferred_from_industry,"NSE classification, annual-report source inventory and sector value-chain mapping",0.6,inferred
ind_nifty500,GESHIP,Great Eastern Shipping Co. Ltd.,channel or institutional customers,customer_industry,downstream,channel or institutional customers,,medium,positive,0,180,"Distribution, tender or institutional demand affects volumes.",inferred_from_industry,"NSE classification, annual-report source inventory and sector value-chain mapping",0.6,inferred
ind_nifty500,GICRE,General Insurance Corporation of India,"raw materials, energy and logistics",raw_material,upstream,industrial suppliers and logistics,,medium,negative,0,120,Input and freight costs influence margins.,inferred_from_industry,"NSE classification, annual-report source inventory and sector value-chain mapping",0.6,inferred
ind_nifty500,GICRE,General Insurance Corporation of India,skilled labor and services,labour,upstream,labor and service providers,,medium,negative,0,120,Labor and service availability affects execution and cost.,inferred_from_industry,"NSE classification, annual-report source inventory and sector value-chain mapping",0.6,inferred
ind_nifty500,GICRE,General Insurance Corporation of India,industry end-market demand,customer_industry,downstream,industry end-market demand,,high,positive,0,180,End-market demand and utilisation drive revenue.,inferred_from_industry,"NSE classification, annual-report source inventory and sector value-chain mapping",0.6,inferred
ind_nifty500,GICRE,General Insurance Corporation of India,channel or institutional customers,customer_industry,downstream,channel or institutional customers,,medium,positive,0,180,"Distribution, tender or institutional demand affects volumes.",inferred_from_industry,"NSE classification, annual-report source inventory and sector value-chain mapping",0.6,inferred
ind_nifty500,GLAND,Gland Pharma Ltd.,"APIs, KSMs, medical supplies and consumables",raw_material,upstream,pharma intermediates and healthcare supplies,,high,negative,0,120,Input availability and compliance influence margins and supply reliability.,inferred_from_industry,"NSE classification, annual-report source inventory and sector value-chain mapping",0.6,inferred
ind_nifty500,GLAND,Gland Pharma Ltd.,regulatory approvals and quality systems,regulation,upstream,healthcare regulators,,high,mixed,0,365,Approvals enable launches and capacity use; observations can disrupt supply.,inferred_from_industry,"NSE classification, annual-report source inventory and sector value-chain mapping",0.6,inferred
ind_nifty500,GLAND,Gland Pharma Ltd.,domestic healthcare demand,customer_industry,downstream,domestic healthcare demand,,high,positive,0,120,"Healthcare access, prescriptions and patient volumes support revenue.",inferred_from_industry,"NSE classification, annual-report source inventory and sector value-chain mapping",0.6,inferred
ind_nifty500,GLAND,Gland Pharma Ltd.,regulated export or institutional markets,customer_industry,downstream,regulated export or institutional markets,,medium,mixed,0,180,Approvals and tender flows can lift revenue while pricing pressure can offset volume.,inferred_from_industry,"NSE classification, annual-report source inventory and sector value-chain mapping",0.6,inferred
ind_nifty500,GLAXO,Glaxosmithkline Pharmaceuticals Ltd.,"APIs, KSMs, medical supplies and consumables",raw_material,upstream,pharma intermediates and healthcare supplies,,high,negative,0,120,Input availability and compliance influence margins and supply reliability.,inferred_from_industry,"NSE classification, annual-report source inventory and sector value-chain mapping",0.6,inferred
ind_nifty500,GLAXO,Glaxosmithkline Pharmaceuticals Ltd.,regulatory approvals and quality systems,regulation,upstream,healthcare regulators,,high,mixed,0,365,Approvals enable launches and capacity use; observations can disrupt supply.,inferred_from_industry,"NSE classification, annual-report source inventory and sector value-chain mapping",0.6,inferred
ind_nifty500,GLAXO,Glaxosmithkline Pharmaceuticals Ltd.,domestic healthcare demand,customer_industry,downstream,domestic healthcare demand,,high,positive,0,120,"Healthcare access, prescriptions and patient volumes support revenue.",inferred_from_industry,"NSE classification, annual-report source inventory and sector value-chain mapping",0.6,inferred
ind_nifty500,GLAXO,Glaxosmithkline Pharmaceuticals Ltd.,regulated export or institutional markets,customer_industry,downstream,regulated export or institutional markets,,medium,mixed,0,180,Approvals and tender flows can lift revenue while pricing pressure can offset volume.,inferred_from_industry,"NSE classification, annual-report source inventory and sector value-chain mapping",0.6,inferred
ind_nifty500,GMDCLTD,Gujarat Mineral Development Corporation Ltd.,"ore, coal, power and freight",raw_material,upstream,"mining, energy and logistics",,high,negative,0,120,Input and energy costs affect spreads.,inferred_from_industry,"NSE classification, annual-report source inventory and sector value-chain mapping",0.6,inferred
ind_nifty500,GMDCLTD,Gujarat Mineral Development Corporation Ltd.,environmental and mining regulation,regulation,upstream,mining and environmental regulators,,high,mixed,0,365,Regulatory approvals affect capacity and continuity.,inferred_from_industry,"NSE classification, annual-report source inventory and sector value-chain mapping",0.6,inferred
ind_nifty500,GMDCLTD,Gujarat Mineral Development Corporation Ltd.,construction and infrastructure,customer_industry,downstream,construction and infrastructure,,high,positive,0,180,Infrastructure and building activity support metal demand.,inferred_from_industry,"NSE classification, annual-report source inventory and sector value-chain mapping",0.6,inferred
ind_nifty500,GMDCLTD,Gujarat Mineral Development Corporation Ltd.,industrial manufacturing,customer_industry,downstream,industrial manufacturing,,high,positive,0,180,Manufacturing cycles influence metal volumes and pricing.,inferred_from_industry,"NSE classification, annual-report source inventory and sector value-chain mapping",0.6,inferred
ind_nifty500,GMRAIRPORT,GMR Airports Ltd.,"steel, copper, electronics and bought-out components",raw_material,upstream,metals and electrical components,,high,negative,0,180,Input cost inflation can affect project margins.,inferred_from_industry,"NSE classification, annual-report source inventory and sector value-chain mapping",0.6,inferred
ind_nifty500,GMRAIRPORT,GMR Airports Ltd.,project execution labor and subcontractors,labour,upstream,engineering and construction services,,medium,negative,0,180,Execution availability and cost influence delivery timelines.,inferred_from_industry,"NSE classification, annual-report source inventory and sector value-chain mapping",0.6,inferred
ind_nifty500,GMRAIRPORT,GMR Airports Ltd.,industrial and infrastructure capex,customer_industry,downstream,industrial and infrastructure capex,,high,positive,0,365,Private and public capex drives orders and execution.,inferred_from_industry,"NSE classification, annual-report source inventory and sector value-chain mapping",0.6,inferred
ind_nifty500,GMRAIRPORT,GMR Airports Ltd.,government and regulated utilities,customer_industry,downstream,government and regulated utilities,,medium,positive,0,365,Tender awards and utility capex influence order inflow.,inferred_from_industry,"NSE classification, annual-report source inventory and sector value-chain mapping",0.6,inferred
ind_nifty500,GODFRYPHLP,Godfrey Phillips India Ltd.,"commodities, packaging and merchandise",raw_material,upstream,"agri, chemical, textile and packaging suppliers",,high,negative,0,90,Commodity and packaging inflation affects gross margin.,inferred_from_industry,"NSE classification, annual-report source inventory and sector value-chain mapping",0.6,inferred
ind_nifty500,GODFRYPHLP,Godfrey Phillips India Ltd.,"advertising, logistics and retail occupancy",other,upstream,"media, logistics and retail real estate",,medium,negative,0,120,Brand and channel costs influence operating margin.,inferred_from_industry,"NSE classification, annual-report source inventory and sector value-chain mapping",0.6,inferred
ind_nifty500,GODFRYPHLP,Godfrey Phillips India Ltd.,Indian household consumption,customer_industry,downstream,Indian household consumption,,high,positive,0,90,"Household income, pricing and distribution reach drive demand.",inferred_from_industry,"NSE classification, annual-report source inventory and sector value-chain mapping",0.6,inferred
ind_nifty500,GODFRYPHLP,Godfrey Phillips India Ltd.,retail and e-commerce channels,customer_industry,downstream,retail and e-commerce channels,,medium,positive,0,120,Channel expansion and inventory availability support revenue.,inferred_from_industry,"NSE classification, annual-report source inventory and sector value-chain mapping",0.6,inferred
ind_nifty500,GODIGIT,Go Digit General Insurance Ltd.,"raw materials, energy and logistics",raw_material,upstream,industrial suppliers and logistics,,medium,negative,0,120,Input and freight costs influence margins.,inferred_from_industry,"NSE classification, annual-report source inventory and sector value-chain mapping",0.6,inferred
ind_nifty500,GODIGIT,Go Digit General Insurance Ltd.,skilled labor and services,labour,upstream,labor and service providers,,medium,negative,0,120,Labor and service availability affects execution and cost.,inferred_from_industry,"NSE classification, annual-report source inventory and sector value-chain mapping",0.6,inferred
ind_nifty500,GODIGIT,Go Digit General Insurance Ltd.,industry end-market demand,customer_industry,downstream,industry end-market demand,,high,positive,0,180,End-market demand and utilisation drive revenue.,inferred_from_industry,"NSE classification, annual-report source inventory and sector value-chain mapping",0.6,inferred
ind_nifty500,GODIGIT,Go Digit General Insurance Ltd.,channel or institutional customers,customer_industry,downstream,channel or institutional customers,,medium,positive,0,180,"Distribution, tender or institutional demand affects volumes.",inferred_from_industry,"NSE classification, annual-report source inventory and sector value-chain mapping",0.6,inferred
ind_nifty500,GODREJIND,Godrej Industries Ltd.,"raw materials, energy and logistics",raw_material,upstream,industrial suppliers and logistics,,medium,negative,0,120,Input and freight costs influence margins.,inferred_from_industry,"NSE classification, annual-report source inventory and sector value-chain mapping",0.6,inferred
ind_nifty500,GODREJIND,Godrej Industries Ltd.,skilled labor and services,labour,upstream,labor and service providers,,medium,negative,0,120,Labor and service availability affects execution and cost.,inferred_from_industry,"NSE classification, annual-report source inventory and sector value-chain mapping",0.6,inferred
ind_nifty500,GODREJIND,Godrej Industries Ltd.,industry end-market demand,customer_industry,downstream,industry end-market demand,,high,positive,0,180,End-market demand and utilisation drive revenue.,inferred_from_industry,"NSE classification, annual-report source inventory and sector value-chain mapping",0.6,inferred
ind_nifty500,GODREJIND,Godrej Industries Ltd.,channel or institutional customers,customer_industry,downstream,channel or institutional customers,,medium,positive,0,180,"Distribution, tender or institutional demand affects volumes.",inferred_from_industry,"NSE classification, annual-report source inventory and sector value-chain mapping",0.6,inferred
ind_nifty500,GODREJPROP,Godrej Properties Ltd.,"commodities, packaging and merchandise",raw_material,upstream,"agri, chemical, textile and packaging suppliers",,high,negative,0,90,Commodity and packaging inflation affects gross margin.,inferred_from_industry,"NSE classification, annual-report source inventory and sector value-chain mapping",0.6,inferred
ind_nifty500,GODREJPROP,Godrej Properties Ltd.,"advertising, logistics and retail occupancy",other,upstream,"media, logistics and retail real estate",,medium,negative,0,120,Brand and channel costs influence operating margin.,inferred_from_industry,"NSE classification, annual-report source inventory and sector value-chain mapping",0.6,inferred
ind_nifty500,GODREJPROP,Godrej Properties Ltd.,Indian household consumption,customer_industry,downstream,Indian household consumption,,high,positive,0,90,"Household income, pricing and distribution reach drive demand.",inferred_from_industry,"NSE classification, annual-report source inventory and sector value-chain mapping",0.6,inferred
ind_nifty500,GODREJPROP,Godrej Properties Ltd.,retail and e-commerce channels,customer_industry,downstream,retail and e-commerce channels,,medium,positive,0,120,Channel expansion and inventory availability support revenue.,inferred_from_industry,"NSE classification, annual-report source inventory and sector value-chain mapping",0.6,inferred
ind_nifty500,GRAPHITE,Graphite India Ltd.,"steel, copper, electronics and bought-out components",raw_material,upstream,metals and electrical components,,high,negative,0,180,Input cost inflation can affect project margins.,inferred_from_industry,"NSE classification, annual-report source inventory and sector value-chain mapping",0.6,inferred
ind_nifty500,GRAPHITE,Graphite India Ltd.,project execution labor and subcontractors,labour,upstream,engineering and construction services,,medium,negative,0,180,Execution availability and cost influence delivery timelines.,inferred_from_industry,"NSE classification, annual-report source inventory and sector value-chain mapping",0.6,inferred
ind_nifty500,GRAPHITE,Graphite India Ltd.,industrial and infrastructure capex,customer_industry,downstream,industrial and infrastructure capex,,high,positive,0,365,Private and public capex drives orders and execution.,inferred_from_industry,"NSE classification, annual-report source inventory and sector value-chain mapping",0.6,inferred
ind_nifty500,GRAPHITE,Graphite India Ltd.,government and regulated utilities,customer_industry,downstream,government and regulated utilities,,medium,positive,0,365,Tender awards and utility capex influence order inflow.,inferred_from_industry,"NSE classification, annual-report source inventory and sector value-chain mapping",0.6,inferred
ind_nifty500,GRASIM,Grasim Industries Ltd.,"steel, copper, electronics and bought-out components",raw_material,upstream,metals and electrical components,,high,negative,0,180,Input cost inflation can affect project margins.,inferred_from_industry,"NSE classification, annual-report source inventory and sector value-chain mapping",0.6,inferred
ind_nifty500,GRASIM,Grasim Industries Ltd.,project execution labor and subcontractors,labour,upstream,engineering and construction services,,medium,negative,0,180,Execution availability and cost influence delivery timelines.,inferred_from_industry,"NSE classification, annual-report source inventory and sector value-chain mapping",0.6,inferred
ind_nifty500,GRASIM,Grasim Industries Ltd.,industrial and infrastructure capex,customer_industry,downstream,industrial and infrastructure capex,,high,positive,0,365,Private and public capex drives orders and execution.,inferred_from_industry,"NSE classification, annual-report source inventory and sector value-chain mapping",0.6,inferred
ind_nifty500,GRASIM,Grasim Industries Ltd.,government and regulated utilities,customer_industry,downstream,government and regulated utilities,,medium,positive,0,365,Tender awards and utility capex influence order inflow.,inferred_from_industry,"NSE classification, annual-report source inventory and sector value-chain mapping",0.6,inferred
ind_nifty500,GROWW,Billionbrains Garage Ventures Ltd.,"raw materials, energy and logistics",raw_material,upstream,industrial suppliers and logistics,,medium,negative,0,120,Input and freight costs influence margins.,inferred_from_industry,"NSE classification, annual-report source inventory and sector value-chain mapping",0.6,inferred
ind_nifty500,GROWW,Billionbrains Garage Ventures Ltd.,skilled labor and services,labour,upstream,labor and service providers,,medium,negative,0,120,Labor and service availability affects execution and cost.,inferred_from_industry,"NSE classification, annual-report source inventory and sector value-chain mapping",0.6,inferred
ind_nifty500,GROWW,Billionbrains Garage Ventures Ltd.,industry end-market demand,customer_industry,downstream,industry end-market demand,,high,positive,0,180,End-market demand and utilisation drive revenue.,inferred_from_industry,"NSE classification, annual-report source inventory and sector value-chain mapping",0.6,inferred
ind_nifty500,GROWW,Billionbrains Garage Ventures Ltd.,channel or institutional customers,customer_industry,downstream,channel or institutional customers,,medium,positive,0,180,"Distribution, tender or institutional demand affects volumes.",inferred_from_industry,"NSE classification, annual-report source inventory and sector value-chain mapping",0.6,inferred
ind_nifty500,GRSE,Garden Reach Shipbuilders & Engineers Ltd.,"steel, copper, electronics and bought-out components",raw_material,upstream,metals and electrical components,,high,negative,0,180,Input cost inflation can affect project margins.,inferred_from_industry,"NSE classification, annual-report source inventory and sector value-chain mapping",0.6,inferred
ind_nifty500,GRSE,Garden Reach Shipbuilders & Engineers Ltd.,project execution labor and subcontractors,labour,upstream,engineering and construction services,,medium,negative,0,180,Execution availability and cost influence delivery timelines.,inferred_from_industry,"NSE classification, annual-report source inventory and sector value-chain mapping",0.6,inferred
ind_nifty500,GRSE,Garden Reach Shipbuilders & Engineers Ltd.,industrial and infrastructure capex,customer_industry,downstream,industrial and infrastructure capex,,high,positive,0,365,Private and public capex drives orders and execution.,inferred_from_industry,"NSE classification, annual-report source inventory and sector value-chain mapping",0.6,inferred
ind_nifty500,GRSE,Garden Reach Shipbuilders & Engineers Ltd.,government and regulated utilities,customer_industry,downstream,government and regulated utilities,,medium,positive,0,365,Tender awards and utility capex influence order inflow.,inferred_from_industry,"NSE classification, annual-report source inventory and sector value-chain mapping",0.6,inferred
ind_nifty500,HAL,Hindustan Aeronautics Ltd.,"steel, copper, electronics and bought-out components",raw_material,upstream,metals and electrical components,,high,negative,0,180,Input cost inflation can affect project margins.,inferred_from_industry,"NSE classification, annual-report source inventory and sector value-chain mapping",0.6,inferred
ind_nifty500,HAL,Hindustan Aeronautics Ltd.,project execution labor and subcontractors,labour,upstream,engineering and construction services,,medium,negative,0,180,Execution availability and cost influence delivery timelines.,inferred_from_industry,"NSE classification, annual-report source inventory and sector value-chain mapping",0.6,inferred
ind_nifty500,HAL,Hindustan Aeronautics Ltd.,industrial and infrastructure capex,customer_industry,downstream,industrial and infrastructure capex,,high,positive,0,365,Private and public capex drives orders and execution.,inferred_from_industry,"NSE classification, annual-report source inventory and sector value-chain mapping",0.6,inferred
ind_nifty500,HAL,Hindustan Aeronautics Ltd.,government and regulated utilities,customer_industry,downstream,government and regulated utilities,,medium,positive,0,365,Tender awards and utility capex influence order inflow.,inferred_from_industry,"NSE classification, annual-report source inventory and sector value-chain mapping",0.6,inferred
ind_nifty500,HBLENGINE,HBL Engineering Ltd.,"steel, copper, electronics and bought-out components",raw_material,upstream,metals and electrical components,,high,negative,0,180,Input cost inflation can affect project margins.,inferred_from_industry,"NSE classification, annual-report source inventory and sector value-chain mapping",0.6,inferred
ind_nifty500,HBLENGINE,HBL Engineering Ltd.,project execution labor and subcontractors,labour,upstream,engineering and construction services,,medium,negative,0,180,Execution availability and cost influence delivery timelines.,inferred_from_industry,"NSE classification, annual-report source inventory and sector value-chain mapping",0.6,inferred
ind_nifty500,HBLENGINE,HBL Engineering Ltd.,industrial and infrastructure capex,customer_industry,downstream,industrial and infrastructure capex,,high,positive,0,365,Private and public capex drives orders and execution.,inferred_from_industry,"NSE classification, annual-report source inventory and sector value-chain mapping",0.6,inferred
ind_nifty500,HBLENGINE,HBL Engineering Ltd.,government and regulated utilities,customer_industry,downstream,government and regulated utilities,,medium,positive,0,365,Tender awards and utility capex influence order inflow.,inferred_from_industry,"NSE classification, annual-report source inventory and sector value-chain mapping",0.6,inferred
ind_nifty500,HDBFS,HDB Financial Services Ltd.,"raw materials, energy and logistics",raw_material,upstream,industrial suppliers and logistics,,medium,negative,0,120,Input and freight costs influence margins.,inferred_from_industry,"NSE classification, annual-report source inventory and sector value-chain mapping",0.6,inferred
ind_nifty500,HDBFS,HDB Financial Services Ltd.,skilled labor and services,labour,upstream,labor and service providers,,medium,negative,0,120,Labor and service availability affects execution and cost.,inferred_from_industry,"NSE classification, annual-report source inventory and sector value-chain mapping",0.6,inferred
ind_nifty500,HDBFS,HDB Financial Services Ltd.,industry end-market demand,customer_industry,downstream,industry end-market demand,,high,positive,0,180,End-market demand and utilisation drive revenue.,inferred_from_industry,"NSE classification, annual-report source inventory and sector value-chain mapping",0.6,inferred
ind_nifty500,HDBFS,HDB Financial Services Ltd.,channel or institutional customers,customer_industry,downstream,channel or institutional customers,,medium,positive,0,180,"Distribution, tender or institutional demand affects volumes.",inferred_from_industry,"NSE classification, annual-report source inventory and sector value-chain mapping",0.6,inferred
ind_nifty500,HDFCAMC,HDFC Asset Management Company Ltd.,"raw materials, energy and logistics",raw_material,upstream,industrial suppliers and logistics,,medium,negative,0,120,Input and freight costs influence margins.,inferred_from_industry,"NSE classification, annual-report source inventory and sector value-chain mapping",0.6,inferred
ind_nifty500,HDFCAMC,HDFC Asset Management Company Ltd.,skilled labor and services,labour,upstream,labor and service providers,,medium,negative,0,120,Labor and service availability affects execution and cost.,inferred_from_industry,"NSE classification, annual-report source inventory and sector value-chain mapping",0.6,inferred
ind_nifty500,HDFCAMC,HDFC Asset Management Company Ltd.,industry end-market demand,customer_industry,downstream,industry end-market demand,,high,positive,0,180,End-market demand and utilisation drive revenue.,inferred_from_industry,"NSE classification, annual-report source inventory and sector value-chain mapping",0.6,inferred
ind_nifty500,HDFCAMC,HDFC Asset Management Company Ltd.,channel or institutional customers,customer_industry,downstream,channel or institutional customers,,medium,positive,0,180,"Distribution, tender or institutional demand affects volumes.",inferred_from_industry,"NSE classification, annual-report source inventory and sector value-chain mapping",0.6,inferred
ind_nifty500,HDFCBANK,HDFC Bank Ltd.,"raw materials, energy and logistics",raw_material,upstream,industrial suppliers and logistics,,medium,negative,0,120,Input and freight costs influence margins.,inferred_from_industry,"NSE classification, annual-report source inventory and sector value-chain mapping",0.6,inferred
ind_nifty500,HDFCBANK,HDFC Bank Ltd.,skilled labor and services,labour,upstream,labor and service providers,,medium,negative,0,120,Labor and service availability affects execution and cost.,inferred_from_industry,"NSE classification, annual-report source inventory and sector value-chain mapping",0.6,inferred
ind_nifty500,HDFCBANK,HDFC Bank Ltd.,industry end-market demand,customer_industry,downstream,industry end-market demand,,high,positive,0,180,End-market demand and utilisation drive revenue.,inferred_from_industry,"NSE classification, annual-report source inventory and sector value-chain mapping",0.6,inferred
ind_nifty500,HDFCBANK,HDFC Bank Ltd.,channel or institutional customers,customer_industry,downstream,channel or institutional customers,,medium,positive,0,180,"Distribution, tender or institutional demand affects volumes.",inferred_from_industry,"NSE classification, annual-report source inventory and sector value-chain mapping",0.6,inferred
ind_nifty500,HDFCLIFE,HDFC Life Insurance Company Ltd.,"raw materials, energy and logistics",raw_material,upstream,industrial suppliers and logistics,,medium,negative,0,120,Input and freight costs influence margins.,inferred_from_industry,"NSE classification, annual-report source inventory and sector value-chain mapping",0.6,inferred
ind_nifty500,HDFCLIFE,HDFC Life Insurance Company Ltd.,skilled labor and services,labour,upstream,labor and service providers,,medium,negative,0,120,Labor and service availability affects execution and cost.,inferred_from_industry,"NSE classification, annual-report source inventory and sector value-chain mapping",0.6,inferred
ind_nifty500,HDFCLIFE,HDFC Life Insurance Company Ltd.,industry end-market demand,customer_industry,downstream,industry end-market demand,,high,positive,0,180,End-market demand and utilisation drive revenue.,inferred_from_industry,"NSE classification, annual-report source inventory and sector value-chain mapping",0.6,inferred
ind_nifty500,HDFCLIFE,HDFC Life Insurance Company Ltd.,channel or institutional customers,customer_industry,downstream,channel or institutional customers,,medium,positive,0,180,"Distribution, tender or institutional demand affects volumes.",inferred_from_industry,"NSE classification, annual-report source inventory and sector value-chain mapping",0.6,inferred
ind_nifty500,HINDPETRO,Hindustan Petroleum Corporation Ltd.,"fuel, gas, crude-linked inputs and power",energy,upstream,energy and commodities,,high,negative,0,90,Commodity prices and supply availability affect spreads and margins.,inferred_from_industry,"NSE classification, annual-report source inventory and sector value-chain mapping",0.6,inferred
ind_nifty500,HINDPETRO,Hindustan Petroleum Corporation Ltd.,regulatory tariffs and licenses,regulation,upstream,energy regulators,,high,mixed,0,365,"Tariffs, licenses and policy changes influence returns.",inferred_from_industry,"NSE classification, annual-report source inventory and sector value-chain mapping",0.6,inferred
ind_nifty500,HINDPETRO,Hindustan Petroleum Corporation Ltd.,industrial and commercial energy demand,customer_industry,downstream,industrial and commercial energy demand,,high,positive,0,120,Industrial activity and urban demand support offtake.,inferred_from_industry,"NSE classification, annual-report source inventory and sector value-chain mapping",0.6,inferred
ind_nifty500,HINDPETRO,Hindustan Petroleum Corporation Ltd.,regulated retail users,customer_industry,downstream,regulated retail users,,medium,positive,0,120,Retail demand and tariff regulation affect revenue.,inferred_from_industry,"NSE classification, annual-report source inventory and sector value-chain mapping",0.6,inferred
ind_nifty500,HINDZINC,Hindustan Zinc Ltd.,"ore, coal, power and freight",raw_material,upstream,"mining, energy and logistics",,high,negative,0,120,Input and energy costs affect spreads.,inferred_from_industry,"NSE classification, annual-report source inventory and sector value-chain mapping",0.6,inferred
ind_nifty500,HINDZINC,Hindustan Zinc Ltd.,environmental and mining regulation,regulation,upstream,mining and environmental regulators,,high,mixed,0,365,Regulatory approvals affect capacity and continuity.,inferred_from_industry,"NSE classification, annual-report source inventory and sector value-chain mapping",0.6,inferred
ind_nifty500,HINDZINC,Hindustan Zinc Ltd.,construction and infrastructure,customer_industry,downstream,construction and infrastructure,,high,positive,0,180,Infrastructure and building activity support metal demand.,inferred_from_industry,"NSE classification, annual-report source inventory and sector value-chain mapping",0.6,inferred
ind_nifty500,HINDZINC,Hindustan Zinc Ltd.,industrial manufacturing,customer_industry,downstream,industrial manufacturing,,high,positive,0,180,Manufacturing cycles influence metal volumes and pricing.,inferred_from_industry,"NSE classification, annual-report source inventory and sector value-chain mapping",0.6,inferred
ind_nifty500,HOMEFIRST,Home First Finance Company India Ltd.,"raw materials, energy and logistics",raw_material,upstream,industrial suppliers and logistics,,medium,negative,0,120,Input and freight costs influence margins.,inferred_from_industry,"NSE classification, annual-report source inventory and sector value-chain mapping",0.6,inferred
ind_nifty500,HOMEFIRST,Home First Finance Company India Ltd.,skilled labor and services,labour,upstream,labor and service providers,,medium,negative,0,120,Labor and service availability affects execution and cost.,inferred_from_industry,"NSE classification, annual-report source inventory and sector value-chain mapping",0.6,inferred
ind_nifty500,HOMEFIRST,Home First Finance Company India Ltd.,industry end-market demand,customer_industry,downstream,industry end-market demand,,high,positive,0,180,End-market demand and utilisation drive revenue.,inferred_from_industry,"NSE classification, annual-report source inventory and sector value-chain mapping",0.6,inferred
ind_nifty500,HOMEFIRST,Home First Finance Company India Ltd.,channel or institutional customers,customer_industry,downstream,channel or institutional customers,,medium,positive,0,180,"Distribution, tender or institutional demand affects volumes.",inferred_from_industry,"NSE classification, annual-report source inventory and sector value-chain mapping",0.6,inferred
ind_nifty500,HONASA,Honasa Consumer Ltd.,"commodities, packaging and merchandise",raw_material,upstream,"agri, chemical, textile and packaging suppliers",,high,negative,0,90,Commodity and packaging inflation affects gross margin.,inferred_from_industry,"NSE classification, annual-report source inventory and sector value-chain mapping",0.6,inferred
ind_nifty500,HONASA,Honasa Consumer Ltd.,"advertising, logistics and retail occupancy",other,upstream,"media, logistics and retail real estate",,medium,negative,0,120,Brand and channel costs influence operating margin.,inferred_from_industry,"NSE classification, annual-report source inventory and sector value-chain mapping",0.6,inferred
ind_nifty500,HONASA,Honasa Consumer Ltd.,Indian household consumption,customer_industry,downstream,Indian household consumption,,high,positive,0,90,"Household income, pricing and distribution reach drive demand.",inferred_from_industry,"NSE classification, annual-report source inventory and sector value-chain mapping",0.6,inferred
ind_nifty500,HONASA,Honasa Consumer Ltd.,retail and e-commerce channels,customer_industry,downstream,retail and e-commerce channels,,medium,positive,0,120,Channel expansion and inventory availability support revenue.,inferred_from_industry,"NSE classification, annual-report source inventory and sector value-chain mapping",0.6,inferred
ind_nifty500,HONAUT,Honeywell Automation India Ltd.,"steel, aluminium, rubber and components",raw_material,upstream,"metals, rubber and auto components",,high,negative,0,120,Commodity and component costs affect gross margin.,inferred_from_industry,"NSE classification, annual-report source inventory and sector value-chain mapping",0.6,inferred
ind_nifty500,HONAUT,Honeywell Automation India Ltd.,electronics and logistics,component,upstream,electronics and logistics,,medium,negative,0,180,Supply availability affects production continuity.,inferred_from_industry,"NSE classification, annual-report source inventory and sector value-chain mapping",0.6,inferred
ind_nifty500,HONAUT,Honeywell Automation India Ltd.,Indian auto demand,customer_industry,downstream,Indian auto demand,,high,positive,0,120,"Consumer income, financing and fleet demand drive volumes.",inferred_from_industry,"NSE classification, annual-report source inventory and sector value-chain mapping",0.6,inferred
ind_nifty500,HONAUT,Honeywell Automation India Ltd.,OEM production and replacement market,customer_industry,downstream,OEM production and replacement market,,high,positive,0,180,OEM production schedules and replacement cycles affect revenue.,inferred_from_industry,"NSE classification, annual-report source inventory and sector value-chain mapping",0.6,inferred
ind_nifty500,HUDCO,Housing & Urban Development Corporation Ltd.,"raw materials, energy and logistics",raw_material,upstream,industrial suppliers and logistics,,medium,negative,0,120,Input and freight costs influence margins.,inferred_from_industry,"NSE classification, annual-report source inventory and sector value-chain mapping",0.6,inferred
ind_nifty500,HUDCO,Housing & Urban Development Corporation Ltd.,skilled labor and services,labour,upstream,labor and service providers,,medium,negative,0,120,Labor and service availability affects execution and cost.,inferred_from_industry,"NSE classification, annual-report source inventory and sector value-chain mapping",0.6,inferred
ind_nifty500,HUDCO,Housing & Urban Development Corporation Ltd.,industry end-market demand,customer_industry,downstream,industry end-market demand,,high,positive,0,180,End-market demand and utilisation drive revenue.,inferred_from_industry,"NSE classification, annual-report source inventory and sector value-chain mapping",0.6,inferred
ind_nifty500,HUDCO,Housing & Urban Development Corporation Ltd.,channel or institutional customers,customer_industry,downstream,channel or institutional customers,,medium,positive,0,180,"Distribution, tender or institutional demand affects volumes.",inferred_from_industry,"NSE classification, annual-report source inventory and sector value-chain mapping",0.6,inferred
ind_nifty500,ICICIAMC,ICICI Prudential Asset Management Company Ltd.,"raw materials, energy and logistics",raw_material,upstream,industrial suppliers and logistics,,medium,negative,0,120,Input and freight costs influence margins.,inferred_from_industry,"NSE classification, annual-report source inventory and sector value-chain mapping",0.6,inferred
ind_nifty500,ICICIAMC,ICICI Prudential Asset Management Company Ltd.,skilled labor and services,labour,upstream,labor and service providers,,medium,negative,0,120,Labor and service availability affects execution and cost.,inferred_from_industry,"NSE classification, annual-report source inventory and sector value-chain mapping",0.6,inferred
ind_nifty500,ICICIAMC,ICICI Prudential Asset Management Company Ltd.,industry end-market demand,customer_industry,downstream,industry end-market demand,,high,positive,0,180,End-market demand and utilisation drive revenue.,inferred_from_industry,"NSE classification, annual-report source inventory and sector value-chain mapping",0.6,inferred
ind_nifty500,ICICIAMC,ICICI Prudential Asset Management Company Ltd.,channel or institutional customers,customer_industry,downstream,channel or institutional customers,,medium,positive,0,180,"Distribution, tender or institutional demand affects volumes.",inferred_from_industry,"NSE classification, annual-report source inventory and sector value-chain mapping",0.6,inferred
ind_nifty500,ICICIBANK,ICICI Bank Ltd.,"raw materials, energy and logistics",raw_material,upstream,industrial suppliers and logistics,,medium,negative,0,120,Input and freight costs influence margins.,inferred_from_industry,"NSE classification, annual-report source inventory and sector value-chain mapping",0.6,inferred
ind_nifty500,ICICIBANK,ICICI Bank Ltd.,skilled labor and services,labour,upstream,labor and service providers,,medium,negative,0,120,Labor and service availability affects execution and cost.,inferred_from_industry,"NSE classification, annual-report source inventory and sector value-chain mapping",0.6,inferred
ind_nifty500,ICICIBANK,ICICI Bank Ltd.,industry end-market demand,customer_industry,downstream,industry end-market demand,,high,positive,0,180,End-market demand and utilisation drive revenue.,inferred_from_industry,"NSE classification, annual-report source inventory and sector value-chain mapping",0.6,inferred
ind_nifty500,ICICIBANK,ICICI Bank Ltd.,channel or institutional customers,customer_industry,downstream,channel or institutional customers,,medium,positive,0,180,"Distribution, tender or institutional demand affects volumes.",inferred_from_industry,"NSE classification, annual-report source inventory and sector value-chain mapping",0.6,inferred
ind_nifty500,ICICIGI,ICICI Lombard General Insurance Company Ltd.,"raw materials, energy and logistics",raw_material,upstream,industrial suppliers and logistics,,medium,negative,0,120,Input and freight costs influence margins.,inferred_from_industry,"NSE classification, annual-report source inventory and sector value-chain mapping",0.6,inferred
ind_nifty500,ICICIGI,ICICI Lombard General Insurance Company Ltd.,skilled labor and services,labour,upstream,labor and service providers,,medium,negative,0,120,Labor and service availability affects execution and cost.,inferred_from_industry,"NSE classification, annual-report source inventory and sector value-chain mapping",0.6,inferred
ind_nifty500,ICICIGI,ICICI Lombard General Insurance Company Ltd.,industry end-market demand,customer_industry,downstream,industry end-market demand,,high,positive,0,180,End-market demand and utilisation drive revenue.,inferred_from_industry,"NSE classification, annual-report source inventory and sector value-chain mapping",0.6,inferred
ind_nifty500,ICICIGI,ICICI Lombard General Insurance Company Ltd.,channel or institutional customers,customer_industry,downstream,channel or institutional customers,,medium,positive,0,180,"Distribution, tender or institutional demand affects volumes.",inferred_from_industry,"NSE classification, annual-report source inventory and sector value-chain mapping",0.6,inferred
ind_nifty500,ICICIPRULI,ICICI Prudential Life Insurance Company Ltd.,"raw materials, energy and logistics",raw_material,upstream,industrial suppliers and logistics,,medium,negative,0,120,Input and freight costs influence margins.,inferred_from_industry,"NSE classification, annual-report source inventory and sector value-chain mapping",0.6,inferred
ind_nifty500,ICICIPRULI,ICICI Prudential Life Insurance Company Ltd.,skilled labor and services,labour,upstream,labor and service providers,,medium,negative,0,120,Labor and service availability affects execution and cost.,inferred_from_industry,"NSE classification, annual-report source inventory and sector value-chain mapping",0.6,inferred
ind_nifty500,ICICIPRULI,ICICI Prudential Life Insurance Company Ltd.,industry end-market demand,customer_industry,downstream,industry end-market demand,,high,positive,0,180,End-market demand and utilisation drive revenue.,inferred_from_industry,"NSE classification, annual-report source inventory and sector value-chain mapping",0.6,inferred
ind_nifty500,ICICIPRULI,ICICI Prudential Life Insurance Company Ltd.,channel or institutional customers,customer_industry,downstream,channel or institutional customers,,medium,positive,0,180,"Distribution, tender or institutional demand affects volumes.",inferred_from_industry,"NSE classification, annual-report source inventory and sector value-chain mapping",0.6,inferred
ind_nifty500,IDBI,IDBI Bank Ltd.,"raw materials, energy and logistics",raw_material,upstream,industrial suppliers and logistics,,medium,negative,0,120,Input and freight costs influence margins.,inferred_from_industry,"NSE classification, annual-report source inventory and sector value-chain mapping",0.6,inferred
ind_nifty500,IDBI,IDBI Bank Ltd.,skilled labor and services,labour,upstream,labor and service providers,,medium,negative,0,120,Labor and service availability affects execution and cost.,inferred_from_industry,"NSE classification, annual-report source inventory and sector value-chain mapping",0.6,inferred
ind_nifty500,IDBI,IDBI Bank Ltd.,industry end-market demand,customer_industry,downstream,industry end-market demand,,high,positive,0,180,End-market demand and utilisation drive revenue.,inferred_from_industry,"NSE classification, annual-report source inventory and sector value-chain mapping",0.6,inferred
ind_nifty500,IDBI,IDBI Bank Ltd.,channel or institutional customers,customer_industry,downstream,channel or institutional customers,,medium,positive,0,180,"Distribution, tender or institutional demand affects volumes.",inferred_from_industry,"NSE classification, annual-report source inventory and sector value-chain mapping",0.6,inferred
ind_nifty500,IDEA,Vodafone Idea Ltd.,"raw materials, energy and logistics",raw_material,upstream,industrial suppliers and logistics,,medium,negative,0,120,Input and freight costs influence margins.,inferred_from_industry,"NSE classification, annual-report source inventory and sector value-chain mapping",0.6,inferred
ind_nifty500,IDEA,Vodafone Idea Ltd.,skilled labor and services,labour,upstream,labor and service providers,,medium,negative,0,120,Labor and service availability affects execution and cost.,inferred_from_industry,"NSE classification, annual-report source inventory and sector value-chain mapping",0.6,inferred
ind_nifty500,IDEA,Vodafone Idea Ltd.,industry end-market demand,customer_industry,downstream,industry end-market demand,,high,positive,0,180,End-market demand and utilisation drive revenue.,inferred_from_industry,"NSE classification, annual-report source inventory and sector value-chain mapping",0.6,inferred
ind_nifty500,IDEA,Vodafone Idea Ltd.,channel or institutional customers,customer_industry,downstream,channel or institutional customers,,medium,positive,0,180,"Distribution, tender or institutional demand affects volumes.",inferred_from_industry,"NSE classification, annual-report source inventory and sector value-chain mapping",0.6,inferred
ind_nifty500,IDFCFIRSTB,IDFC First Bank Ltd.,"raw materials, energy and logistics",raw_material,upstream,industrial suppliers and logistics,,medium,negative,0,120,Input and freight costs influence margins.,inferred_from_industry,"NSE classification, annual-report source inventory and sector value-chain mapping",0.6,inferred
ind_nifty500,IDFCFIRSTB,IDFC First Bank Ltd.,skilled labor and services,labour,upstream,labor and service providers,,medium,negative,0,120,Labor and service availability affects execution and cost.,inferred_from_industry,"NSE classification, annual-report source inventory and sector value-chain mapping",0.6,inferred
ind_nifty500,IDFCFIRSTB,IDFC First Bank Ltd.,industry end-market demand,customer_industry,downstream,industry end-market demand,,high,positive,0,180,End-market demand and utilisation drive revenue.,inferred_from_industry,"NSE classification, annual-report source inventory and sector value-chain mapping",0.6,inferred
ind_nifty500,IDFCFIRSTB,IDFC First Bank Ltd.,channel or institutional customers,customer_industry,downstream,channel or institutional customers,,medium,positive,0,180,"Distribution, tender or institutional demand affects volumes.",inferred_from_industry,"NSE classification, annual-report source inventory and sector value-chain mapping",0.6,inferred
ind_nifty500,IEX,Indian Energy Exchange Ltd.,"fuel, gas, crude-linked inputs and power",energy,upstream,energy and commodities,,high,negative,0,90,Commodity prices and supply availability affect spreads and margins.,inferred_from_industry,"NSE classification, annual-report source inventory and sector value-chain mapping",0.6,inferred
ind_nifty500,IEX,Indian Energy Exchange Ltd.,regulatory tariffs and licenses,regulation,upstream,energy regulators,,high,mixed,0,365,"Tariffs, licenses and policy changes influence returns.",inferred_from_industry,"NSE classification, annual-report source inventory and sector value-chain mapping",0.6,inferred
ind_nifty500,IEX,Indian Energy Exchange Ltd.,industrial and commercial energy demand,customer_industry,downstream,industrial and commercial energy demand,,high,positive,0,120,Industrial activity and urban demand support offtake.,inferred_from_industry,"NSE classification, annual-report source inventory and sector value-chain mapping",0.6,inferred
ind_nifty500,IEX,Indian Energy Exchange Ltd.,regulated retail users,customer_industry,downstream,regulated retail users,,medium,positive,0,120,Retail demand and tariff regulation affect revenue.,inferred_from_industry,"NSE classification, annual-report source inventory and sector value-chain mapping",0.6,inferred
ind_nifty500,IFCI,IFCI Ltd.,"raw materials, energy and logistics",raw_material,upstream,industrial suppliers and logistics,,medium,negative,0,120,Input and freight costs influence margins.,inferred_from_industry,"NSE classification, annual-report source inventory and sector value-chain mapping",0.6,inferred
ind_nifty500,IFCI,IFCI Ltd.,skilled labor and services,labour,upstream,labor and service providers,,medium,negative,0,120,Labor and service availability affects execution and cost.,inferred_from_industry,"NSE classification, annual-report source inventory and sector value-chain mapping",0.6,inferred
ind_nifty500,IFCI,IFCI Ltd.,industry end-market demand,customer_industry,downstream,industry end-market demand,,high,positive,0,180,End-market demand and utilisation drive revenue.,inferred_from_industry,"NSE classification, annual-report source inventory and sector value-chain mapping",0.6,inferred
ind_nifty500,IFCI,IFCI Ltd.,channel or institutional customers,customer_industry,downstream,channel or institutional customers,,medium,positive,0,180,"Distribution, tender or institutional demand affects volumes.",inferred_from_industry,"NSE classification, annual-report source inventory and sector value-chain mapping",0.6,inferred
ind_nifty500,IGIL,International Gemological Institute Ltd.,"raw materials, energy and logistics",raw_material,upstream,industrial suppliers and logistics,,medium,negative,0,120,Input and freight costs influence margins.,inferred_from_industry,"NSE classification, annual-report source inventory and sector value-chain mapping",0.6,inferred
ind_nifty500,IGIL,International Gemological Institute Ltd.,skilled labor and services,labour,upstream,labor and service providers,,medium,negative,0,120,Labor and service availability affects execution and cost.,inferred_from_industry,"NSE classification, annual-report source inventory and sector value-chain mapping",0.6,inferred
ind_nifty500,IGIL,International Gemological Institute Ltd.,industry end-market demand,customer_industry,downstream,industry end-market demand,,high,positive,0,180,End-market demand and utilisation drive revenue.,inferred_from_industry,"NSE classification, annual-report source inventory and sector value-chain mapping",0.6,inferred
ind_nifty500,IGIL,International Gemological Institute Ltd.,channel or institutional customers,customer_industry,downstream,channel or institutional customers,,medium,positive,0,180,"Distribution, tender or institutional demand affects volumes.",inferred_from_industry,"NSE classification, annual-report source inventory and sector value-chain mapping",0.6,inferred
ind_nifty500,IIFL,IIFL Finance Ltd.,"raw materials, energy and logistics",raw_material,upstream,industrial suppliers and logistics,,medium,negative,0,120,Input and freight costs influence margins.,inferred_from_industry,"NSE classification, annual-report source inventory and sector value-chain mapping",0.6,inferred
ind_nifty500,IIFL,IIFL Finance Ltd.,skilled labor and services,labour,upstream,labor and service providers,,medium,negative,0,120,Labor and service availability affects execution and cost.,inferred_from_industry,"NSE classification, annual-report source inventory and sector value-chain mapping",0.6,inferred
ind_nifty500,IIFL,IIFL Finance Ltd.,industry end-market demand,customer_industry,downstream,industry end-market demand,,high,positive,0,180,End-market demand and utilisation drive revenue.,inferred_from_industry,"NSE classification, annual-report source inventory and sector value-chain mapping",0.6,inferred
ind_nifty500,IIFL,IIFL Finance Ltd.,channel or institutional customers,customer_industry,downstream,channel or institutional customers,,medium,positive,0,180,"Distribution, tender or institutional demand affects volumes.",inferred_from_industry,"NSE classification, annual-report source inventory and sector value-chain mapping",0.6,inferred
ind_nifty500,IKS,Inventurus Knowledge Solutions Ltd.,skilled technology labor,labour,upstream,IT talent market,,high,negative,0,90,"Wage inflation, utilisation and attrition affect margins.",inferred_from_industry,"NSE classification, annual-report source inventory and sector value-chain mapping",0.6,inferred
ind_nifty500,IKS,Inventurus Knowledge Solutions Ltd.,cloud and software ecosystems,software,upstream,cloud and enterprise software,,medium,mixed,0,180,Partner ecosystems shape delivery capability and demand.,inferred_from_industry,"NSE classification, annual-report source inventory and sector value-chain mapping",0.6,inferred
ind_nifty500,IKS,Inventurus Knowledge Solutions Ltd.,global enterprise IT,customer_industry,downstream,global enterprise IT,,high,positive,0,180,Enterprise technology budgets and deal ramp-ups drive revenue.,inferred_from_industry,"NSE classification, annual-report source inventory and sector value-chain mapping",0.6,inferred
ind_nifty500,IKS,Inventurus Knowledge Solutions Ltd.,industry technology buyers,customer_industry,downstream,industry technology buyers,,medium,positive,0,180,Customer capex and transformation programs influence project conversion.,inferred_from_industry,"NSE classification, annual-report source inventory and sector value-chain mapping",0.6,inferred
ind_nifty500,INDGN,Indegene Ltd.,"APIs, KSMs, medical supplies and consumables",raw_material,upstream,pharma intermediates and healthcare supplies,,high,negative,0,120,Input availability and compliance influence margins and supply reliability.,inferred_from_industry,"NSE classification, annual-report source inventory and sector value-chain mapping",0.6,inferred
ind_nifty500,INDGN,Indegene Ltd.,regulatory approvals and quality systems,regulation,upstream,healthcare regulators,,high,mixed,0,365,Approvals enable launches and capacity use; observations can disrupt supply.,inferred_from_industry,"NSE classification, annual-report source inventory and sector value-chain mapping",0.6,inferred
ind_nifty500,INDGN,Indegene Ltd.,domestic healthcare demand,customer_industry,downstream,domestic healthcare demand,,high,positive,0,120,"Healthcare access, prescriptions and patient volumes support revenue.",inferred_from_industry,"NSE classification, annual-report source inventory and sector value-chain mapping",0.6,inferred
ind_nifty500,INDGN,Indegene Ltd.,regulated export or institutional markets,customer_industry,downstream,regulated export or institutional markets,,medium,mixed,0,180,Approvals and tender flows can lift revenue while pricing pressure can offset volume.,inferred_from_industry,"NSE classification, annual-report source inventory and sector value-chain mapping",0.6,inferred
ind_nifty500,INDHOTEL,Indian Hotels Co. Ltd.,"commodities, packaging and merchandise",raw_material,upstream,"agri, chemical, textile and packaging suppliers",,high,negative,0,90,Commodity and packaging inflation affects gross margin.,inferred_from_industry,"NSE classification, annual-report source inventory and sector value-chain mapping",0.6,inferred
ind_nifty500,INDHOTEL,Indian Hotels Co. Ltd.,"advertising, logistics and retail occupancy",other,upstream,"media, logistics and retail real estate",,medium,negative,0,120,Brand and channel costs influence operating margin.,inferred_from_industry,"NSE classification, annual-report source inventory and sector value-chain mapping",0.6,inferred
ind_nifty500,INDHOTEL,Indian Hotels Co. Ltd.,Indian household consumption,customer_industry,downstream,Indian household consumption,,high,positive,0,90,"Household income, pricing and distribution reach drive demand.",inferred_from_industry,"NSE classification, annual-report source inventory and sector value-chain mapping",0.6,inferred
ind_nifty500,INDHOTEL,Indian Hotels Co. Ltd.,retail and e-commerce channels,customer_industry,downstream,retail and e-commerce channels,,medium,positive,0,120,Channel expansion and inventory availability support revenue.,inferred_from_industry,"NSE classification, annual-report source inventory and sector value-chain mapping",0.6,inferred
ind_nifty500,INDIACEM,India Cements Ltd.,"steel, copper, electronics and bought-out components",raw_material,upstream,metals and electrical components,,high,negative,0,180,Input cost inflation can affect project margins.,inferred_from_industry,"NSE classification, annual-report source inventory and sector value-chain mapping",0.6,inferred
ind_nifty500,INDIACEM,India Cements Ltd.,project execution labor and subcontractors,labour,upstream,engineering and construction services,,medium,negative,0,180,Execution availability and cost influence delivery timelines.,inferred_from_industry,"NSE classification, annual-report source inventory and sector value-chain mapping",0.6,inferred
ind_nifty500,INDIACEM,India Cements Ltd.,industrial and infrastructure capex,customer_industry,downstream,industrial and infrastructure capex,,high,positive,0,365,Private and public capex drives orders and execution.,inferred_from_industry,"NSE classification, annual-report source inventory and sector value-chain mapping",0.6,inferred
ind_nifty500,INDIACEM,India Cements Ltd.,government and regulated utilities,customer_industry,downstream,government and regulated utilities,,medium,positive,0,365,Tender awards and utility capex influence order inflow.,inferred_from_industry,"NSE classification, annual-report source inventory and sector value-chain mapping",0.6,inferred
ind_nifty500,INDIAMART,Indiamart Intermesh Ltd.,"commodities, packaging and merchandise",raw_material,upstream,"agri, chemical, textile and packaging suppliers",,high,negative,0,90,Commodity and packaging inflation affects gross margin.,inferred_from_industry,"NSE classification, annual-report source inventory and sector value-chain mapping",0.6,inferred
ind_nifty500,INDIAMART,Indiamart Intermesh Ltd.,"advertising, logistics and retail occupancy",other,upstream,"media, logistics and retail real estate",,medium,negative,0,120,Brand and channel costs influence operating margin.,inferred_from_industry,"NSE classification, annual-report source inventory and sector value-chain mapping",0.6,inferred
ind_nifty500,INDIAMART,Indiamart Intermesh Ltd.,Indian household consumption,customer_industry,downstream,Indian household consumption,,high,positive,0,90,"Household income, pricing and distribution reach drive demand.",inferred_from_industry,"NSE classification, annual-report source inventory and sector value-chain mapping",0.6,inferred
ind_nifty500,INDIAMART,Indiamart Intermesh Ltd.,retail and e-commerce channels,customer_industry,downstream,retail and e-commerce channels,,medium,positive,0,120,Channel expansion and inventory availability support revenue.,inferred_from_industry,"NSE classification, annual-report source inventory and sector value-chain mapping",0.6,inferred
ind_nifty500,INDIANB,Indian Bank,"raw materials, energy and logistics",raw_material,upstream,industrial suppliers and logistics,,medium,negative,0,120,Input and freight costs influence margins.,inferred_from_industry,"NSE classification, annual-report source inventory and sector value-chain mapping",0.6,inferred
ind_nifty500,INDIANB,Indian Bank,skilled labor and services,labour,upstream,labor and service providers,,medium,negative,0,120,Labor and service availability affects execution and cost.,inferred_from_industry,"NSE classification, annual-report source inventory and sector value-chain mapping",0.6,inferred
ind_nifty500,INDIANB,Indian Bank,industry end-market demand,customer_industry,downstream,industry end-market demand,,high,positive,0,180,End-market demand and utilisation drive revenue.,inferred_from_industry,"NSE classification, annual-report source inventory and sector value-chain mapping",0.6,inferred
ind_nifty500,INDIANB,Indian Bank,channel or institutional customers,customer_industry,downstream,channel or institutional customers,,medium,positive,0,180,"Distribution, tender or institutional demand affects volumes.",inferred_from_industry,"NSE classification, annual-report source inventory and sector value-chain mapping",0.6,inferred
ind_nifty500,INDIGO,InterGlobe Aviation Ltd.,"raw materials, energy and logistics",raw_material,upstream,industrial suppliers and logistics,,medium,negative,0,120,Input and freight costs influence margins.,inferred_from_industry,"NSE classification, annual-report source inventory and sector value-chain mapping",0.6,inferred
ind_nifty500,INDIGO,InterGlobe Aviation Ltd.,skilled labor and services,labour,upstream,labor and service providers,,medium,negative,0,120,Labor and service availability affects execution and cost.,inferred_from_industry,"NSE classification, annual-report source inventory and sector value-chain mapping",0.6,inferred
ind_nifty500,INDIGO,InterGlobe Aviation Ltd.,industry end-market demand,customer_industry,downstream,industry end-market demand,,high,positive,0,180,End-market demand and utilisation drive revenue.,inferred_from_industry,"NSE classification, annual-report source inventory and sector value-chain mapping",0.6,inferred
ind_nifty500,INDIGO,InterGlobe Aviation Ltd.,channel or institutional customers,customer_industry,downstream,channel or institutional customers,,medium,positive,0,180,"Distribution, tender or institutional demand affects volumes.",inferred_from_industry,"NSE classification, annual-report source inventory and sector value-chain mapping",0.6,inferred
ind_nifty500,INDUSINDBK,IndusInd Bank Ltd.,"raw materials, energy and logistics",raw_material,upstream,industrial suppliers and logistics,,medium,negative,0,120,Input and freight costs influence margins.,inferred_from_industry,"NSE classification, annual-report source inventory and sector value-chain mapping",0.6,inferred
ind_nifty500,INDUSINDBK,IndusInd Bank Ltd.,skilled labor and services,labour,upstream,labor and service providers,,medium,negative,0,120,Labor and service availability affects execution and cost.,inferred_from_industry,"NSE classification, annual-report source inventory and sector value-chain mapping",0.6,inferred
ind_nifty500,INDUSINDBK,IndusInd Bank Ltd.,industry end-market demand,customer_industry,downstream,industry end-market demand,,high,positive,0,180,End-market demand and utilisation drive revenue.,inferred_from_industry,"NSE classification, annual-report source inventory and sector value-chain mapping",0.6,inferred
ind_nifty500,INDUSINDBK,IndusInd Bank Ltd.,channel or institutional customers,customer_industry,downstream,channel or institutional customers,,medium,positive,0,180,"Distribution, tender or institutional demand affects volumes.",inferred_from_industry,"NSE classification, annual-report source inventory and sector value-chain mapping",0.6,inferred
ind_nifty500,INTELLECT,Intellect Design Arena Ltd.,skilled technology labor,labour,upstream,IT talent market,,high,negative,0,90,"Wage inflation, utilisation and attrition affect margins.",inferred_from_industry,"NSE classification, annual-report source inventory and sector value-chain mapping",0.6,inferred
ind_nifty500,INTELLECT,Intellect Design Arena Ltd.,cloud and software ecosystems,software,upstream,cloud and enterprise software,,medium,mixed,0,180,Partner ecosystems shape delivery capability and demand.,inferred_from_industry,"NSE classification, annual-report source inventory and sector value-chain mapping",0.6,inferred
ind_nifty500,INTELLECT,Intellect Design Arena Ltd.,global enterprise IT,customer_industry,downstream,global enterprise IT,,high,positive,0,180,Enterprise technology budgets and deal ramp-ups drive revenue.,inferred_from_industry,"NSE classification, annual-report source inventory and sector value-chain mapping",0.6,inferred
ind_nifty500,INTELLECT,Intellect Design Arena Ltd.,industry technology buyers,customer_industry,downstream,industry technology buyers,,medium,positive,0,180,Customer capex and transformation programs influence project conversion.,inferred_from_industry,"NSE classification, annual-report source inventory and sector value-chain mapping",0.6,inferred
ind_nifty500,IOB,Indian Overseas Bank,"raw materials, energy and logistics",raw_material,upstream,industrial suppliers and logistics,,medium,negative,0,120,Input and freight costs influence margins.,inferred_from_industry,"NSE classification, annual-report source inventory and sector value-chain mapping",0.6,inferred
ind_nifty500,IOB,Indian Overseas Bank,skilled labor and services,labour,upstream,labor and service providers,,medium,negative,0,120,Labor and service availability affects execution and cost.,inferred_from_industry,"NSE classification, annual-report source inventory and sector value-chain mapping",0.6,inferred
ind_nifty500,IOB,Indian Overseas Bank,industry end-market demand,customer_industry,downstream,industry end-market demand,,high,positive,0,180,End-market demand and utilisation drive revenue.,inferred_from_industry,"NSE classification, annual-report source inventory and sector value-chain mapping",0.6,inferred
ind_nifty500,IOB,Indian Overseas Bank,channel or institutional customers,customer_industry,downstream,channel or institutional customers,,medium,positive,0,180,"Distribution, tender or institutional demand affects volumes.",inferred_from_industry,"NSE classification, annual-report source inventory and sector value-chain mapping",0.6,inferred
ind_nifty500,IOC,Indian Oil Corporation Ltd.,"fuel, gas, crude-linked inputs and power",energy,upstream,energy and commodities,,high,negative,0,90,Commodity prices and supply availability affect spreads and margins.,inferred_from_industry,"NSE classification, annual-report source inventory and sector value-chain mapping",0.6,inferred
ind_nifty500,IOC,Indian Oil Corporation Ltd.,regulatory tariffs and licenses,regulation,upstream,energy regulators,,high,mixed,0,365,"Tariffs, licenses and policy changes influence returns.",inferred_from_industry,"NSE classification, annual-report source inventory and sector value-chain mapping",0.6,inferred
ind_nifty500,IOC,Indian Oil Corporation Ltd.,industrial and commercial energy demand,customer_industry,downstream,industrial and commercial energy demand,,high,positive,0,120,Industrial activity and urban demand support offtake.,inferred_from_industry,"NSE classification, annual-report source inventory and sector value-chain mapping",0.6,inferred
ind_nifty500,IOC,Indian Oil Corporation Ltd.,regulated retail users,customer_industry,downstream,regulated retail users,,medium,positive,0,120,Retail demand and tariff regulation affect revenue.,inferred_from_industry,"NSE classification, annual-report source inventory and sector value-chain mapping",0.6,inferred
ind_nifty500,IRB,IRB Infrastructure Developers Ltd.,"steel, copper, electronics and bought-out components",raw_material,upstream,metals and electrical components,,high,negative,0,180,Input cost inflation can affect project margins.,inferred_from_industry,"NSE classification, annual-report source inventory and sector value-chain mapping",0.6,inferred
ind_nifty500,IRB,IRB Infrastructure Developers Ltd.,project execution labor and subcontractors,labour,upstream,engineering and construction services,,medium,negative,0,180,Execution availability and cost influence delivery timelines.,inferred_from_industry,"NSE classification, annual-report source inventory and sector value-chain mapping",0.6,inferred
ind_nifty500,IRB,IRB Infrastructure Developers Ltd.,industrial and infrastructure capex,customer_industry,downstream,industrial and infrastructure capex,,high,positive,0,365,Private and public capex drives orders and execution.,inferred_from_industry,"NSE classification, annual-report source inventory and sector value-chain mapping",0.6,inferred
ind_nifty500,IRB,IRB Infrastructure Developers Ltd.,government and regulated utilities,customer_industry,downstream,government and regulated utilities,,medium,positive,0,365,Tender awards and utility capex influence order inflow.,inferred_from_industry,"NSE classification, annual-report source inventory and sector value-chain mapping",0.6,inferred
ind_nifty500,IRCON,IRCON International Ltd.,"steel, copper, electronics and bought-out components",raw_material,upstream,metals and electrical components,,high,negative,0,180,Input cost inflation can affect project margins.,inferred_from_industry,"NSE classification, annual-report source inventory and sector value-chain mapping",0.6,inferred
ind_nifty500,IRCON,IRCON International Ltd.,project execution labor and subcontractors,labour,upstream,engineering and construction services,,medium,negative,0,180,Execution availability and cost influence delivery timelines.,inferred_from_industry,"NSE classification, annual-report source inventory and sector value-chain mapping",0.6,inferred
ind_nifty500,IRCON,IRCON International Ltd.,industrial and infrastructure capex,customer_industry,downstream,industrial and infrastructure capex,,high,positive,0,365,Private and public capex drives orders and execution.,inferred_from_industry,"NSE classification, annual-report source inventory and sector value-chain mapping",0.6,inferred
ind_nifty500,IRCON,IRCON International Ltd.,government and regulated utilities,customer_industry,downstream,government and regulated utilities,,medium,positive,0,365,Tender awards and utility capex influence order inflow.,inferred_from_industry,"NSE classification, annual-report source inventory and sector value-chain mapping",0.6,inferred
ind_nifty500,IRCTC,Indian Railway Catering And Tourism Corporation Ltd.,"commodities, packaging and merchandise",raw_material,upstream,"agri, chemical, textile and packaging suppliers",,high,negative,0,90,Commodity and packaging inflation affects gross margin.,inferred_from_industry,"NSE classification, annual-report source inventory and sector value-chain mapping",0.6,inferred
ind_nifty500,IRCTC,Indian Railway Catering And Tourism Corporation Ltd.,"advertising, logistics and retail occupancy",other,upstream,"media, logistics and retail real estate",,medium,negative,0,120,Brand and channel costs influence operating margin.,inferred_from_industry,"NSE classification, annual-report source inventory and sector value-chain mapping",0.6,inferred
ind_nifty500,IRCTC,Indian Railway Catering And Tourism Corporation Ltd.,Indian household consumption,customer_industry,downstream,Indian household consumption,,high,positive,0,90,"Household income, pricing and distribution reach drive demand.",inferred_from_industry,"NSE classification, annual-report source inventory and sector value-chain mapping",0.6,inferred
ind_nifty500,IRCTC,Indian Railway Catering And Tourism Corporation Ltd.,retail and e-commerce channels,customer_industry,downstream,retail and e-commerce channels,,medium,positive,0,120,Channel expansion and inventory availability support revenue.,inferred_from_industry,"NSE classification, annual-report source inventory and sector value-chain mapping",0.6,inferred
ind_nifty500,IREDA,Indian Renewable Energy Development Agency Ltd.,"fuel, gas, crude-linked inputs and power",energy,upstream,energy and commodities,,high,negative,0,90,Commodity prices and supply availability affect spreads and margins.,inferred_from_industry,"NSE classification, annual-report source inventory and sector value-chain mapping",0.6,inferred
ind_nifty500,IREDA,Indian Renewable Energy Development Agency Ltd.,regulatory tariffs and licenses,regulation,upstream,energy regulators,,high,mixed,0,365,"Tariffs, licenses and policy changes influence returns.",inferred_from_industry,"NSE classification, annual-report source inventory and sector value-chain mapping",0.6,inferred
ind_nifty500,IREDA,Indian Renewable Energy Development Agency Ltd.,industrial and commercial energy demand,customer_industry,downstream,industrial and commercial energy demand,,high,positive,0,120,Industrial activity and urban demand support offtake.,inferred_from_industry,"NSE classification, annual-report source inventory and sector value-chain mapping",0.6,inferred
ind_nifty500,IREDA,Indian Renewable Energy Development Agency Ltd.,regulated retail users,customer_industry,downstream,regulated retail users,,medium,positive,0,120,Retail demand and tariff regulation affect revenue.,inferred_from_industry,"NSE classification, annual-report source inventory and sector value-chain mapping",0.6,inferred
ind_nifty500,IRFC,Indian Railway Finance Corporation Ltd.,"raw materials, energy and logistics",raw_material,upstream,industrial suppliers and logistics,,medium,negative,0,120,Input and freight costs influence margins.,inferred_from_industry,"NSE classification, annual-report source inventory and sector value-chain mapping",0.6,inferred
ind_nifty500,IRFC,Indian Railway Finance Corporation Ltd.,skilled labor and services,labour,upstream,labor and service providers,,medium,negative,0,120,Labor and service availability affects execution and cost.,inferred_from_industry,"NSE classification, annual-report source inventory and sector value-chain mapping",0.6,inferred
ind_nifty500,IRFC,Indian Railway Finance Corporation Ltd.,industry end-market demand,customer_industry,downstream,industry end-market demand,,high,positive,0,180,End-market demand and utilisation drive revenue.,inferred_from_industry,"NSE classification, annual-report source inventory and sector value-chain mapping",0.6,inferred
ind_nifty500,IRFC,Indian Railway Finance Corporation Ltd.,channel or institutional customers,customer_industry,downstream,channel or institutional customers,,medium,positive,0,180,"Distribution, tender or institutional demand affects volumes.",inferred_from_industry,"NSE classification, annual-report source inventory and sector value-chain mapping",0.6,inferred
ind_nifty500,ITC,ITC Ltd.,"commodities, packaging and merchandise",raw_material,upstream,"agri, chemical, textile and packaging suppliers",,high,negative,0,90,Commodity and packaging inflation affects gross margin.,inferred_from_industry,"NSE classification, annual-report source inventory and sector value-chain mapping",0.6,inferred
ind_nifty500,ITC,ITC Ltd.,"advertising, logistics and retail occupancy",other,upstream,"media, logistics and retail real estate",,medium,negative,0,120,Brand and channel costs influence operating margin.,inferred_from_industry,"NSE classification, annual-report source inventory and sector value-chain mapping",0.6,inferred
ind_nifty500,ITC,ITC Ltd.,Indian household consumption,customer_industry,downstream,Indian household consumption,,high,positive,0,90,"Household income, pricing and distribution reach drive demand.",inferred_from_industry,"NSE classification, annual-report source inventory and sector value-chain mapping",0.6,inferred
ind_nifty500,ITC,ITC Ltd.,retail and e-commerce channels,customer_industry,downstream,retail and e-commerce channels,,medium,positive,0,120,Channel expansion and inventory availability support revenue.,inferred_from_industry,"NSE classification, annual-report source inventory and sector value-chain mapping",0.6,inferred
ind_nifty500,ITCHOTELS,ITC Hotels Ltd.,"commodities, packaging and merchandise",raw_material,upstream,"agri, chemical, textile and packaging suppliers",,high,negative,0,90,Commodity and packaging inflation affects gross margin.,inferred_from_industry,"NSE classification, annual-report source inventory and sector value-chain mapping",0.6,inferred
ind_nifty500,ITCHOTELS,ITC Hotels Ltd.,"advertising, logistics and retail occupancy",other,upstream,"media, logistics and retail real estate",,medium,negative,0,120,Brand and channel costs influence operating margin.,inferred_from_industry,"NSE classification, annual-report source inventory and sector value-chain mapping",0.6,inferred
ind_nifty500,ITCHOTELS,ITC Hotels Ltd.,Indian household consumption,customer_industry,downstream,Indian household consumption,,high,positive,0,90,"Household income, pricing and distribution reach drive demand.",inferred_from_industry,"NSE classification, annual-report source inventory and sector value-chain mapping",0.6,inferred
ind_nifty500,ITCHOTELS,ITC Hotels Ltd.,retail and e-commerce channels,customer_industry,downstream,retail and e-commerce channels,,medium,positive,0,120,Channel expansion and inventory availability support revenue.,inferred_from_industry,"NSE classification, annual-report source inventory and sector value-chain mapping",0.6,inferred
ind_nifty500,J&KBANK,Jammu & Kashmir Bank Ltd.,"raw materials, energy and logistics",raw_material,upstream,industrial suppliers and logistics,,medium,negative,0,120,Input and freight costs influence margins.,inferred_from_industry,"NSE classification, annual-report source inventory and sector value-chain mapping",0.6,inferred
ind_nifty500,J&KBANK,Jammu & Kashmir Bank Ltd.,skilled labor and services,labour,upstream,labor and service providers,,medium,negative,0,120,Labor and service availability affects execution and cost.,inferred_from_industry,"NSE classification, annual-report source inventory and sector value-chain mapping",0.6,inferred
ind_nifty500,J&KBANK,Jammu & Kashmir Bank Ltd.,industry end-market demand,customer_industry,downstream,industry end-market demand,,high,positive,0,180,End-market demand and utilisation drive revenue.,inferred_from_industry,"NSE classification, annual-report source inventory and sector value-chain mapping",0.6,inferred
ind_nifty500,J&KBANK,Jammu & Kashmir Bank Ltd.,channel or institutional customers,customer_industry,downstream,channel or institutional customers,,medium,positive,0,180,"Distribution, tender or institutional demand affects volumes.",inferred_from_industry,"NSE classification, annual-report source inventory and sector value-chain mapping",0.6,inferred
ind_nifty500,JAINREC,Jain Resource Recycling Ltd.,"ore, coal, power and freight",raw_material,upstream,"mining, energy and logistics",,high,negative,0,120,Input and energy costs affect spreads.,inferred_from_industry,"NSE classification, annual-report source inventory and sector value-chain mapping",0.6,inferred
ind_nifty500,JAINREC,Jain Resource Recycling Ltd.,environmental and mining regulation,regulation,upstream,mining and environmental regulators,,high,mixed,0,365,Regulatory approvals affect capacity and continuity.,inferred_from_industry,"NSE classification, annual-report source inventory and sector value-chain mapping",0.6,inferred
ind_nifty500,JAINREC,Jain Resource Recycling Ltd.,construction and infrastructure,customer_industry,downstream,construction and infrastructure,,high,positive,0,180,Infrastructure and building activity support metal demand.,inferred_from_industry,"NSE classification, annual-report source inventory and sector value-chain mapping",0.6,inferred
ind_nifty500,JAINREC,Jain Resource Recycling Ltd.,industrial manufacturing,customer_industry,downstream,industrial manufacturing,,high,positive,0,180,Manufacturing cycles influence metal volumes and pricing.,inferred_from_industry,"NSE classification, annual-report source inventory and sector value-chain mapping",0.6,inferred
ind_nifty500,JBMA,JBM Auto Ltd.,"steel, aluminium, rubber and components",raw_material,upstream,"metals, rubber and auto components",,high,negative,0,120,Commodity and component costs affect gross margin.,inferred_from_industry,"NSE classification, annual-report source inventory and sector value-chain mapping",0.6,inferred
ind_nifty500,JBMA,JBM Auto Ltd.,electronics and logistics,component,upstream,electronics and logistics,,medium,negative,0,180,Supply availability affects production continuity.,inferred_from_industry,"NSE classification, annual-report source inventory and sector value-chain mapping",0.6,inferred
ind_nifty500,JBMA,JBM Auto Ltd.,Indian auto demand,customer_industry,downstream,Indian auto demand,,high,positive,0,120,"Consumer income, financing and fleet demand drive volumes.",inferred_from_industry,"NSE classification, annual-report source inventory and sector value-chain mapping",0.6,inferred
ind_nifty500,JBMA,JBM Auto Ltd.,OEM production and replacement market,customer_industry,downstream,OEM production and replacement market,,high,positive,0,180,OEM production schedules and replacement cycles affect revenue.,inferred_from_industry,"NSE classification, annual-report source inventory and sector value-chain mapping",0.6,inferred
ind_nifty500,JIOFIN,Jio Financial Services Ltd.,"raw materials, energy and logistics",raw_material,upstream,industrial suppliers and logistics,,medium,negative,0,120,Input and freight costs influence margins.,inferred_from_industry,"NSE classification, annual-report source inventory and sector value-chain mapping",0.6,inferred
ind_nifty500,JIOFIN,Jio Financial Services Ltd.,skilled labor and services,labour,upstream,labor and service providers,,medium,negative,0,120,Labor and service availability affects execution and cost.,inferred_from_industry,"NSE classification, annual-report source inventory and sector value-chain mapping",0.6,inferred
ind_nifty500,JIOFIN,Jio Financial Services Ltd.,industry end-market demand,customer_industry,downstream,industry end-market demand,,high,positive,0,180,End-market demand and utilisation drive revenue.,inferred_from_industry,"NSE classification, annual-report source inventory and sector value-chain mapping",0.6,inferred
ind_nifty500,JIOFIN,Jio Financial Services Ltd.,channel or institutional customers,customer_industry,downstream,channel or institutional customers,,medium,positive,0,180,"Distribution, tender or institutional demand affects volumes.",inferred_from_industry,"NSE classification, annual-report source inventory and sector value-chain mapping",0.6,inferred
ind_nifty500,JKCEMENT,J.K. Cement Ltd.,"steel, copper, electronics and bought-out components",raw_material,upstream,metals and electrical components,,high,negative,0,180,Input cost inflation can affect project margins.,inferred_from_industry,"NSE classification, annual-report source inventory and sector value-chain mapping",0.6,inferred
ind_nifty500,JKCEMENT,J.K. Cement Ltd.,project execution labor and subcontractors,labour,upstream,engineering and construction services,,medium,negative,0,180,Execution availability and cost influence delivery timelines.,inferred_from_industry,"NSE classification, annual-report source inventory and sector value-chain mapping",0.6,inferred
ind_nifty500,JKCEMENT,J.K. Cement Ltd.,industrial and infrastructure capex,customer_industry,downstream,industrial and infrastructure capex,,high,positive,0,365,Private and public capex drives orders and execution.,inferred_from_industry,"NSE classification, annual-report source inventory and sector value-chain mapping",0.6,inferred
ind_nifty500,JKCEMENT,J.K. Cement Ltd.,government and regulated utilities,customer_industry,downstream,government and regulated utilities,,medium,positive,0,365,Tender awards and utility capex influence order inflow.,inferred_from_industry,"NSE classification, annual-report source inventory and sector value-chain mapping",0.6,inferred
ind_nifty500,JKTYRE,JK Tyre & Industries Ltd.,"steel, aluminium, rubber and components",raw_material,upstream,"metals, rubber and auto components",,high,negative,0,120,Commodity and component costs affect gross margin.,inferred_from_industry,"NSE classification, annual-report source inventory and sector value-chain mapping",0.6,inferred
ind_nifty500,JKTYRE,JK Tyre & Industries Ltd.,electronics and logistics,component,upstream,electronics and logistics,,medium,negative,0,180,Supply availability affects production continuity.,inferred_from_industry,"NSE classification, annual-report source inventory and sector value-chain mapping",0.6,inferred
ind_nifty500,JKTYRE,JK Tyre & Industries Ltd.,Indian auto demand,customer_industry,downstream,Indian auto demand,,high,positive,0,120,"Consumer income, financing and fleet demand drive volumes.",inferred_from_industry,"NSE classification, annual-report source inventory and sector value-chain mapping",0.6,inferred
ind_nifty500,JKTYRE,JK Tyre & Industries Ltd.,OEM production and replacement market,customer_industry,downstream,OEM production and replacement market,,high,positive,0,180,OEM production schedules and replacement cycles affect revenue.,inferred_from_industry,"NSE classification, annual-report source inventory and sector value-chain mapping",0.6,inferred
ind_nifty500,JMFINANCIL,JM Financial Ltd.,"raw materials, energy and logistics",raw_material,upstream,industrial suppliers and logistics,,medium,negative,0,120,Input and freight costs influence margins.,inferred_from_industry,"NSE classification, annual-report source inventory and sector value-chain mapping",0.6,inferred
ind_nifty500,JMFINANCIL,JM Financial Ltd.,skilled labor and services,labour,upstream,labor and service providers,,medium,negative,0,120,Labor and service availability affects execution and cost.,inferred_from_industry,"NSE classification, annual-report source inventory and sector value-chain mapping",0.6,inferred
ind_nifty500,JMFINANCIL,JM Financial Ltd.,industry end-market demand,customer_industry,downstream,industry end-market demand,,high,positive,0,180,End-market demand and utilisation drive revenue.,inferred_from_industry,"NSE classification, annual-report source inventory and sector value-chain mapping",0.6,inferred
ind_nifty500,JMFINANCIL,JM Financial Ltd.,channel or institutional customers,customer_industry,downstream,channel or institutional customers,,medium,positive,0,180,"Distribution, tender or institutional demand affects volumes.",inferred_from_industry,"NSE classification, annual-report source inventory and sector value-chain mapping",0.6,inferred
ind_nifty500,JPPOWER,Jaiprakash Power Ventures Ltd.,"fuel, gas, crude-linked inputs and power",energy,upstream,energy and commodities,,high,negative,0,90,Commodity prices and supply availability affect spreads and margins.,inferred_from_industry,"NSE classification, annual-report source inventory and sector value-chain mapping",0.6,inferred
ind_nifty500,JPPOWER,Jaiprakash Power Ventures Ltd.,regulatory tariffs and licenses,regulation,upstream,energy regulators,,high,mixed,0,365,"Tariffs, licenses and policy changes influence returns.",inferred_from_industry,"NSE classification, annual-report source inventory and sector value-chain mapping",0.6,inferred
ind_nifty500,JPPOWER,Jaiprakash Power Ventures Ltd.,industrial and commercial energy demand,customer_industry,downstream,industrial and commercial energy demand,,high,positive,0,120,Industrial activity and urban demand support offtake.,inferred_from_industry,"NSE classification, annual-report source inventory and sector value-chain mapping",0.6,inferred
ind_nifty500,JPPOWER,Jaiprakash Power Ventures Ltd.,regulated retail users,customer_industry,downstream,regulated retail users,,medium,positive,0,120,Retail demand and tariff regulation affect revenue.,inferred_from_industry,"NSE classification, annual-report source inventory and sector value-chain mapping",0.6,inferred
ind_nifty500,JSWCEMENT,JSW Cement Ltd.,"steel, copper, electronics and bought-out components",raw_material,upstream,metals and electrical components,,high,negative,0,180,Input cost inflation can affect project margins.,inferred_from_industry,"NSE classification, annual-report source inventory and sector value-chain mapping",0.6,inferred
ind_nifty500,JSWCEMENT,JSW Cement Ltd.,project execution labor and subcontractors,labour,upstream,engineering and construction services,,medium,negative,0,180,Execution availability and cost influence delivery timelines.,inferred_from_industry,"NSE classification, annual-report source inventory and sector value-chain mapping",0.6,inferred
ind_nifty500,JSWCEMENT,JSW Cement Ltd.,industrial and infrastructure capex,customer_industry,downstream,industrial and infrastructure capex,,high,positive,0,365,Private and public capex drives orders and execution.,inferred_from_industry,"NSE classification, annual-report source inventory and sector value-chain mapping",0.6,inferred
ind_nifty500,JSWCEMENT,JSW Cement Ltd.,government and regulated utilities,customer_industry,downstream,government and regulated utilities,,medium,positive,0,365,Tender awards and utility capex influence order inflow.,inferred_from_industry,"NSE classification, annual-report source inventory and sector value-chain mapping",0.6,inferred
ind_nifty500,JSWENERGY,JSW Energy Ltd.,"fuel, gas, crude-linked inputs and power",energy,upstream,energy and commodities,,high,negative,0,90,Commodity prices and supply availability affect spreads and margins.,inferred_from_industry,"NSE classification, annual-report source inventory and sector value-chain mapping",0.6,inferred
ind_nifty500,JSWENERGY,JSW Energy Ltd.,regulatory tariffs and licenses,regulation,upstream,energy regulators,,high,mixed,0,365,"Tariffs, licenses and policy changes influence returns.",inferred_from_industry,"NSE classification, annual-report source inventory and sector value-chain mapping",0.6,inferred
ind_nifty500,JSWENERGY,JSW Energy Ltd.,industrial and commercial energy demand,customer_industry,downstream,industrial and commercial energy demand,,high,positive,0,120,Industrial activity and urban demand support offtake.,inferred_from_industry,"NSE classification, annual-report source inventory and sector value-chain mapping",0.6,inferred
ind_nifty500,JSWENERGY,JSW Energy Ltd.,regulated retail users,customer_industry,downstream,regulated retail users,,medium,positive,0,120,Retail demand and tariff regulation affect revenue.,inferred_from_industry,"NSE classification, annual-report source inventory and sector value-chain mapping",0.6,inferred
ind_nifty500,JSWINFRA,JSW Infrastructure Ltd.,"steel, copper, electronics and bought-out components",raw_material,upstream,metals and electrical components,,high,negative,0,180,Input cost inflation can affect project margins.,inferred_from_industry,"NSE classification, annual-report source inventory and sector value-chain mapping",0.6,inferred
ind_nifty500,JSWINFRA,JSW Infrastructure Ltd.,project execution labor and subcontractors,labour,upstream,engineering and construction services,,medium,negative,0,180,Execution availability and cost influence delivery timelines.,inferred_from_industry,"NSE classification, annual-report source inventory and sector value-chain mapping",0.6,inferred
ind_nifty500,JSWINFRA,JSW Infrastructure Ltd.,industrial and infrastructure capex,customer_industry,downstream,industrial and infrastructure capex,,high,positive,0,365,Private and public capex drives orders and execution.,inferred_from_industry,"NSE classification, annual-report source inventory and sector value-chain mapping",0.6,inferred
ind_nifty500,JSWINFRA,JSW Infrastructure Ltd.,government and regulated utilities,customer_industry,downstream,government and regulated utilities,,medium,positive,0,365,Tender awards and utility capex influence order inflow.,inferred_from_industry,"NSE classification, annual-report source inventory and sector value-chain mapping",0.6,inferred
ind_nifty500,JSWSTEEL,JSW Steel Ltd.,"ore, coal, power and freight",raw_material,upstream,"mining, energy and logistics",,high,negative,0,120,Input and energy costs affect spreads.,inferred_from_industry,"NSE classification, annual-report source inventory and sector value-chain mapping",0.6,inferred
ind_nifty500,JSWSTEEL,JSW Steel Ltd.,environmental and mining regulation,regulation,upstream,mining and environmental regulators,,high,mixed,0,365,Regulatory approvals affect capacity and continuity.,inferred_from_industry,"NSE classification, annual-report source inventory and sector value-chain mapping",0.6,inferred
ind_nifty500,JSWSTEEL,JSW Steel Ltd.,construction and infrastructure,customer_industry,downstream,construction and infrastructure,,high,positive,0,180,Infrastructure and building activity support metal demand.,inferred_from_industry,"NSE classification, annual-report source inventory and sector value-chain mapping",0.6,inferred
ind_nifty500,JSWSTEEL,JSW Steel Ltd.,industrial manufacturing,customer_industry,downstream,industrial manufacturing,,high,positive,0,180,Manufacturing cycles influence metal volumes and pricing.,inferred_from_industry,"NSE classification, annual-report source inventory and sector value-chain mapping",0.6,inferred
ind_nifty500,JUBLFOOD,Jubilant Foodworks Ltd.,"commodities, packaging and merchandise",raw_material,upstream,"agri, chemical, textile and packaging suppliers",,high,negative,0,90,Commodity and packaging inflation affects gross margin.,inferred_from_industry,"NSE classification, annual-report source inventory and sector value-chain mapping",0.6,inferred
ind_nifty500,JUBLFOOD,Jubilant Foodworks Ltd.,"advertising, logistics and retail occupancy",other,upstream,"media, logistics and retail real estate",,medium,negative,0,120,Brand and channel costs influence operating margin.,inferred_from_industry,"NSE classification, annual-report source inventory and sector value-chain mapping",0.6,inferred
ind_nifty500,JUBLFOOD,Jubilant Foodworks Ltd.,Indian household consumption,customer_industry,downstream,Indian household consumption,,high,positive,0,90,"Household income, pricing and distribution reach drive demand.",inferred_from_industry,"NSE classification, annual-report source inventory and sector value-chain mapping",0.6,inferred
ind_nifty500,JUBLFOOD,Jubilant Foodworks Ltd.,retail and e-commerce channels,customer_industry,downstream,retail and e-commerce channels,,medium,positive,0,120,Channel expansion and inventory availability support revenue.,inferred_from_industry,"NSE classification, annual-report source inventory and sector value-chain mapping",0.6,inferred
ind_nifty500,KALYANKJIL,Kalyan Jewellers India Ltd.,"commodities, packaging and merchandise",raw_material,upstream,"agri, chemical, textile and packaging suppliers",,high,negative,0,90,Commodity and packaging inflation affects gross margin.,inferred_from_industry,"NSE classification, annual-report source inventory and sector value-chain mapping",0.6,inferred
ind_nifty500,KALYANKJIL,Kalyan Jewellers India Ltd.,"advertising, logistics and retail occupancy",other,upstream,"media, logistics and retail real estate",,medium,negative,0,120,Brand and channel costs influence operating margin.,inferred_from_industry,"NSE classification, annual-report source inventory and sector value-chain mapping",0.6,inferred
ind_nifty500,KALYANKJIL,Kalyan Jewellers India Ltd.,Indian household consumption,customer_industry,downstream,Indian household consumption,,high,positive,0,90,"Household income, pricing and distribution reach drive demand.",inferred_from_industry,"NSE classification, annual-report source inventory and sector value-chain mapping",0.6,inferred
ind_nifty500,KALYANKJIL,Kalyan Jewellers India Ltd.,retail and e-commerce channels,customer_industry,downstream,retail and e-commerce channels,,medium,positive,0,120,Channel expansion and inventory availability support revenue.,inferred_from_industry,"NSE classification, annual-report source inventory and sector value-chain mapping",0.6,inferred
ind_nifty500,KARURVYSYA,Karur Vysya Bank Ltd.,"raw materials, energy and logistics",raw_material,upstream,industrial suppliers and logistics,,medium,negative,0,120,Input and freight costs influence margins.,inferred_from_industry,"NSE classification, annual-report source inventory and sector value-chain mapping",0.6,inferred
ind_nifty500,KARURVYSYA,Karur Vysya Bank Ltd.,skilled labor and services,labour,upstream,labor and service providers,,medium,negative,0,120,Labor and service availability affects execution and cost.,inferred_from_industry,"NSE classification, annual-report source inventory and sector value-chain mapping",0.6,inferred
ind_nifty500,KARURVYSYA,Karur Vysya Bank Ltd.,industry end-market demand,customer_industry,downstream,industry end-market demand,,high,positive,0,180,End-market demand and utilisation drive revenue.,inferred_from_industry,"NSE classification, annual-report source inventory and sector value-chain mapping",0.6,inferred
ind_nifty500,KARURVYSYA,Karur Vysya Bank Ltd.,channel or institutional customers,customer_industry,downstream,channel or institutional customers,,medium,positive,0,180,"Distribution, tender or institutional demand affects volumes.",inferred_from_industry,"NSE classification, annual-report source inventory and sector value-chain mapping",0.6,inferred
ind_nifty500,KAYNES,Kaynes Technology India Ltd.,skilled technology labor,labour,upstream,IT talent market,,high,negative,0,90,"Wage inflation, utilisation and attrition affect margins.",inferred_from_industry,"NSE classification, annual-report source inventory and sector value-chain mapping",0.6,inferred
ind_nifty500,KAYNES,Kaynes Technology India Ltd.,cloud and software ecosystems,software,upstream,cloud and enterprise software,,medium,mixed,0,180,Partner ecosystems shape delivery capability and demand.,inferred_from_industry,"NSE classification, annual-report source inventory and sector value-chain mapping",0.6,inferred
ind_nifty500,KAYNES,Kaynes Technology India Ltd.,global enterprise IT,customer_industry,downstream,global enterprise IT,,high,positive,0,180,Enterprise technology budgets and deal ramp-ups drive revenue.,inferred_from_industry,"NSE classification, annual-report source inventory and sector value-chain mapping",0.6,inferred
ind_nifty500,KAYNES,Kaynes Technology India Ltd.,industry technology buyers,customer_industry,downstream,industry technology buyers,,medium,positive,0,180,Customer capex and transformation programs influence project conversion.,inferred_from_industry,"NSE classification, annual-report source inventory and sector value-chain mapping",0.6,inferred
ind_nifty500,KFINTECH,Kfin Technologies Ltd.,"raw materials, energy and logistics",raw_material,upstream,industrial suppliers and logistics,,medium,negative,0,120,Input and freight costs influence margins.,inferred_from_industry,"NSE classification, annual-report source inventory and sector value-chain mapping",0.6,inferred
ind_nifty500,KFINTECH,Kfin Technologies Ltd.,skilled labor and services,labour,upstream,labor and service providers,,medium,negative,0,120,Labor and service availability affects execution and cost.,inferred_from_industry,"NSE classification, annual-report source inventory and sector value-chain mapping",0.6,inferred
ind_nifty500,KFINTECH,Kfin Technologies Ltd.,industry end-market demand,customer_industry,downstream,industry end-market demand,,high,positive,0,180,End-market demand and utilisation drive revenue.,inferred_from_industry,"NSE classification, annual-report source inventory and sector value-chain mapping",0.6,inferred
ind_nifty500,KFINTECH,Kfin Technologies Ltd.,channel or institutional customers,customer_industry,downstream,channel or institutional customers,,medium,positive,0,180,"Distribution, tender or institutional demand affects volumes.",inferred_from_industry,"NSE classification, annual-report source inventory and sector value-chain mapping",0.6,inferred
ind_nifty500,KIMS,Krishna Institute of Medical Sciences Ltd.,"APIs, KSMs, medical supplies and consumables",raw_material,upstream,pharma intermediates and healthcare supplies,,high,negative,0,120,Input availability and compliance influence margins and supply reliability.,inferred_from_industry,"NSE classification, annual-report source inventory and sector value-chain mapping",0.6,inferred
ind_nifty500,KIMS,Krishna Institute of Medical Sciences Ltd.,regulatory approvals and quality systems,regulation,upstream,healthcare regulators,,high,mixed,0,365,Approvals enable launches and capacity use; observations can disrupt supply.,inferred_from_industry,"NSE classification, annual-report source inventory and sector value-chain mapping",0.6,inferred
ind_nifty500,KIMS,Krishna Institute of Medical Sciences Ltd.,domestic healthcare demand,customer_industry,downstream,domestic healthcare demand,,high,positive,0,120,"Healthcare access, prescriptions and patient volumes support revenue.",inferred_from_industry,"NSE classification, annual-report source inventory and sector value-chain mapping",0.6,inferred
ind_nifty500,KIMS,Krishna Institute of Medical Sciences Ltd.,regulated export or institutional markets,customer_industry,downstream,regulated export or institutional markets,,medium,mixed,0,180,Approvals and tender flows can lift revenue while pricing pressure can offset volume.,inferred_from_industry,"NSE classification, annual-report source inventory and sector value-chain mapping",0.6,inferred
ind_nifty500,KIRLOSENG,Kirloskar Oil Eng Ltd.,"steel, copper, electronics and bought-out components",raw_material,upstream,metals and electrical components,,high,negative,0,180,Input cost inflation can affect project margins.,inferred_from_industry,"NSE classification, annual-report source inventory and sector value-chain mapping",0.6,inferred
ind_nifty500,KIRLOSENG,Kirloskar Oil Eng Ltd.,project execution labor and subcontractors,labour,upstream,engineering and construction services,,medium,negative,0,180,Execution availability and cost influence delivery timelines.,inferred_from_industry,"NSE classification, annual-report source inventory and sector value-chain mapping",0.6,inferred
ind_nifty500,KIRLOSENG,Kirloskar Oil Eng Ltd.,industrial and infrastructure capex,customer_industry,downstream,industrial and infrastructure capex,,high,positive,0,365,Private and public capex drives orders and execution.,inferred_from_industry,"NSE classification, annual-report source inventory and sector value-chain mapping",0.6,inferred
ind_nifty500,KIRLOSENG,Kirloskar Oil Eng Ltd.,government and regulated utilities,customer_industry,downstream,government and regulated utilities,,medium,positive,0,365,Tender awards and utility capex influence order inflow.,inferred_from_industry,"NSE classification, annual-report source inventory and sector value-chain mapping",0.6,inferred
ind_nifty500,KOTAKBANK,Kotak Mahindra Bank Ltd.,"raw materials, energy and logistics",raw_material,upstream,industrial suppliers and logistics,,medium,negative,0,120,Input and freight costs influence margins.,inferred_from_industry,"NSE classification, annual-report source inventory and sector value-chain mapping",0.6,inferred
ind_nifty500,KOTAKBANK,Kotak Mahindra Bank Ltd.,skilled labor and services,labour,upstream,labor and service providers,,medium,negative,0,120,Labor and service availability affects execution and cost.,inferred_from_industry,"NSE classification, annual-report source inventory and sector value-chain mapping",0.6,inferred
ind_nifty500,KOTAKBANK,Kotak Mahindra Bank Ltd.,industry end-market demand,customer_industry,downstream,industry end-market demand,,high,positive,0,180,End-market demand and utilisation drive revenue.,inferred_from_industry,"NSE classification, annual-report source inventory and sector value-chain mapping",0.6,inferred
ind_nifty500,KOTAKBANK,Kotak Mahindra Bank Ltd.,channel or institutional customers,customer_industry,downstream,channel or institutional customers,,medium,positive,0,180,"Distribution, tender or institutional demand affects volumes.",inferred_from_industry,"NSE classification, annual-report source inventory and sector value-chain mapping",0.6,inferred
ind_nifty500,KPRMILL,K.P.R. Mill Ltd.,"commodities, packaging and merchandise",raw_material,upstream,"agri, chemical, textile and packaging suppliers",,high,negative,0,90,Commodity and packaging inflation affects gross margin.,inferred_from_industry,"NSE classification, annual-report source inventory and sector value-chain mapping",0.6,inferred
ind_nifty500,KPRMILL,K.P.R. Mill Ltd.,"advertising, logistics and retail occupancy",other,upstream,"media, logistics and retail real estate",,medium,negative,0,120,Brand and channel costs influence operating margin.,inferred_from_industry,"NSE classification, annual-report source inventory and sector value-chain mapping",0.6,inferred
ind_nifty500,KPRMILL,K.P.R. Mill Ltd.,Indian household consumption,customer_industry,downstream,Indian household consumption,,high,positive,0,90,"Household income, pricing and distribution reach drive demand.",inferred_from_industry,"NSE classification, annual-report source inventory and sector value-chain mapping",0.6,inferred
ind_nifty500,KPRMILL,K.P.R. Mill Ltd.,retail and e-commerce channels,customer_industry,downstream,retail and e-commerce channels,,medium,positive,0,120,Channel expansion and inventory availability support revenue.,inferred_from_industry,"NSE classification, annual-report source inventory and sector value-chain mapping",0.6,inferred
ind_nifty500,LALPATHLAB,Dr. Lal Path Labs Ltd.,"APIs, KSMs, medical supplies and consumables",raw_material,upstream,pharma intermediates and healthcare supplies,,high,negative,0,120,Input availability and compliance influence margins and supply reliability.,inferred_from_industry,"NSE classification, annual-report source inventory and sector value-chain mapping",0.6,inferred
ind_nifty500,LALPATHLAB,Dr. Lal Path Labs Ltd.,regulatory approvals and quality systems,regulation,upstream,healthcare regulators,,high,mixed,0,365,Approvals enable launches and capacity use; observations can disrupt supply.,inferred_from_industry,"NSE classification, annual-report source inventory and sector value-chain mapping",0.6,inferred
ind_nifty500,LALPATHLAB,Dr. Lal Path Labs Ltd.,domestic healthcare demand,customer_industry,downstream,domestic healthcare demand,,high,positive,0,120,"Healthcare access, prescriptions and patient volumes support revenue.",inferred_from_industry,"NSE classification, annual-report source inventory and sector value-chain mapping",0.6,inferred
ind_nifty500,LALPATHLAB,Dr. Lal Path Labs Ltd.,regulated export or institutional markets,customer_industry,downstream,regulated export or institutional markets,,medium,mixed,0,180,Approvals and tender flows can lift revenue while pricing pressure can offset volume.,inferred_from_industry,"NSE classification, annual-report source inventory and sector value-chain mapping",0.6,inferred
ind_nifty500,LATENTVIEW,Latent View Analytics Ltd.,skilled technology labor,labour,upstream,IT talent market,,high,negative,0,90,"Wage inflation, utilisation and attrition affect margins.",inferred_from_industry,"NSE classification, annual-report source inventory and sector value-chain mapping",0.6,inferred
ind_nifty500,LATENTVIEW,Latent View Analytics Ltd.,cloud and software ecosystems,software,upstream,cloud and enterprise software,,medium,mixed,0,180,Partner ecosystems shape delivery capability and demand.,inferred_from_industry,"NSE classification, annual-report source inventory and sector value-chain mapping",0.6,inferred
ind_nifty500,LATENTVIEW,Latent View Analytics Ltd.,global enterprise IT,customer_industry,downstream,global enterprise IT,,high,positive,0,180,Enterprise technology budgets and deal ramp-ups drive revenue.,inferred_from_industry,"NSE classification, annual-report source inventory and sector value-chain mapping",0.6,inferred
ind_nifty500,LATENTVIEW,Latent View Analytics Ltd.,industry technology buyers,customer_industry,downstream,industry technology buyers,,medium,positive,0,180,Customer capex and transformation programs influence project conversion.,inferred_from_industry,"NSE classification, annual-report source inventory and sector value-chain mapping",0.6,inferred
ind_nifty500,LAURUSLABS,Laurus Labs Ltd.,"APIs, KSMs, medical supplies and consumables",raw_material,upstream,pharma intermediates and healthcare supplies,,high,negative,0,120,Input availability and compliance influence margins and supply reliability.,inferred_from_industry,"NSE classification, annual-report source inventory and sector value-chain mapping",0.6,inferred
ind_nifty500,LAURUSLABS,Laurus Labs Ltd.,regulatory approvals and quality systems,regulation,upstream,healthcare regulators,,high,mixed,0,365,Approvals enable launches and capacity use; observations can disrupt supply.,inferred_from_industry,"NSE classification, annual-report source inventory and sector value-chain mapping",0.6,inferred
ind_nifty500,LAURUSLABS,Laurus Labs Ltd.,domestic healthcare demand,customer_industry,downstream,domestic healthcare demand,,high,positive,0,120,"Healthcare access, prescriptions and patient volumes support revenue.",inferred_from_industry,"NSE classification, annual-report source inventory and sector value-chain mapping",0.6,inferred
ind_nifty500,LAURUSLABS,Laurus Labs Ltd.,regulated export or institutional markets,customer_industry,downstream,regulated export or institutional markets,,medium,mixed,0,180,Approvals and tender flows can lift revenue while pricing pressure can offset volume.,inferred_from_industry,"NSE classification, annual-report source inventory and sector value-chain mapping",0.6,inferred
ind_nifty500,LEMONTREE,Lemon Tree Hotels Ltd.,"commodities, packaging and merchandise",raw_material,upstream,"agri, chemical, textile and packaging suppliers",,high,negative,0,90,Commodity and packaging inflation affects gross margin.,inferred_from_industry,"NSE classification, annual-report source inventory and sector value-chain mapping",0.6,inferred
ind_nifty500,LEMONTREE,Lemon Tree Hotels Ltd.,"advertising, logistics and retail occupancy",other,upstream,"media, logistics and retail real estate",,medium,negative,0,120,Brand and channel costs influence operating margin.,inferred_from_industry,"NSE classification, annual-report source inventory and sector value-chain mapping",0.6,inferred
ind_nifty500,LEMONTREE,Lemon Tree Hotels Ltd.,Indian household consumption,customer_industry,downstream,Indian household consumption,,high,positive,0,90,"Household income, pricing and distribution reach drive demand.",inferred_from_industry,"NSE classification, annual-report source inventory and sector value-chain mapping",0.6,inferred
ind_nifty500,LEMONTREE,Lemon Tree Hotels Ltd.,retail and e-commerce channels,customer_industry,downstream,retail and e-commerce channels,,medium,positive,0,120,Channel expansion and inventory availability support revenue.,inferred_from_industry,"NSE classification, annual-report source inventory and sector value-chain mapping",0.6,inferred
ind_nifty500,LENSKART,Lenskart Solutions Ltd.,"petrochemical feedstocks, solvents and energy",raw_material,upstream,petrochemicals and energy,,high,negative,0,90,Feedstock and energy inflation affects gross margins.,inferred_from_industry,"NSE classification, annual-report source inventory and sector value-chain mapping",0.6,inferred
ind_nifty500,LENSKART,Lenskart Solutions Ltd.,environmental and product approvals,regulation,upstream,chemical regulators,,high,mixed,0,365,Approvals and environmental compliance shape operating continuity.,inferred_from_industry,"NSE classification, annual-report source inventory and sector value-chain mapping",0.6,inferred
ind_nifty500,LENSKART,Lenskart Solutions Ltd.,industrial manufacturing,customer_industry,downstream,industrial manufacturing,,high,positive,0,120,Industrial production drives chemical demand.,inferred_from_industry,"NSE classification, annual-report source inventory and sector value-chain mapping",0.6,inferred
ind_nifty500,LENSKART,Lenskart Solutions Ltd.,agriculture and regulated end-markets,customer_industry,downstream,agriculture and regulated end-markets,,medium,positive,0,180,Seasonal and regulated demand affects volumes and mix.,inferred_from_industry,"NSE classification, annual-report source inventory and sector value-chain mapping",0.6,inferred
ind_nifty500,LGEINDIA,LG Electronics India Ltd.,"commodities, packaging and merchandise",raw_material,upstream,"agri, chemical, textile and packaging suppliers",,high,negative,0,90,Commodity and packaging inflation affects gross margin.,inferred_from_industry,"NSE classification, annual-report source inventory and sector value-chain mapping",0.6,inferred
ind_nifty500,LGEINDIA,LG Electronics India Ltd.,"advertising, logistics and retail occupancy",other,upstream,"media, logistics and retail real estate",,medium,negative,0,120,Brand and channel costs influence operating margin.,inferred_from_industry,"NSE classification, annual-report source inventory and sector value-chain mapping",0.6,inferred
ind_nifty500,LGEINDIA,LG Electronics India Ltd.,Indian household consumption,customer_industry,downstream,Indian household consumption,,high,positive,0,90,"Household income, pricing and distribution reach drive demand.",inferred_from_industry,"NSE classification, annual-report source inventory and sector value-chain mapping",0.6,inferred
ind_nifty500,LGEINDIA,LG Electronics India Ltd.,retail and e-commerce channels,customer_industry,downstream,retail and e-commerce channels,,medium,positive,0,120,Channel expansion and inventory availability support revenue.,inferred_from_industry,"NSE classification, annual-report source inventory and sector value-chain mapping",0.6,inferred
ind_nifty500,LICHSGFIN,LIC Housing Finance Ltd.,"raw materials, energy and logistics",raw_material,upstream,industrial suppliers and logistics,,medium,negative,0,120,Input and freight costs influence margins.,inferred_from_industry,"NSE classification, annual-report source inventory and sector value-chain mapping",0.6,inferred
ind_nifty500,LICHSGFIN,LIC Housing Finance Ltd.,skilled labor and services,labour,upstream,labor and service providers,,medium,negative,0,120,Labor and service availability affects execution and cost.,inferred_from_industry,"NSE classification, annual-report source inventory and sector value-chain mapping",0.6,inferred
ind_nifty500,LICHSGFIN,LIC Housing Finance Ltd.,industry end-market demand,customer_industry,downstream,industry end-market demand,,high,positive,0,180,End-market demand and utilisation drive revenue.,inferred_from_industry,"NSE classification, annual-report source inventory and sector value-chain mapping",0.6,inferred
ind_nifty500,LICHSGFIN,LIC Housing Finance Ltd.,channel or institutional customers,customer_industry,downstream,channel or institutional customers,,medium,positive,0,180,"Distribution, tender or institutional demand affects volumes.",inferred_from_industry,"NSE classification, annual-report source inventory and sector value-chain mapping",0.6,inferred
ind_nifty500,LICI,Life Insurance Corporation of India,"raw materials, energy and logistics",raw_material,upstream,industrial suppliers and logistics,,medium,negative,0,120,Input and freight costs influence margins.,inferred_from_industry,"NSE classification, annual-report source inventory and sector value-chain mapping",0.6,inferred
ind_nifty500,LICI,Life Insurance Corporation of India,skilled labor and services,labour,upstream,labor and service providers,,medium,negative,0,120,Labor and service availability affects execution and cost.,inferred_from_industry,"NSE classification, annual-report source inventory and sector value-chain mapping",0.6,inferred
ind_nifty500,LICI,Life Insurance Corporation of India,industry end-market demand,customer_industry,downstream,industry end-market demand,,high,positive,0,180,End-market demand and utilisation drive revenue.,inferred_from_industry,"NSE classification, annual-report source inventory and sector value-chain mapping",0.6,inferred
ind_nifty500,LICI,Life Insurance Corporation of India,channel or institutional customers,customer_industry,downstream,channel or institutional customers,,medium,positive,0,180,"Distribution, tender or institutional demand affects volumes.",inferred_from_industry,"NSE classification, annual-report source inventory and sector value-chain mapping",0.6,inferred
ind_nifty500,LT,Larsen & Toubro Ltd.,"steel, copper, electronics and bought-out components",raw_material,upstream,metals and electrical components,,high,negative,0,180,Input cost inflation can affect project margins.,inferred_from_industry,"NSE classification, annual-report source inventory and sector value-chain mapping",0.6,inferred
ind_nifty500,LT,Larsen & Toubro Ltd.,project execution labor and subcontractors,labour,upstream,engineering and construction services,,medium,negative,0,180,Execution availability and cost influence delivery timelines.,inferred_from_industry,"NSE classification, annual-report source inventory and sector value-chain mapping",0.6,inferred
ind_nifty500,LT,Larsen & Toubro Ltd.,industrial and infrastructure capex,customer_industry,downstream,industrial and infrastructure capex,,high,positive,0,365,Private and public capex drives orders and execution.,inferred_from_industry,"NSE classification, annual-report source inventory and sector value-chain mapping",0.6,inferred
ind_nifty500,LT,Larsen & Toubro Ltd.,government and regulated utilities,customer_industry,downstream,government and regulated utilities,,medium,positive,0,365,Tender awards and utility capex influence order inflow.,inferred_from_industry,"NSE classification, annual-report source inventory and sector value-chain mapping",0.6,inferred
ind_nifty500,LTF,L&T Finance Ltd.,"raw materials, energy and logistics",raw_material,upstream,industrial suppliers and logistics,,medium,negative,0,120,Input and freight costs influence margins.,inferred_from_industry,"NSE classification, annual-report source inventory and sector value-chain mapping",0.6,inferred
ind_nifty500,LTF,L&T Finance Ltd.,skilled labor and services,labour,upstream,labor and service providers,,medium,negative,0,120,Labor and service availability affects execution and cost.,inferred_from_industry,"NSE classification, annual-report source inventory and sector value-chain mapping",0.6,inferred
ind_nifty500,LTF,L&T Finance Ltd.,industry end-market demand,customer_industry,downstream,industry end-market demand,,high,positive,0,180,End-market demand and utilisation drive revenue.,inferred_from_industry,"NSE classification, annual-report source inventory and sector value-chain mapping",0.6,inferred
ind_nifty500,LTF,L&T Finance Ltd.,channel or institutional customers,customer_industry,downstream,channel or institutional customers,,medium,positive,0,180,"Distribution, tender or institutional demand affects volumes.",inferred_from_industry,"NSE classification, annual-report source inventory and sector value-chain mapping",0.6,inferred
ind_nifty500,M&M,Mahindra & Mahindra Ltd.,"steel, aluminium, rubber and components",raw_material,upstream,"metals, rubber and auto components",,high,negative,0,120,Commodity and component costs affect gross margin.,inferred_from_industry,"NSE classification, annual-report source inventory and sector value-chain mapping",0.6,inferred
ind_nifty500,M&M,Mahindra & Mahindra Ltd.,electronics and logistics,component,upstream,electronics and logistics,,medium,negative,0,180,Supply availability affects production continuity.,inferred_from_industry,"NSE classification, annual-report source inventory and sector value-chain mapping",0.6,inferred
ind_nifty500,M&M,Mahindra & Mahindra Ltd.,Indian auto demand,customer_industry,downstream,Indian auto demand,,high,positive,0,120,"Consumer income, financing and fleet demand drive volumes.",inferred_from_industry,"NSE classification, annual-report source inventory and sector value-chain mapping",0.6,inferred
ind_nifty500,M&M,Mahindra & Mahindra Ltd.,OEM production and replacement market,customer_industry,downstream,OEM production and replacement market,,high,positive,0,180,OEM production schedules and replacement cycles affect revenue.,inferred_from_industry,"NSE classification, annual-report source inventory and sector value-chain mapping",0.6,inferred
ind_nifty500,M&MFIN,Mahindra & Mahindra Financial Services Ltd.,"raw materials, energy and logistics",raw_material,upstream,industrial suppliers and logistics,,medium,negative,0,120,Input and freight costs influence margins.,inferred_from_industry,"NSE classification, annual-report source inventory and sector value-chain mapping",0.6,inferred
ind_nifty500,M&MFIN,Mahindra & Mahindra Financial Services Ltd.,skilled labor and services,labour,upstream,labor and service providers,,medium,negative,0,120,Labor and service availability affects execution and cost.,inferred_from_industry,"NSE classification, annual-report source inventory and sector value-chain mapping",0.6,inferred
ind_nifty500,M&MFIN,Mahindra & Mahindra Financial Services Ltd.,industry end-market demand,customer_industry,downstream,industry end-market demand,,high,positive,0,180,End-market demand and utilisation drive revenue.,inferred_from_industry,"NSE classification, annual-report source inventory and sector value-chain mapping",0.6,inferred
ind_nifty500,M&MFIN,Mahindra & Mahindra Financial Services Ltd.,channel or institutional customers,customer_industry,downstream,channel or institutional customers,,medium,positive,0,180,"Distribution, tender or institutional demand affects volumes.",inferred_from_industry,"NSE classification, annual-report source inventory and sector value-chain mapping",0.6,inferred
ind_nifty500,MAHABANK,Bank of Maharashtra,"raw materials, energy and logistics",raw_material,upstream,industrial suppliers and logistics,,medium,negative,0,120,Input and freight costs influence margins.,inferred_from_industry,"NSE classification, annual-report source inventory and sector value-chain mapping",0.6,inferred
ind_nifty500,MAHABANK,Bank of Maharashtra,skilled labor and services,labour,upstream,labor and service providers,,medium,negative,0,120,Labor and service availability affects execution and cost.,inferred_from_industry,"NSE classification, annual-report source inventory and sector value-chain mapping",0.6,inferred
ind_nifty500,MAHABANK,Bank of Maharashtra,industry end-market demand,customer_industry,downstream,industry end-market demand,,high,positive,0,180,End-market demand and utilisation drive revenue.,inferred_from_industry,"NSE classification, annual-report source inventory and sector value-chain mapping",0.6,inferred
ind_nifty500,MAHABANK,Bank of Maharashtra,channel or institutional customers,customer_industry,downstream,channel or institutional customers,,medium,positive,0,180,"Distribution, tender or institutional demand affects volumes.",inferred_from_industry,"NSE classification, annual-report source inventory and sector value-chain mapping",0.6,inferred
ind_nifty500,MANAPPURAM,Manappuram Finance Ltd.,"raw materials, energy and logistics",raw_material,upstream,industrial suppliers and logistics,,medium,negative,0,120,Input and freight costs influence margins.,inferred_from_industry,"NSE classification, annual-report source inventory and sector value-chain mapping",0.6,inferred
ind_nifty500,MANAPPURAM,Manappuram Finance Ltd.,skilled labor and services,labour,upstream,labor and service providers,,medium,negative,0,120,Labor and service availability affects execution and cost.,inferred_from_industry,"NSE classification, annual-report source inventory and sector value-chain mapping",0.6,inferred
ind_nifty500,MANAPPURAM,Manappuram Finance Ltd.,industry end-market demand,customer_industry,downstream,industry end-market demand,,high,positive,0,180,End-market demand and utilisation drive revenue.,inferred_from_industry,"NSE classification, annual-report source inventory and sector value-chain mapping",0.6,inferred
ind_nifty500,MANAPPURAM,Manappuram Finance Ltd.,channel or institutional customers,customer_industry,downstream,channel or institutional customers,,medium,positive,0,180,"Distribution, tender or institutional demand affects volumes.",inferred_from_industry,"NSE classification, annual-report source inventory and sector value-chain mapping",0.6,inferred
ind_nifty500,MANKIND,Mankind Pharma Ltd.,"APIs, KSMs, medical supplies and consumables",raw_material,upstream,pharma intermediates and healthcare supplies,,high,negative,0,120,Input availability and compliance influence margins and supply reliability.,inferred_from_industry,"NSE classification, annual-report source inventory and sector value-chain mapping",0.6,inferred
ind_nifty500,MANKIND,Mankind Pharma Ltd.,regulatory approvals and quality systems,regulation,upstream,healthcare regulators,,high,mixed,0,365,Approvals enable launches and capacity use; observations can disrupt supply.,inferred_from_industry,"NSE classification, annual-report source inventory and sector value-chain mapping",0.6,inferred
ind_nifty500,MANKIND,Mankind Pharma Ltd.,domestic healthcare demand,customer_industry,downstream,domestic healthcare demand,,high,positive,0,120,"Healthcare access, prescriptions and patient volumes support revenue.",inferred_from_industry,"NSE classification, annual-report source inventory and sector value-chain mapping",0.6,inferred
ind_nifty500,MANKIND,Mankind Pharma Ltd.,regulated export or institutional markets,customer_industry,downstream,regulated export or institutional markets,,medium,mixed,0,180,Approvals and tender flows can lift revenue while pricing pressure can offset volume.,inferred_from_industry,"NSE classification, annual-report source inventory and sector value-chain mapping",0.6,inferred
ind_nifty500,MAPMYINDIA,C.E. Info Systems Ltd.,skilled technology labor,labour,upstream,IT talent market,,high,negative,0,90,"Wage inflation, utilisation and attrition affect margins.",inferred_from_industry,"NSE classification, annual-report source inventory and sector value-chain mapping",0.6,inferred
ind_nifty500,MAPMYINDIA,C.E. Info Systems Ltd.,cloud and software ecosystems,software,upstream,cloud and enterprise software,,medium,mixed,0,180,Partner ecosystems shape delivery capability and demand.,inferred_from_industry,"NSE classification, annual-report source inventory and sector value-chain mapping",0.6,inferred
ind_nifty500,MAPMYINDIA,C.E. Info Systems Ltd.,global enterprise IT,customer_industry,downstream,global enterprise IT,,high,positive,0,180,Enterprise technology budgets and deal ramp-ups drive revenue.,inferred_from_industry,"NSE classification, annual-report source inventory and sector value-chain mapping",0.6,inferred
ind_nifty500,MAPMYINDIA,C.E. Info Systems Ltd.,industry technology buyers,customer_industry,downstream,industry technology buyers,,medium,positive,0,180,Customer capex and transformation programs influence project conversion.,inferred_from_industry,"NSE classification, annual-report source inventory and sector value-chain mapping",0.6,inferred
ind_nifty500,MARUTI,Maruti Suzuki India Ltd.,"steel, aluminium, rubber and components",raw_material,upstream,"metals, rubber and auto components",,high,negative,0,120,Commodity and component costs affect gross margin.,inferred_from_industry,"NSE classification, annual-report source inventory and sector value-chain mapping",0.6,inferred
ind_nifty500,MARUTI,Maruti Suzuki India Ltd.,electronics and logistics,component,upstream,electronics and logistics,,medium,negative,0,180,Supply availability affects production continuity.,inferred_from_industry,"NSE classification, annual-report source inventory and sector value-chain mapping",0.6,inferred
ind_nifty500,MARUTI,Maruti Suzuki India Ltd.,Indian auto demand,customer_industry,downstream,Indian auto demand,,high,positive,0,120,"Consumer income, financing and fleet demand drive volumes.",inferred_from_industry,"NSE classification, annual-report source inventory and sector value-chain mapping",0.6,inferred
ind_nifty500,MARUTI,Maruti Suzuki India Ltd.,OEM production and replacement market,customer_industry,downstream,OEM production and replacement market,,high,positive,0,180,OEM production schedules and replacement cycles affect revenue.,inferred_from_industry,"NSE classification, annual-report source inventory and sector value-chain mapping",0.6,inferred
ind_nifty500,MAZDOCK,Mazagoan Dock Shipbuilders Ltd.,"steel, copper, electronics and bought-out components",raw_material,upstream,metals and electrical components,,high,negative,0,180,Input cost inflation can affect project margins.,inferred_from_industry,"NSE classification, annual-report source inventory and sector value-chain mapping",0.6,inferred
ind_nifty500,MAZDOCK,Mazagoan Dock Shipbuilders Ltd.,project execution labor and subcontractors,labour,upstream,engineering and construction services,,medium,negative,0,180,Execution availability and cost influence delivery timelines.,inferred_from_industry,"NSE classification, annual-report source inventory and sector value-chain mapping",0.6,inferred
ind_nifty500,MAZDOCK,Mazagoan Dock Shipbuilders Ltd.,industrial and infrastructure capex,customer_industry,downstream,industrial and infrastructure capex,,high,positive,0,365,Private and public capex drives orders and execution.,inferred_from_industry,"NSE classification, annual-report source inventory and sector value-chain mapping",0.6,inferred
ind_nifty500,MAZDOCK,Mazagoan Dock Shipbuilders Ltd.,government and regulated utilities,customer_industry,downstream,government and regulated utilities,,medium,positive,0,365,Tender awards and utility capex influence order inflow.,inferred_from_industry,"NSE classification, annual-report source inventory and sector value-chain mapping",0.6,inferred
ind_nifty500,MCX,Multi Commodity Exchange of India Ltd.,"raw materials, energy and logistics",raw_material,upstream,industrial suppliers and logistics,,medium,negative,0,120,Input and freight costs influence margins.,inferred_from_industry,"NSE classification, annual-report source inventory and sector value-chain mapping",0.6,inferred
ind_nifty500,MCX,Multi Commodity Exchange of India Ltd.,skilled labor and services,labour,upstream,labor and service providers,,medium,negative,0,120,Labor and service availability affects execution and cost.,inferred_from_industry,"NSE classification, annual-report source inventory and sector value-chain mapping",0.6,inferred
ind_nifty500,MCX,Multi Commodity Exchange of India Ltd.,industry end-market demand,customer_industry,downstream,industry end-market demand,,high,positive,0,180,End-market demand and utilisation drive revenue.,inferred_from_industry,"NSE classification, annual-report source inventory and sector value-chain mapping",0.6,inferred
ind_nifty500,MCX,Multi Commodity Exchange of India Ltd.,channel or institutional customers,customer_industry,downstream,channel or institutional customers,,medium,positive,0,180,"Distribution, tender or institutional demand affects volumes.",inferred_from_industry,"NSE classification, annual-report source inventory and sector value-chain mapping",0.6,inferred
ind_nifty500,MEESHO,Meesho Ltd.,"commodities, packaging and merchandise",raw_material,upstream,"agri, chemical, textile and packaging suppliers",,high,negative,0,90,Commodity and packaging inflation affects gross margin.,inferred_from_industry,"NSE classification, annual-report source inventory and sector value-chain mapping",0.6,inferred
ind_nifty500,MEESHO,Meesho Ltd.,"advertising, logistics and retail occupancy",other,upstream,"media, logistics and retail real estate",,medium,negative,0,120,Brand and channel costs influence operating margin.,inferred_from_industry,"NSE classification, annual-report source inventory and sector value-chain mapping",0.6,inferred
ind_nifty500,MEESHO,Meesho Ltd.,Indian household consumption,customer_industry,downstream,Indian household consumption,,high,positive,0,90,"Household income, pricing and distribution reach drive demand.",inferred_from_industry,"NSE classification, annual-report source inventory and sector value-chain mapping",0.6,inferred
ind_nifty500,MEESHO,Meesho Ltd.,retail and e-commerce channels,customer_industry,downstream,retail and e-commerce channels,,medium,positive,0,120,Channel expansion and inventory availability support revenue.,inferred_from_industry,"NSE classification, annual-report source inventory and sector value-chain mapping",0.6,inferred
ind_nifty500,MFSL,Max Financial Services Ltd.,"raw materials, energy and logistics",raw_material,upstream,industrial suppliers and logistics,,medium,negative,0,120,Input and freight costs influence margins.,inferred_from_industry,"NSE classification, annual-report source inventory and sector value-chain mapping",0.6,inferred
ind_nifty500,MFSL,Max Financial Services Ltd.,skilled labor and services,labour,upstream,labor and service providers,,medium,negative,0,120,Labor and service availability affects execution and cost.,inferred_from_industry,"NSE classification, annual-report source inventory and sector value-chain mapping",0.6,inferred
ind_nifty500,MFSL,Max Financial Services Ltd.,industry end-market demand,customer_industry,downstream,industry end-market demand,,high,positive,0,180,End-market demand and utilisation drive revenue.,inferred_from_industry,"NSE classification, annual-report source inventory and sector value-chain mapping",0.6,inferred
ind_nifty500,MFSL,Max Financial Services Ltd.,channel or institutional customers,customer_industry,downstream,channel or institutional customers,,medium,positive,0,180,"Distribution, tender or institutional demand affects volumes.",inferred_from_industry,"NSE classification, annual-report source inventory and sector value-chain mapping",0.6,inferred
ind_nifty500,MINDACORP,Minda Corporation Ltd.,"steel, aluminium, rubber and components",raw_material,upstream,"metals, rubber and auto components",,high,negative,0,120,Commodity and component costs affect gross margin.,inferred_from_industry,"NSE classification, annual-report source inventory and sector value-chain mapping",0.6,inferred
ind_nifty500,MINDACORP,Minda Corporation Ltd.,electronics and logistics,component,upstream,electronics and logistics,,medium,negative,0,180,Supply availability affects production continuity.,inferred_from_industry,"NSE classification, annual-report source inventory and sector value-chain mapping",0.6,inferred
ind_nifty500,MINDACORP,Minda Corporation Ltd.,Indian auto demand,customer_industry,downstream,Indian auto demand,,high,positive,0,120,"Consumer income, financing and fleet demand drive volumes.",inferred_from_industry,"NSE classification, annual-report source inventory and sector value-chain mapping",0.6,inferred
ind_nifty500,MINDACORP,Minda Corporation Ltd.,OEM production and replacement market,customer_industry,downstream,OEM production and replacement market,,high,positive,0,180,OEM production schedules and replacement cycles affect revenue.,inferred_from_industry,"NSE classification, annual-report source inventory and sector value-chain mapping",0.6,inferred
ind_nifty500,MMTC,MMTC Ltd.,"raw materials, energy and logistics",raw_material,upstream,industrial suppliers and logistics,,medium,negative,0,120,Input and freight costs influence margins.,inferred_from_industry,"NSE classification, annual-report source inventory and sector value-chain mapping",0.6,inferred
ind_nifty500,MMTC,MMTC Ltd.,skilled labor and services,labour,upstream,labor and service providers,,medium,negative,0,120,Labor and service availability affects execution and cost.,inferred_from_industry,"NSE classification, annual-report source inventory and sector value-chain mapping",0.6,inferred
ind_nifty500,MMTC,MMTC Ltd.,industry end-market demand,customer_industry,downstream,industry end-market demand,,high,positive,0,180,End-market demand and utilisation drive revenue.,inferred_from_industry,"NSE classification, annual-report source inventory and sector value-chain mapping",0.6,inferred
ind_nifty500,MMTC,MMTC Ltd.,channel or institutional customers,customer_industry,downstream,channel or institutional customers,,medium,positive,0,180,"Distribution, tender or institutional demand affects volumes.",inferred_from_industry,"NSE classification, annual-report source inventory and sector value-chain mapping",0.6,inferred
ind_nifty500,MOTILALOFS,Motilal Oswal Financial Services Ltd.,"raw materials, energy and logistics",raw_material,upstream,industrial suppliers and logistics,,medium,negative,0,120,Input and freight costs influence margins.,inferred_from_industry,"NSE classification, annual-report source inventory and sector value-chain mapping",0.6,inferred
ind_nifty500,MOTILALOFS,Motilal Oswal Financial Services Ltd.,skilled labor and services,labour,upstream,labor and service providers,,medium,negative,0,120,Labor and service availability affects execution and cost.,inferred_from_industry,"NSE classification, annual-report source inventory and sector value-chain mapping",0.6,inferred
ind_nifty500,MOTILALOFS,Motilal Oswal Financial Services Ltd.,industry end-market demand,customer_industry,downstream,industry end-market demand,,high,positive,0,180,End-market demand and utilisation drive revenue.,inferred_from_industry,"NSE classification, annual-report source inventory and sector value-chain mapping",0.6,inferred
ind_nifty500,MOTILALOFS,Motilal Oswal Financial Services Ltd.,channel or institutional customers,customer_industry,downstream,channel or institutional customers,,medium,positive,0,180,"Distribution, tender or institutional demand affects volumes.",inferred_from_industry,"NSE classification, annual-report source inventory and sector value-chain mapping",0.6,inferred
ind_nifty500,MRPL,Mangalore Refinery & Petrochemicals Ltd.,"petrochemical feedstocks, solvents and energy",raw_material,upstream,petrochemicals and energy,,high,negative,0,90,Feedstock and energy inflation affects gross margins.,inferred_from_industry,"NSE classification, annual-report source inventory and sector value-chain mapping",0.6,inferred
ind_nifty500,MRPL,Mangalore Refinery & Petrochemicals Ltd.,environmental and product approvals,regulation,upstream,chemical regulators,,high,mixed,0,365,Approvals and environmental compliance shape operating continuity.,inferred_from_industry,"NSE classification, annual-report source inventory and sector value-chain mapping",0.6,inferred
ind_nifty500,MRPL,Mangalore Refinery & Petrochemicals Ltd.,industrial manufacturing,customer_industry,downstream,industrial manufacturing,,high,positive,0,120,Industrial production drives chemical demand.,inferred_from_industry,"NSE classification, annual-report source inventory and sector value-chain mapping",0.6,inferred
ind_nifty500,MRPL,Mangalore Refinery & Petrochemicals Ltd.,agriculture and regulated end-markets,customer_industry,downstream,agriculture and regulated end-markets,,medium,positive,0,180,Seasonal and regulated demand affects volumes and mix.,inferred_from_industry,"NSE classification, annual-report source inventory and sector value-chain mapping",0.6,inferred
ind_nifty500,MUTHOOTFIN,Muthoot Finance Ltd.,"raw materials, energy and logistics",raw_material,upstream,industrial suppliers and logistics,,medium,negative,0,120,Input and freight costs influence margins.,inferred_from_industry,"NSE classification, annual-report source inventory and sector value-chain mapping",0.6,inferred
ind_nifty500,MUTHOOTFIN,Muthoot Finance Ltd.,skilled labor and services,labour,upstream,labor and service providers,,medium,negative,0,120,Labor and service availability affects execution and cost.,inferred_from_industry,"NSE classification, annual-report source inventory and sector value-chain mapping",0.6,inferred
ind_nifty500,MUTHOOTFIN,Muthoot Finance Ltd.,industry end-market demand,customer_industry,downstream,industry end-market demand,,high,positive,0,180,End-market demand and utilisation drive revenue.,inferred_from_industry,"NSE classification, annual-report source inventory and sector value-chain mapping",0.6,inferred
ind_nifty500,MUTHOOTFIN,Muthoot Finance Ltd.,channel or institutional customers,customer_industry,downstream,channel or institutional customers,,medium,positive,0,180,"Distribution, tender or institutional demand affects volumes.",inferred_from_industry,"NSE classification, annual-report source inventory and sector value-chain mapping",0.6,inferred
ind_nifty500,NAM-INDIA,Nippon Life India Asset Management Ltd.,"raw materials, energy and logistics",raw_material,upstream,industrial suppliers and logistics,,medium,negative,0,120,Input and freight costs influence margins.,inferred_from_industry,"NSE classification, annual-report source inventory and sector value-chain mapping",0.6,inferred
ind_nifty500,NAM-INDIA,Nippon Life India Asset Management Ltd.,skilled labor and services,labour,upstream,labor and service providers,,medium,negative,0,120,Labor and service availability affects execution and cost.,inferred_from_industry,"NSE classification, annual-report source inventory and sector value-chain mapping",0.6,inferred
ind_nifty500,NAM-INDIA,Nippon Life India Asset Management Ltd.,industry end-market demand,customer_industry,downstream,industry end-market demand,,high,positive,0,180,End-market demand and utilisation drive revenue.,inferred_from_industry,"NSE classification, annual-report source inventory and sector value-chain mapping",0.6,inferred
ind_nifty500,NAM-INDIA,Nippon Life India Asset Management Ltd.,channel or institutional customers,customer_industry,downstream,channel or institutional customers,,medium,positive,0,180,"Distribution, tender or institutional demand affects volumes.",inferred_from_industry,"NSE classification, annual-report source inventory and sector value-chain mapping",0.6,inferred
ind_nifty500,NATCOPHARM,NATCO Pharma Ltd.,"APIs, KSMs, medical supplies and consumables",raw_material,upstream,pharma intermediates and healthcare supplies,,high,negative,0,120,Input availability and compliance influence margins and supply reliability.,inferred_from_industry,"NSE classification, annual-report source inventory and sector value-chain mapping",0.6,inferred
ind_nifty500,NATCOPHARM,NATCO Pharma Ltd.,regulatory approvals and quality systems,regulation,upstream,healthcare regulators,,high,mixed,0,365,Approvals enable launches and capacity use; observations can disrupt supply.,inferred_from_industry,"NSE classification, annual-report source inventory and sector value-chain mapping",0.6,inferred
ind_nifty500,NATCOPHARM,NATCO Pharma Ltd.,domestic healthcare demand,customer_industry,downstream,domestic healthcare demand,,high,positive,0,120,"Healthcare access, prescriptions and patient volumes support revenue.",inferred_from_industry,"NSE classification, annual-report source inventory and sector value-chain mapping",0.6,inferred
ind_nifty500,NATCOPHARM,NATCO Pharma Ltd.,regulated export or institutional markets,customer_industry,downstream,regulated export or institutional markets,,medium,mixed,0,180,Approvals and tender flows can lift revenue while pricing pressure can offset volume.,inferred_from_industry,"NSE classification, annual-report source inventory and sector value-chain mapping",0.6,inferred
ind_nifty500,NAUKRI,Info Edge (India) Ltd.,"commodities, packaging and merchandise",raw_material,upstream,"agri, chemical, textile and packaging suppliers",,high,negative,0,90,Commodity and packaging inflation affects gross margin.,inferred_from_industry,"NSE classification, annual-report source inventory and sector value-chain mapping",0.6,inferred
ind_nifty500,NAUKRI,Info Edge (India) Ltd.,"advertising, logistics and retail occupancy",other,upstream,"media, logistics and retail real estate",,medium,negative,0,120,Brand and channel costs influence operating margin.,inferred_from_industry,"NSE classification, annual-report source inventory and sector value-chain mapping",0.6,inferred
ind_nifty500,NAUKRI,Info Edge (India) Ltd.,Indian household consumption,customer_industry,downstream,Indian household consumption,,high,positive,0,90,"Household income, pricing and distribution reach drive demand.",inferred_from_industry,"NSE classification, annual-report source inventory and sector value-chain mapping",0.6,inferred
ind_nifty500,NAUKRI,Info Edge (India) Ltd.,retail and e-commerce channels,customer_industry,downstream,retail and e-commerce channels,,medium,positive,0,120,Channel expansion and inventory availability support revenue.,inferred_from_industry,"NSE classification, annual-report source inventory and sector value-chain mapping",0.6,inferred
ind_nifty500,NAVINFLUOR,Navin Fluorine International Ltd.,"petrochemical feedstocks, solvents and energy",raw_material,upstream,petrochemicals and energy,,high,negative,0,90,Feedstock and energy inflation affects gross margins.,inferred_from_industry,"NSE classification, annual-report source inventory and sector value-chain mapping",0.6,inferred
ind_nifty500,NAVINFLUOR,Navin Fluorine International Ltd.,environmental and product approvals,regulation,upstream,chemical regulators,,high,mixed,0,365,Approvals and environmental compliance shape operating continuity.,inferred_from_industry,"NSE classification, annual-report source inventory and sector value-chain mapping",0.6,inferred
ind_nifty500,NAVINFLUOR,Navin Fluorine International Ltd.,industrial manufacturing,customer_industry,downstream,industrial manufacturing,,high,positive,0,120,Industrial production drives chemical demand.,inferred_from_industry,"NSE classification, annual-report source inventory and sector value-chain mapping",0.6,inferred
ind_nifty500,NAVINFLUOR,Navin Fluorine International Ltd.,agriculture and regulated end-markets,customer_industry,downstream,agriculture and regulated end-markets,,medium,positive,0,180,Seasonal and regulated demand affects volumes and mix.,inferred_from_industry,"NSE classification, annual-report source inventory and sector value-chain mapping",0.6,inferred
ind_nifty500,NEWGEN,Newgen Software Technologies Ltd.,skilled technology labor,labour,upstream,IT talent market,,high,negative,0,90,"Wage inflation, utilisation and attrition affect margins.",inferred_from_industry,"NSE classification, annual-report source inventory and sector value-chain mapping",0.6,inferred
ind_nifty500,NEWGEN,Newgen Software Technologies Ltd.,cloud and software ecosystems,software,upstream,cloud and enterprise software,,medium,mixed,0,180,Partner ecosystems shape delivery capability and demand.,inferred_from_industry,"NSE classification, annual-report source inventory and sector value-chain mapping",0.6,inferred
ind_nifty500,NEWGEN,Newgen Software Technologies Ltd.,global enterprise IT,customer_industry,downstream,global enterprise IT,,high,positive,0,180,Enterprise technology budgets and deal ramp-ups drive revenue.,inferred_from_industry,"NSE classification, annual-report source inventory and sector value-chain mapping",0.6,inferred
ind_nifty500,NEWGEN,Newgen Software Technologies Ltd.,industry technology buyers,customer_industry,downstream,industry technology buyers,,medium,positive,0,180,Customer capex and transformation programs influence project conversion.,inferred_from_industry,"NSE classification, annual-report source inventory and sector value-chain mapping",0.6,inferred
ind_nifty500,NH,Narayana Hrudayalaya Ltd.,"APIs, KSMs, medical supplies and consumables",raw_material,upstream,pharma intermediates and healthcare supplies,,high,negative,0,120,Input availability and compliance influence margins and supply reliability.,inferred_from_industry,"NSE classification, annual-report source inventory and sector value-chain mapping",0.6,inferred
ind_nifty500,NH,Narayana Hrudayalaya Ltd.,regulatory approvals and quality systems,regulation,upstream,healthcare regulators,,high,mixed,0,365,Approvals enable launches and capacity use; observations can disrupt supply.,inferred_from_industry,"NSE classification, annual-report source inventory and sector value-chain mapping",0.6,inferred
ind_nifty500,NH,Narayana Hrudayalaya Ltd.,domestic healthcare demand,customer_industry,downstream,domestic healthcare demand,,high,positive,0,120,"Healthcare access, prescriptions and patient volumes support revenue.",inferred_from_industry,"NSE classification, annual-report source inventory and sector value-chain mapping",0.6,inferred
ind_nifty500,NH,Narayana Hrudayalaya Ltd.,regulated export or institutional markets,customer_industry,downstream,regulated export or institutional markets,,medium,mixed,0,180,Approvals and tender flows can lift revenue while pricing pressure can offset volume.,inferred_from_industry,"NSE classification, annual-report source inventory and sector value-chain mapping",0.6,inferred
ind_nifty500,NHPC,NHPC Ltd.,"fuel, gas, crude-linked inputs and power",energy,upstream,energy and commodities,,high,negative,0,90,Commodity prices and supply availability affect spreads and margins.,inferred_from_industry,"NSE classification, annual-report source inventory and sector value-chain mapping",0.6,inferred
ind_nifty500,NHPC,NHPC Ltd.,regulatory tariffs and licenses,regulation,upstream,energy regulators,,high,mixed,0,365,"Tariffs, licenses and policy changes influence returns.",inferred_from_industry,"NSE classification, annual-report source inventory and sector value-chain mapping",0.6,inferred
ind_nifty500,NHPC,NHPC Ltd.,industrial and commercial energy demand,customer_industry,downstream,industrial and commercial energy demand,,high,positive,0,120,Industrial activity and urban demand support offtake.,inferred_from_industry,"NSE classification, annual-report source inventory and sector value-chain mapping",0.6,inferred
ind_nifty500,NHPC,NHPC Ltd.,regulated retail users,customer_industry,downstream,regulated retail users,,medium,positive,0,120,Retail demand and tariff regulation affect revenue.,inferred_from_industry,"NSE classification, annual-report source inventory and sector value-chain mapping",0.6,inferred
ind_nifty500,NIACL,The New India Assurance Company Ltd.,"raw materials, energy and logistics",raw_material,upstream,industrial suppliers and logistics,,medium,negative,0,120,Input and freight costs influence margins.,inferred_from_industry,"NSE classification, annual-report source inventory and sector value-chain mapping",0.6,inferred
ind_nifty500,NIACL,The New India Assurance Company Ltd.,skilled labor and services,labour,upstream,labor and service providers,,medium,negative,0,120,Labor and service availability affects execution and cost.,inferred_from_industry,"NSE classification, annual-report source inventory and sector value-chain mapping",0.6,inferred
ind_nifty500,NIACL,The New India Assurance Company Ltd.,industry end-market demand,customer_industry,downstream,industry end-market demand,,high,positive,0,180,End-market demand and utilisation drive revenue.,inferred_from_industry,"NSE classification, annual-report source inventory and sector value-chain mapping",0.6,inferred
ind_nifty500,NIACL,The New India Assurance Company Ltd.,channel or institutional customers,customer_industry,downstream,channel or institutional customers,,medium,positive,0,180,"Distribution, tender or institutional demand affects volumes.",inferred_from_industry,"NSE classification, annual-report source inventory and sector value-chain mapping",0.6,inferred
ind_nifty500,NIVABUPA,Niva Bupa Health Insurance Company Ltd.,"raw materials, energy and logistics",raw_material,upstream,industrial suppliers and logistics,,medium,negative,0,120,Input and freight costs influence margins.,inferred_from_industry,"NSE classification, annual-report source inventory and sector value-chain mapping",0.6,inferred
ind_nifty500,NIVABUPA,Niva Bupa Health Insurance Company Ltd.,skilled labor and services,labour,upstream,labor and service providers,,medium,negative,0,120,Labor and service availability affects execution and cost.,inferred_from_industry,"NSE classification, annual-report source inventory and sector value-chain mapping",0.6,inferred
ind_nifty500,NIVABUPA,Niva Bupa Health Insurance Company Ltd.,industry end-market demand,customer_industry,downstream,industry end-market demand,,high,positive,0,180,End-market demand and utilisation drive revenue.,inferred_from_industry,"NSE classification, annual-report source inventory and sector value-chain mapping",0.6,inferred
ind_nifty500,NIVABUPA,Niva Bupa Health Insurance Company Ltd.,channel or institutional customers,customer_industry,downstream,channel or institutional customers,,medium,positive,0,180,"Distribution, tender or institutional demand affects volumes.",inferred_from_industry,"NSE classification, annual-report source inventory and sector value-chain mapping",0.6,inferred
ind_nifty500,NLCINDIA,NLC India Ltd.,"fuel, gas, crude-linked inputs and power",energy,upstream,energy and commodities,,high,negative,0,90,Commodity prices and supply availability affect spreads and margins.,inferred_from_industry,"NSE classification, annual-report source inventory and sector value-chain mapping",0.6,inferred
ind_nifty500,NLCINDIA,NLC India Ltd.,regulatory tariffs and licenses,regulation,upstream,energy regulators,,high,mixed,0,365,"Tariffs, licenses and policy changes influence returns.",inferred_from_industry,"NSE classification, annual-report source inventory and sector value-chain mapping",0.6,inferred
ind_nifty500,NLCINDIA,NLC India Ltd.,industrial and commercial energy demand,customer_industry,downstream,industrial and commercial energy demand,,high,positive,0,120,Industrial activity and urban demand support offtake.,inferred_from_industry,"NSE classification, annual-report source inventory and sector value-chain mapping",0.6,inferred
ind_nifty500,NLCINDIA,NLC India Ltd.,regulated retail users,customer_industry,downstream,regulated retail users,,medium,positive,0,120,Retail demand and tariff regulation affect revenue.,inferred_from_industry,"NSE classification, annual-report source inventory and sector value-chain mapping",0.6,inferred
ind_nifty500,NMDC,NMDC Ltd.,"ore, coal, power and freight",raw_material,upstream,"mining, energy and logistics",,high,negative,0,120,Input and energy costs affect spreads.,inferred_from_industry,"NSE classification, annual-report source inventory and sector value-chain mapping",0.6,inferred
ind_nifty500,NMDC,NMDC Ltd.,environmental and mining regulation,regulation,upstream,mining and environmental regulators,,high,mixed,0,365,Regulatory approvals affect capacity and continuity.,inferred_from_industry,"NSE classification, annual-report source inventory and sector value-chain mapping",0.6,inferred
ind_nifty500,NMDC,NMDC Ltd.,construction and infrastructure,customer_industry,downstream,construction and infrastructure,,high,positive,0,180,Infrastructure and building activity support metal demand.,inferred_from_industry,"NSE classification, annual-report source inventory and sector value-chain mapping",0.6,inferred
ind_nifty500,NMDC,NMDC Ltd.,industrial manufacturing,customer_industry,downstream,industrial manufacturing,,high,positive,0,180,Manufacturing cycles influence metal volumes and pricing.,inferred_from_industry,"NSE classification, annual-report source inventory and sector value-chain mapping",0.6,inferred
ind_nifty500,NTPC,NTPC Ltd.,"fuel, gas, crude-linked inputs and power",energy,upstream,energy and commodities,,high,negative,0,90,Commodity prices and supply availability affect spreads and margins.,inferred_from_industry,"NSE classification, annual-report source inventory and sector value-chain mapping",0.6,inferred
ind_nifty500,NTPC,NTPC Ltd.,regulatory tariffs and licenses,regulation,upstream,energy regulators,,high,mixed,0,365,"Tariffs, licenses and policy changes influence returns.",inferred_from_industry,"NSE classification, annual-report source inventory and sector value-chain mapping",0.6,inferred
ind_nifty500,NTPC,NTPC Ltd.,industrial and commercial energy demand,customer_industry,downstream,industrial and commercial energy demand,,high,positive,0,120,Industrial activity and urban demand support offtake.,inferred_from_industry,"NSE classification, annual-report source inventory and sector value-chain mapping",0.6,inferred
ind_nifty500,NTPC,NTPC Ltd.,regulated retail users,customer_industry,downstream,regulated retail users,,medium,positive,0,120,Retail demand and tariff regulation affect revenue.,inferred_from_industry,"NSE classification, annual-report source inventory and sector value-chain mapping",0.6,inferred
ind_nifty500,NTPCGREEN,NTPC Green Energy Ltd.,"fuel, gas, crude-linked inputs and power",energy,upstream,energy and commodities,,high,negative,0,90,Commodity prices and supply availability affect spreads and margins.,inferred_from_industry,"NSE classification, annual-report source inventory and sector value-chain mapping",0.6,inferred
ind_nifty500,NTPCGREEN,NTPC Green Energy Ltd.,regulatory tariffs and licenses,regulation,upstream,energy regulators,,high,mixed,0,365,"Tariffs, licenses and policy changes influence returns.",inferred_from_industry,"NSE classification, annual-report source inventory and sector value-chain mapping",0.6,inferred
ind_nifty500,NTPCGREEN,NTPC Green Energy Ltd.,industrial and commercial energy demand,customer_industry,downstream,industrial and commercial energy demand,,high,positive,0,120,Industrial activity and urban demand support offtake.,inferred_from_industry,"NSE classification, annual-report source inventory and sector value-chain mapping",0.6,inferred
ind_nifty500,NTPCGREEN,NTPC Green Energy Ltd.,regulated retail users,customer_industry,downstream,regulated retail users,,medium,positive,0,120,Retail demand and tariff regulation affect revenue.,inferred_from_industry,"NSE classification, annual-report source inventory and sector value-chain mapping",0.6,inferred
ind_nifty500,NUVAMA,Nuvama Wealth Management Ltd.,"raw materials, energy and logistics",raw_material,upstream,industrial suppliers and logistics,,medium,negative,0,120,Input and freight costs influence margins.,inferred_from_industry,"NSE classification, annual-report source inventory and sector value-chain mapping",0.6,inferred
ind_nifty500,NUVAMA,Nuvama Wealth Management Ltd.,skilled labor and services,labour,upstream,labor and service providers,,medium,negative,0,120,Labor and service availability affects execution and cost.,inferred_from_industry,"NSE classification, annual-report source inventory and sector value-chain mapping",0.6,inferred
ind_nifty500,NUVAMA,Nuvama Wealth Management Ltd.,industry end-market demand,customer_industry,downstream,industry end-market demand,,high,positive,0,180,End-market demand and utilisation drive revenue.,inferred_from_industry,"NSE classification, annual-report source inventory and sector value-chain mapping",0.6,inferred
ind_nifty500,NUVAMA,Nuvama Wealth Management Ltd.,channel or institutional customers,customer_industry,downstream,channel or institutional customers,,medium,positive,0,180,"Distribution, tender or institutional demand affects volumes.",inferred_from_industry,"NSE classification, annual-report source inventory and sector value-chain mapping",0.6,inferred
ind_nifty500,NYKAA,FSN E-Commerce Ventures Ltd.,"commodities, packaging and merchandise",raw_material,upstream,"agri, chemical, textile and packaging suppliers",,high,negative,0,90,Commodity and packaging inflation affects gross margin.,inferred_from_industry,"NSE classification, annual-report source inventory and sector value-chain mapping",0.6,inferred
ind_nifty500,NYKAA,FSN E-Commerce Ventures Ltd.,"advertising, logistics and retail occupancy",other,upstream,"media, logistics and retail real estate",,medium,negative,0,120,Brand and channel costs influence operating margin.,inferred_from_industry,"NSE classification, annual-report source inventory and sector value-chain mapping",0.6,inferred
ind_nifty500,NYKAA,FSN E-Commerce Ventures Ltd.,Indian household consumption,customer_industry,downstream,Indian household consumption,,high,positive,0,90,"Household income, pricing and distribution reach drive demand.",inferred_from_industry,"NSE classification, annual-report source inventory and sector value-chain mapping",0.6,inferred
ind_nifty500,NYKAA,FSN E-Commerce Ventures Ltd.,retail and e-commerce channels,customer_industry,downstream,retail and e-commerce channels,,medium,positive,0,120,Channel expansion and inventory availability support revenue.,inferred_from_industry,"NSE classification, annual-report source inventory and sector value-chain mapping",0.6,inferred
ind_nifty500,OBEROIRLTY,Oberoi Realty Ltd.,"commodities, packaging and merchandise",raw_material,upstream,"agri, chemical, textile and packaging suppliers",,high,negative,0,90,Commodity and packaging inflation affects gross margin.,inferred_from_industry,"NSE classification, annual-report source inventory and sector value-chain mapping",0.6,inferred
ind_nifty500,OBEROIRLTY,Oberoi Realty Ltd.,"advertising, logistics and retail occupancy",other,upstream,"media, logistics and retail real estate",,medium,negative,0,120,Brand and channel costs influence operating margin.,inferred_from_industry,"NSE classification, annual-report source inventory and sector value-chain mapping",0.6,inferred
ind_nifty500,OBEROIRLTY,Oberoi Realty Ltd.,Indian household consumption,customer_industry,downstream,Indian household consumption,,high,positive,0,90,"Household income, pricing and distribution reach drive demand.",inferred_from_industry,"NSE classification, annual-report source inventory and sector value-chain mapping",0.6,inferred
ind_nifty500,OBEROIRLTY,Oberoi Realty Ltd.,retail and e-commerce channels,customer_industry,downstream,retail and e-commerce channels,,medium,positive,0,120,Channel expansion and inventory availability support revenue.,inferred_from_industry,"NSE classification, annual-report source inventory and sector value-chain mapping",0.6,inferred
ind_nifty500,OFSS,Oracle Financial Services Software Ltd.,skilled technology labor,labour,upstream,IT talent market,,high,negative,0,90,"Wage inflation, utilisation and attrition affect margins.",inferred_from_industry,"NSE classification, annual-report source inventory and sector value-chain mapping",0.6,inferred
ind_nifty500,OFSS,Oracle Financial Services Software Ltd.,cloud and software ecosystems,software,upstream,cloud and enterprise software,,medium,mixed,0,180,Partner ecosystems shape delivery capability and demand.,inferred_from_industry,"NSE classification, annual-report source inventory and sector value-chain mapping",0.6,inferred
ind_nifty500,OFSS,Oracle Financial Services Software Ltd.,global enterprise IT,customer_industry,downstream,global enterprise IT,,high,positive,0,180,Enterprise technology budgets and deal ramp-ups drive revenue.,inferred_from_industry,"NSE classification, annual-report source inventory and sector value-chain mapping",0.6,inferred
ind_nifty500,OFSS,Oracle Financial Services Software Ltd.,industry technology buyers,customer_industry,downstream,industry technology buyers,,medium,positive,0,180,Customer capex and transformation programs influence project conversion.,inferred_from_industry,"NSE classification, annual-report source inventory and sector value-chain mapping",0.6,inferred
ind_nifty500,OIL,Oil India Ltd.,"fuel, gas, crude-linked inputs and power",energy,upstream,energy and commodities,,high,negative,0,90,Commodity prices and supply availability affect spreads and margins.,inferred_from_industry,"NSE classification, annual-report source inventory and sector value-chain mapping",0.6,inferred
ind_nifty500,OIL,Oil India Ltd.,regulatory tariffs and licenses,regulation,upstream,energy regulators,,high,mixed,0,365,"Tariffs, licenses and policy changes influence returns.",inferred_from_industry,"NSE classification, annual-report source inventory and sector value-chain mapping",0.6,inferred
ind_nifty500,OIL,Oil India Ltd.,industrial and commercial energy demand,customer_industry,downstream,industrial and commercial energy demand,,high,positive,0,120,Industrial activity and urban demand support offtake.,inferred_from_industry,"NSE classification, annual-report source inventory and sector value-chain mapping",0.6,inferred
ind_nifty500,OIL,Oil India Ltd.,regulated retail users,customer_industry,downstream,regulated retail users,,medium,positive,0,120,Retail demand and tariff regulation affect revenue.,inferred_from_industry,"NSE classification, annual-report source inventory and sector value-chain mapping",0.6,inferred
ind_nifty500,OLAELEC,Ola Electric Mobility Ltd.,"steel, aluminium, rubber and components",raw_material,upstream,"metals, rubber and auto components",,high,negative,0,120,Commodity and component costs affect gross margin.,inferred_from_industry,"NSE classification, annual-report source inventory and sector value-chain mapping",0.6,inferred
ind_nifty500,OLAELEC,Ola Electric Mobility Ltd.,electronics and logistics,component,upstream,electronics and logistics,,medium,negative,0,180,Supply availability affects production continuity.,inferred_from_industry,"NSE classification, annual-report source inventory and sector value-chain mapping",0.6,inferred
ind_nifty500,OLAELEC,Ola Electric Mobility Ltd.,Indian auto demand,customer_industry,downstream,Indian auto demand,,high,positive,0,120,"Consumer income, financing and fleet demand drive volumes.",inferred_from_industry,"NSE classification, annual-report source inventory and sector value-chain mapping",0.6,inferred
ind_nifty500,OLAELEC,Ola Electric Mobility Ltd.,OEM production and replacement market,customer_industry,downstream,OEM production and replacement market,,high,positive,0,180,OEM production schedules and replacement cycles affect revenue.,inferred_from_industry,"NSE classification, annual-report source inventory and sector value-chain mapping",0.6,inferred
ind_nifty500,ONESOURCE,Onesource Specialty Pharma Ltd.,"APIs, KSMs, medical supplies and consumables",raw_material,upstream,pharma intermediates and healthcare supplies,,high,negative,0,120,Input availability and compliance influence margins and supply reliability.,inferred_from_industry,"NSE classification, annual-report source inventory and sector value-chain mapping",0.6,inferred
ind_nifty500,ONESOURCE,Onesource Specialty Pharma Ltd.,regulatory approvals and quality systems,regulation,upstream,healthcare regulators,,high,mixed,0,365,Approvals enable launches and capacity use; observations can disrupt supply.,inferred_from_industry,"NSE classification, annual-report source inventory and sector value-chain mapping",0.6,inferred
ind_nifty500,ONESOURCE,Onesource Specialty Pharma Ltd.,domestic healthcare demand,customer_industry,downstream,domestic healthcare demand,,high,positive,0,120,"Healthcare access, prescriptions and patient volumes support revenue.",inferred_from_industry,"NSE classification, annual-report source inventory and sector value-chain mapping",0.6,inferred
ind_nifty500,ONESOURCE,Onesource Specialty Pharma Ltd.,regulated export or institutional markets,customer_industry,downstream,regulated export or institutional markets,,medium,mixed,0,180,Approvals and tender flows can lift revenue while pricing pressure can offset volume.,inferred_from_industry,"NSE classification, annual-report source inventory and sector value-chain mapping",0.6,inferred
ind_nifty500,PARADEEP,Paradeep Phosphates Ltd.,"petrochemical feedstocks, solvents and energy",raw_material,upstream,petrochemicals and energy,,high,negative,0,90,Feedstock and energy inflation affects gross margins.,inferred_from_industry,"NSE classification, annual-report source inventory and sector value-chain mapping",0.6,inferred
ind_nifty500,PARADEEP,Paradeep Phosphates Ltd.,environmental and product approvals,regulation,upstream,chemical regulators,,high,mixed,0,365,Approvals and environmental compliance shape operating continuity.,inferred_from_industry,"NSE classification, annual-report source inventory and sector value-chain mapping",0.6,inferred
ind_nifty500,PARADEEP,Paradeep Phosphates Ltd.,industrial manufacturing,customer_industry,downstream,industrial manufacturing,,high,positive,0,120,Industrial production drives chemical demand.,inferred_from_industry,"NSE classification, annual-report source inventory and sector value-chain mapping",0.6,inferred
ind_nifty500,PARADEEP,Paradeep Phosphates Ltd.,agriculture and regulated end-markets,customer_industry,downstream,agriculture and regulated end-markets,,medium,positive,0,180,Seasonal and regulated demand affects volumes and mix.,inferred_from_industry,"NSE classification, annual-report source inventory and sector value-chain mapping",0.6,inferred
ind_nifty500,PAYTM,One 97 Communications Ltd.,skilled technology labor,labour,upstream,IT talent market,,high,negative,0,90,"Wage inflation, utilisation and attrition affect margins.",inferred_from_industry,"NSE classification, annual-report source inventory and sector value-chain mapping",0.6,inferred
ind_nifty500,PAYTM,One 97 Communications Ltd.,cloud and software ecosystems,software,upstream,cloud and enterprise software,,medium,mixed,0,180,Partner ecosystems shape delivery capability and demand.,inferred_from_industry,"NSE classification, annual-report source inventory and sector value-chain mapping",0.6,inferred
ind_nifty500,PAYTM,One 97 Communications Ltd.,global enterprise IT,customer_industry,downstream,global enterprise IT,,high,positive,0,180,Enterprise technology budgets and deal ramp-ups drive revenue.,inferred_from_industry,"NSE classification, annual-report source inventory and sector value-chain mapping",0.6,inferred
ind_nifty500,PAYTM,One 97 Communications Ltd.,industry technology buyers,customer_industry,downstream,industry technology buyers,,medium,positive,0,180,Customer capex and transformation programs influence project conversion.,inferred_from_industry,"NSE classification, annual-report source inventory and sector value-chain mapping",0.6,inferred
ind_nifty500,PCBL,PCBL Chemical Ltd.,"petrochemical feedstocks, solvents and energy",raw_material,upstream,petrochemicals and energy,,high,negative,0,90,Feedstock and energy inflation affects gross margins.,inferred_from_industry,"NSE classification, annual-report source inventory and sector value-chain mapping",0.6,inferred
ind_nifty500,PCBL,PCBL Chemical Ltd.,environmental and product approvals,regulation,upstream,chemical regulators,,high,mixed,0,365,Approvals and environmental compliance shape operating continuity.,inferred_from_industry,"NSE classification, annual-report source inventory and sector value-chain mapping",0.6,inferred
ind_nifty500,PCBL,PCBL Chemical Ltd.,industrial manufacturing,customer_industry,downstream,industrial manufacturing,,high,positive,0,120,Industrial production drives chemical demand.,inferred_from_industry,"NSE classification, annual-report source inventory and sector value-chain mapping",0.6,inferred
ind_nifty500,PCBL,PCBL Chemical Ltd.,agriculture and regulated end-markets,customer_industry,downstream,agriculture and regulated end-markets,,medium,positive,0,180,Seasonal and regulated demand affects volumes and mix.,inferred_from_industry,"NSE classification, annual-report source inventory and sector value-chain mapping",0.6,inferred
ind_nifty500,PFC,Power Finance Corporation Ltd.,"fuel, gas, crude-linked inputs and power",energy,upstream,energy and commodities,,high,negative,0,90,Commodity prices and supply availability affect spreads and margins.,inferred_from_industry,"NSE classification, annual-report source inventory and sector value-chain mapping",0.6,inferred
ind_nifty500,PFC,Power Finance Corporation Ltd.,regulatory tariffs and licenses,regulation,upstream,energy regulators,,high,mixed,0,365,"Tariffs, licenses and policy changes influence returns.",inferred_from_industry,"NSE classification, annual-report source inventory and sector value-chain mapping",0.6,inferred
ind_nifty500,PFC,Power Finance Corporation Ltd.,industrial and commercial energy demand,customer_industry,downstream,industrial and commercial energy demand,,high,positive,0,120,Industrial activity and urban demand support offtake.,inferred_from_industry,"NSE classification, annual-report source inventory and sector value-chain mapping",0.6,inferred
ind_nifty500,PFC,Power Finance Corporation Ltd.,regulated retail users,customer_industry,downstream,regulated retail users,,medium,positive,0,120,Retail demand and tariff regulation affect revenue.,inferred_from_industry,"NSE classification, annual-report source inventory and sector value-chain mapping",0.6,inferred
ind_nifty500,PFIZER,Pfizer Ltd.,"APIs, KSMs, medical supplies and consumables",raw_material,upstream,pharma intermediates and healthcare supplies,,high,negative,0,120,Input availability and compliance influence margins and supply reliability.,inferred_from_industry,"NSE classification, annual-report source inventory and sector value-chain mapping",0.6,inferred
ind_nifty500,PFIZER,Pfizer Ltd.,regulatory approvals and quality systems,regulation,upstream,healthcare regulators,,high,mixed,0,365,Approvals enable launches and capacity use; observations can disrupt supply.,inferred_from_industry,"NSE classification, annual-report source inventory and sector value-chain mapping",0.6,inferred
ind_nifty500,PFIZER,Pfizer Ltd.,domestic healthcare demand,customer_industry,downstream,domestic healthcare demand,,high,positive,0,120,"Healthcare access, prescriptions and patient volumes support revenue.",inferred_from_industry,"NSE classification, annual-report source inventory and sector value-chain mapping",0.6,inferred
ind_nifty500,PFIZER,Pfizer Ltd.,regulated export or institutional markets,customer_industry,downstream,regulated export or institutional markets,,medium,mixed,0,180,Approvals and tender flows can lift revenue while pricing pressure can offset volume.,inferred_from_industry,"NSE classification, annual-report source inventory and sector value-chain mapping",0.6,inferred
ind_nifty500,PHOENIXLTD,Phoenix Mills Ltd.,"commodities, packaging and merchandise",raw_material,upstream,"agri, chemical, textile and packaging suppliers",,high,negative,0,90,Commodity and packaging inflation affects gross margin.,inferred_from_industry,"NSE classification, annual-report source inventory and sector value-chain mapping",0.6,inferred
ind_nifty500,PHOENIXLTD,Phoenix Mills Ltd.,"advertising, logistics and retail occupancy",other,upstream,"media, logistics and retail real estate",,medium,negative,0,120,Brand and channel costs influence operating margin.,inferred_from_industry,"NSE classification, annual-report source inventory and sector value-chain mapping",0.6,inferred
ind_nifty500,PHOENIXLTD,Phoenix Mills Ltd.,Indian household consumption,customer_industry,downstream,Indian household consumption,,high,positive,0,90,"Household income, pricing and distribution reach drive demand.",inferred_from_industry,"NSE classification, annual-report source inventory and sector value-chain mapping",0.6,inferred
ind_nifty500,PHOENIXLTD,Phoenix Mills Ltd.,retail and e-commerce channels,customer_industry,downstream,retail and e-commerce channels,,medium,positive,0,120,Channel expansion and inventory availability support revenue.,inferred_from_industry,"NSE classification, annual-report source inventory and sector value-chain mapping",0.6,inferred
ind_nifty500,PIIND,PI Industries Ltd.,"petrochemical feedstocks, solvents and energy",raw_material,upstream,petrochemicals and energy,,high,negative,0,90,Feedstock and energy inflation affects gross margins.,inferred_from_industry,"NSE classification, annual-report source inventory and sector value-chain mapping",0.6,inferred
ind_nifty500,PIIND,PI Industries Ltd.,environmental and product approvals,regulation,upstream,chemical regulators,,high,mixed,0,365,Approvals and environmental compliance shape operating continuity.,inferred_from_industry,"NSE classification, annual-report source inventory and sector value-chain mapping",0.6,inferred
ind_nifty500,PIIND,PI Industries Ltd.,industrial manufacturing,customer_industry,downstream,industrial manufacturing,,high,positive,0,120,Industrial production drives chemical demand.,inferred_from_industry,"NSE classification, annual-report source inventory and sector value-chain mapping",0.6,inferred
ind_nifty500,PIIND,PI Industries Ltd.,agriculture and regulated end-markets,customer_industry,downstream,agriculture and regulated end-markets,,medium,positive,0,180,Seasonal and regulated demand affects volumes and mix.,inferred_from_industry,"NSE classification, annual-report source inventory and sector value-chain mapping",0.6,inferred
ind_nifty500,PINELABS,Pine Labs Ltd.,skilled technology labor,labour,upstream,IT talent market,,high,negative,0,90,"Wage inflation, utilisation and attrition affect margins.",inferred_from_industry,"NSE classification, annual-report source inventory and sector value-chain mapping",0.6,inferred
ind_nifty500,PINELABS,Pine Labs Ltd.,cloud and software ecosystems,software,upstream,cloud and enterprise software,,medium,mixed,0,180,Partner ecosystems shape delivery capability and demand.,inferred_from_industry,"NSE classification, annual-report source inventory and sector value-chain mapping",0.6,inferred
ind_nifty500,PINELABS,Pine Labs Ltd.,global enterprise IT,customer_industry,downstream,global enterprise IT,,high,positive,0,180,Enterprise technology budgets and deal ramp-ups drive revenue.,inferred_from_industry,"NSE classification, annual-report source inventory and sector value-chain mapping",0.6,inferred
ind_nifty500,PINELABS,Pine Labs Ltd.,industry technology buyers,customer_industry,downstream,industry technology buyers,,medium,positive,0,180,Customer capex and transformation programs influence project conversion.,inferred_from_industry,"NSE classification, annual-report source inventory and sector value-chain mapping",0.6,inferred
ind_nifty500,PIRAMALFIN,Piramal Finance Ltd.,"raw materials, energy and logistics",raw_material,upstream,industrial suppliers and logistics,,medium,negative,0,120,Input and freight costs influence margins.,inferred_from_industry,"NSE classification, annual-report source inventory and sector value-chain mapping",0.6,inferred
ind_nifty500,PIRAMALFIN,Piramal Finance Ltd.,skilled labor and services,labour,upstream,labor and service providers,,medium,negative,0,120,Labor and service availability affects execution and cost.,inferred_from_industry,"NSE classification, annual-report source inventory and sector value-chain mapping",0.6,inferred
ind_nifty500,PIRAMALFIN,Piramal Finance Ltd.,industry end-market demand,customer_industry,downstream,industry end-market demand,,high,positive,0,180,End-market demand and utilisation drive revenue.,inferred_from_industry,"NSE classification, annual-report source inventory and sector value-chain mapping",0.6,inferred
ind_nifty500,PIRAMALFIN,Piramal Finance Ltd.,channel or institutional customers,customer_industry,downstream,channel or institutional customers,,medium,positive,0,180,"Distribution, tender or institutional demand affects volumes.",inferred_from_industry,"NSE classification, annual-report source inventory and sector value-chain mapping",0.6,inferred
ind_nifty500,PNB,Punjab National Bank,"raw materials, energy and logistics",raw_material,upstream,industrial suppliers and logistics,,medium,negative,0,120,Input and freight costs influence margins.,inferred_from_industry,"NSE classification, annual-report source inventory and sector value-chain mapping",0.6,inferred
ind_nifty500,PNB,Punjab National Bank,skilled labor and services,labour,upstream,labor and service providers,,medium,negative,0,120,Labor and service availability affects execution and cost.,inferred_from_industry,"NSE classification, annual-report source inventory and sector value-chain mapping",0.6,inferred
ind_nifty500,PNB,Punjab National Bank,industry end-market demand,customer_industry,downstream,industry end-market demand,,high,positive,0,180,End-market demand and utilisation drive revenue.,inferred_from_industry,"NSE classification, annual-report source inventory and sector value-chain mapping",0.6,inferred
ind_nifty500,PNB,Punjab National Bank,channel or institutional customers,customer_industry,downstream,channel or institutional customers,,medium,positive,0,180,"Distribution, tender or institutional demand affects volumes.",inferred_from_industry,"NSE classification, annual-report source inventory and sector value-chain mapping",0.6,inferred
ind_nifty500,PNBHOUSING,PNB Housing Finance Ltd.,"raw materials, energy and logistics",raw_material,upstream,industrial suppliers and logistics,,medium,negative,0,120,Input and freight costs influence margins.,inferred_from_industry,"NSE classification, annual-report source inventory and sector value-chain mapping",0.6,inferred
ind_nifty500,PNBHOUSING,PNB Housing Finance Ltd.,skilled labor and services,labour,upstream,labor and service providers,,medium,negative,0,120,Labor and service availability affects execution and cost.,inferred_from_industry,"NSE classification, annual-report source inventory and sector value-chain mapping",0.6,inferred
ind_nifty500,PNBHOUSING,PNB Housing Finance Ltd.,industry end-market demand,customer_industry,downstream,industry end-market demand,,high,positive,0,180,End-market demand and utilisation drive revenue.,inferred_from_industry,"NSE classification, annual-report source inventory and sector value-chain mapping",0.6,inferred
ind_nifty500,PNBHOUSING,PNB Housing Finance Ltd.,channel or institutional customers,customer_industry,downstream,channel or institutional customers,,medium,positive,0,180,"Distribution, tender or institutional demand affects volumes.",inferred_from_industry,"NSE classification, annual-report source inventory and sector value-chain mapping",0.6,inferred
ind_nifty500,POLICYBZR,PB Fintech Ltd.,skilled technology labor,labour,upstream,IT talent market,,high,negative,0,90,"Wage inflation, utilisation and attrition affect margins.",inferred_from_industry,"NSE classification, annual-report source inventory and sector value-chain mapping",0.6,inferred
ind_nifty500,POLICYBZR,PB Fintech Ltd.,cloud and software ecosystems,software,upstream,cloud and enterprise software,,medium,mixed,0,180,Partner ecosystems shape delivery capability and demand.,inferred_from_industry,"NSE classification, annual-report source inventory and sector value-chain mapping",0.6,inferred
ind_nifty500,POLICYBZR,PB Fintech Ltd.,global enterprise IT,customer_industry,downstream,global enterprise IT,,high,positive,0,180,Enterprise technology budgets and deal ramp-ups drive revenue.,inferred_from_industry,"NSE classification, annual-report source inventory and sector value-chain mapping",0.6,inferred
ind_nifty500,POLICYBZR,PB Fintech Ltd.,industry technology buyers,customer_industry,downstream,industry technology buyers,,medium,positive,0,180,Customer capex and transformation programs influence project conversion.,inferred_from_industry,"NSE classification, annual-report source inventory and sector value-chain mapping",0.6,inferred
ind_nifty500,POLYMED,Poly Medicure Ltd.,"APIs, KSMs, medical supplies and consumables",raw_material,upstream,pharma intermediates and healthcare supplies,,high,negative,0,120,Input availability and compliance influence margins and supply reliability.,inferred_from_industry,"NSE classification, annual-report source inventory and sector value-chain mapping",0.6,inferred
ind_nifty500,POLYMED,Poly Medicure Ltd.,regulatory approvals and quality systems,regulation,upstream,healthcare regulators,,high,mixed,0,365,Approvals enable launches and capacity use; observations can disrupt supply.,inferred_from_industry,"NSE classification, annual-report source inventory and sector value-chain mapping",0.6,inferred
ind_nifty500,POLYMED,Poly Medicure Ltd.,domestic healthcare demand,customer_industry,downstream,domestic healthcare demand,,high,positive,0,120,"Healthcare access, prescriptions and patient volumes support revenue.",inferred_from_industry,"NSE classification, annual-report source inventory and sector value-chain mapping",0.6,inferred
ind_nifty500,POLYMED,Poly Medicure Ltd.,regulated export or institutional markets,customer_industry,downstream,regulated export or institutional markets,,medium,mixed,0,180,Approvals and tender flows can lift revenue while pricing pressure can offset volume.,inferred_from_industry,"NSE classification, annual-report source inventory and sector value-chain mapping",0.6,inferred
ind_nifty500,POONAWALLA,Poonawalla Fincorp Ltd.,"raw materials, energy and logistics",raw_material,upstream,industrial suppliers and logistics,,medium,negative,0,120,Input and freight costs influence margins.,inferred_from_industry,"NSE classification, annual-report source inventory and sector value-chain mapping",0.6,inferred
ind_nifty500,POONAWALLA,Poonawalla Fincorp Ltd.,skilled labor and services,labour,upstream,labor and service providers,,medium,negative,0,120,Labor and service availability affects execution and cost.,inferred_from_industry,"NSE classification, annual-report source inventory and sector value-chain mapping",0.6,inferred
ind_nifty500,POONAWALLA,Poonawalla Fincorp Ltd.,industry end-market demand,customer_industry,downstream,industry end-market demand,,high,positive,0,180,End-market demand and utilisation drive revenue.,inferred_from_industry,"NSE classification, annual-report source inventory and sector value-chain mapping",0.6,inferred
ind_nifty500,POONAWALLA,Poonawalla Fincorp Ltd.,channel or institutional customers,customer_industry,downstream,channel or institutional customers,,medium,positive,0,180,"Distribution, tender or institutional demand affects volumes.",inferred_from_industry,"NSE classification, annual-report source inventory and sector value-chain mapping",0.6,inferred
ind_nifty500,POWERGRID,Power Grid Corporation of India Ltd.,"fuel, gas, crude-linked inputs and power",energy,upstream,energy and commodities,,high,negative,0,90,Commodity prices and supply availability affect spreads and margins.,inferred_from_industry,"NSE classification, annual-report source inventory and sector value-chain mapping",0.6,inferred
ind_nifty500,POWERGRID,Power Grid Corporation of India Ltd.,regulatory tariffs and licenses,regulation,upstream,energy regulators,,high,mixed,0,365,"Tariffs, licenses and policy changes influence returns.",inferred_from_industry,"NSE classification, annual-report source inventory and sector value-chain mapping",0.6,inferred
ind_nifty500,POWERGRID,Power Grid Corporation of India Ltd.,industrial and commercial energy demand,customer_industry,downstream,industrial and commercial energy demand,,high,positive,0,120,Industrial activity and urban demand support offtake.,inferred_from_industry,"NSE classification, annual-report source inventory and sector value-chain mapping",0.6,inferred
ind_nifty500,POWERGRID,Power Grid Corporation of India Ltd.,regulated retail users,customer_industry,downstream,regulated retail users,,medium,positive,0,120,Retail demand and tariff regulation affect revenue.,inferred_from_industry,"NSE classification, annual-report source inventory and sector value-chain mapping",0.6,inferred
ind_nifty500,PPLPHARMA,Piramal Pharma Ltd.,"APIs, KSMs, medical supplies and consumables",raw_material,upstream,pharma intermediates and healthcare supplies,,high,negative,0,120,Input availability and compliance influence margins and supply reliability.,inferred_from_industry,"NSE classification, annual-report source inventory and sector value-chain mapping",0.6,inferred
ind_nifty500,PPLPHARMA,Piramal Pharma Ltd.,regulatory approvals and quality systems,regulation,upstream,healthcare regulators,,high,mixed,0,365,Approvals enable launches and capacity use; observations can disrupt supply.,inferred_from_industry,"NSE classification, annual-report source inventory and sector value-chain mapping",0.6,inferred
ind_nifty500,PPLPHARMA,Piramal Pharma Ltd.,domestic healthcare demand,customer_industry,downstream,domestic healthcare demand,,high,positive,0,120,"Healthcare access, prescriptions and patient volumes support revenue.",inferred_from_industry,"NSE classification, annual-report source inventory and sector value-chain mapping",0.6,inferred
ind_nifty500,PPLPHARMA,Piramal Pharma Ltd.,regulated export or institutional markets,customer_industry,downstream,regulated export or institutional markets,,medium,mixed,0,180,Approvals and tender flows can lift revenue while pricing pressure can offset volume.,inferred_from_industry,"NSE classification, annual-report source inventory and sector value-chain mapping",0.6,inferred
ind_nifty500,PREMIERENE,Premier Energies Ltd.,"steel, copper, electronics and bought-out components",raw_material,upstream,metals and electrical components,,high,negative,0,180,Input cost inflation can affect project margins.,inferred_from_industry,"NSE classification, annual-report source inventory and sector value-chain mapping",0.6,inferred
ind_nifty500,PREMIERENE,Premier Energies Ltd.,project execution labor and subcontractors,labour,upstream,engineering and construction services,,medium,negative,0,180,Execution availability and cost influence delivery timelines.,inferred_from_industry,"NSE classification, annual-report source inventory and sector value-chain mapping",0.6,inferred
ind_nifty500,PREMIERENE,Premier Energies Ltd.,industrial and infrastructure capex,customer_industry,downstream,industrial and infrastructure capex,,high,positive,0,365,Private and public capex drives orders and execution.,inferred_from_industry,"NSE classification, annual-report source inventory and sector value-chain mapping",0.6,inferred
ind_nifty500,PREMIERENE,Premier Energies Ltd.,government and regulated utilities,customer_industry,downstream,government and regulated utilities,,medium,positive,0,365,Tender awards and utility capex influence order inflow.,inferred_from_industry,"NSE classification, annual-report source inventory and sector value-chain mapping",0.6,inferred
ind_nifty500,PRESTIGE,Prestige Estates Projects Ltd.,"commodities, packaging and merchandise",raw_material,upstream,"agri, chemical, textile and packaging suppliers",,high,negative,0,90,Commodity and packaging inflation affects gross margin.,inferred_from_industry,"NSE classification, annual-report source inventory and sector value-chain mapping",0.6,inferred
ind_nifty500,PRESTIGE,Prestige Estates Projects Ltd.,"advertising, logistics and retail occupancy",other,upstream,"media, logistics and retail real estate",,medium,negative,0,120,Brand and channel costs influence operating margin.,inferred_from_industry,"NSE classification, annual-report source inventory and sector value-chain mapping",0.6,inferred
ind_nifty500,PRESTIGE,Prestige Estates Projects Ltd.,Indian household consumption,customer_industry,downstream,Indian household consumption,,high,positive,0,90,"Household income, pricing and distribution reach drive demand.",inferred_from_industry,"NSE classification, annual-report source inventory and sector value-chain mapping",0.6,inferred
ind_nifty500,PRESTIGE,Prestige Estates Projects Ltd.,retail and e-commerce channels,customer_industry,downstream,retail and e-commerce channels,,medium,positive,0,120,Channel expansion and inventory availability support revenue.,inferred_from_industry,"NSE classification, annual-report source inventory and sector value-chain mapping",0.6,inferred
ind_nifty500,PTCIL,PTC Industries Ltd.,"steel, copper, electronics and bought-out components",raw_material,upstream,metals and electrical components,,high,negative,0,180,Input cost inflation can affect project margins.,inferred_from_industry,"NSE classification, annual-report source inventory and sector value-chain mapping",0.6,inferred
ind_nifty500,PTCIL,PTC Industries Ltd.,project execution labor and subcontractors,labour,upstream,engineering and construction services,,medium,negative,0,180,Execution availability and cost influence delivery timelines.,inferred_from_industry,"NSE classification, annual-report source inventory and sector value-chain mapping",0.6,inferred
ind_nifty500,PTCIL,PTC Industries Ltd.,industrial and infrastructure capex,customer_industry,downstream,industrial and infrastructure capex,,high,positive,0,365,Private and public capex drives orders and execution.,inferred_from_industry,"NSE classification, annual-report source inventory and sector value-chain mapping",0.6,inferred
ind_nifty500,PTCIL,PTC Industries Ltd.,government and regulated utilities,customer_industry,downstream,government and regulated utilities,,medium,positive,0,365,Tender awards and utility capex influence order inflow.,inferred_from_industry,"NSE classification, annual-report source inventory and sector value-chain mapping",0.6,inferred
ind_nifty500,PVRINOX,PVR INOX Ltd.,"commodities, packaging and merchandise",raw_material,upstream,"agri, chemical, textile and packaging suppliers",,high,negative,0,90,Commodity and packaging inflation affects gross margin.,inferred_from_industry,"NSE classification, annual-report source inventory and sector value-chain mapping",0.6,inferred
ind_nifty500,PVRINOX,PVR INOX Ltd.,"advertising, logistics and retail occupancy",other,upstream,"media, logistics and retail real estate",,medium,negative,0,120,Brand and channel costs influence operating margin.,inferred_from_industry,"NSE classification, annual-report source inventory and sector value-chain mapping",0.6,inferred
ind_nifty500,PVRINOX,PVR INOX Ltd.,Indian household consumption,customer_industry,downstream,Indian household consumption,,high,positive,0,90,"Household income, pricing and distribution reach drive demand.",inferred_from_industry,"NSE classification, annual-report source inventory and sector value-chain mapping",0.6,inferred
ind_nifty500,PVRINOX,PVR INOX Ltd.,retail and e-commerce channels,customer_industry,downstream,retail and e-commerce channels,,medium,positive,0,120,Channel expansion and inventory availability support revenue.,inferred_from_industry,"NSE classification, annual-report source inventory and sector value-chain mapping",0.6,inferred
ind_nifty500,PWL,Physicswallah Ltd.,"commodities, packaging and merchandise",raw_material,upstream,"agri, chemical, textile and packaging suppliers",,high,negative,0,90,Commodity and packaging inflation affects gross margin.,inferred_from_industry,"NSE classification, annual-report source inventory and sector value-chain mapping",0.6,inferred
ind_nifty500,PWL,Physicswallah Ltd.,"advertising, logistics and retail occupancy",other,upstream,"media, logistics and retail real estate",,medium,negative,0,120,Brand and channel costs influence operating margin.,inferred_from_industry,"NSE classification, annual-report source inventory and sector value-chain mapping",0.6,inferred
ind_nifty500,PWL,Physicswallah Ltd.,Indian household consumption,customer_industry,downstream,Indian household consumption,,high,positive,0,90,"Household income, pricing and distribution reach drive demand.",inferred_from_industry,"NSE classification, annual-report source inventory and sector value-chain mapping",0.6,inferred
ind_nifty500,PWL,Physicswallah Ltd.,retail and e-commerce channels,customer_industry,downstream,retail and e-commerce channels,,medium,positive,0,120,Channel expansion and inventory availability support revenue.,inferred_from_industry,"NSE classification, annual-report source inventory and sector value-chain mapping",0.6,inferred
ind_nifty500,RADICO,Radico Khaitan Ltd,"commodities, packaging and merchandise",raw_material,upstream,"agri, chemical, textile and packaging suppliers",,high,negative,0,90,Commodity and packaging inflation affects gross margin.,inferred_from_industry,"NSE classification, annual-report source inventory and sector value-chain mapping",0.6,inferred
ind_nifty500,RADICO,Radico Khaitan Ltd,"advertising, logistics and retail occupancy",other,upstream,"media, logistics and retail real estate",,medium,negative,0,120,Brand and channel costs influence operating margin.,inferred_from_industry,"NSE classification, annual-report source inventory and sector value-chain mapping",0.6,inferred
ind_nifty500,RADICO,Radico Khaitan Ltd,Indian household consumption,customer_industry,downstream,Indian household consumption,,high,positive,0,90,"Household income, pricing and distribution reach drive demand.",inferred_from_industry,"NSE classification, annual-report source inventory and sector value-chain mapping",0.6,inferred
ind_nifty500,RADICO,Radico Khaitan Ltd,retail and e-commerce channels,customer_industry,downstream,retail and e-commerce channels,,medium,positive,0,120,Channel expansion and inventory availability support revenue.,inferred_from_industry,"NSE classification, annual-report source inventory and sector value-chain mapping",0.6,inferred
ind_nifty500,RAINBOW,Rainbow Childrens Medicare Ltd.,"APIs, KSMs, medical supplies and consumables",raw_material,upstream,pharma intermediates and healthcare supplies,,high,negative,0,120,Input availability and compliance influence margins and supply reliability.,inferred_from_industry,"NSE classification, annual-report source inventory and sector value-chain mapping",0.6,inferred
ind_nifty500,RAINBOW,Rainbow Childrens Medicare Ltd.,regulatory approvals and quality systems,regulation,upstream,healthcare regulators,,high,mixed,0,365,Approvals enable launches and capacity use; observations can disrupt supply.,inferred_from_industry,"NSE classification, annual-report source inventory and sector value-chain mapping",0.6,inferred
ind_nifty500,RAINBOW,Rainbow Childrens Medicare Ltd.,domestic healthcare demand,customer_industry,downstream,domestic healthcare demand,,high,positive,0,120,"Healthcare access, prescriptions and patient volumes support revenue.",inferred_from_industry,"NSE classification, annual-report source inventory and sector value-chain mapping",0.6,inferred
ind_nifty500,RAINBOW,Rainbow Childrens Medicare Ltd.,regulated export or institutional markets,customer_industry,downstream,regulated export or institutional markets,,medium,mixed,0,180,Approvals and tender flows can lift revenue while pricing pressure can offset volume.,inferred_from_industry,"NSE classification, annual-report source inventory and sector value-chain mapping",0.6,inferred
ind_nifty500,RAMCOCEM,The Ramco Cements Ltd.,"steel, copper, electronics and bought-out components",raw_material,upstream,metals and electrical components,,high,negative,0,180,Input cost inflation can affect project margins.,inferred_from_industry,"NSE classification, annual-report source inventory and sector value-chain mapping",0.6,inferred
ind_nifty500,RAMCOCEM,The Ramco Cements Ltd.,project execution labor and subcontractors,labour,upstream,engineering and construction services,,medium,negative,0,180,Execution availability and cost influence delivery timelines.,inferred_from_industry,"NSE classification, annual-report source inventory and sector value-chain mapping",0.6,inferred
ind_nifty500,RAMCOCEM,The Ramco Cements Ltd.,industrial and infrastructure capex,customer_industry,downstream,industrial and infrastructure capex,,high,positive,0,365,Private and public capex drives orders and execution.,inferred_from_industry,"NSE classification, annual-report source inventory and sector value-chain mapping",0.6,inferred
ind_nifty500,RAMCOCEM,The Ramco Cements Ltd.,government and regulated utilities,customer_industry,downstream,government and regulated utilities,,medium,positive,0,365,Tender awards and utility capex influence order inflow.,inferred_from_industry,"NSE classification, annual-report source inventory and sector value-chain mapping",0.6,inferred
ind_nifty500,RBLBANK,RBL Bank Ltd.,"raw materials, energy and logistics",raw_material,upstream,industrial suppliers and logistics,,medium,negative,0,120,Input and freight costs influence margins.,inferred_from_industry,"NSE classification, annual-report source inventory and sector value-chain mapping",0.6,inferred
ind_nifty500,RBLBANK,RBL Bank Ltd.,skilled labor and services,labour,upstream,labor and service providers,,medium,negative,0,120,Labor and service availability affects execution and cost.,inferred_from_industry,"NSE classification, annual-report source inventory and sector value-chain mapping",0.6,inferred
ind_nifty500,RBLBANK,RBL Bank Ltd.,industry end-market demand,customer_industry,downstream,industry end-market demand,,high,positive,0,180,End-market demand and utilisation drive revenue.,inferred_from_industry,"NSE classification, annual-report source inventory and sector value-chain mapping",0.6,inferred
ind_nifty500,RBLBANK,RBL Bank Ltd.,channel or institutional customers,customer_industry,downstream,channel or institutional customers,,medium,positive,0,180,"Distribution, tender or institutional demand affects volumes.",inferred_from_industry,"NSE classification, annual-report source inventory and sector value-chain mapping",0.6,inferred
ind_nifty500,RECLTD,REC Ltd.,"raw materials, energy and logistics",raw_material,upstream,industrial suppliers and logistics,,medium,negative,0,120,Input and freight costs influence margins.,inferred_from_industry,"NSE classification, annual-report source inventory and sector value-chain mapping",0.6,inferred
ind_nifty500,RECLTD,REC Ltd.,skilled labor and services,labour,upstream,labor and service providers,,medium,negative,0,120,Labor and service availability affects execution and cost.,inferred_from_industry,"NSE classification, annual-report source inventory and sector value-chain mapping",0.6,inferred
ind_nifty500,RECLTD,REC Ltd.,industry end-market demand,customer_industry,downstream,industry end-market demand,,high,positive,0,180,End-market demand and utilisation drive revenue.,inferred_from_industry,"NSE classification, annual-report source inventory and sector value-chain mapping",0.6,inferred
ind_nifty500,RECLTD,REC Ltd.,channel or institutional customers,customer_industry,downstream,channel or institutional customers,,medium,positive,0,180,"Distribution, tender or institutional demand affects volumes.",inferred_from_industry,"NSE classification, annual-report source inventory and sector value-chain mapping",0.6,inferred
ind_nifty500,RELIANCE,Reliance Industries Ltd.,"fuel, gas, crude-linked inputs and power",energy,upstream,energy and commodities,,high,negative,0,90,Commodity prices and supply availability affect spreads and margins.,inferred_from_industry,"NSE classification, annual-report source inventory and sector value-chain mapping",0.6,inferred
ind_nifty500,RELIANCE,Reliance Industries Ltd.,regulatory tariffs and licenses,regulation,upstream,energy regulators,,high,mixed,0,365,"Tariffs, licenses and policy changes influence returns.",inferred_from_industry,"NSE classification, annual-report source inventory and sector value-chain mapping",0.6,inferred
ind_nifty500,RELIANCE,Reliance Industries Ltd.,industrial and commercial energy demand,customer_industry,downstream,industrial and commercial energy demand,,high,positive,0,120,Industrial activity and urban demand support offtake.,inferred_from_industry,"NSE classification, annual-report source inventory and sector value-chain mapping",0.6,inferred
ind_nifty500,RELIANCE,Reliance Industries Ltd.,regulated retail users,customer_industry,downstream,regulated retail users,,medium,positive,0,120,Retail demand and tariff regulation affect revenue.,inferred_from_industry,"NSE classification, annual-report source inventory and sector value-chain mapping",0.6,inferred
ind_nifty500,RITES,RITES Ltd.,"steel, copper, electronics and bought-out components",raw_material,upstream,metals and electrical components,,high,negative,0,180,Input cost inflation can affect project margins.,inferred_from_industry,"NSE classification, annual-report source inventory and sector value-chain mapping",0.6,inferred
ind_nifty500,RITES,RITES Ltd.,project execution labor and subcontractors,labour,upstream,engineering and construction services,,medium,negative,0,180,Execution availability and cost influence delivery timelines.,inferred_from_industry,"NSE classification, annual-report source inventory and sector value-chain mapping",0.6,inferred
ind_nifty500,RITES,RITES Ltd.,industrial and infrastructure capex,customer_industry,downstream,industrial and infrastructure capex,,high,positive,0,365,Private and public capex drives orders and execution.,inferred_from_industry,"NSE classification, annual-report source inventory and sector value-chain mapping",0.6,inferred
ind_nifty500,RITES,RITES Ltd.,government and regulated utilities,customer_industry,downstream,government and regulated utilities,,medium,positive,0,365,Tender awards and utility capex influence order inflow.,inferred_from_industry,"NSE classification, annual-report source inventory and sector value-chain mapping",0.6,inferred
ind_nifty500,RKFORGE,Ramkrishna Forgings Ltd.,"steel, aluminium, rubber and components",raw_material,upstream,"metals, rubber and auto components",,high,negative,0,120,Commodity and component costs affect gross margin.,inferred_from_industry,"NSE classification, annual-report source inventory and sector value-chain mapping",0.6,inferred
ind_nifty500,RKFORGE,Ramkrishna Forgings Ltd.,electronics and logistics,component,upstream,electronics and logistics,,medium,negative,0,180,Supply availability affects production continuity.,inferred_from_industry,"NSE classification, annual-report source inventory and sector value-chain mapping",0.6,inferred
ind_nifty500,RKFORGE,Ramkrishna Forgings Ltd.,Indian auto demand,customer_industry,downstream,Indian auto demand,,high,positive,0,120,"Consumer income, financing and fleet demand drive volumes.",inferred_from_industry,"NSE classification, annual-report source inventory and sector value-chain mapping",0.6,inferred
ind_nifty500,RKFORGE,Ramkrishna Forgings Ltd.,OEM production and replacement market,customer_industry,downstream,OEM production and replacement market,,high,positive,0,180,OEM production schedules and replacement cycles affect revenue.,inferred_from_industry,"NSE classification, annual-report source inventory and sector value-chain mapping",0.6,inferred
ind_nifty500,RPOWER,Reliance Power Ltd.,"fuel, gas, crude-linked inputs and power",energy,upstream,energy and commodities,,high,negative,0,90,Commodity prices and supply availability affect spreads and margins.,inferred_from_industry,"NSE classification, annual-report source inventory and sector value-chain mapping",0.6,inferred
ind_nifty500,RPOWER,Reliance Power Ltd.,regulatory tariffs and licenses,regulation,upstream,energy regulators,,high,mixed,0,365,"Tariffs, licenses and policy changes influence returns.",inferred_from_industry,"NSE classification, annual-report source inventory and sector value-chain mapping",0.6,inferred
ind_nifty500,RPOWER,Reliance Power Ltd.,industrial and commercial energy demand,customer_industry,downstream,industrial and commercial energy demand,,high,positive,0,120,Industrial activity and urban demand support offtake.,inferred_from_industry,"NSE classification, annual-report source inventory and sector value-chain mapping",0.6,inferred
ind_nifty500,RPOWER,Reliance Power Ltd.,regulated retail users,customer_industry,downstream,regulated retail users,,medium,positive,0,120,Retail demand and tariff regulation affect revenue.,inferred_from_industry,"NSE classification, annual-report source inventory and sector value-chain mapping",0.6,inferred
ind_nifty500,SAMMAANCAP,Sammaan Capital Ltd.,"raw materials, energy and logistics",raw_material,upstream,industrial suppliers and logistics,,medium,negative,0,120,Input and freight costs influence margins.,inferred_from_industry,"NSE classification, annual-report source inventory and sector value-chain mapping",0.6,inferred
ind_nifty500,SAMMAANCAP,Sammaan Capital Ltd.,skilled labor and services,labour,upstream,labor and service providers,,medium,negative,0,120,Labor and service availability affects execution and cost.,inferred_from_industry,"NSE classification, annual-report source inventory and sector value-chain mapping",0.6,inferred
ind_nifty500,SAMMAANCAP,Sammaan Capital Ltd.,industry end-market demand,customer_industry,downstream,industry end-market demand,,high,positive,0,180,End-market demand and utilisation drive revenue.,inferred_from_industry,"NSE classification, annual-report source inventory and sector value-chain mapping",0.6,inferred
ind_nifty500,SAMMAANCAP,Sammaan Capital Ltd.,channel or institutional customers,customer_industry,downstream,channel or institutional customers,,medium,positive,0,180,"Distribution, tender or institutional demand affects volumes.",inferred_from_industry,"NSE classification, annual-report source inventory and sector value-chain mapping",0.6,inferred
ind_nifty500,SAPPHIRE,Sapphire Foods India Ltd.,"commodities, packaging and merchandise",raw_material,upstream,"agri, chemical, textile and packaging suppliers",,high,negative,0,90,Commodity and packaging inflation affects gross margin.,inferred_from_industry,"NSE classification, annual-report source inventory and sector value-chain mapping",0.6,inferred
ind_nifty500,SAPPHIRE,Sapphire Foods India Ltd.,"advertising, logistics and retail occupancy",other,upstream,"media, logistics and retail real estate",,medium,negative,0,120,Brand and channel costs influence operating margin.,inferred_from_industry,"NSE classification, annual-report source inventory and sector value-chain mapping",0.6,inferred
ind_nifty500,SAPPHIRE,Sapphire Foods India Ltd.,Indian household consumption,customer_industry,downstream,Indian household consumption,,high,positive,0,90,"Household income, pricing and distribution reach drive demand.",inferred_from_industry,"NSE classification, annual-report source inventory and sector value-chain mapping",0.6,inferred
ind_nifty500,SAPPHIRE,Sapphire Foods India Ltd.,retail and e-commerce channels,customer_industry,downstream,retail and e-commerce channels,,medium,positive,0,120,Channel expansion and inventory availability support revenue.,inferred_from_industry,"NSE classification, annual-report source inventory and sector value-chain mapping",0.6,inferred
ind_nifty500,SARDAEN,Sarda Energy and Minerals Ltd.,"ore, coal, power and freight",raw_material,upstream,"mining, energy and logistics",,high,negative,0,120,Input and energy costs affect spreads.,inferred_from_industry,"NSE classification, annual-report source inventory and sector value-chain mapping",0.6,inferred
ind_nifty500,SARDAEN,Sarda Energy and Minerals Ltd.,environmental and mining regulation,regulation,upstream,mining and environmental regulators,,high,mixed,0,365,Regulatory approvals affect capacity and continuity.,inferred_from_industry,"NSE classification, annual-report source inventory and sector value-chain mapping",0.6,inferred
ind_nifty500,SARDAEN,Sarda Energy and Minerals Ltd.,construction and infrastructure,customer_industry,downstream,construction and infrastructure,,high,positive,0,180,Infrastructure and building activity support metal demand.,inferred_from_industry,"NSE classification, annual-report source inventory and sector value-chain mapping",0.6,inferred
ind_nifty500,SARDAEN,Sarda Energy and Minerals Ltd.,industrial manufacturing,customer_industry,downstream,industrial manufacturing,,high,positive,0,180,Manufacturing cycles influence metal volumes and pricing.,inferred_from_industry,"NSE classification, annual-report source inventory and sector value-chain mapping",0.6,inferred
ind_nifty500,SAREGAMA,Saregama India Ltd,"commodities, packaging and merchandise",raw_material,upstream,"agri, chemical, textile and packaging suppliers",,high,negative,0,90,Commodity and packaging inflation affects gross margin.,inferred_from_industry,"NSE classification, annual-report source inventory and sector value-chain mapping",0.6,inferred
ind_nifty500,SAREGAMA,Saregama India Ltd,"advertising, logistics and retail occupancy",other,upstream,"media, logistics and retail real estate",,medium,negative,0,120,Brand and channel costs influence operating margin.,inferred_from_industry,"NSE classification, annual-report source inventory and sector value-chain mapping",0.6,inferred
ind_nifty500,SAREGAMA,Saregama India Ltd,Indian household consumption,customer_industry,downstream,Indian household consumption,,high,positive,0,90,"Household income, pricing and distribution reach drive demand.",inferred_from_industry,"NSE classification, annual-report source inventory and sector value-chain mapping",0.6,inferred
ind_nifty500,SAREGAMA,Saregama India Ltd,retail and e-commerce channels,customer_industry,downstream,retail and e-commerce channels,,medium,positive,0,120,Channel expansion and inventory availability support revenue.,inferred_from_industry,"NSE classification, annual-report source inventory and sector value-chain mapping",0.6,inferred
ind_nifty500,SBFC,SBFC Finance Ltd.,"raw materials, energy and logistics",raw_material,upstream,industrial suppliers and logistics,,medium,negative,0,120,Input and freight costs influence margins.,inferred_from_industry,"NSE classification, annual-report source inventory and sector value-chain mapping",0.6,inferred
ind_nifty500,SBFC,SBFC Finance Ltd.,skilled labor and services,labour,upstream,labor and service providers,,medium,negative,0,120,Labor and service availability affects execution and cost.,inferred_from_industry,"NSE classification, annual-report source inventory and sector value-chain mapping",0.6,inferred
ind_nifty500,SBFC,SBFC Finance Ltd.,industry end-market demand,customer_industry,downstream,industry end-market demand,,high,positive,0,180,End-market demand and utilisation drive revenue.,inferred_from_industry,"NSE classification, annual-report source inventory and sector value-chain mapping",0.6,inferred
ind_nifty500,SBFC,SBFC Finance Ltd.,channel or institutional customers,customer_industry,downstream,channel or institutional customers,,medium,positive,0,180,"Distribution, tender or institutional demand affects volumes.",inferred_from_industry,"NSE classification, annual-report source inventory and sector value-chain mapping",0.6,inferred
ind_nifty500,SBICARD,SBI Cards and Payment Services Ltd.,"raw materials, energy and logistics",raw_material,upstream,industrial suppliers and logistics,,medium,negative,0,120,Input and freight costs influence margins.,inferred_from_industry,"NSE classification, annual-report source inventory and sector value-chain mapping",0.6,inferred
ind_nifty500,SBICARD,SBI Cards and Payment Services Ltd.,skilled labor and services,labour,upstream,labor and service providers,,medium,negative,0,120,Labor and service availability affects execution and cost.,inferred_from_industry,"NSE classification, annual-report source inventory and sector value-chain mapping",0.6,inferred
ind_nifty500,SBICARD,SBI Cards and Payment Services Ltd.,industry end-market demand,customer_industry,downstream,industry end-market demand,,high,positive,0,180,End-market demand and utilisation drive revenue.,inferred_from_industry,"NSE classification, annual-report source inventory and sector value-chain mapping",0.6,inferred
ind_nifty500,SBICARD,SBI Cards and Payment Services Ltd.,channel or institutional customers,customer_industry,downstream,channel or institutional customers,,medium,positive,0,180,"Distribution, tender or institutional demand affects volumes.",inferred_from_industry,"NSE classification, annual-report source inventory and sector value-chain mapping",0.6,inferred
ind_nifty500,SBILIFE,SBI Life Insurance Company Ltd.,"raw materials, energy and logistics",raw_material,upstream,industrial suppliers and logistics,,medium,negative,0,120,Input and freight costs influence margins.,inferred_from_industry,"NSE classification, annual-report source inventory and sector value-chain mapping",0.6,inferred
ind_nifty500,SBILIFE,SBI Life Insurance Company Ltd.,skilled labor and services,labour,upstream,labor and service providers,,medium,negative,0,120,Labor and service availability affects execution and cost.,inferred_from_industry,"NSE classification, annual-report source inventory and sector value-chain mapping",0.6,inferred
ind_nifty500,SBILIFE,SBI Life Insurance Company Ltd.,industry end-market demand,customer_industry,downstream,industry end-market demand,,high,positive,0,180,End-market demand and utilisation drive revenue.,inferred_from_industry,"NSE classification, annual-report source inventory and sector value-chain mapping",0.6,inferred
ind_nifty500,SBILIFE,SBI Life Insurance Company Ltd.,channel or institutional customers,customer_industry,downstream,channel or institutional customers,,medium,positive,0,180,"Distribution, tender or institutional demand affects volumes.",inferred_from_industry,"NSE classification, annual-report source inventory and sector value-chain mapping",0.6,inferred
ind_nifty500,SBIN,State Bank of India,"raw materials, energy and logistics",raw_material,upstream,industrial suppliers and logistics,,medium,negative,0,120,Input and freight costs influence margins.,inferred_from_industry,"NSE classification, annual-report source inventory and sector value-chain mapping",0.6,inferred
ind_nifty500,SBIN,State Bank of India,skilled labor and services,labour,upstream,labor and service providers,,medium,negative,0,120,Labor and service availability affects execution and cost.,inferred_from_industry,"NSE classification, annual-report source inventory and sector value-chain mapping",0.6,inferred
ind_nifty500,SBIN,State Bank of India,industry end-market demand,customer_industry,downstream,industry end-market demand,,high,positive,0,180,End-market demand and utilisation drive revenue.,inferred_from_industry,"NSE classification, annual-report source inventory and sector value-chain mapping",0.6,inferred
ind_nifty500,SBIN,State Bank of India,channel or institutional customers,customer_industry,downstream,channel or institutional customers,,medium,positive,0,180,"Distribution, tender or institutional demand affects volumes.",inferred_from_industry,"NSE classification, annual-report source inventory and sector value-chain mapping",0.6,inferred
ind_nifty500,SCHNEIDER,Schneider Electric Infrastructure Ltd.,"steel, copper, electronics and bought-out components",raw_material,upstream,metals and electrical components,,high,negative,0,180,Input cost inflation can affect project margins.,inferred_from_industry,"NSE classification, annual-report source inventory and sector value-chain mapping",0.6,inferred
ind_nifty500,SCHNEIDER,Schneider Electric Infrastructure Ltd.,project execution labor and subcontractors,labour,upstream,engineering and construction services,,medium,negative,0,180,Execution availability and cost influence delivery timelines.,inferred_from_industry,"NSE classification, annual-report source inventory and sector value-chain mapping",0.6,inferred
ind_nifty500,SCHNEIDER,Schneider Electric Infrastructure Ltd.,industrial and infrastructure capex,customer_industry,downstream,industrial and infrastructure capex,,high,positive,0,365,Private and public capex drives orders and execution.,inferred_from_industry,"NSE classification, annual-report source inventory and sector value-chain mapping",0.6,inferred
ind_nifty500,SCHNEIDER,Schneider Electric Infrastructure Ltd.,government and regulated utilities,customer_industry,downstream,government and regulated utilities,,medium,positive,0,365,Tender awards and utility capex influence order inflow.,inferred_from_industry,"NSE classification, annual-report source inventory and sector value-chain mapping",0.6,inferred
ind_nifty500,SHREECEM,Shree Cement Ltd.,"steel, copper, electronics and bought-out components",raw_material,upstream,metals and electrical components,,high,negative,0,180,Input cost inflation can affect project margins.,inferred_from_industry,"NSE classification, annual-report source inventory and sector value-chain mapping",0.6,inferred
ind_nifty500,SHREECEM,Shree Cement Ltd.,project execution labor and subcontractors,labour,upstream,engineering and construction services,,medium,negative,0,180,Execution availability and cost influence delivery timelines.,inferred_from_industry,"NSE classification, annual-report source inventory and sector value-chain mapping",0.6,inferred
ind_nifty500,SHREECEM,Shree Cement Ltd.,industrial and infrastructure capex,customer_industry,downstream,industrial and infrastructure capex,,high,positive,0,365,Private and public capex drives orders and execution.,inferred_from_industry,"NSE classification, annual-report source inventory and sector value-chain mapping",0.6,inferred
ind_nifty500,SHREECEM,Shree Cement Ltd.,government and regulated utilities,customer_industry,downstream,government and regulated utilities,,medium,positive,0,365,Tender awards and utility capex influence order inflow.,inferred_from_industry,"NSE classification, annual-report source inventory and sector value-chain mapping",0.6,inferred
ind_nifty500,SHRIRAMFIN,Shriram Finance Ltd.,"raw materials, energy and logistics",raw_material,upstream,industrial suppliers and logistics,,medium,negative,0,120,Input and freight costs influence margins.,inferred_from_industry,"NSE classification, annual-report source inventory and sector value-chain mapping",0.6,inferred
ind_nifty500,SHRIRAMFIN,Shriram Finance Ltd.,skilled labor and services,labour,upstream,labor and service providers,,medium,negative,0,120,Labor and service availability affects execution and cost.,inferred_from_industry,"NSE classification, annual-report source inventory and sector value-chain mapping",0.6,inferred
ind_nifty500,SHRIRAMFIN,Shriram Finance Ltd.,industry end-market demand,customer_industry,downstream,industry end-market demand,,high,positive,0,180,End-market demand and utilisation drive revenue.,inferred_from_industry,"NSE classification, annual-report source inventory and sector value-chain mapping",0.6,inferred
ind_nifty500,SHRIRAMFIN,Shriram Finance Ltd.,channel or institutional customers,customer_industry,downstream,channel or institutional customers,,medium,positive,0,180,"Distribution, tender or institutional demand affects volumes.",inferred_from_industry,"NSE classification, annual-report source inventory and sector value-chain mapping",0.6,inferred
ind_nifty500,SIEMENS,Siemens Ltd.,"steel, copper, electronics and bought-out components",raw_material,upstream,metals and electrical components,,high,negative,0,180,Input cost inflation can affect project margins.,inferred_from_industry,"NSE classification, annual-report source inventory and sector value-chain mapping",0.6,inferred
ind_nifty500,SIEMENS,Siemens Ltd.,project execution labor and subcontractors,labour,upstream,engineering and construction services,,medium,negative,0,180,Execution availability and cost influence delivery timelines.,inferred_from_industry,"NSE classification, annual-report source inventory and sector value-chain mapping",0.6,inferred
ind_nifty500,SIEMENS,Siemens Ltd.,industrial and infrastructure capex,customer_industry,downstream,industrial and infrastructure capex,,high,positive,0,365,Private and public capex drives orders and execution.,inferred_from_industry,"NSE classification, annual-report source inventory and sector value-chain mapping",0.6,inferred
ind_nifty500,SIEMENS,Siemens Ltd.,government and regulated utilities,customer_industry,downstream,government and regulated utilities,,medium,positive,0,365,Tender awards and utility capex influence order inflow.,inferred_from_industry,"NSE classification, annual-report source inventory and sector value-chain mapping",0.6,inferred
ind_nifty500,SIGNATURE,Signatureglobal (India) Ltd.,"commodities, packaging and merchandise",raw_material,upstream,"agri, chemical, textile and packaging suppliers",,high,negative,0,90,Commodity and packaging inflation affects gross margin.,inferred_from_industry,"NSE classification, annual-report source inventory and sector value-chain mapping",0.6,inferred
ind_nifty500,SIGNATURE,Signatureglobal (India) Ltd.,"advertising, logistics and retail occupancy",other,upstream,"media, logistics and retail real estate",,medium,negative,0,120,Brand and channel costs influence operating margin.,inferred_from_industry,"NSE classification, annual-report source inventory and sector value-chain mapping",0.6,inferred
ind_nifty500,SIGNATURE,Signatureglobal (India) Ltd.,Indian household consumption,customer_industry,downstream,Indian household consumption,,high,positive,0,90,"Household income, pricing and distribution reach drive demand.",inferred_from_industry,"NSE classification, annual-report source inventory and sector value-chain mapping",0.6,inferred
ind_nifty500,SIGNATURE,Signatureglobal (India) Ltd.,retail and e-commerce channels,customer_industry,downstream,retail and e-commerce channels,,medium,positive,0,120,Channel expansion and inventory availability support revenue.,inferred_from_industry,"NSE classification, annual-report source inventory and sector value-chain mapping",0.6,inferred
ind_nifty500,SJVN,SJVN Ltd.,"fuel, gas, crude-linked inputs and power",energy,upstream,energy and commodities,,high,negative,0,90,Commodity prices and supply availability affect spreads and margins.,inferred_from_industry,"NSE classification, annual-report source inventory and sector value-chain mapping",0.6,inferred
ind_nifty500,SJVN,SJVN Ltd.,regulatory tariffs and licenses,regulation,upstream,energy regulators,,high,mixed,0,365,"Tariffs, licenses and policy changes influence returns.",inferred_from_industry,"NSE classification, annual-report source inventory and sector value-chain mapping",0.6,inferred
ind_nifty500,SJVN,SJVN Ltd.,industrial and commercial energy demand,customer_industry,downstream,industrial and commercial energy demand,,high,positive,0,120,Industrial activity and urban demand support offtake.,inferred_from_industry,"NSE classification, annual-report source inventory and sector value-chain mapping",0.6,inferred
ind_nifty500,SJVN,SJVN Ltd.,regulated retail users,customer_industry,downstream,regulated retail users,,medium,positive,0,120,Retail demand and tariff regulation affect revenue.,inferred_from_industry,"NSE classification, annual-report source inventory and sector value-chain mapping",0.6,inferred
ind_nifty500,SOLARINDS,Solar Industries India Ltd.,"petrochemical feedstocks, solvents and energy",raw_material,upstream,petrochemicals and energy,,high,negative,0,90,Feedstock and energy inflation affects gross margins.,inferred_from_industry,"NSE classification, annual-report source inventory and sector value-chain mapping",0.6,inferred
ind_nifty500,SOLARINDS,Solar Industries India Ltd.,environmental and product approvals,regulation,upstream,chemical regulators,,high,mixed,0,365,Approvals and environmental compliance shape operating continuity.,inferred_from_industry,"NSE classification, annual-report source inventory and sector value-chain mapping",0.6,inferred
ind_nifty500,SOLARINDS,Solar Industries India Ltd.,industrial manufacturing,customer_industry,downstream,industrial manufacturing,,high,positive,0,120,Industrial production drives chemical demand.,inferred_from_industry,"NSE classification, annual-report source inventory and sector value-chain mapping",0.6,inferred
ind_nifty500,SOLARINDS,Solar Industries India Ltd.,agriculture and regulated end-markets,customer_industry,downstream,agriculture and regulated end-markets,,medium,positive,0,180,Seasonal and regulated demand affects volumes and mix.,inferred_from_industry,"NSE classification, annual-report source inventory and sector value-chain mapping",0.6,inferred
ind_nifty500,SONACOMS,Sona BLW Precision Forgings Ltd.,"steel, aluminium, rubber and components",raw_material,upstream,"metals, rubber and auto components",,high,negative,0,120,Commodity and component costs affect gross margin.,inferred_from_industry,"NSE classification, annual-report source inventory and sector value-chain mapping",0.6,inferred
ind_nifty500,SONACOMS,Sona BLW Precision Forgings Ltd.,electronics and logistics,component,upstream,electronics and logistics,,medium,negative,0,180,Supply availability affects production continuity.,inferred_from_industry,"NSE classification, annual-report source inventory and sector value-chain mapping",0.6,inferred
ind_nifty500,SONACOMS,Sona BLW Precision Forgings Ltd.,Indian auto demand,customer_industry,downstream,Indian auto demand,,high,positive,0,120,"Consumer income, financing and fleet demand drive volumes.",inferred_from_industry,"NSE classification, annual-report source inventory and sector value-chain mapping",0.6,inferred
ind_nifty500,SONACOMS,Sona BLW Precision Forgings Ltd.,OEM production and replacement market,customer_industry,downstream,OEM production and replacement market,,high,positive,0,180,OEM production schedules and replacement cycles affect revenue.,inferred_from_industry,"NSE classification, annual-report source inventory and sector value-chain mapping",0.6,inferred
ind_nifty500,STARHEALTH,Star Health and Allied Insurance Company Ltd.,"raw materials, energy and logistics",raw_material,upstream,industrial suppliers and logistics,,medium,negative,0,120,Input and freight costs influence margins.,inferred_from_industry,"NSE classification, annual-report source inventory and sector value-chain mapping",0.6,inferred
ind_nifty500,STARHEALTH,Star Health and Allied Insurance Company Ltd.,skilled labor and services,labour,upstream,labor and service providers,,medium,negative,0,120,Labor and service availability affects execution and cost.,inferred_from_industry,"NSE classification, annual-report source inventory and sector value-chain mapping",0.6,inferred
ind_nifty500,STARHEALTH,Star Health and Allied Insurance Company Ltd.,industry end-market demand,customer_industry,downstream,industry end-market demand,,high,positive,0,180,End-market demand and utilisation drive revenue.,inferred_from_industry,"NSE classification, annual-report source inventory and sector value-chain mapping",0.6,inferred
ind_nifty500,STARHEALTH,Star Health and Allied Insurance Company Ltd.,channel or institutional customers,customer_industry,downstream,channel or institutional customers,,medium,positive,0,180,"Distribution, tender or institutional demand affects volumes.",inferred_from_industry,"NSE classification, annual-report source inventory and sector value-chain mapping",0.6,inferred
ind_nifty500,SUMICHEM,Sumitomo Chemical India Ltd.,"petrochemical feedstocks, solvents and energy",raw_material,upstream,petrochemicals and energy,,high,negative,0,90,Feedstock and energy inflation affects gross margins.,inferred_from_industry,"NSE classification, annual-report source inventory and sector value-chain mapping",0.6,inferred
ind_nifty500,SUMICHEM,Sumitomo Chemical India Ltd.,environmental and product approvals,regulation,upstream,chemical regulators,,high,mixed,0,365,Approvals and environmental compliance shape operating continuity.,inferred_from_industry,"NSE classification, annual-report source inventory and sector value-chain mapping",0.6,inferred
ind_nifty500,SUMICHEM,Sumitomo Chemical India Ltd.,industrial manufacturing,customer_industry,downstream,industrial manufacturing,,high,positive,0,120,Industrial production drives chemical demand.,inferred_from_industry,"NSE classification, annual-report source inventory and sector value-chain mapping",0.6,inferred
ind_nifty500,SUMICHEM,Sumitomo Chemical India Ltd.,agriculture and regulated end-markets,customer_industry,downstream,agriculture and regulated end-markets,,medium,positive,0,180,Seasonal and regulated demand affects volumes and mix.,inferred_from_industry,"NSE classification, annual-report source inventory and sector value-chain mapping",0.6,inferred
ind_nifty500,SUNDARMFIN,Sundaram Finance Ltd.,"raw materials, energy and logistics",raw_material,upstream,industrial suppliers and logistics,,medium,negative,0,120,Input and freight costs influence margins.,inferred_from_industry,"NSE classification, annual-report source inventory and sector value-chain mapping",0.6,inferred
ind_nifty500,SUNDARMFIN,Sundaram Finance Ltd.,skilled labor and services,labour,upstream,labor and service providers,,medium,negative,0,120,Labor and service availability affects execution and cost.,inferred_from_industry,"NSE classification, annual-report source inventory and sector value-chain mapping",0.6,inferred
ind_nifty500,SUNDARMFIN,Sundaram Finance Ltd.,industry end-market demand,customer_industry,downstream,industry end-market demand,,high,positive,0,180,End-market demand and utilisation drive revenue.,inferred_from_industry,"NSE classification, annual-report source inventory and sector value-chain mapping",0.6,inferred
ind_nifty500,SUNDARMFIN,Sundaram Finance Ltd.,channel or institutional customers,customer_industry,downstream,channel or institutional customers,,medium,positive,0,180,"Distribution, tender or institutional demand affects volumes.",inferred_from_industry,"NSE classification, annual-report source inventory and sector value-chain mapping",0.6,inferred
ind_nifty500,SUNTV,Sun TV Network Ltd.,skilled technology labor,labour,upstream,IT talent market,,high,negative,0,90,"Wage inflation, utilisation and attrition affect margins.",inferred_from_industry,"NSE classification, annual-report source inventory and sector value-chain mapping",0.6,inferred
ind_nifty500,SUNTV,Sun TV Network Ltd.,cloud and software ecosystems,software,upstream,cloud and enterprise software,,medium,mixed,0,180,Partner ecosystems shape delivery capability and demand.,inferred_from_industry,"NSE classification, annual-report source inventory and sector value-chain mapping",0.6,inferred
ind_nifty500,SUNTV,Sun TV Network Ltd.,global enterprise IT,customer_industry,downstream,global enterprise IT,,high,positive,0,180,Enterprise technology budgets and deal ramp-ups drive revenue.,inferred_from_industry,"NSE classification, annual-report source inventory and sector value-chain mapping",0.6,inferred
ind_nifty500,SUNTV,Sun TV Network Ltd.,industry technology buyers,customer_industry,downstream,industry technology buyers,,medium,positive,0,180,Customer capex and transformation programs influence project conversion.,inferred_from_industry,"NSE classification, annual-report source inventory and sector value-chain mapping",0.6,inferred
ind_nifty500,TATACAP,Tata Capital Ltd.,"raw materials, energy and logistics",raw_material,upstream,industrial suppliers and logistics,,medium,negative,0,120,Input and freight costs influence margins.,inferred_from_industry,"NSE classification, annual-report source inventory and sector value-chain mapping",0.6,inferred
ind_nifty500,TATACAP,Tata Capital Ltd.,skilled labor and services,labour,upstream,labor and service providers,,medium,negative,0,120,Labor and service availability affects execution and cost.,inferred_from_industry,"NSE classification, annual-report source inventory and sector value-chain mapping",0.6,inferred
ind_nifty500,TATACAP,Tata Capital Ltd.,industry end-market demand,customer_industry,downstream,industry end-market demand,,high,positive,0,180,End-market demand and utilisation drive revenue.,inferred_from_industry,"NSE classification, annual-report source inventory and sector value-chain mapping",0.6,inferred
ind_nifty500,TATACAP,Tata Capital Ltd.,channel or institutional customers,customer_industry,downstream,channel or institutional customers,,medium,positive,0,180,"Distribution, tender or institutional demand affects volumes.",inferred_from_industry,"NSE classification, annual-report source inventory and sector value-chain mapping",0.6,inferred
ind_nifty500,TATACOMM,Tata Communications Ltd.,"raw materials, energy and logistics",raw_material,upstream,industrial suppliers and logistics,,medium,negative,0,120,Input and freight costs influence margins.,inferred_from_industry,"NSE classification, annual-report source inventory and sector value-chain mapping",0.6,inferred
ind_nifty500,TATACOMM,Tata Communications Ltd.,skilled labor and services,labour,upstream,labor and service providers,,medium,negative,0,120,Labor and service availability affects execution and cost.,inferred_from_industry,"NSE classification, annual-report source inventory and sector value-chain mapping",0.6,inferred
ind_nifty500,TATACOMM,Tata Communications Ltd.,industry end-market demand,customer_industry,downstream,industry end-market demand,,high,positive,0,180,End-market demand and utilisation drive revenue.,inferred_from_industry,"NSE classification, annual-report source inventory and sector value-chain mapping",0.6,inferred
ind_nifty500,TATACOMM,Tata Communications Ltd.,channel or institutional customers,customer_industry,downstream,channel or institutional customers,,medium,positive,0,180,"Distribution, tender or institutional demand affects volumes.",inferred_from_industry,"NSE classification, annual-report source inventory and sector value-chain mapping",0.6,inferred
ind_nifty500,TATAELXSI,Tata Elxsi Ltd.,skilled technology labor,labour,upstream,IT talent market,,high,negative,0,90,"Wage inflation, utilisation and attrition affect margins.",inferred_from_industry,"NSE classification, annual-report source inventory and sector value-chain mapping",0.6,inferred
ind_nifty500,TATAELXSI,Tata Elxsi Ltd.,cloud and software ecosystems,software,upstream,cloud and enterprise software,,medium,mixed,0,180,Partner ecosystems shape delivery capability and demand.,inferred_from_industry,"NSE classification, annual-report source inventory and sector value-chain mapping",0.6,inferred
ind_nifty500,TATAELXSI,Tata Elxsi Ltd.,global enterprise IT,customer_industry,downstream,global enterprise IT,,high,positive,0,180,Enterprise technology budgets and deal ramp-ups drive revenue.,inferred_from_industry,"NSE classification, annual-report source inventory and sector value-chain mapping",0.6,inferred
ind_nifty500,TATAELXSI,Tata Elxsi Ltd.,industry technology buyers,customer_industry,downstream,industry technology buyers,,medium,positive,0,180,Customer capex and transformation programs influence project conversion.,inferred_from_industry,"NSE classification, annual-report source inventory and sector value-chain mapping",0.6,inferred
ind_nifty500,TATAINVEST,Tata Investment Corporation Ltd.,"raw materials, energy and logistics",raw_material,upstream,industrial suppliers and logistics,,medium,negative,0,120,Input and freight costs influence margins.,inferred_from_industry,"NSE classification, annual-report source inventory and sector value-chain mapping",0.6,inferred
ind_nifty500,TATAINVEST,Tata Investment Corporation Ltd.,skilled labor and services,labour,upstream,labor and service providers,,medium,negative,0,120,Labor and service availability affects execution and cost.,inferred_from_industry,"NSE classification, annual-report source inventory and sector value-chain mapping",0.6,inferred
ind_nifty500,TATAINVEST,Tata Investment Corporation Ltd.,industry end-market demand,customer_industry,downstream,industry end-market demand,,high,positive,0,180,End-market demand and utilisation drive revenue.,inferred_from_industry,"NSE classification, annual-report source inventory and sector value-chain mapping",0.6,inferred
ind_nifty500,TATAINVEST,Tata Investment Corporation Ltd.,channel or institutional customers,customer_industry,downstream,channel or institutional customers,,medium,positive,0,180,"Distribution, tender or institutional demand affects volumes.",inferred_from_industry,"NSE classification, annual-report source inventory and sector value-chain mapping",0.6,inferred
ind_nifty500,TATAPOWER,Tata Power Co. Ltd.,"fuel, gas, crude-linked inputs and power",energy,upstream,energy and commodities,,high,negative,0,90,Commodity prices and supply availability affect spreads and margins.,inferred_from_industry,"NSE classification, annual-report source inventory and sector value-chain mapping",0.6,inferred
ind_nifty500,TATAPOWER,Tata Power Co. Ltd.,regulatory tariffs and licenses,regulation,upstream,energy regulators,,high,mixed,0,365,"Tariffs, licenses and policy changes influence returns.",inferred_from_industry,"NSE classification, annual-report source inventory and sector value-chain mapping",0.6,inferred
ind_nifty500,TATAPOWER,Tata Power Co. Ltd.,industrial and commercial energy demand,customer_industry,downstream,industrial and commercial energy demand,,high,positive,0,120,Industrial activity and urban demand support offtake.,inferred_from_industry,"NSE classification, annual-report source inventory and sector value-chain mapping",0.6,inferred
ind_nifty500,TATAPOWER,Tata Power Co. Ltd.,regulated retail users,customer_industry,downstream,regulated retail users,,medium,positive,0,120,Retail demand and tariff regulation affect revenue.,inferred_from_industry,"NSE classification, annual-report source inventory and sector value-chain mapping",0.6,inferred
ind_nifty500,TATASTEEL,Tata Steel Ltd.,"ore, coal, power and freight",raw_material,upstream,"mining, energy and logistics",,high,negative,0,120,Input and energy costs affect spreads.,inferred_from_industry,"NSE classification, annual-report source inventory and sector value-chain mapping",0.6,inferred
ind_nifty500,TATASTEEL,Tata Steel Ltd.,environmental and mining regulation,regulation,upstream,mining and environmental regulators,,high,mixed,0,365,Regulatory approvals affect capacity and continuity.,inferred_from_industry,"NSE classification, annual-report source inventory and sector value-chain mapping",0.6,inferred
ind_nifty500,TATASTEEL,Tata Steel Ltd.,construction and infrastructure,customer_industry,downstream,construction and infrastructure,,high,positive,0,180,Infrastructure and building activity support metal demand.,inferred_from_industry,"NSE classification, annual-report source inventory and sector value-chain mapping",0.6,inferred
ind_nifty500,TATASTEEL,Tata Steel Ltd.,industrial manufacturing,customer_industry,downstream,industrial manufacturing,,high,positive,0,180,Manufacturing cycles influence metal volumes and pricing.,inferred_from_industry,"NSE classification, annual-report source inventory and sector value-chain mapping",0.6,inferred
ind_nifty500,TECHNOE,Techno Electric & Engineering Company Ltd.,"steel, copper, electronics and bought-out components",raw_material,upstream,metals and electrical components,,high,negative,0,180,Input cost inflation can affect project margins.,inferred_from_industry,"NSE classification, annual-report source inventory and sector value-chain mapping",0.6,inferred
ind_nifty500,TECHNOE,Techno Electric & Engineering Company Ltd.,project execution labor and subcontractors,labour,upstream,engineering and construction services,,medium,negative,0,180,Execution availability and cost influence delivery timelines.,inferred_from_industry,"NSE classification, annual-report source inventory and sector value-chain mapping",0.6,inferred
ind_nifty500,TECHNOE,Techno Electric & Engineering Company Ltd.,industrial and infrastructure capex,customer_industry,downstream,industrial and infrastructure capex,,high,positive,0,365,Private and public capex drives orders and execution.,inferred_from_industry,"NSE classification, annual-report source inventory and sector value-chain mapping",0.6,inferred
ind_nifty500,TECHNOE,Techno Electric & Engineering Company Ltd.,government and regulated utilities,customer_industry,downstream,government and regulated utilities,,medium,positive,0,365,Tender awards and utility capex influence order inflow.,inferred_from_industry,"NSE classification, annual-report source inventory and sector value-chain mapping",0.6,inferred
ind_nifty500,TEJASNET,Tejas Networks Ltd.,"steel, copper, electronics and bought-out components",raw_material,upstream,metals and electrical components,,high,negative,0,180,Input cost inflation can affect project margins.,inferred_from_industry,"NSE classification, annual-report source inventory and sector value-chain mapping",0.6,inferred
ind_nifty500,TEJASNET,Tejas Networks Ltd.,project execution labor and subcontractors,labour,upstream,engineering and construction services,,medium,negative,0,180,Execution availability and cost influence delivery timelines.,inferred_from_industry,"NSE classification, annual-report source inventory and sector value-chain mapping",0.6,inferred
ind_nifty500,TEJASNET,Tejas Networks Ltd.,industrial and infrastructure capex,customer_industry,downstream,industrial and infrastructure capex,,high,positive,0,365,Private and public capex drives orders and execution.,inferred_from_industry,"NSE classification, annual-report source inventory and sector value-chain mapping",0.6,inferred
ind_nifty500,TEJASNET,Tejas Networks Ltd.,government and regulated utilities,customer_industry,downstream,government and regulated utilities,,medium,positive,0,365,Tender awards and utility capex influence order inflow.,inferred_from_industry,"NSE classification, annual-report source inventory and sector value-chain mapping",0.6,inferred
ind_nifty500,THELEELA,Leela Palaces Hotels & Resorts Ltd.,"commodities, packaging and merchandise",raw_material,upstream,"agri, chemical, textile and packaging suppliers",,high,negative,0,90,Commodity and packaging inflation affects gross margin.,inferred_from_industry,"NSE classification, annual-report source inventory and sector value-chain mapping",0.6,inferred
ind_nifty500,THELEELA,Leela Palaces Hotels & Resorts Ltd.,"advertising, logistics and retail occupancy",other,upstream,"media, logistics and retail real estate",,medium,negative,0,120,Brand and channel costs influence operating margin.,inferred_from_industry,"NSE classification, annual-report source inventory and sector value-chain mapping",0.6,inferred
ind_nifty500,THELEELA,Leela Palaces Hotels & Resorts Ltd.,Indian household consumption,customer_industry,downstream,Indian household consumption,,high,positive,0,90,"Household income, pricing and distribution reach drive demand.",inferred_from_industry,"NSE classification, annual-report source inventory and sector value-chain mapping",0.6,inferred
ind_nifty500,THELEELA,Leela Palaces Hotels & Resorts Ltd.,retail and e-commerce channels,customer_industry,downstream,retail and e-commerce channels,,medium,positive,0,120,Channel expansion and inventory availability support revenue.,inferred_from_industry,"NSE classification, annual-report source inventory and sector value-chain mapping",0.6,inferred
ind_nifty500,TITAN,Titan Company Ltd.,"commodities, packaging and merchandise",raw_material,upstream,"agri, chemical, textile and packaging suppliers",,high,negative,0,90,Commodity and packaging inflation affects gross margin.,inferred_from_industry,"NSE classification, annual-report source inventory and sector value-chain mapping",0.6,inferred
ind_nifty500,TITAN,Titan Company Ltd.,"advertising, logistics and retail occupancy",other,upstream,"media, logistics and retail real estate",,medium,negative,0,120,Brand and channel costs influence operating margin.,inferred_from_industry,"NSE classification, annual-report source inventory and sector value-chain mapping",0.6,inferred
ind_nifty500,TITAN,Titan Company Ltd.,Indian household consumption,customer_industry,downstream,Indian household consumption,,high,positive,0,90,"Household income, pricing and distribution reach drive demand.",inferred_from_industry,"NSE classification, annual-report source inventory and sector value-chain mapping",0.6,inferred
ind_nifty500,TITAN,Titan Company Ltd.,retail and e-commerce channels,customer_industry,downstream,retail and e-commerce channels,,medium,positive,0,120,Channel expansion and inventory availability support revenue.,inferred_from_industry,"NSE classification, annual-report source inventory and sector value-chain mapping",0.6,inferred
ind_nifty500,TMCV,Tata Motors Ltd.,"steel, aluminium, rubber and components",raw_material,upstream,"metals, rubber and auto components",,high,negative,0,120,Commodity and component costs affect gross margin.,inferred_from_industry,"NSE classification, annual-report source inventory and sector value-chain mapping",0.6,inferred
ind_nifty500,TMCV,Tata Motors Ltd.,electronics and logistics,component,upstream,electronics and logistics,,medium,negative,0,180,Supply availability affects production continuity.,inferred_from_industry,"NSE classification, annual-report source inventory and sector value-chain mapping",0.6,inferred
ind_nifty500,TMCV,Tata Motors Ltd.,Indian auto demand,customer_industry,downstream,Indian auto demand,,high,positive,0,120,"Consumer income, financing and fleet demand drive volumes.",inferred_from_industry,"NSE classification, annual-report source inventory and sector value-chain mapping",0.6,inferred
ind_nifty500,TMCV,Tata Motors Ltd.,OEM production and replacement market,customer_industry,downstream,OEM production and replacement market,,high,positive,0,180,OEM production schedules and replacement cycles affect revenue.,inferred_from_industry,"NSE classification, annual-report source inventory and sector value-chain mapping",0.6,inferred
ind_nifty500,TRAVELFOOD,Travel Food Services Ltd.,"commodities, packaging and merchandise",raw_material,upstream,"agri, chemical, textile and packaging suppliers",,high,negative,0,90,Commodity and packaging inflation affects gross margin.,inferred_from_industry,"NSE classification, annual-report source inventory and sector value-chain mapping",0.6,inferred
ind_nifty500,TRAVELFOOD,Travel Food Services Ltd.,"advertising, logistics and retail occupancy",other,upstream,"media, logistics and retail real estate",,medium,negative,0,120,Brand and channel costs influence operating margin.,inferred_from_industry,"NSE classification, annual-report source inventory and sector value-chain mapping",0.6,inferred
ind_nifty500,TRAVELFOOD,Travel Food Services Ltd.,Indian household consumption,customer_industry,downstream,Indian household consumption,,high,positive,0,90,"Household income, pricing and distribution reach drive demand.",inferred_from_industry,"NSE classification, annual-report source inventory and sector value-chain mapping",0.6,inferred
ind_nifty500,TRAVELFOOD,Travel Food Services Ltd.,retail and e-commerce channels,customer_industry,downstream,retail and e-commerce channels,,medium,positive,0,120,Channel expansion and inventory availability support revenue.,inferred_from_industry,"NSE classification, annual-report source inventory and sector value-chain mapping",0.6,inferred
ind_nifty500,TRITURBINE,Triveni Turbine Ltd.,"steel, copper, electronics and bought-out components",raw_material,upstream,metals and electrical components,,high,negative,0,180,Input cost inflation can affect project margins.,inferred_from_industry,"NSE classification, annual-report source inventory and sector value-chain mapping",0.6,inferred
ind_nifty500,TRITURBINE,Triveni Turbine Ltd.,project execution labor and subcontractors,labour,upstream,engineering and construction services,,medium,negative,0,180,Execution availability and cost influence delivery timelines.,inferred_from_industry,"NSE classification, annual-report source inventory and sector value-chain mapping",0.6,inferred
ind_nifty500,TRITURBINE,Triveni Turbine Ltd.,industrial and infrastructure capex,customer_industry,downstream,industrial and infrastructure capex,,high,positive,0,365,Private and public capex drives orders and execution.,inferred_from_industry,"NSE classification, annual-report source inventory and sector value-chain mapping",0.6,inferred
ind_nifty500,TRITURBINE,Triveni Turbine Ltd.,government and regulated utilities,customer_industry,downstream,government and regulated utilities,,medium,positive,0,365,Tender awards and utility capex influence order inflow.,inferred_from_industry,"NSE classification, annual-report source inventory and sector value-chain mapping",0.6,inferred
ind_nifty500,TTML,Tata Teleservices (Maharashtra) Ltd.,"raw materials, energy and logistics",raw_material,upstream,industrial suppliers and logistics,,medium,negative,0,120,Input and freight costs influence margins.,inferred_from_industry,"NSE classification, annual-report source inventory and sector value-chain mapping",0.6,inferred
ind_nifty500,TTML,Tata Teleservices (Maharashtra) Ltd.,skilled labor and services,labour,upstream,labor and service providers,,medium,negative,0,120,Labor and service availability affects execution and cost.,inferred_from_industry,"NSE classification, annual-report source inventory and sector value-chain mapping",0.6,inferred
ind_nifty500,TTML,Tata Teleservices (Maharashtra) Ltd.,industry end-market demand,customer_industry,downstream,industry end-market demand,,high,positive,0,180,End-market demand and utilisation drive revenue.,inferred_from_industry,"NSE classification, annual-report source inventory and sector value-chain mapping",0.6,inferred
ind_nifty500,TTML,Tata Teleservices (Maharashtra) Ltd.,channel or institutional customers,customer_industry,downstream,channel or institutional customers,,medium,positive,0,180,"Distribution, tender or institutional demand affects volumes.",inferred_from_industry,"NSE classification, annual-report source inventory and sector value-chain mapping",0.6,inferred
ind_nifty500,TVSMOTOR,TVS Motor Company Ltd.,"steel, aluminium, rubber and components",raw_material,upstream,"metals, rubber and auto components",,high,negative,0,120,Commodity and component costs affect gross margin.,inferred_from_industry,"NSE classification, annual-report source inventory and sector value-chain mapping",0.6,inferred
ind_nifty500,TVSMOTOR,TVS Motor Company Ltd.,electronics and logistics,component,upstream,electronics and logistics,,medium,negative,0,180,Supply availability affects production continuity.,inferred_from_industry,"NSE classification, annual-report source inventory and sector value-chain mapping",0.6,inferred
ind_nifty500,TVSMOTOR,TVS Motor Company Ltd.,Indian auto demand,customer_industry,downstream,Indian auto demand,,high,positive,0,120,"Consumer income, financing and fleet demand drive volumes.",inferred_from_industry,"NSE classification, annual-report source inventory and sector value-chain mapping",0.6,inferred
ind_nifty500,TVSMOTOR,TVS Motor Company Ltd.,OEM production and replacement market,customer_industry,downstream,OEM production and replacement market,,high,positive,0,180,OEM production schedules and replacement cycles affect revenue.,inferred_from_industry,"NSE classification, annual-report source inventory and sector value-chain mapping",0.6,inferred
ind_nifty500,UBL,United Breweries Ltd.,"commodities, packaging and merchandise",raw_material,upstream,"agri, chemical, textile and packaging suppliers",,high,negative,0,90,Commodity and packaging inflation affects gross margin.,inferred_from_industry,"NSE classification, annual-report source inventory and sector value-chain mapping",0.6,inferred
ind_nifty500,UBL,United Breweries Ltd.,"advertising, logistics and retail occupancy",other,upstream,"media, logistics and retail real estate",,medium,negative,0,120,Brand and channel costs influence operating margin.,inferred_from_industry,"NSE classification, annual-report source inventory and sector value-chain mapping",0.6,inferred
ind_nifty500,UBL,United Breweries Ltd.,Indian household consumption,customer_industry,downstream,Indian household consumption,,high,positive,0,90,"Household income, pricing and distribution reach drive demand.",inferred_from_industry,"NSE classification, annual-report source inventory and sector value-chain mapping",0.6,inferred
ind_nifty500,UBL,United Breweries Ltd.,retail and e-commerce channels,customer_industry,downstream,retail and e-commerce channels,,medium,positive,0,120,Channel expansion and inventory availability support revenue.,inferred_from_industry,"NSE classification, annual-report source inventory and sector value-chain mapping",0.6,inferred
ind_nifty500,UCOBANK,UCO Bank,"raw materials, energy and logistics",raw_material,upstream,industrial suppliers and logistics,,medium,negative,0,120,Input and freight costs influence margins.,inferred_from_industry,"NSE classification, annual-report source inventory and sector value-chain mapping",0.6,inferred
ind_nifty500,UCOBANK,UCO Bank,skilled labor and services,labour,upstream,labor and service providers,,medium,negative,0,120,Labor and service availability affects execution and cost.,inferred_from_industry,"NSE classification, annual-report source inventory and sector value-chain mapping",0.6,inferred
ind_nifty500,UCOBANK,UCO Bank,industry end-market demand,customer_industry,downstream,industry end-market demand,,high,positive,0,180,End-market demand and utilisation drive revenue.,inferred_from_industry,"NSE classification, annual-report source inventory and sector value-chain mapping",0.6,inferred
ind_nifty500,UCOBANK,UCO Bank,channel or institutional customers,customer_industry,downstream,channel or institutional customers,,medium,positive,0,180,"Distribution, tender or institutional demand affects volumes.",inferred_from_industry,"NSE classification, annual-report source inventory and sector value-chain mapping",0.6,inferred
ind_nifty500,UNIONBANK,Union Bank of India,"raw materials, energy and logistics",raw_material,upstream,industrial suppliers and logistics,,medium,negative,0,120,Input and freight costs influence margins.,inferred_from_industry,"NSE classification, annual-report source inventory and sector value-chain mapping",0.6,inferred
ind_nifty500,UNIONBANK,Union Bank of India,skilled labor and services,labour,upstream,labor and service providers,,medium,negative,0,120,Labor and service availability affects execution and cost.,inferred_from_industry,"NSE classification, annual-report source inventory and sector value-chain mapping",0.6,inferred
ind_nifty500,UNIONBANK,Union Bank of India,industry end-market demand,customer_industry,downstream,industry end-market demand,,high,positive,0,180,End-market demand and utilisation drive revenue.,inferred_from_industry,"NSE classification, annual-report source inventory and sector value-chain mapping",0.6,inferred
ind_nifty500,UNIONBANK,Union Bank of India,channel or institutional customers,customer_industry,downstream,channel or institutional customers,,medium,positive,0,180,"Distribution, tender or institutional demand affects volumes.",inferred_from_industry,"NSE classification, annual-report source inventory and sector value-chain mapping",0.6,inferred
ind_nifty500,UNITDSPR,United Spirits Ltd.,"commodities, packaging and merchandise",raw_material,upstream,"agri, chemical, textile and packaging suppliers",,high,negative,0,90,Commodity and packaging inflation affects gross margin.,inferred_from_industry,"NSE classification, annual-report source inventory and sector value-chain mapping",0.6,inferred
ind_nifty500,UNITDSPR,United Spirits Ltd.,"advertising, logistics and retail occupancy",other,upstream,"media, logistics and retail real estate",,medium,negative,0,120,Brand and channel costs influence operating margin.,inferred_from_industry,"NSE classification, annual-report source inventory and sector value-chain mapping",0.6,inferred
ind_nifty500,UNITDSPR,United Spirits Ltd.,Indian household consumption,customer_industry,downstream,Indian household consumption,,high,positive,0,90,"Household income, pricing and distribution reach drive demand.",inferred_from_industry,"NSE classification, annual-report source inventory and sector value-chain mapping",0.6,inferred
ind_nifty500,UNITDSPR,United Spirits Ltd.,retail and e-commerce channels,customer_industry,downstream,retail and e-commerce channels,,medium,positive,0,120,Channel expansion and inventory availability support revenue.,inferred_from_industry,"NSE classification, annual-report source inventory and sector value-chain mapping",0.6,inferred
ind_nifty500,UPL,UPL Ltd.,"petrochemical feedstocks, solvents and energy",raw_material,upstream,petrochemicals and energy,,high,negative,0,90,Feedstock and energy inflation affects gross margins.,inferred_from_industry,"NSE classification, annual-report source inventory and sector value-chain mapping",0.6,inferred
ind_nifty500,UPL,UPL Ltd.,environmental and product approvals,regulation,upstream,chemical regulators,,high,mixed,0,365,Approvals and environmental compliance shape operating continuity.,inferred_from_industry,"NSE classification, annual-report source inventory and sector value-chain mapping",0.6,inferred
ind_nifty500,UPL,UPL Ltd.,industrial manufacturing,customer_industry,downstream,industrial manufacturing,,high,positive,0,120,Industrial production drives chemical demand.,inferred_from_industry,"NSE classification, annual-report source inventory and sector value-chain mapping",0.6,inferred
ind_nifty500,UPL,UPL Ltd.,agriculture and regulated end-markets,customer_industry,downstream,agriculture and regulated end-markets,,medium,positive,0,180,Seasonal and regulated demand affects volumes and mix.,inferred_from_industry,"NSE classification, annual-report source inventory and sector value-chain mapping",0.6,inferred
ind_nifty500,URBANCO,Urban Company Ltd.,"commodities, packaging and merchandise",raw_material,upstream,"agri, chemical, textile and packaging suppliers",,high,negative,0,90,Commodity and packaging inflation affects gross margin.,inferred_from_industry,"NSE classification, annual-report source inventory and sector value-chain mapping",0.6,inferred
ind_nifty500,URBANCO,Urban Company Ltd.,"advertising, logistics and retail occupancy",other,upstream,"media, logistics and retail real estate",,medium,negative,0,120,Brand and channel costs influence operating margin.,inferred_from_industry,"NSE classification, annual-report source inventory and sector value-chain mapping",0.6,inferred
ind_nifty500,URBANCO,Urban Company Ltd.,Indian household consumption,customer_industry,downstream,Indian household consumption,,high,positive,0,90,"Household income, pricing and distribution reach drive demand.",inferred_from_industry,"NSE classification, annual-report source inventory and sector value-chain mapping",0.6,inferred
ind_nifty500,URBANCO,Urban Company Ltd.,retail and e-commerce channels,customer_industry,downstream,retail and e-commerce channels,,medium,positive,0,120,Channel expansion and inventory availability support revenue.,inferred_from_industry,"NSE classification, annual-report source inventory and sector value-chain mapping",0.6,inferred
ind_nifty500,UTIAMC,UTI Asset Management Company Ltd.,"raw materials, energy and logistics",raw_material,upstream,industrial suppliers and logistics,,medium,negative,0,120,Input and freight costs influence margins.,inferred_from_industry,"NSE classification, annual-report source inventory and sector value-chain mapping",0.6,inferred
ind_nifty500,UTIAMC,UTI Asset Management Company Ltd.,skilled labor and services,labour,upstream,labor and service providers,,medium,negative,0,120,Labor and service availability affects execution and cost.,inferred_from_industry,"NSE classification, annual-report source inventory and sector value-chain mapping",0.6,inferred
ind_nifty500,UTIAMC,UTI Asset Management Company Ltd.,industry end-market demand,customer_industry,downstream,industry end-market demand,,high,positive,0,180,End-market demand and utilisation drive revenue.,inferred_from_industry,"NSE classification, annual-report source inventory and sector value-chain mapping",0.6,inferred
ind_nifty500,UTIAMC,UTI Asset Management Company Ltd.,channel or institutional customers,customer_industry,downstream,channel or institutional customers,,medium,positive,0,180,"Distribution, tender or institutional demand affects volumes.",inferred_from_industry,"NSE classification, annual-report source inventory and sector value-chain mapping",0.6,inferred
ind_nifty500,VAML,Vedanta Aluminium Metal Ltd.,"ore, coal, power and freight",raw_material,upstream,"mining, energy and logistics",,high,negative,0,120,Input and energy costs affect spreads.,inferred_from_industry,"NSE classification, annual-report source inventory and sector value-chain mapping",0.6,inferred
ind_nifty500,VAML,Vedanta Aluminium Metal Ltd.,environmental and mining regulation,regulation,upstream,mining and environmental regulators,,high,mixed,0,365,Regulatory approvals affect capacity and continuity.,inferred_from_industry,"NSE classification, annual-report source inventory and sector value-chain mapping",0.6,inferred
ind_nifty500,VAML,Vedanta Aluminium Metal Ltd.,construction and infrastructure,customer_industry,downstream,construction and infrastructure,,high,positive,0,180,Infrastructure and building activity support metal demand.,inferred_from_industry,"NSE classification, annual-report source inventory and sector value-chain mapping",0.6,inferred
ind_nifty500,VAML,Vedanta Aluminium Metal Ltd.,industrial manufacturing,customer_industry,downstream,industrial manufacturing,,high,positive,0,180,Manufacturing cycles influence metal volumes and pricing.,inferred_from_industry,"NSE classification, annual-report source inventory and sector value-chain mapping",0.6,inferred
ind_nifty500,VBL,Varun Beverages Ltd.,"commodities, packaging and merchandise",raw_material,upstream,"agri, chemical, textile and packaging suppliers",,high,negative,0,90,Commodity and packaging inflation affects gross margin.,inferred_from_industry,"NSE classification, annual-report source inventory and sector value-chain mapping",0.6,inferred
ind_nifty500,VBL,Varun Beverages Ltd.,"advertising, logistics and retail occupancy",other,upstream,"media, logistics and retail real estate",,medium,negative,0,120,Brand and channel costs influence operating margin.,inferred_from_industry,"NSE classification, annual-report source inventory and sector value-chain mapping",0.6,inferred
ind_nifty500,VBL,Varun Beverages Ltd.,Indian household consumption,customer_industry,downstream,Indian household consumption,,high,positive,0,90,"Household income, pricing and distribution reach drive demand.",inferred_from_industry,"NSE classification, annual-report source inventory and sector value-chain mapping",0.6,inferred
ind_nifty500,VBL,Varun Beverages Ltd.,retail and e-commerce channels,customer_industry,downstream,retail and e-commerce channels,,medium,positive,0,120,Channel expansion and inventory availability support revenue.,inferred_from_industry,"NSE classification, annual-report source inventory and sector value-chain mapping",0.6,inferred
ind_nifty500,VEDL,Vedanta Ltd.,"ore, coal, power and freight",raw_material,upstream,"mining, energy and logistics",,high,negative,0,120,Input and energy costs affect spreads.,inferred_from_industry,"NSE classification, annual-report source inventory and sector value-chain mapping",0.6,inferred
ind_nifty500,VEDL,Vedanta Ltd.,environmental and mining regulation,regulation,upstream,mining and environmental regulators,,high,mixed,0,365,Regulatory approvals affect capacity and continuity.,inferred_from_industry,"NSE classification, annual-report source inventory and sector value-chain mapping",0.6,inferred
ind_nifty500,VEDL,Vedanta Ltd.,construction and infrastructure,customer_industry,downstream,construction and infrastructure,,high,positive,0,180,Infrastructure and building activity support metal demand.,inferred_from_industry,"NSE classification, annual-report source inventory and sector value-chain mapping",0.6,inferred
ind_nifty500,VEDL,Vedanta Ltd.,industrial manufacturing,customer_industry,downstream,industrial manufacturing,,high,positive,0,180,Manufacturing cycles influence metal volumes and pricing.,inferred_from_industry,"NSE classification, annual-report source inventory and sector value-chain mapping",0.6,inferred
ind_nifty500,VEDPOWER,Vedanta Power Ltd.,"fuel, gas, crude-linked inputs and power",energy,upstream,energy and commodities,,high,negative,0,90,Commodity prices and supply availability affect spreads and margins.,inferred_from_industry,"NSE classification, annual-report source inventory and sector value-chain mapping",0.6,inferred
ind_nifty500,VEDPOWER,Vedanta Power Ltd.,regulatory tariffs and licenses,regulation,upstream,energy regulators,,high,mixed,0,365,"Tariffs, licenses and policy changes influence returns.",inferred_from_industry,"NSE classification, annual-report source inventory and sector value-chain mapping",0.6,inferred
ind_nifty500,VEDPOWER,Vedanta Power Ltd.,industrial and commercial energy demand,customer_industry,downstream,industrial and commercial energy demand,,high,positive,0,120,Industrial activity and urban demand support offtake.,inferred_from_industry,"NSE classification, annual-report source inventory and sector value-chain mapping",0.6,inferred
ind_nifty500,VEDPOWER,Vedanta Power Ltd.,regulated retail users,customer_industry,downstream,regulated retail users,,medium,positive,0,120,Retail demand and tariff regulation affect revenue.,inferred_from_industry,"NSE classification, annual-report source inventory and sector value-chain mapping",0.6,inferred
ind_nifty500,VIJAYA,Vijaya Diagnostic Centre Ltd.,"APIs, KSMs, medical supplies and consumables",raw_material,upstream,pharma intermediates and healthcare supplies,,high,negative,0,120,Input availability and compliance influence margins and supply reliability.,inferred_from_industry,"NSE classification, annual-report source inventory and sector value-chain mapping",0.6,inferred
ind_nifty500,VIJAYA,Vijaya Diagnostic Centre Ltd.,regulatory approvals and quality systems,regulation,upstream,healthcare regulators,,high,mixed,0,365,Approvals enable launches and capacity use; observations can disrupt supply.,inferred_from_industry,"NSE classification, annual-report source inventory and sector value-chain mapping",0.6,inferred
ind_nifty500,VIJAYA,Vijaya Diagnostic Centre Ltd.,domestic healthcare demand,customer_industry,downstream,domestic healthcare demand,,high,positive,0,120,"Healthcare access, prescriptions and patient volumes support revenue.",inferred_from_industry,"NSE classification, annual-report source inventory and sector value-chain mapping",0.6,inferred
ind_nifty500,VIJAYA,Vijaya Diagnostic Centre Ltd.,regulated export or institutional markets,customer_industry,downstream,regulated export or institutional markets,,medium,mixed,0,180,Approvals and tender flows can lift revenue while pricing pressure can offset volume.,inferred_from_industry,"NSE classification, annual-report source inventory and sector value-chain mapping",0.6,inferred
ind_nifty500,VISL,Vedanta Iron and Steel Ltd.,"ore, coal, power and freight",raw_material,upstream,"mining, energy and logistics",,high,negative,0,120,Input and energy costs affect spreads.,inferred_from_industry,"NSE classification, annual-report source inventory and sector value-chain mapping",0.6,inferred
ind_nifty500,VISL,Vedanta Iron and Steel Ltd.,environmental and mining regulation,regulation,upstream,mining and environmental regulators,,high,mixed,0,365,Regulatory approvals affect capacity and continuity.,inferred_from_industry,"NSE classification, annual-report source inventory and sector value-chain mapping",0.6,inferred
ind_nifty500,VISL,Vedanta Iron and Steel Ltd.,construction and infrastructure,customer_industry,downstream,construction and infrastructure,,high,positive,0,180,Infrastructure and building activity support metal demand.,inferred_from_industry,"NSE classification, annual-report source inventory and sector value-chain mapping",0.6,inferred
ind_nifty500,VISL,Vedanta Iron and Steel Ltd.,industrial manufacturing,customer_industry,downstream,industrial manufacturing,,high,positive,0,180,Manufacturing cycles influence metal volumes and pricing.,inferred_from_industry,"NSE classification, annual-report source inventory and sector value-chain mapping",0.6,inferred
ind_nifty500,VOGL,Vedanta Oil and Gas Ltd.,"fuel, gas, crude-linked inputs and power",energy,upstream,energy and commodities,,high,negative,0,90,Commodity prices and supply availability affect spreads and margins.,inferred_from_industry,"NSE classification, annual-report source inventory and sector value-chain mapping",0.6,inferred
ind_nifty500,VOGL,Vedanta Oil and Gas Ltd.,regulatory tariffs and licenses,regulation,upstream,energy regulators,,high,mixed,0,365,"Tariffs, licenses and policy changes influence returns.",inferred_from_industry,"NSE classification, annual-report source inventory and sector value-chain mapping",0.6,inferred
ind_nifty500,VOGL,Vedanta Oil and Gas Ltd.,industrial and commercial energy demand,customer_industry,downstream,industrial and commercial energy demand,,high,positive,0,120,Industrial activity and urban demand support offtake.,inferred_from_industry,"NSE classification, annual-report source inventory and sector value-chain mapping",0.6,inferred
ind_nifty500,VOGL,Vedanta Oil and Gas Ltd.,regulated retail users,customer_industry,downstream,regulated retail users,,medium,positive,0,120,Retail demand and tariff regulation affect revenue.,inferred_from_industry,"NSE classification, annual-report source inventory and sector value-chain mapping",0.6,inferred
ind_nifty500,WAAREEENER,Waaree Energies Ltd.,"steel, copper, electronics and bought-out components",raw_material,upstream,metals and electrical components,,high,negative,0,180,Input cost inflation can affect project margins.,inferred_from_industry,"NSE classification, annual-report source inventory and sector value-chain mapping",0.6,inferred
ind_nifty500,WAAREEENER,Waaree Energies Ltd.,project execution labor and subcontractors,labour,upstream,engineering and construction services,,medium,negative,0,180,Execution availability and cost influence delivery timelines.,inferred_from_industry,"NSE classification, annual-report source inventory and sector value-chain mapping",0.6,inferred
ind_nifty500,WAAREEENER,Waaree Energies Ltd.,industrial and infrastructure capex,customer_industry,downstream,industrial and infrastructure capex,,high,positive,0,365,Private and public capex drives orders and execution.,inferred_from_industry,"NSE classification, annual-report source inventory and sector value-chain mapping",0.6,inferred
ind_nifty500,WAAREEENER,Waaree Energies Ltd.,government and regulated utilities,customer_industry,downstream,government and regulated utilities,,medium,positive,0,365,Tender awards and utility capex influence order inflow.,inferred_from_industry,"NSE classification, annual-report source inventory and sector value-chain mapping",0.6,inferred
ind_nifty500,WIPRO,Wipro Ltd.,skilled technology labor,labour,upstream,IT talent market,,high,negative,0,90,"Wage inflation, utilisation and attrition affect margins.",inferred_from_industry,"NSE classification, annual-report source inventory and sector value-chain mapping",0.6,inferred
ind_nifty500,WIPRO,Wipro Ltd.,cloud and software ecosystems,software,upstream,cloud and enterprise software,,medium,mixed,0,180,Partner ecosystems shape delivery capability and demand.,inferred_from_industry,"NSE classification, annual-report source inventory and sector value-chain mapping",0.6,inferred
ind_nifty500,WIPRO,Wipro Ltd.,global enterprise IT,customer_industry,downstream,global enterprise IT,,high,positive,0,180,Enterprise technology budgets and deal ramp-ups drive revenue.,inferred_from_industry,"NSE classification, annual-report source inventory and sector value-chain mapping",0.6,inferred
ind_nifty500,WIPRO,Wipro Ltd.,industry technology buyers,customer_industry,downstream,industry technology buyers,,medium,positive,0,180,Customer capex and transformation programs influence project conversion.,inferred_from_industry,"NSE classification, annual-report source inventory and sector value-chain mapping",0.6,inferred
ind_nifty500,YESBANK,Yes Bank Ltd.,"raw materials, energy and logistics",raw_material,upstream,industrial suppliers and logistics,,medium,negative,0,120,Input and freight costs influence margins.,inferred_from_industry,"NSE classification, annual-report source inventory and sector value-chain mapping",0.6,inferred
ind_nifty500,YESBANK,Yes Bank Ltd.,skilled labor and services,labour,upstream,labor and service providers,,medium,negative,0,120,Labor and service availability affects execution and cost.,inferred_from_industry,"NSE classification, annual-report source inventory and sector value-chain mapping",0.6,inferred
ind_nifty500,YESBANK,Yes Bank Ltd.,industry end-market demand,customer_industry,downstream,industry end-market demand,,high,positive,0,180,End-market demand and utilisation drive revenue.,inferred_from_industry,"NSE classification, annual-report source inventory and sector value-chain mapping",0.6,inferred
ind_nifty500,YESBANK,Yes Bank Ltd.,channel or institutional customers,customer_industry,downstream,channel or institutional customers,,medium,positive,0,180,"Distribution, tender or institutional demand affects volumes.",inferred_from_industry,"NSE classification, annual-report source inventory and sector value-chain mapping",0.6,inferred
ind_nifty500,ZEEL,Zee Entertainment Enterprises Ltd.,skilled technology labor,labour,upstream,IT talent market,,high,negative,0,90,"Wage inflation, utilisation and attrition affect margins.",inferred_from_industry,"NSE classification, annual-report source inventory and sector value-chain mapping",0.6,inferred
ind_nifty500,ZEEL,Zee Entertainment Enterprises Ltd.,cloud and software ecosystems,software,upstream,cloud and enterprise software,,medium,mixed,0,180,Partner ecosystems shape delivery capability and demand.,inferred_from_industry,"NSE classification, annual-report source inventory and sector value-chain mapping",0.6,inferred
ind_nifty500,ZEEL,Zee Entertainment Enterprises Ltd.,global enterprise IT,customer_industry,downstream,global enterprise IT,,high,positive,0,180,Enterprise technology budgets and deal ramp-ups drive revenue.,inferred_from_industry,"NSE classification, annual-report source inventory and sector value-chain mapping",0.6,inferred
ind_nifty500,ZEEL,Zee Entertainment Enterprises Ltd.,industry technology buyers,customer_industry,downstream,industry technology buyers,,medium,positive,0,180,Customer capex and transformation programs influence project conversion.,inferred_from_industry,"NSE classification, annual-report source inventory and sector value-chain mapping",0.6,inferred
ind_nifty500,ZENSARTECH,Zensar Technolgies Ltd.,skilled technology labor,labour,upstream,IT talent market,,high,negative,0,90,"Wage inflation, utilisation and attrition affect margins.",inferred_from_industry,"NSE classification, annual-report source inventory and sector value-chain mapping",0.6,inferred
ind_nifty500,ZENSARTECH,Zensar Technolgies Ltd.,cloud and software ecosystems,software,upstream,cloud and enterprise software,,medium,mixed,0,180,Partner ecosystems shape delivery capability and demand.,inferred_from_industry,"NSE classification, annual-report source inventory and sector value-chain mapping",0.6,inferred
ind_nifty500,ZENSARTECH,Zensar Technolgies Ltd.,global enterprise IT,customer_industry,downstream,global enterprise IT,,high,positive,0,180,Enterprise technology budgets and deal ramp-ups drive revenue.,inferred_from_industry,"NSE classification, annual-report source inventory and sector value-chain mapping",0.6,inferred
ind_nifty500,ZENSARTECH,Zensar Technolgies Ltd.,industry technology buyers,customer_industry,downstream,industry technology buyers,,medium,positive,0,180,Customer capex and transformation programs influence project conversion.,inferred_from_industry,"NSE classification, annual-report source inventory and sector value-chain mapping",0.6,inferred
ind_nifty500,ZENTEC,Zen Technologies Ltd.,"steel, copper, electronics and bought-out components",raw_material,upstream,metals and electrical components,,high,negative,0,180,Input cost inflation can affect project margins.,inferred_from_industry,"NSE classification, annual-report source inventory and sector value-chain mapping",0.6,inferred
ind_nifty500,ZENTEC,Zen Technologies Ltd.,project execution labor and subcontractors,labour,upstream,engineering and construction services,,medium,negative,0,180,Execution availability and cost influence delivery timelines.,inferred_from_industry,"NSE classification, annual-report source inventory and sector value-chain mapping",0.6,inferred
ind_nifty500,ZENTEC,Zen Technologies Ltd.,industrial and infrastructure capex,customer_industry,downstream,industrial and infrastructure capex,,high,positive,0,365,Private and public capex drives orders and execution.,inferred_from_industry,"NSE classification, annual-report source inventory and sector value-chain mapping",0.6,inferred
ind_nifty500,ZENTEC,Zen Technologies Ltd.,government and regulated utilities,customer_industry,downstream,government and regulated utilities,,medium,positive,0,365,Tender awards and utility capex influence order inflow.,inferred_from_industry,"NSE classification, annual-report source inventory and sector value-chain mapping",0.6,inferred
ind_nifty500,ZFCVINDIA,ZF Commercial Vehicle Control Systems India Ltd.,"steel, aluminium, rubber and components",raw_material,upstream,"metals, rubber and auto components",,high,negative,0,120,Commodity and component costs affect gross margin.,inferred_from_industry,"NSE classification, annual-report source inventory and sector value-chain mapping",0.6,inferred
ind_nifty500,ZFCVINDIA,ZF Commercial Vehicle Control Systems India Ltd.,electronics and logistics,component,upstream,electronics and logistics,,medium,negative,0,180,Supply availability affects production continuity.,inferred_from_industry,"NSE classification, annual-report source inventory and sector value-chain mapping",0.6,inferred
ind_nifty500,ZFCVINDIA,ZF Commercial Vehicle Control Systems India Ltd.,Indian auto demand,customer_industry,downstream,Indian auto demand,,high,positive,0,120,"Consumer income, financing and fleet demand drive volumes.",inferred_from_industry,"NSE classification, annual-report source inventory and sector value-chain mapping",0.6,inferred
ind_nifty500,ZFCVINDIA,ZF Commercial Vehicle Control Systems India Ltd.,OEM production and replacement market,customer_industry,downstream,OEM production and replacement market,,high,positive,0,180,OEM production schedules and replacement cycles affect revenue.,inferred_from_industry,"NSE classification, annual-report source inventory and sector value-chain mapping",0.6,inferred
