batch_id,input_symbol,input_company_name,risk_name,risk_category,affected_segment,expected_impact_direction,time_horizon,peer_or_company_specific,source,confidence
ind_nifty500,VAML,Vedanta Aluminium Metal Ltd.,commodity price downturn,commodity cycle risk,Metals,negative,near_to_medium_term,peer,Annual-report source inventory and sector risk mapping,0.58
ind_nifty500,VAML,Vedanta Aluminium Metal Ltd.,energy and freight inflation,raw material price risk,Metals,negative,near_term,peer,Annual-report source inventory and sector risk mapping,0.58
ind_nifty500,VISL,Vedanta Iron and Steel Ltd.,commodity price downturn,commodity cycle risk,Metals,negative,near_to_medium_term,peer,Annual-report source inventory and sector risk mapping,0.58
ind_nifty500,VISL,Vedanta Iron and Steel Ltd.,energy and freight inflation,raw material price risk,Metals,negative,near_term,peer,Annual-report source inventory and sector risk mapping,0.58
ind_nifty500,VEDL,Vedanta Ltd.,commodity price downturn,commodity cycle risk,Metals,negative,near_to_medium_term,peer,Annual-report source inventory and sector risk mapping,0.58
ind_nifty500,VEDL,Vedanta Ltd.,energy and freight inflation,raw material price risk,Metals,negative,near_term,peer,Annual-report source inventory and sector risk mapping,0.58
ind_nifty500,VOGL,Vedanta Oil and Gas Ltd.,commodity price and supply volatility,commodity risk,Energy and Utilities,mixed,near_term,peer,Annual-report source inventory and sector risk mapping,0.58
ind_nifty500,VOGL,Vedanta Oil and Gas Ltd.,tariff or policy change,regulatory risk,Energy and Utilities,mixed,medium_term,peer,Annual-report source inventory and sector risk mapping,0.58
ind_nifty500,VEDPOWER,Vedanta Power Ltd.,commodity price and supply volatility,commodity risk,Energy and Utilities,mixed,near_term,peer,Annual-report source inventory and sector risk mapping,0.58
ind_nifty500,VEDPOWER,Vedanta Power Ltd.,tariff or policy change,regulatory risk,Energy and Utilities,mixed,medium_term,peer,Annual-report source inventory and sector risk mapping,0.58
ind_nifty500,VIJAYA,Vijaya Diagnostic Centre Ltd.,regulatory compliance action,regulatory risk,all,negative,near_to_medium_term,peer,Annual-report source inventory and sector risk mapping,0.58
ind_nifty500,VIJAYA,Vijaya Diagnostic Centre Ltd.,pricing pressure or tender volatility,demand/pricing risk,all,mixed,medium_term,peer,Annual-report source inventory and sector risk mapping,0.58
ind_nifty500,IDEA,Vodafone Idea Ltd.,demand slowdown,demand cyclicality,Core Business,negative,near_to_medium_term,peer,Annual-report source inventory and sector risk mapping,0.58
ind_nifty500,IDEA,Vodafone Idea Ltd.,input-cost inflation,raw material price risk,Core Business,negative,near_term,peer,Annual-report source inventory and sector risk mapping,0.58
ind_nifty500,WAAREEENER,Waaree Energies Ltd.,order deferral or execution delay,execution risk,Capital Goods,negative,near_to_medium_term,peer,Annual-report source inventory and sector risk mapping,0.58
ind_nifty500,WAAREEENER,Waaree Energies Ltd.,commodity price volatility,raw material price risk,Capital Goods,negative,near_term,peer,Annual-report source inventory and sector risk mapping,0.58
ind_nifty500,WELCORP,Welspun Corp Ltd.,order deferral or execution delay,execution risk,Capital Goods,negative,near_to_medium_term,peer,Annual-report source inventory and sector risk mapping,0.58
ind_nifty500,WELCORP,Welspun Corp Ltd.,commodity price volatility,raw material price risk,Capital Goods,negative,near_term,peer,Annual-report source inventory and sector risk mapping,0.58
ind_nifty500,WELSPUNLIV,Welspun Living Ltd.,consumer demand slowdown,demand cyclicality,Consumer Products,negative,near_term,peer,Annual-report source inventory and sector risk mapping,0.58
ind_nifty500,WELSPUNLIV,Welspun Living Ltd.,input-cost inflation,raw material price risk,Consumer Products,negative,near_term,peer,Annual-report source inventory and sector risk mapping,0.58
ind_nifty500,WIPRO,Wipro Ltd.,client discretionary-spend slowdown,demand cyclicality,Technology Services,negative,near_to_medium_term,peer,Annual-report source inventory and sector risk mapping,0.58
ind_nifty500,WIPRO,Wipro Ltd.,wage inflation and attrition,labour risk,Technology Services,negative,near_term,peer,Annual-report source inventory and sector risk mapping,0.58
ind_nifty500,YESBANK,Yes Bank Ltd.,demand slowdown,demand cyclicality,Core Business,negative,near_to_medium_term,peer,Annual-report source inventory and sector risk mapping,0.58
ind_nifty500,YESBANK,Yes Bank Ltd.,input-cost inflation,raw material price risk,Core Business,negative,near_term,peer,Annual-report source inventory and sector risk mapping,0.58
ind_nifty500,ZFCVINDIA,ZF Commercial Vehicle Control Systems India Ltd.,auto demand slowdown,demand cyclicality,Automotive,negative,near_to_medium_term,peer,Annual-report source inventory and sector risk mapping,0.58
ind_nifty500,ZFCVINDIA,ZF Commercial Vehicle Control Systems India Ltd.,commodity and component inflation,raw material price risk,Automotive,negative,near_term,peer,Annual-report source inventory and sector risk mapping,0.58
ind_nifty500,ZEEL,Zee Entertainment Enterprises Ltd.,client discretionary-spend slowdown,demand cyclicality,Technology Services,negative,near_to_medium_term,peer,Annual-report source inventory and sector risk mapping,0.58
ind_nifty500,ZEEL,Zee Entertainment Enterprises Ltd.,wage inflation and attrition,labour risk,Technology Services,negative,near_term,peer,Annual-report source inventory and sector risk mapping,0.58
ind_nifty500,ZENTEC,Zen Technologies Ltd.,order deferral or execution delay,execution risk,Capital Goods,negative,near_to_medium_term,peer,Annual-report source inventory and sector risk mapping,0.58
ind_nifty500,ZENTEC,Zen Technologies Ltd.,commodity price volatility,raw material price risk,Capital Goods,negative,near_term,peer,Annual-report source inventory and sector risk mapping,0.58
ind_nifty500,ZENSARTECH,Zensar Technolgies Ltd.,client discretionary-spend slowdown,demand cyclicality,Technology Services,negative,near_to_medium_term,peer,Annual-report source inventory and sector risk mapping,0.58
ind_nifty500,ZENSARTECH,Zensar Technolgies Ltd.,wage inflation and attrition,labour risk,Technology Services,negative,near_term,peer,Annual-report source inventory and sector risk mapping,0.58
ind_nifty500,360ONE,360 ONE WAM Ltd.,demand slowdown,demand cyclicality,Core Business,negative,near_to_medium_term,peer,Annual-report source inventory and sector risk mapping,0.58
ind_nifty500,360ONE,360 ONE WAM Ltd.,input-cost inflation,raw material price risk,Core Business,negative,near_term,peer,Annual-report source inventory and sector risk mapping,0.58
nifty_500_shariah,3MINDIA,3M India Ltd.,demand slowdown,demand cyclicality,Core Business,negative,near_to_medium_term,peer,Annual-report source inventory and sector risk mapping,0.58
nifty_500_shariah,3MINDIA,3M India Ltd.,input-cost inflation,raw material price risk,Core Business,negative,near_term,peer,Annual-report source inventory and sector risk mapping,0.58
ind_nifty500,AARTIIND,Aarti Industries Ltd.,feedstock price volatility,raw material price risk,Chemicals,negative,near_term,peer,Annual-report source inventory and sector risk mapping,0.58
ind_nifty500,AARTIIND,Aarti Industries Ltd.,regulatory or environmental action,regulatory risk,Chemicals,negative,medium_term,peer,Annual-report source inventory and sector risk mapping,0.58
ind_nifty500,AAVAS,Aavas Financiers Ltd.,demand slowdown,demand cyclicality,Core Business,negative,near_to_medium_term,peer,Annual-report source inventory and sector risk mapping,0.58
ind_nifty500,AAVAS,Aavas Financiers Ltd.,input-cost inflation,raw material price risk,Core Business,negative,near_term,peer,Annual-report source inventory and sector risk mapping,0.58
ind_nifty500,ABB,ABB India Ltd.,order deferral or execution delay,execution risk,Capital Goods,negative,near_to_medium_term,peer,Annual-report source inventory and sector risk mapping,0.58
ind_nifty500,ABB,ABB India Ltd.,commodity price volatility,raw material price risk,Capital Goods,negative,near_term,peer,Annual-report source inventory and sector risk mapping,0.58
ind_nifty500,ABBOTINDIA,Abbott India Ltd.,regulatory compliance action,regulatory risk,all,negative,near_to_medium_term,peer,Annual-report source inventory and sector risk mapping,0.58
ind_nifty500,ABBOTINDIA,Abbott India Ltd.,pricing pressure or tender volatility,demand/pricing risk,all,mixed,medium_term,peer,Annual-report source inventory and sector risk mapping,0.58
ind_nifty500,ABCAPITAL,Aditya Birla Capital Ltd.,demand slowdown,demand cyclicality,Core Business,negative,near_to_medium_term,peer,Annual-report source inventory and sector risk mapping,0.58
ind_nifty500,ABCAPITAL,Aditya Birla Capital Ltd.,input-cost inflation,raw material price risk,Core Business,negative,near_term,peer,Annual-report source inventory and sector risk mapping,0.58
ind_nifty500,ABDL,Allied Blenders and Distillers Ltd.,consumer demand slowdown,demand cyclicality,Consumer Products,negative,near_term,peer,Annual-report source inventory and sector risk mapping,0.58
ind_nifty500,ABDL,Allied Blenders and Distillers Ltd.,input-cost inflation,raw material price risk,Consumer Products,negative,near_term,peer,Annual-report source inventory and sector risk mapping,0.58
nifty_500_shariah,ABFRL,Aditya Birla Fashion and Retail Ltd.,feedstock price volatility,raw material price risk,Chemicals,negative,near_term,peer,Annual-report source inventory and sector risk mapping,0.58
nifty_500_shariah,ABFRL,Aditya Birla Fashion and Retail Ltd.,regulatory or environmental action,regulatory risk,Chemicals,negative,medium_term,peer,Annual-report source inventory and sector risk mapping,0.58
nifty_500_shariah,ABLBL,Aditya Birla Lifestyle Brands Ltd.,feedstock price volatility,raw material price risk,Chemicals,negative,near_term,peer,Annual-report source inventory and sector risk mapping,0.58
nifty_500_shariah,ABLBL,Aditya Birla Lifestyle Brands Ltd.,regulatory or environmental action,regulatory risk,Chemicals,negative,medium_term,peer,Annual-report source inventory and sector risk mapping,0.58
ind_nifty500,ABSLAMC,Aditya Birla Sun Life AMC Ltd.,demand slowdown,demand cyclicality,Core Business,negative,near_to_medium_term,peer,Annual-report source inventory and sector risk mapping,0.58
ind_nifty500,ABSLAMC,Aditya Birla Sun Life AMC Ltd.,input-cost inflation,raw material price risk,Core Business,negative,near_term,peer,Annual-report source inventory and sector risk mapping,0.58
ind_nifty500,ACC,ACC Ltd.,order deferral or execution delay,execution risk,Capital Goods,negative,near_to_medium_term,peer,Annual-report source inventory and sector risk mapping,0.58
ind_nifty500,ACC,ACC Ltd.,commodity price volatility,raw material price risk,Capital Goods,negative,near_term,peer,Annual-report source inventory and sector risk mapping,0.58
nifty_500_shariah,ACE,Action Construction Equipment Ltd.,auto demand slowdown,demand cyclicality,Automotive,negative,near_to_medium_term,peer,Annual-report source inventory and sector risk mapping,0.58
nifty_500_shariah,ACE,Action Construction Equipment Ltd.,commodity and component inflation,raw material price risk,Automotive,negative,near_term,peer,Annual-report source inventory and sector risk mapping,0.58
ind_nifty500,ACMESOLAR,ACME Solar Holdings Ltd.,commodity price and supply volatility,commodity risk,Energy and Utilities,mixed,near_term,peer,Annual-report source inventory and sector risk mapping,0.58
ind_nifty500,ACMESOLAR,ACME Solar Holdings Ltd.,tariff or policy change,regulatory risk,Energy and Utilities,mixed,medium_term,peer,Annual-report source inventory and sector risk mapping,0.58
nifty_500_shariah,ACUTAAS,Acutaas Chemicals Ltd.,regulatory compliance action,regulatory risk,all,negative,near_to_medium_term,peer,Annual-report source inventory and sector risk mapping,0.58
nifty_500_shariah,ACUTAAS,Acutaas Chemicals Ltd.,pricing pressure or tender volatility,demand/pricing risk,all,mixed,medium_term,peer,Annual-report source inventory and sector risk mapping,0.58
ind_nifty500,ADANIENSOL,Adani Energy Solutions Ltd.,commodity price and supply volatility,commodity risk,Energy and Utilities,mixed,near_term,peer,Annual-report source inventory and sector risk mapping,0.58
ind_nifty500,ADANIENSOL,Adani Energy Solutions Ltd.,tariff or policy change,regulatory risk,Energy and Utilities,mixed,medium_term,peer,Annual-report source inventory and sector risk mapping,0.58
ind_nifty500,ADANIENT,Adani Enterprises Ltd.,commodity price downturn,commodity cycle risk,Metals,negative,near_to_medium_term,peer,Annual-report source inventory and sector risk mapping,0.58
ind_nifty500,ADANIENT,Adani Enterprises Ltd.,energy and freight inflation,raw material price risk,Metals,negative,near_term,peer,Annual-report source inventory and sector risk mapping,0.58
ind_nifty500,ADANIGREEN,Adani Green Energy Ltd.,commodity price and supply volatility,commodity risk,Energy and Utilities,mixed,near_term,peer,Annual-report source inventory and sector risk mapping,0.58
ind_nifty500,ADANIGREEN,Adani Green Energy Ltd.,tariff or policy change,regulatory risk,Energy and Utilities,mixed,medium_term,peer,Annual-report source inventory and sector risk mapping,0.58
ind_nifty500,ADANIPORTS,Adani Ports and Special Economic Zone Ltd.,order deferral or execution delay,execution risk,Capital Goods,negative,near_to_medium_term,peer,Annual-report source inventory and sector risk mapping,0.58
ind_nifty500,ADANIPORTS,Adani Ports and Special Economic Zone Ltd.,commodity price volatility,raw material price risk,Capital Goods,negative,near_term,peer,Annual-report source inventory and sector risk mapping,0.58
ind_nifty500,ADANIPOWER,Adani Power Ltd.,commodity price and supply volatility,commodity risk,Energy and Utilities,mixed,near_term,peer,Annual-report source inventory and sector risk mapping,0.58
ind_nifty500,ADANIPOWER,Adani Power Ltd.,tariff or policy change,regulatory risk,Energy and Utilities,mixed,medium_term,peer,Annual-report source inventory and sector risk mapping,0.58
ind_nifty500,AEGISLOG,Aegis Logistics Ltd.,commodity price and supply volatility,commodity risk,Energy and Utilities,mixed,near_term,peer,Annual-report source inventory and sector risk mapping,0.58
ind_nifty500,AEGISLOG,Aegis Logistics Ltd.,tariff or policy change,regulatory risk,Energy and Utilities,mixed,medium_term,peer,Annual-report source inventory and sector risk mapping,0.58
ind_nifty500,AEGISVOPAK,Aegis Vopak Terminals Ltd.,commodity price and supply volatility,commodity risk,Energy and Utilities,mixed,near_term,peer,Annual-report source inventory and sector risk mapping,0.58
ind_nifty500,AEGISVOPAK,Aegis Vopak Terminals Ltd.,tariff or policy change,regulatory risk,Energy and Utilities,mixed,medium_term,peer,Annual-report source inventory and sector risk mapping,0.58
ind_nifty500,AFFLE,Affle 3i Ltd.,client discretionary-spend slowdown,demand cyclicality,Technology Services,negative,near_to_medium_term,peer,Annual-report source inventory and sector risk mapping,0.58
ind_nifty500,AFFLE,Affle 3i Ltd.,wage inflation and attrition,labour risk,Technology Services,negative,near_term,peer,Annual-report source inventory and sector risk mapping,0.58
ind_nifty500,AIAENG,AIA Engineering Ltd.,order deferral or execution delay,execution risk,Capital Goods,negative,near_to_medium_term,peer,Annual-report source inventory and sector risk mapping,0.58
ind_nifty500,AIAENG,AIA Engineering Ltd.,commodity price volatility,raw material price risk,Capital Goods,negative,near_term,peer,Annual-report source inventory and sector risk mapping,0.58
ind_nifty500,AIIL,Authum Investment & Infrastructure Ltd.,order deferral or execution delay,execution risk,Capital Goods,negative,near_to_medium_term,peer,Annual-report source inventory and sector risk mapping,0.58
ind_nifty500,AIIL,Authum Investment & Infrastructure Ltd.,commodity price volatility,raw material price risk,Capital Goods,negative,near_term,peer,Annual-report source inventory and sector risk mapping,0.58
ind_nifty500,AJANTPHARM,Ajanta Pharmaceuticals Ltd.,regulatory compliance action,regulatory risk,all,negative,near_to_medium_term,peer,Annual-report source inventory and sector risk mapping,0.58
ind_nifty500,AJANTPHARM,Ajanta Pharmaceuticals Ltd.,pricing pressure or tender volatility,demand/pricing risk,all,mixed,medium_term,peer,Annual-report source inventory and sector risk mapping,0.58
nifty_500_shariah,ALKEM,Alkem Laboratories Ltd.,regulatory compliance action,regulatory risk,all,negative,near_to_medium_term,peer,Annual-report source inventory and sector risk mapping,0.58
nifty_500_shariah,ALKEM,Alkem Laboratories Ltd.,pricing pressure or tender volatility,demand/pricing risk,all,mixed,medium_term,peer,Annual-report source inventory and sector risk mapping,0.58
nifty_500_shariah,AMBER,Amber Enterprises India Ltd.,consumer demand slowdown,demand cyclicality,Consumer Products,negative,near_term,peer,Annual-report source inventory and sector risk mapping,0.58
nifty_500_shariah,AMBER,Amber Enterprises India Ltd.,input-cost inflation,raw material price risk,Consumer Products,negative,near_term,peer,Annual-report source inventory and sector risk mapping,0.58
ind_nifty500,AMBUJACEM,Ambuja Cements Ltd.,order deferral or execution delay,execution risk,Capital Goods,negative,near_to_medium_term,peer,Annual-report source inventory and sector risk mapping,0.58
ind_nifty500,AMBUJACEM,Ambuja Cements Ltd.,commodity price volatility,raw material price risk,Capital Goods,negative,near_term,peer,Annual-report source inventory and sector risk mapping,0.58
ind_nifty500,ANANDRATHI,Anand Rathi Wealth Ltd.,demand slowdown,demand cyclicality,Core Business,negative,near_to_medium_term,peer,Annual-report source inventory and sector risk mapping,0.58
ind_nifty500,ANANDRATHI,Anand Rathi Wealth Ltd.,input-cost inflation,raw material price risk,Core Business,negative,near_term,peer,Annual-report source inventory and sector risk mapping,0.58
nifty_500_shariah,ANANTRAJ,Anant Raj Ltd.,consumer demand slowdown,demand cyclicality,Consumer Products,negative,near_term,peer,Annual-report source inventory and sector risk mapping,0.58
nifty_500_shariah,ANANTRAJ,Anant Raj Ltd.,input-cost inflation,raw material price risk,Consumer Products,negative,near_term,peer,Annual-report source inventory and sector risk mapping,0.58
ind_nifty500,ANGELONE,Angel One Ltd.,demand slowdown,demand cyclicality,Core Business,negative,near_to_medium_term,peer,Annual-report source inventory and sector risk mapping,0.58
ind_nifty500,ANGELONE,Angel One Ltd.,input-cost inflation,raw material price risk,Core Business,negative,near_term,peer,Annual-report source inventory and sector risk mapping,0.58
ind_nifty500,ANTHEM,Anthem Biosciences Ltd.,regulatory compliance action,regulatory risk,all,negative,near_to_medium_term,peer,Annual-report source inventory and sector risk mapping,0.58
ind_nifty500,ANTHEM,Anthem Biosciences Ltd.,pricing pressure or tender volatility,demand/pricing risk,all,mixed,medium_term,peer,Annual-report source inventory and sector risk mapping,0.58
ind_nifty500,ANURAS,Anupam Rasayan India Ltd.,feedstock price volatility,raw material price risk,Chemicals,negative,near_term,peer,Annual-report source inventory and sector risk mapping,0.58
ind_nifty500,ANURAS,Anupam Rasayan India Ltd.,regulatory or environmental action,regulatory risk,Chemicals,negative,medium_term,peer,Annual-report source inventory and sector risk mapping,0.58
ind_nifty500,APARINDS,Apar Industries Ltd.,order deferral or execution delay,execution risk,Capital Goods,negative,near_to_medium_term,peer,Annual-report source inventory and sector risk mapping,0.58
ind_nifty500,APARINDS,Apar Industries Ltd.,commodity price volatility,raw material price risk,Capital Goods,negative,near_term,peer,Annual-report source inventory and sector risk mapping,0.58
nifty_500_shariah,APLAPOLLO,APL Apollo Tubes Ltd.,order deferral or execution delay,execution risk,Capital Goods,negative,near_to_medium_term,peer,Annual-report source inventory and sector risk mapping,0.58
nifty_500_shariah,APLAPOLLO,APL Apollo Tubes Ltd.,commodity price volatility,raw material price risk,Capital Goods,negative,near_term,peer,Annual-report source inventory and sector risk mapping,0.58
ind_nifty500,APOLLOHOSP,Apollo Hospitals Enterprise Ltd.,regulatory compliance action,regulatory risk,all,negative,near_to_medium_term,peer,Annual-report source inventory and sector risk mapping,0.58
ind_nifty500,APOLLOHOSP,Apollo Hospitals Enterprise Ltd.,pricing pressure or tender volatility,demand/pricing risk,all,mixed,medium_term,peer,Annual-report source inventory and sector risk mapping,0.58
nifty_500_shariah,APOLLOTYRE,Apollo Tyres Ltd.,auto demand slowdown,demand cyclicality,Automotive,negative,near_to_medium_term,peer,Annual-report source inventory and sector risk mapping,0.58
nifty_500_shariah,APOLLOTYRE,Apollo Tyres Ltd.,commodity and component inflation,raw material price risk,Automotive,negative,near_term,peer,Annual-report source inventory and sector risk mapping,0.58
ind_nifty500,APTUS,Aptus Value Housing Finance India Ltd.,demand slowdown,demand cyclicality,Core Business,negative,near_to_medium_term,peer,Annual-report source inventory and sector risk mapping,0.58
ind_nifty500,APTUS,Aptus Value Housing Finance India Ltd.,input-cost inflation,raw material price risk,Core Business,negative,near_term,peer,Annual-report source inventory and sector risk mapping,0.58
nifty_500_shariah,ARE&M,Amara Raja Energy & Mobility Ltd.,auto demand slowdown,demand cyclicality,Automotive,negative,near_to_medium_term,peer,Annual-report source inventory and sector risk mapping,0.58
nifty_500_shariah,ARE&M,Amara Raja Energy & Mobility Ltd.,commodity and component inflation,raw material price risk,Automotive,negative,near_term,peer,Annual-report source inventory and sector risk mapping,0.58
ind_nifty500,ASAHIINDIA,Asahi India Glass Ltd.,auto demand slowdown,demand cyclicality,Automotive,negative,near_to_medium_term,peer,Annual-report source inventory and sector risk mapping,0.58
ind_nifty500,ASAHIINDIA,Asahi India Glass Ltd.,commodity and component inflation,raw material price risk,Automotive,negative,near_term,peer,Annual-report source inventory and sector risk mapping,0.58
ind_nifty500,ASHOKLEY,Ashok Leyland Ltd.,auto demand slowdown,demand cyclicality,Automotive,negative,near_to_medium_term,peer,Annual-report source inventory and sector risk mapping,0.58
ind_nifty500,ASHOKLEY,Ashok Leyland Ltd.,commodity and component inflation,raw material price risk,Automotive,negative,near_term,peer,Annual-report source inventory and sector risk mapping,0.58
nifty_50_shariah,ASIANPAINT,ASIAN PAINTS LTD.,raw-material inflation,raw material price risk,all,negative,near_to_medium_term,peer,Annual Report 2024-25 risk factors and business review,0.72
nifty_50_shariah,ASIANPAINT,ASIAN PAINTS LTD.,slower housing/repainting demand,demand cyclicality,Decorative Paints and Coatings,negative,near_to_medium_term,peer,Annual Report 2024-25 risk factors and business review,0.72
nifty_500_shariah,ASTERDM,Aster DM Healthcare Ltd.,regulatory compliance action,regulatory risk,all,negative,near_to_medium_term,peer,Annual-report source inventory and sector risk mapping,0.58
nifty_500_shariah,ASTERDM,Aster DM Healthcare Ltd.,pricing pressure or tender volatility,demand/pricing risk,all,mixed,medium_term,peer,Annual-report source inventory and sector risk mapping,0.58
nifty_500_shariah,ASTRAL,Astral Ltd.,order deferral or execution delay,execution risk,Capital Goods,negative,near_to_medium_term,peer,Annual-report source inventory and sector risk mapping,0.58
nifty_500_shariah,ASTRAL,Astral Ltd.,commodity price volatility,raw material price risk,Capital Goods,negative,near_term,peer,Annual-report source inventory and sector risk mapping,0.58
nifty_500_shariah,ATGL,Adani Total Gas Ltd.,commodity price and supply volatility,commodity risk,Energy and Utilities,mixed,near_term,peer,Annual-report source inventory and sector risk mapping,0.58
nifty_500_shariah,ATGL,Adani Total Gas Ltd.,tariff or policy change,regulatory risk,Energy and Utilities,mixed,medium_term,peer,Annual-report source inventory and sector risk mapping,0.58
ind_nifty500,ATHERENERG,Ather Energy Ltd.,auto demand slowdown,demand cyclicality,Automotive,negative,near_to_medium_term,peer,Annual-report source inventory and sector risk mapping,0.58
ind_nifty500,ATHERENERG,Ather Energy Ltd.,commodity and component inflation,raw material price risk,Automotive,negative,near_term,peer,Annual-report source inventory and sector risk mapping,0.58
ind_nifty500,ATUL,Atul Ltd.,feedstock price volatility,raw material price risk,Chemicals,negative,near_term,peer,Annual-report source inventory and sector risk mapping,0.58
ind_nifty500,ATUL,Atul Ltd.,regulatory or environmental action,regulatory risk,Chemicals,negative,medium_term,peer,Annual-report source inventory and sector risk mapping,0.58
ind_nifty500,AUBANK,AU Small Finance Bank Ltd.,demand slowdown,demand cyclicality,Core Business,negative,near_to_medium_term,peer,Annual-report source inventory and sector risk mapping,0.58
ind_nifty500,AUBANK,AU Small Finance Bank Ltd.,input-cost inflation,raw material price risk,Core Business,negative,near_term,peer,Annual-report source inventory and sector risk mapping,0.58
nifty_500_shariah,AUROPHARMA,Aurobindo Pharma Ltd.,regulatory compliance action,regulatory risk,all,negative,near_to_medium_term,peer,Annual-report source inventory and sector risk mapping,0.58
nifty_500_shariah,AUROPHARMA,Aurobindo Pharma Ltd.,pricing pressure or tender volatility,demand/pricing risk,all,mixed,medium_term,peer,Annual-report source inventory and sector risk mapping,0.58
ind_nifty500,AWL,AWL Agri Business Ltd.,consumer demand slowdown,demand cyclicality,Consumer Products,negative,near_term,peer,Annual-report source inventory and sector risk mapping,0.58
ind_nifty500,AWL,AWL Agri Business Ltd.,input-cost inflation,raw material price risk,Consumer Products,negative,near_term,peer,Annual-report source inventory and sector risk mapping,0.58
ind_nifty500,AXISBANK,Axis Bank Ltd.,demand slowdown,demand cyclicality,Core Business,negative,near_to_medium_term,peer,Annual-report source inventory and sector risk mapping,0.58
ind_nifty500,AXISBANK,Axis Bank Ltd.,input-cost inflation,raw material price risk,Core Business,negative,near_term,peer,Annual-report source inventory and sector risk mapping,0.58
ind_nifty500,BAJAJ-AUTO,Bajaj Auto Ltd.,auto demand slowdown,demand cyclicality,Automotive,negative,near_to_medium_term,peer,Annual-report source inventory and sector risk mapping,0.58
ind_nifty500,BAJAJ-AUTO,Bajaj Auto Ltd.,commodity and component inflation,raw material price risk,Automotive,negative,near_term,peer,Annual-report source inventory and sector risk mapping,0.58
ind_nifty500,BAJAJFINSV,Bajaj Finserv Ltd.,demand slowdown,demand cyclicality,Core Business,negative,near_to_medium_term,peer,Annual-report source inventory and sector risk mapping,0.58
ind_nifty500,BAJAJFINSV,Bajaj Finserv Ltd.,input-cost inflation,raw material price risk,Core Business,negative,near_term,peer,Annual-report source inventory and sector risk mapping,0.58
ind_nifty500,BAJAJHFL,Bajaj Housing Finance Ltd.,demand slowdown,demand cyclicality,Core Business,negative,near_to_medium_term,peer,Annual-report source inventory and sector risk mapping,0.58
ind_nifty500,BAJAJHFL,Bajaj Housing Finance Ltd.,input-cost inflation,raw material price risk,Core Business,negative,near_term,peer,Annual-report source inventory and sector risk mapping,0.58
ind_nifty500,BAJAJHLDNG,Bajaj Holdings & Investment Ltd.,demand slowdown,demand cyclicality,Core Business,negative,near_to_medium_term,peer,Annual-report source inventory and sector risk mapping,0.58
ind_nifty500,BAJAJHLDNG,Bajaj Holdings & Investment Ltd.,input-cost inflation,raw material price risk,Core Business,negative,near_term,peer,Annual-report source inventory and sector risk mapping,0.58
ind_nifty500,BAJFINANCE,Bajaj Finance Ltd.,demand slowdown,demand cyclicality,Core Business,negative,near_to_medium_term,peer,Annual-report source inventory and sector risk mapping,0.58
ind_nifty500,BAJFINANCE,Bajaj Finance Ltd.,input-cost inflation,raw material price risk,Core Business,negative,near_term,peer,Annual-report source inventory and sector risk mapping,0.58
nifty_500_shariah,BALKRISIND,Balkrishna Industries Ltd.,auto demand slowdown,demand cyclicality,Automotive,negative,near_to_medium_term,peer,Annual-report source inventory and sector risk mapping,0.58
nifty_500_shariah,BALKRISIND,Balkrishna Industries Ltd.,commodity and component inflation,raw material price risk,Automotive,negative,near_term,peer,Annual-report source inventory and sector risk mapping,0.58
ind_nifty500,BALRAMCHIN,Balrampur Chini Mills Ltd.,consumer demand slowdown,demand cyclicality,Consumer Products,negative,near_term,peer,Annual-report source inventory and sector risk mapping,0.58
ind_nifty500,BALRAMCHIN,Balrampur Chini Mills Ltd.,input-cost inflation,raw material price risk,Consumer Products,negative,near_term,peer,Annual-report source inventory and sector risk mapping,0.58
ind_nifty500,BANDHANBNK,Bandhan Bank Ltd.,demand slowdown,demand cyclicality,Core Business,negative,near_to_medium_term,peer,Annual-report source inventory and sector risk mapping,0.58
ind_nifty500,BANDHANBNK,Bandhan Bank Ltd.,input-cost inflation,raw material price risk,Core Business,negative,near_term,peer,Annual-report source inventory and sector risk mapping,0.58
ind_nifty500,BANKBARODA,Bank of Baroda,demand slowdown,demand cyclicality,Core Business,negative,near_to_medium_term,peer,Annual-report source inventory and sector risk mapping,0.58
ind_nifty500,BANKBARODA,Bank of Baroda,input-cost inflation,raw material price risk,Core Business,negative,near_term,peer,Annual-report source inventory and sector risk mapping,0.58
ind_nifty500,BANKINDIA,Bank of India,demand slowdown,demand cyclicality,Core Business,negative,near_to_medium_term,peer,Annual-report source inventory and sector risk mapping,0.58
ind_nifty500,BANKINDIA,Bank of India,input-cost inflation,raw material price risk,Core Business,negative,near_term,peer,Annual-report source inventory and sector risk mapping,0.58
nifty_500_shariah,BATAINDIA,Bata India Ltd.,consumer demand slowdown,demand cyclicality,Consumer Products,negative,near_term,peer,Annual-report source inventory and sector risk mapping,0.58
nifty_500_shariah,BATAINDIA,Bata India Ltd.,input-cost inflation,raw material price risk,Consumer Products,negative,near_term,peer,Annual-report source inventory and sector risk mapping,0.58
nifty_500_shariah,BAYERCROP,Bayer Cropscience Ltd.,feedstock price volatility,raw material price risk,Chemicals,negative,near_term,peer,Annual-report source inventory and sector risk mapping,0.58
nifty_500_shariah,BAYERCROP,Bayer Cropscience Ltd.,regulatory or environmental action,regulatory risk,Chemicals,negative,medium_term,peer,Annual-report source inventory and sector risk mapping,0.58
nifty_500_shariah,BBTC,The Bombay Burmah Trading Corporation Ltd.,consumer demand slowdown,demand cyclicality,Consumer Products,negative,near_term,peer,Annual-report source inventory and sector risk mapping,0.58
nifty_500_shariah,BBTC,The Bombay Burmah Trading Corporation Ltd.,input-cost inflation,raw material price risk,Consumer Products,negative,near_term,peer,Annual-report source inventory and sector risk mapping,0.58
ind_nifty500,BDL,Bharat Dynamics Ltd.,order deferral or execution delay,execution risk,Capital Goods,negative,near_to_medium_term,peer,Annual-report source inventory and sector risk mapping,0.58
ind_nifty500,BDL,Bharat Dynamics Ltd.,commodity price volatility,raw material price risk,Capital Goods,negative,near_term,peer,Annual-report source inventory and sector risk mapping,0.58
ind_nifty500,BEL,Bharat Electronics Ltd.,order deferral or execution delay,execution risk,Capital Goods,negative,near_to_medium_term,peer,Annual-report source inventory and sector risk mapping,0.58
ind_nifty500,BEL,Bharat Electronics Ltd.,commodity price volatility,raw material price risk,Capital Goods,negative,near_term,peer,Annual-report source inventory and sector risk mapping,0.58
ind_nifty500,BELRISE,Belrise Industries Ltd.,auto demand slowdown,demand cyclicality,Automotive,negative,near_to_medium_term,peer,Annual-report source inventory and sector risk mapping,0.58
ind_nifty500,BELRISE,Belrise Industries Ltd.,commodity and component inflation,raw material price risk,Automotive,negative,near_term,peer,Annual-report source inventory and sector risk mapping,0.58
ind_nifty500,BEML,BEML Ltd.,auto demand slowdown,demand cyclicality,Automotive,negative,near_to_medium_term,peer,Annual-report source inventory and sector risk mapping,0.58
ind_nifty500,BEML,BEML Ltd.,commodity and component inflation,raw material price risk,Automotive,negative,near_term,peer,Annual-report source inventory and sector risk mapping,0.58
nifty_500_shariah,BERGEPAINT,Berger Paints (India) Ltd.,consumer demand slowdown,demand cyclicality,Consumer Products,negative,near_term,peer,Annual-report source inventory and sector risk mapping,0.58
nifty_500_shariah,BERGEPAINT,Berger Paints (India) Ltd.,input-cost inflation,raw material price risk,Consumer Products,negative,near_term,peer,Annual-report source inventory and sector risk mapping,0.58
ind_nifty500,BHARATFORG,Bharat Forge Ltd.,auto demand slowdown,demand cyclicality,Automotive,negative,near_to_medium_term,peer,Annual-report source inventory and sector risk mapping,0.58
ind_nifty500,BHARATFORG,Bharat Forge Ltd.,commodity and component inflation,raw material price risk,Automotive,negative,near_term,peer,Annual-report source inventory and sector risk mapping,0.58
ind_nifty500,BHARTIARTL,Bharti Airtel Ltd.,demand slowdown,demand cyclicality,Core Business,negative,near_to_medium_term,peer,Annual-report source inventory and sector risk mapping,0.58
ind_nifty500,BHARTIARTL,Bharti Airtel Ltd.,input-cost inflation,raw material price risk,Core Business,negative,near_term,peer,Annual-report source inventory and sector risk mapping,0.58
ind_nifty500,BHARTIHEXA,Bharti Hexacom Ltd.,demand slowdown,demand cyclicality,Core Business,negative,near_to_medium_term,peer,Annual-report source inventory and sector risk mapping,0.58
ind_nifty500,BHARTIHEXA,Bharti Hexacom Ltd.,input-cost inflation,raw material price risk,Core Business,negative,near_term,peer,Annual-report source inventory and sector risk mapping,0.58
nifty_500_shariah,BHEL,Bharat Heavy Electricals Ltd.,order deferral or execution delay,execution risk,Capital Goods,negative,near_to_medium_term,peer,Annual-report source inventory and sector risk mapping,0.58
nifty_500_shariah,BHEL,Bharat Heavy Electricals Ltd.,commodity price volatility,raw material price risk,Capital Goods,negative,near_term,peer,Annual-report source inventory and sector risk mapping,0.58
nifty_500_shariah,BIKAJI,Bikaji Foods International Ltd.,consumer demand slowdown,demand cyclicality,Consumer Products,negative,near_term,peer,Annual-report source inventory and sector risk mapping,0.58
nifty_500_shariah,BIKAJI,Bikaji Foods International Ltd.,input-cost inflation,raw material price risk,Consumer Products,negative,near_term,peer,Annual-report source inventory and sector risk mapping,0.58
ind_nifty500,BIOCON,Biocon Ltd.,regulatory compliance action,regulatory risk,all,negative,near_to_medium_term,peer,Annual-report source inventory and sector risk mapping,0.58
ind_nifty500,BIOCON,Biocon Ltd.,pricing pressure or tender volatility,demand/pricing risk,all,mixed,medium_term,peer,Annual-report source inventory and sector risk mapping,0.58
ind_nifty500,BLS,BLS International Services Ltd.,consumer demand slowdown,demand cyclicality,Consumer Products,negative,near_term,peer,Annual-report source inventory and sector risk mapping,0.58
ind_nifty500,BLS,BLS International Services Ltd.,input-cost inflation,raw material price risk,Consumer Products,negative,near_term,peer,Annual-report source inventory and sector risk mapping,0.58
nifty_500_shariah,BLUEDART,Blue Dart Express Ltd.,demand slowdown,demand cyclicality,Core Business,negative,near_to_medium_term,peer,Annual-report source inventory and sector risk mapping,0.58
nifty_500_shariah,BLUEDART,Blue Dart Express Ltd.,input-cost inflation,raw material price risk,Core Business,negative,near_term,peer,Annual-report source inventory and sector risk mapping,0.58
nifty_500_shariah,BLUEJET,Blue Jet Healthcare Ltd,regulatory compliance action,regulatory risk,all,negative,near_to_medium_term,peer,Annual-report source inventory and sector risk mapping,0.58
nifty_500_shariah,BLUEJET,Blue Jet Healthcare Ltd,pricing pressure or tender volatility,demand/pricing risk,all,mixed,medium_term,peer,Annual-report source inventory and sector risk mapping,0.58
nifty_500_shariah,BLUESTARCO,Blue Star Ltd.,consumer demand slowdown,demand cyclicality,Consumer Products,negative,near_term,peer,Annual-report source inventory and sector risk mapping,0.58
nifty_500_shariah,BLUESTARCO,Blue Star Ltd.,input-cost inflation,raw material price risk,Consumer Products,negative,near_term,peer,Annual-report source inventory and sector risk mapping,0.58
ind_nifty500,BOSCHLTD,Bosch Ltd.,auto demand slowdown,demand cyclicality,Automotive,negative,near_to_medium_term,peer,Annual-report source inventory and sector risk mapping,0.58
ind_nifty500,BOSCHLTD,Bosch Ltd.,commodity and component inflation,raw material price risk,Automotive,negative,near_term,peer,Annual-report source inventory and sector risk mapping,0.58
nifty_500_shariah,BPCL,Bharat Petroleum Corporation Ltd.,commodity price and supply volatility,commodity risk,Energy and Utilities,mixed,near_term,peer,Annual-report source inventory and sector risk mapping,0.58
nifty_500_shariah,BPCL,Bharat Petroleum Corporation Ltd.,tariff or policy change,regulatory risk,Energy and Utilities,mixed,medium_term,peer,Annual-report source inventory and sector risk mapping,0.58
ind_nifty500,BRIGADE,Brigade Enterprises Ltd.,consumer demand slowdown,demand cyclicality,Consumer Products,negative,near_term,peer,Annual-report source inventory and sector risk mapping,0.58
ind_nifty500,BRIGADE,Brigade Enterprises Ltd.,input-cost inflation,raw material price risk,Consumer Products,negative,near_term,peer,Annual-report source inventory and sector risk mapping,0.58
nifty_500_shariah,BRITANNIA,Britannia Industries Ltd.,consumer demand slowdown,demand cyclicality,Consumer Products,negative,near_term,peer,Annual-report source inventory and sector risk mapping,0.58
nifty_500_shariah,BRITANNIA,Britannia Industries Ltd.,input-cost inflation,raw material price risk,Consumer Products,negative,near_term,peer,Annual-report source inventory and sector risk mapping,0.58
ind_nifty500,BSE,BSE Ltd.,demand slowdown,demand cyclicality,Core Business,negative,near_to_medium_term,peer,Annual-report source inventory and sector risk mapping,0.58
ind_nifty500,BSE,BSE Ltd.,input-cost inflation,raw material price risk,Core Business,negative,near_term,peer,Annual-report source inventory and sector risk mapping,0.58
nifty_500_shariah,BSOFT,Birlasoft Ltd.,client discretionary-spend slowdown,demand cyclicality,Technology Services,negative,near_to_medium_term,peer,Annual-report source inventory and sector risk mapping,0.58
nifty_500_shariah,BSOFT,Birlasoft Ltd.,wage inflation and attrition,labour risk,Technology Services,negative,near_term,peer,Annual-report source inventory and sector risk mapping,0.58
ind_nifty500,CAMS,Computer Age Management Services Ltd.,client discretionary-spend slowdown,demand cyclicality,Technology Services,negative,near_to_medium_term,peer,Annual-report source inventory and sector risk mapping,0.58
ind_nifty500,CAMS,Computer Age Management Services Ltd.,wage inflation and attrition,labour risk,Technology Services,negative,near_term,peer,Annual-report source inventory and sector risk mapping,0.58
ind_nifty500,CANBK,Canara Bank,demand slowdown,demand cyclicality,Core Business,negative,near_to_medium_term,peer,Annual-report source inventory and sector risk mapping,0.58
ind_nifty500,CANBK,Canara Bank,input-cost inflation,raw material price risk,Core Business,negative,near_term,peer,Annual-report source inventory and sector risk mapping,0.58
ind_nifty500,CANFINHOME,Can Fin Homes Ltd.,demand slowdown,demand cyclicality,Core Business,negative,near_to_medium_term,peer,Annual-report source inventory and sector risk mapping,0.58
ind_nifty500,CANFINHOME,Can Fin Homes Ltd.,input-cost inflation,raw material price risk,Core Business,negative,near_term,peer,Annual-report source inventory and sector risk mapping,0.58
ind_nifty500,CANHLIFE,Canara HSBC Life Insurance Company Ltd.,demand slowdown,demand cyclicality,Core Business,negative,near_to_medium_term,peer,Annual-report source inventory and sector risk mapping,0.58
ind_nifty500,CANHLIFE,Canara HSBC Life Insurance Company Ltd.,input-cost inflation,raw material price risk,Core Business,negative,near_term,peer,Annual-report source inventory and sector risk mapping,0.58
ind_nifty500,CAPLIPOINT,Caplin Point Laboratories Ltd.,regulatory compliance action,regulatory risk,all,negative,near_to_medium_term,peer,Annual-report source inventory and sector risk mapping,0.58
ind_nifty500,CAPLIPOINT,Caplin Point Laboratories Ltd.,pricing pressure or tender volatility,demand/pricing risk,all,mixed,medium_term,peer,Annual-report source inventory and sector risk mapping,0.58
nifty_500_shariah,CARBORUNIV,Carborundum Universal Ltd.,order deferral or execution delay,execution risk,Capital Goods,negative,near_to_medium_term,peer,Annual-report source inventory and sector risk mapping,0.58
nifty_500_shariah,CARBORUNIV,Carborundum Universal Ltd.,commodity price volatility,raw material price risk,Capital Goods,negative,near_term,peer,Annual-report source inventory and sector risk mapping,0.58
ind_nifty500,CARTRADE,Cartrade Tech Ltd.,consumer demand slowdown,demand cyclicality,Consumer Products,negative,near_term,peer,Annual-report source inventory and sector risk mapping,0.58
ind_nifty500,CARTRADE,Cartrade Tech Ltd.,input-cost inflation,raw material price risk,Consumer Products,negative,near_term,peer,Annual-report source inventory and sector risk mapping,0.58
nifty_500_shariah,CASTROLIND,Castrol India Ltd.,commodity price and supply volatility,commodity risk,Energy and Utilities,mixed,near_term,peer,Annual-report source inventory and sector risk mapping,0.58
nifty_500_shariah,CASTROLIND,Castrol India Ltd.,tariff or policy change,regulatory risk,Energy and Utilities,mixed,medium_term,peer,Annual-report source inventory and sector risk mapping,0.58
ind_nifty500,CCL,CCL Products (I) Ltd.,consumer demand slowdown,demand cyclicality,Consumer Products,negative,near_term,peer,Annual-report source inventory and sector risk mapping,0.58
ind_nifty500,CCL,CCL Products (I) Ltd.,input-cost inflation,raw material price risk,Consumer Products,negative,near_term,peer,Annual-report source inventory and sector risk mapping,0.58
ind_nifty500,CDSL,Central Depository Services (India) Ltd.,demand slowdown,demand cyclicality,Core Business,negative,near_to_medium_term,peer,Annual-report source inventory and sector risk mapping,0.58
ind_nifty500,CDSL,Central Depository Services (India) Ltd.,input-cost inflation,raw material price risk,Core Business,negative,near_term,peer,Annual-report source inventory and sector risk mapping,0.58
nifty_500_shariah,CEATLTD,Ceat Ltd.,auto demand slowdown,demand cyclicality,Automotive,negative,near_to_medium_term,peer,Annual-report source inventory and sector risk mapping,0.58
nifty_500_shariah,CEATLTD,Ceat Ltd.,commodity and component inflation,raw material price risk,Automotive,negative,near_term,peer,Annual-report source inventory and sector risk mapping,0.58
nifty_500_shariah,CEMPRO,Cemindia Projects Ltd.,order deferral or execution delay,execution risk,Capital Goods,negative,near_to_medium_term,peer,Annual-report source inventory and sector risk mapping,0.58
nifty_500_shariah,CEMPRO,Cemindia Projects Ltd.,commodity price volatility,raw material price risk,Capital Goods,negative,near_term,peer,Annual-report source inventory and sector risk mapping,0.58
ind_nifty500,CENTRALBK,Central Bank of India,demand slowdown,demand cyclicality,Core Business,negative,near_to_medium_term,peer,Annual-report source inventory and sector risk mapping,0.58
ind_nifty500,CENTRALBK,Central Bank of India,input-cost inflation,raw material price risk,Core Business,negative,near_term,peer,Annual-report source inventory and sector risk mapping,0.58
ind_nifty500,CESC,CESC Ltd.,commodity price and supply volatility,commodity risk,Energy and Utilities,mixed,near_term,peer,Annual-report source inventory and sector risk mapping,0.58
ind_nifty500,CESC,CESC Ltd.,tariff or policy change,regulatory risk,Energy and Utilities,mixed,medium_term,peer,Annual-report source inventory and sector risk mapping,0.58
ind_nifty500,CGCL,Capri Global Capital Ltd.,demand slowdown,demand cyclicality,Core Business,negative,near_to_medium_term,peer,Annual-report source inventory and sector risk mapping,0.58
ind_nifty500,CGCL,Capri Global Capital Ltd.,input-cost inflation,raw material price risk,Core Business,negative,near_term,peer,Annual-report source inventory and sector risk mapping,0.58
nifty_500_shariah,CGPOWER,CG Power and Industrial Solutions Ltd.,order deferral or execution delay,execution risk,Capital Goods,negative,near_to_medium_term,peer,Annual-report source inventory and sector risk mapping,0.58
nifty_500_shariah,CGPOWER,CG Power and Industrial Solutions Ltd.,commodity price volatility,raw material price risk,Capital Goods,negative,near_term,peer,Annual-report source inventory and sector risk mapping,0.58
ind_nifty500,CHALET,Chalet Hotels Ltd.,consumer demand slowdown,demand cyclicality,Consumer Products,negative,near_term,peer,Annual-report source inventory and sector risk mapping,0.58
ind_nifty500,CHALET,Chalet Hotels Ltd.,input-cost inflation,raw material price risk,Consumer Products,negative,near_term,peer,Annual-report source inventory and sector risk mapping,0.58
nifty_500_shariah,CHAMBLFERT,Chambal Fertilisers & Chemicals Ltd.,feedstock price volatility,raw material price risk,Chemicals,negative,near_term,peer,Annual-report source inventory and sector risk mapping,0.58
nifty_500_shariah,CHAMBLFERT,Chambal Fertilisers & Chemicals Ltd.,regulatory or environmental action,regulatory risk,Chemicals,negative,medium_term,peer,Annual-report source inventory and sector risk mapping,0.58
nifty_500_shariah,CHENNPETRO,Chennai Petroleum Corporation Ltd.,commodity price and supply volatility,commodity risk,Energy and Utilities,mixed,near_term,peer,Annual-report source inventory and sector risk mapping,0.58
nifty_500_shariah,CHENNPETRO,Chennai Petroleum Corporation Ltd.,tariff or policy change,regulatory risk,Energy and Utilities,mixed,medium_term,peer,Annual-report source inventory and sector risk mapping,0.58
ind_nifty500,CHOICEIN,Choice International Ltd.,demand slowdown,demand cyclicality,Core Business,negative,near_to_medium_term,peer,Annual-report source inventory and sector risk mapping,0.58
ind_nifty500,CHOICEIN,Choice International Ltd.,input-cost inflation,raw material price risk,Core Business,negative,near_term,peer,Annual-report source inventory and sector risk mapping,0.58
ind_nifty500,CHOLAFIN,Cholamandalam Investment and Finance Company Ltd.,demand slowdown,demand cyclicality,Core Business,negative,near_to_medium_term,peer,Annual-report source inventory and sector risk mapping,0.58
ind_nifty500,CHOLAFIN,Cholamandalam Investment and Finance Company Ltd.,input-cost inflation,raw material price risk,Core Business,negative,near_term,peer,Annual-report source inventory and sector risk mapping,0.58
ind_nifty500,CHOLAHLDNG,Cholamandalam Financial Holdings Ltd.,demand slowdown,demand cyclicality,Core Business,negative,near_to_medium_term,peer,Annual-report source inventory and sector risk mapping,0.58
ind_nifty500,CHOLAHLDNG,Cholamandalam Financial Holdings Ltd.,input-cost inflation,raw material price risk,Core Business,negative,near_term,peer,Annual-report source inventory and sector risk mapping,0.58
ind_nifty500,CIEINDIA,CIE Automotive India Ltd.,auto demand slowdown,demand cyclicality,Automotive,negative,near_to_medium_term,peer,Annual-report source inventory and sector risk mapping,0.58
ind_nifty500,CIEINDIA,CIE Automotive India Ltd.,commodity and component inflation,raw material price risk,Automotive,negative,near_term,peer,Annual-report source inventory and sector risk mapping,0.58
nifty_50_shariah,CIPLA,CIPLA LTD.,US price erosion and approval delays,regulatory risk,North America,negative,medium_term,peer,Annual Report 2024-25 risk factors and business review,0.72
nifty_50_shariah,CIPLA,CIPLA LTD.,manufacturing compliance observations,regulatory risk,all,negative,near_to_medium_term,peer,Annual Report 2024-25 risk factors and business review,0.72
ind_nifty500,CLEAN,Clean Science and Technology Ltd.,client discretionary-spend slowdown,demand cyclicality,Technology Services,negative,near_to_medium_term,peer,Annual-report source inventory and sector risk mapping,0.58
ind_nifty500,CLEAN,Clean Science and Technology Ltd.,wage inflation and attrition,labour risk,Technology Services,negative,near_term,peer,Annual-report source inventory and sector risk mapping,0.58
ind_nifty500,COALINDIA,Coal India Ltd.,commodity price and supply volatility,commodity risk,Energy and Utilities,mixed,near_term,peer,Annual-report source inventory and sector risk mapping,0.58
ind_nifty500,COALINDIA,Coal India Ltd.,tariff or policy change,regulatory risk,Energy and Utilities,mixed,medium_term,peer,Annual-report source inventory and sector risk mapping,0.58
ind_nifty500,COCHINSHIP,Cochin Shipyard Ltd.,order deferral or execution delay,execution risk,Capital Goods,negative,near_to_medium_term,peer,Annual-report source inventory and sector risk mapping,0.58
ind_nifty500,COCHINSHIP,Cochin Shipyard Ltd.,commodity price volatility,raw material price risk,Capital Goods,negative,near_term,peer,Annual-report source inventory and sector risk mapping,0.58
nifty_500_shariah,COFORGE,Coforge Ltd.,client discretionary-spend slowdown,demand cyclicality,Technology Services,negative,near_to_medium_term,peer,Annual-report source inventory and sector risk mapping,0.58
nifty_500_shariah,COFORGE,Coforge Ltd.,wage inflation and attrition,labour risk,Technology Services,negative,near_term,peer,Annual-report source inventory and sector risk mapping,0.58
nifty_500_shariah,COHANCE,Cohance Lifesciences Ltd.,regulatory compliance action,regulatory risk,all,negative,near_to_medium_term,peer,Annual-report source inventory and sector risk mapping,0.58
nifty_500_shariah,COHANCE,Cohance Lifesciences Ltd.,pricing pressure or tender volatility,demand/pricing risk,all,mixed,medium_term,peer,Annual-report source inventory and sector risk mapping,0.58
ind_nifty500,COLPAL,Colgate Palmolive (India) Ltd.,consumer demand slowdown,demand cyclicality,Consumer Products,negative,near_term,peer,Annual-report source inventory and sector risk mapping,0.58
ind_nifty500,COLPAL,Colgate Palmolive (India) Ltd.,input-cost inflation,raw material price risk,Consumer Products,negative,near_term,peer,Annual-report source inventory and sector risk mapping,0.58
ind_nifty500,CONCOR,Container Corporation of India Ltd.,demand slowdown,demand cyclicality,Core Business,negative,near_to_medium_term,peer,Annual-report source inventory and sector risk mapping,0.58
ind_nifty500,CONCOR,Container Corporation of India Ltd.,input-cost inflation,raw material price risk,Core Business,negative,near_term,peer,Annual-report source inventory and sector risk mapping,0.58
nifty_500_shariah,CONCORDBIO,Concord Biotech Ltd.,regulatory compliance action,regulatory risk,all,negative,near_to_medium_term,peer,Annual-report source inventory and sector risk mapping,0.58
nifty_500_shariah,CONCORDBIO,Concord Biotech Ltd.,pricing pressure or tender volatility,demand/pricing risk,all,mixed,medium_term,peer,Annual-report source inventory and sector risk mapping,0.58
ind_nifty500,COROMANDEL,Coromandel International Ltd.,feedstock price volatility,raw material price risk,Chemicals,negative,near_term,peer,Annual-report source inventory and sector risk mapping,0.58
ind_nifty500,COROMANDEL,Coromandel International Ltd.,regulatory or environmental action,regulatory risk,Chemicals,negative,medium_term,peer,Annual-report source inventory and sector risk mapping,0.58
nifty_500_shariah,CPPLUS,Aditya Infotech Ltd.,order deferral or execution delay,execution risk,Capital Goods,negative,near_to_medium_term,peer,Annual-report source inventory and sector risk mapping,0.58
nifty_500_shariah,CPPLUS,Aditya Infotech Ltd.,commodity price volatility,raw material price risk,Capital Goods,negative,near_term,peer,Annual-report source inventory and sector risk mapping,0.58
ind_nifty500,CRAFTSMAN,Craftsman Automation Ltd.,auto demand slowdown,demand cyclicality,Automotive,negative,near_to_medium_term,peer,Annual-report source inventory and sector risk mapping,0.58
ind_nifty500,CRAFTSMAN,Craftsman Automation Ltd.,commodity and component inflation,raw material price risk,Automotive,negative,near_term,peer,Annual-report source inventory and sector risk mapping,0.58
ind_nifty500,CREDITACC,CreditAccess Grameen Ltd.,demand slowdown,demand cyclicality,Core Business,negative,near_to_medium_term,peer,Annual-report source inventory and sector risk mapping,0.58
ind_nifty500,CREDITACC,CreditAccess Grameen Ltd.,input-cost inflation,raw material price risk,Core Business,negative,near_term,peer,Annual-report source inventory and sector risk mapping,0.58
nifty_500_shariah,CRISIL,Crisil Ltd.,demand slowdown,demand cyclicality,Core Business,negative,near_to_medium_term,peer,Annual-report source inventory and sector risk mapping,0.58
nifty_500_shariah,CRISIL,Crisil Ltd.,input-cost inflation,raw material price risk,Core Business,negative,near_term,peer,Annual-report source inventory and sector risk mapping,0.58
ind_nifty500,CROMPTON,Crompton Greaves Consumer Electricals Ltd.,order deferral or execution delay,execution risk,Capital Goods,negative,near_to_medium_term,peer,Annual-report source inventory and sector risk mapping,0.58
ind_nifty500,CROMPTON,Crompton Greaves Consumer Electricals Ltd.,commodity price volatility,raw material price risk,Capital Goods,negative,near_term,peer,Annual-report source inventory and sector risk mapping,0.58
ind_nifty500,CUB,City Union Bank Ltd.,demand slowdown,demand cyclicality,Core Business,negative,near_to_medium_term,peer,Annual-report source inventory and sector risk mapping,0.58
ind_nifty500,CUB,City Union Bank Ltd.,input-cost inflation,raw material price risk,Core Business,negative,near_term,peer,Annual-report source inventory and sector risk mapping,0.58
nifty_500_shariah,CUMMINSIND,Cummins India Ltd.,order deferral or execution delay,execution risk,Capital Goods,negative,near_to_medium_term,peer,Annual-report source inventory and sector risk mapping,0.58
nifty_500_shariah,CUMMINSIND,Cummins India Ltd.,commodity price volatility,raw material price risk,Capital Goods,negative,near_term,peer,Annual-report source inventory and sector risk mapping,0.58
ind_nifty500,CYIENT,Cyient Ltd.,client discretionary-spend slowdown,demand cyclicality,Technology Services,negative,near_to_medium_term,peer,Annual-report source inventory and sector risk mapping,0.58
ind_nifty500,CYIENT,Cyient Ltd.,wage inflation and attrition,labour risk,Technology Services,negative,near_term,peer,Annual-report source inventory and sector risk mapping,0.58
ind_nifty500,DABUR,Dabur India Ltd.,consumer demand slowdown,demand cyclicality,Consumer Products,negative,near_term,peer,Annual-report source inventory and sector risk mapping,0.58
ind_nifty500,DABUR,Dabur India Ltd.,input-cost inflation,raw material price risk,Consumer Products,negative,near_term,peer,Annual-report source inventory and sector risk mapping,0.58
nifty_500_shariah,DALBHARAT,Dalmia Bharat Ltd.,order deferral or execution delay,execution risk,Capital Goods,negative,near_to_medium_term,peer,Annual-report source inventory and sector risk mapping,0.58
nifty_500_shariah,DALBHARAT,Dalmia Bharat Ltd.,commodity price volatility,raw material price risk,Capital Goods,negative,near_term,peer,Annual-report source inventory and sector risk mapping,0.58
ind_nifty500,DATAPATTNS,Data Patterns (India) Ltd.,order deferral or execution delay,execution risk,Capital Goods,negative,near_to_medium_term,peer,Annual-report source inventory and sector risk mapping,0.58
ind_nifty500,DATAPATTNS,Data Patterns (India) Ltd.,commodity price volatility,raw material price risk,Capital Goods,negative,near_term,peer,Annual-report source inventory and sector risk mapping,0.58
ind_nifty500,DCMSHRIRAM,DCM Shriram Ltd.,demand slowdown,demand cyclicality,Core Business,negative,near_to_medium_term,peer,Annual-report source inventory and sector risk mapping,0.58
ind_nifty500,DCMSHRIRAM,DCM Shriram Ltd.,input-cost inflation,raw material price risk,Core Business,negative,near_term,peer,Annual-report source inventory and sector risk mapping,0.58
ind_nifty500,DEEPAKFERT,Deepak Fertilisers & Petrochemicals Corp. Ltd.,feedstock price volatility,raw material price risk,Chemicals,negative,near_term,peer,Annual-report source inventory and sector risk mapping,0.58
ind_nifty500,DEEPAKFERT,Deepak Fertilisers & Petrochemicals Corp. Ltd.,regulatory or environmental action,regulatory risk,Chemicals,negative,medium_term,peer,Annual-report source inventory and sector risk mapping,0.58
nifty_500_shariah,DEEPAKNTR,Deepak Nitrite Ltd.,feedstock price volatility,raw material price risk,Chemicals,negative,near_term,peer,Annual-report source inventory and sector risk mapping,0.58
nifty_500_shariah,DEEPAKNTR,Deepak Nitrite Ltd.,regulatory or environmental action,regulatory risk,Chemicals,negative,medium_term,peer,Annual-report source inventory and sector risk mapping,0.58
ind_nifty500,DELHIVERY,Delhivery Ltd.,demand slowdown,demand cyclicality,Core Business,negative,near_to_medium_term,peer,Annual-report source inventory and sector risk mapping,0.58
ind_nifty500,DELHIVERY,Delhivery Ltd.,input-cost inflation,raw material price risk,Core Business,negative,near_term,peer,Annual-report source inventory and sector risk mapping,0.58
ind_nifty500,DEVYANI,Devyani International Ltd.,consumer demand slowdown,demand cyclicality,Consumer Products,negative,near_term,peer,Annual-report source inventory and sector risk mapping,0.58
ind_nifty500,DEVYANI,Devyani International Ltd.,input-cost inflation,raw material price risk,Consumer Products,negative,near_term,peer,Annual-report source inventory and sector risk mapping,0.58
ind_nifty500,DIVISLAB,Divi's Laboratories Ltd.,regulatory compliance action,regulatory risk,all,negative,near_to_medium_term,peer,Annual-report source inventory and sector risk mapping,0.58
ind_nifty500,DIVISLAB,Divi's Laboratories Ltd.,pricing pressure or tender volatility,demand/pricing risk,all,mixed,medium_term,peer,Annual-report source inventory and sector risk mapping,0.58
nifty_500_shariah,DIXON,Dixon Technologies (India) Ltd.,consumer demand slowdown,demand cyclicality,Consumer Products,negative,near_term,peer,Annual-report source inventory and sector risk mapping,0.58
nifty_500_shariah,DIXON,Dixon Technologies (India) Ltd.,input-cost inflation,raw material price risk,Consumer Products,negative,near_term,peer,Annual-report source inventory and sector risk mapping,0.58
ind_nifty500,DLF,DLF Ltd.,consumer demand slowdown,demand cyclicality,Consumer Products,negative,near_term,peer,Annual-report source inventory and sector risk mapping,0.58
ind_nifty500,DLF,DLF Ltd.,input-cost inflation,raw material price risk,Consumer Products,negative,near_term,peer,Annual-report source inventory and sector risk mapping,0.58
nifty_500_shariah,DMART,Avenue Supermarts Ltd.,consumer demand slowdown,demand cyclicality,Consumer Products,negative,near_term,peer,Annual-report source inventory and sector risk mapping,0.58
nifty_500_shariah,DMART,Avenue Supermarts Ltd.,input-cost inflation,raw material price risk,Consumer Products,negative,near_term,peer,Annual-report source inventory and sector risk mapping,0.58
nifty_500_shariah,DOMS,DOMS Industries Ltd.,consumer demand slowdown,demand cyclicality,Consumer Products,negative,near_term,peer,Annual-report source inventory and sector risk mapping,0.58
nifty_500_shariah,DOMS,DOMS Industries Ltd.,input-cost inflation,raw material price risk,Consumer Products,negative,near_term,peer,Annual-report source inventory and sector risk mapping,0.58
nifty_50_shariah,DRREDDY,DR.REDDY'S LABORATORIES LTD.,US price erosion,demand/pricing risk,Global Generics,negative,medium_term,peer,Annual Report 2024-25 risk factors and business review,0.72
nifty_50_shariah,DRREDDY,DR.REDDY'S LABORATORIES LTD.,regulatory compliance action,regulatory risk,all,negative,near_to_medium_term,peer,Annual Report 2024-25 risk factors and business review,0.72
nifty_500_shariah,ECLERX,eClerx Services Ltd.,demand slowdown,demand cyclicality,Core Business,negative,near_to_medium_term,peer,Annual-report source inventory and sector risk mapping,0.58
nifty_500_shariah,ECLERX,eClerx Services Ltd.,input-cost inflation,raw material price risk,Core Business,negative,near_term,peer,Annual-report source inventory and sector risk mapping,0.58
ind_nifty500,EICHERMOT,Eicher Motors Ltd.,auto demand slowdown,demand cyclicality,Automotive,negative,near_to_medium_term,peer,Annual-report source inventory and sector risk mapping,0.58
ind_nifty500,EICHERMOT,Eicher Motors Ltd.,commodity and component inflation,raw material price risk,Automotive,negative,near_term,peer,Annual-report source inventory and sector risk mapping,0.58
ind_nifty500,EIDPARRY,E.I.D. Parry (India) Ltd.,consumer demand slowdown,demand cyclicality,Consumer Products,negative,near_term,peer,Annual-report source inventory and sector risk mapping,0.58
ind_nifty500,EIDPARRY,E.I.D. Parry (India) Ltd.,input-cost inflation,raw material price risk,Consumer Products,negative,near_term,peer,Annual-report source inventory and sector risk mapping,0.58
ind_nifty500,EIHOTEL,EIH Ltd.,consumer demand slowdown,demand cyclicality,Consumer Products,negative,near_term,peer,Annual-report source inventory and sector risk mapping,0.58
ind_nifty500,EIHOTEL,EIH Ltd.,input-cost inflation,raw material price risk,Consumer Products,negative,near_term,peer,Annual-report source inventory and sector risk mapping,0.58
nifty_500_shariah,ELECON,Elecon Engineering Company Ltd.,order deferral or execution delay,execution risk,Capital Goods,negative,near_to_medium_term,peer,Annual-report source inventory and sector risk mapping,0.58
nifty_500_shariah,ELECON,Elecon Engineering Company Ltd.,commodity price volatility,raw material price risk,Capital Goods,negative,near_term,peer,Annual-report source inventory and sector risk mapping,0.58
nifty_500_shariah,ELGIEQUIP,Elgi Equipments Ltd.,order deferral or execution delay,execution risk,Capital Goods,negative,near_to_medium_term,peer,Annual-report source inventory and sector risk mapping,0.58
nifty_500_shariah,ELGIEQUIP,Elgi Equipments Ltd.,commodity price volatility,raw material price risk,Capital Goods,negative,near_term,peer,Annual-report source inventory and sector risk mapping,0.58
nifty_500_shariah,EMAMILTD,Emami Ltd.,consumer demand slowdown,demand cyclicality,Consumer Products,negative,near_term,peer,Annual-report source inventory and sector risk mapping,0.58
nifty_500_shariah,EMAMILTD,Emami Ltd.,input-cost inflation,raw material price risk,Consumer Products,negative,near_term,peer,Annual-report source inventory and sector risk mapping,0.58
nifty_500_shariah,EMCURE,Emcure Pharmaceuticals Ltd.,regulatory compliance action,regulatory risk,all,negative,near_to_medium_term,peer,Annual-report source inventory and sector risk mapping,0.58
nifty_500_shariah,EMCURE,Emcure Pharmaceuticals Ltd.,pricing pressure or tender volatility,demand/pricing risk,all,mixed,medium_term,peer,Annual-report source inventory and sector risk mapping,0.58
ind_nifty500,EMMVEE,Emmvee Photovoltaic Power Ltd.,order deferral or execution delay,execution risk,Capital Goods,negative,near_to_medium_term,peer,Annual-report source inventory and sector risk mapping,0.58
ind_nifty500,EMMVEE,Emmvee Photovoltaic Power Ltd.,commodity price volatility,raw material price risk,Capital Goods,negative,near_term,peer,Annual-report source inventory and sector risk mapping,0.58
nifty_500_shariah,ENDURANCE,Endurance Technologies Ltd.,auto demand slowdown,demand cyclicality,Automotive,negative,near_to_medium_term,peer,Annual-report source inventory and sector risk mapping,0.58
nifty_500_shariah,ENDURANCE,Endurance Technologies Ltd.,commodity and component inflation,raw material price risk,Automotive,negative,near_term,peer,Annual-report source inventory and sector risk mapping,0.58
ind_nifty500,ENGINERSIN,Engineers India Ltd.,order deferral or execution delay,execution risk,Capital Goods,negative,near_to_medium_term,peer,Annual-report source inventory and sector risk mapping,0.58
ind_nifty500,ENGINERSIN,Engineers India Ltd.,commodity price volatility,raw material price risk,Capital Goods,negative,near_term,peer,Annual-report source inventory and sector risk mapping,0.58
nifty_500_shariah,ENRIN,Siemens Energy India Ltd.,order deferral or execution delay,execution risk,Capital Goods,negative,near_to_medium_term,peer,Annual-report source inventory and sector risk mapping,0.58
nifty_500_shariah,ENRIN,Siemens Energy India Ltd.,commodity price volatility,raw material price risk,Capital Goods,negative,near_term,peer,Annual-report source inventory and sector risk mapping,0.58
ind_nifty500,ERIS,Eris Lifesciences Ltd.,regulatory compliance action,regulatory risk,all,negative,near_to_medium_term,peer,Annual-report source inventory and sector risk mapping,0.58
ind_nifty500,ERIS,Eris Lifesciences Ltd.,pricing pressure or tender volatility,demand/pricing risk,all,mixed,medium_term,peer,Annual-report source inventory and sector risk mapping,0.58
ind_nifty500,ESCORTS,Escorts Kubota Ltd.,auto demand slowdown,demand cyclicality,Automotive,negative,near_to_medium_term,peer,Annual-report source inventory and sector risk mapping,0.58
ind_nifty500,ESCORTS,Escorts Kubota Ltd.,commodity and component inflation,raw material price risk,Automotive,negative,near_term,peer,Annual-report source inventory and sector risk mapping,0.58
ind_nifty500,ETERNAL,Eternal Ltd.,consumer demand slowdown,demand cyclicality,Consumer Products,negative,near_term,peer,Annual-report source inventory and sector risk mapping,0.58
ind_nifty500,ETERNAL,Eternal Ltd.,input-cost inflation,raw material price risk,Consumer Products,negative,near_term,peer,Annual-report source inventory and sector risk mapping,0.58
nifty_500_shariah,EXIDEIND,Exide Industries Ltd.,auto demand slowdown,demand cyclicality,Automotive,negative,near_to_medium_term,peer,Annual-report source inventory and sector risk mapping,0.58
nifty_500_shariah,EXIDEIND,Exide Industries Ltd.,commodity and component inflation,raw material price risk,Automotive,negative,near_term,peer,Annual-report source inventory and sector risk mapping,0.58
ind_nifty500,FACT,Fertilisers and Chemicals Travancore Ltd.,feedstock price volatility,raw material price risk,Chemicals,negative,near_term,peer,Annual-report source inventory and sector risk mapping,0.58
ind_nifty500,FACT,Fertilisers and Chemicals Travancore Ltd.,regulatory or environmental action,regulatory risk,Chemicals,negative,medium_term,peer,Annual-report source inventory and sector risk mapping,0.58
ind_nifty500,FEDERALBNK,Federal Bank Ltd.,demand slowdown,demand cyclicality,Core Business,negative,near_to_medium_term,peer,Annual-report source inventory and sector risk mapping,0.58
ind_nifty500,FEDERALBNK,Federal Bank Ltd.,input-cost inflation,raw material price risk,Core Business,negative,near_term,peer,Annual-report source inventory and sector risk mapping,0.58
nifty_500_shariah,FINCABLES,Finolex Cables Ltd.,order deferral or execution delay,execution risk,Capital Goods,negative,near_to_medium_term,peer,Annual-report source inventory and sector risk mapping,0.58
nifty_500_shariah,FINCABLES,Finolex Cables Ltd.,commodity price volatility,raw material price risk,Capital Goods,negative,near_term,peer,Annual-report source inventory and sector risk mapping,0.58
nifty_500_shariah,FIRSTCRY,Brainbees Solutions Ltd.,consumer demand slowdown,demand cyclicality,Consumer Products,negative,near_term,peer,Annual-report source inventory and sector risk mapping,0.58
nifty_500_shariah,FIRSTCRY,Brainbees Solutions Ltd.,input-cost inflation,raw material price risk,Consumer Products,negative,near_term,peer,Annual-report source inventory and sector risk mapping,0.58
ind_nifty500,FIVESTAR,Five-Star Business Finance Ltd.,demand slowdown,demand cyclicality,Core Business,negative,near_to_medium_term,peer,Annual-report source inventory and sector risk mapping,0.58
ind_nifty500,FIVESTAR,Five-Star Business Finance Ltd.,input-cost inflation,raw material price risk,Core Business,negative,near_term,peer,Annual-report source inventory and sector risk mapping,0.58
nifty_500_shariah,FLUOROCHEM,Gujarat Fluorochemicals Ltd.,feedstock price volatility,raw material price risk,Chemicals,negative,near_term,peer,Annual-report source inventory and sector risk mapping,0.58
nifty_500_shariah,FLUOROCHEM,Gujarat Fluorochemicals Ltd.,regulatory or environmental action,regulatory risk,Chemicals,negative,medium_term,peer,Annual-report source inventory and sector risk mapping,0.58
nifty_500_shariah,FORCEMOT,Force Motors Ltd.,auto demand slowdown,demand cyclicality,Automotive,negative,near_to_medium_term,peer,Annual-report source inventory and sector risk mapping,0.58
nifty_500_shariah,FORCEMOT,Force Motors Ltd.,commodity and component inflation,raw material price risk,Automotive,negative,near_term,peer,Annual-report source inventory and sector risk mapping,0.58
nifty_500_shariah,FORTIS,Fortis Healthcare Ltd.,regulatory compliance action,regulatory risk,all,negative,near_to_medium_term,peer,Annual-report source inventory and sector risk mapping,0.58
nifty_500_shariah,FORTIS,Fortis Healthcare Ltd.,pricing pressure or tender volatility,demand/pricing risk,all,mixed,medium_term,peer,Annual-report source inventory and sector risk mapping,0.58
nifty_500_shariah,FSL,Firstsource Solutions Ltd.,demand slowdown,demand cyclicality,Core Business,negative,near_to_medium_term,peer,Annual-report source inventory and sector risk mapping,0.58
nifty_500_shariah,FSL,Firstsource Solutions Ltd.,input-cost inflation,raw material price risk,Core Business,negative,near_term,peer,Annual-report source inventory and sector risk mapping,0.58
nifty_500_shariah,GABRIEL,Gabriel India Ltd.,auto demand slowdown,demand cyclicality,Automotive,negative,near_to_medium_term,peer,Annual-report source inventory and sector risk mapping,0.58
nifty_500_shariah,GABRIEL,Gabriel India Ltd.,commodity and component inflation,raw material price risk,Automotive,negative,near_term,peer,Annual-report source inventory and sector risk mapping,0.58
nifty_500_shariah,GAIL,GAIL (India) Ltd.,commodity price and supply volatility,commodity risk,Energy and Utilities,mixed,near_term,peer,Annual-report source inventory and sector risk mapping,0.58
nifty_500_shariah,GAIL,GAIL (India) Ltd.,tariff or policy change,regulatory risk,Energy and Utilities,mixed,medium_term,peer,Annual-report source inventory and sector risk mapping,0.58
nifty_500_shariah,GALLANTT,Gallantt Ispat Ltd.,order deferral or execution delay,execution risk,Capital Goods,negative,near_to_medium_term,peer,Annual-report source inventory and sector risk mapping,0.58
nifty_500_shariah,GALLANTT,Gallantt Ispat Ltd.,commodity price volatility,raw material price risk,Capital Goods,negative,near_term,peer,Annual-report source inventory and sector risk mapping,0.58
ind_nifty500,GESHIP,Great Eastern Shipping Co. Ltd.,demand slowdown,demand cyclicality,Core Business,negative,near_to_medium_term,peer,Annual-report source inventory and sector risk mapping,0.58
ind_nifty500,GESHIP,Great Eastern Shipping Co. Ltd.,input-cost inflation,raw material price risk,Core Business,negative,near_term,peer,Annual-report source inventory and sector risk mapping,0.58
ind_nifty500,GICRE,General Insurance Corporation of India,demand slowdown,demand cyclicality,Core Business,negative,near_to_medium_term,peer,Annual-report source inventory and sector risk mapping,0.58
ind_nifty500,GICRE,General Insurance Corporation of India,input-cost inflation,raw material price risk,Core Business,negative,near_term,peer,Annual-report source inventory and sector risk mapping,0.58
nifty_500_shariah,GILLETTE,Gillette India Ltd.,consumer demand slowdown,demand cyclicality,Consumer Products,negative,near_term,peer,Annual-report source inventory and sector risk mapping,0.58
nifty_500_shariah,GILLETTE,Gillette India Ltd.,input-cost inflation,raw material price risk,Consumer Products,negative,near_term,peer,Annual-report source inventory and sector risk mapping,0.58
ind_nifty500,GLAND,Gland Pharma Ltd.,regulatory compliance action,regulatory risk,all,negative,near_to_medium_term,peer,Annual-report source inventory and sector risk mapping,0.58
ind_nifty500,GLAND,Gland Pharma Ltd.,pricing pressure or tender volatility,demand/pricing risk,all,mixed,medium_term,peer,Annual-report source inventory and sector risk mapping,0.58
ind_nifty500,GLAXO,Glaxosmithkline Pharmaceuticals Ltd.,regulatory compliance action,regulatory risk,all,negative,near_to_medium_term,peer,Annual-report source inventory and sector risk mapping,0.58
ind_nifty500,GLAXO,Glaxosmithkline Pharmaceuticals Ltd.,pricing pressure or tender volatility,demand/pricing risk,all,mixed,medium_term,peer,Annual-report source inventory and sector risk mapping,0.58
nifty_500_shariah,GLENMARK,Glenmark Pharmaceuticals Ltd.,regulatory compliance action,regulatory risk,all,negative,near_to_medium_term,peer,Annual-report source inventory and sector risk mapping,0.58
nifty_500_shariah,GLENMARK,Glenmark Pharmaceuticals Ltd.,pricing pressure or tender volatility,demand/pricing risk,all,mixed,medium_term,peer,Annual-report source inventory and sector risk mapping,0.58
ind_nifty500,GMDCLTD,Gujarat Mineral Development Corporation Ltd.,commodity price downturn,commodity cycle risk,Metals,negative,near_to_medium_term,peer,Annual-report source inventory and sector risk mapping,0.58
ind_nifty500,GMDCLTD,Gujarat Mineral Development Corporation Ltd.,energy and freight inflation,raw material price risk,Metals,negative,near_term,peer,Annual-report source inventory and sector risk mapping,0.58
ind_nifty500,GMRAIRPORT,GMR Airports Ltd.,order deferral or execution delay,execution risk,Capital Goods,negative,near_to_medium_term,peer,Annual-report source inventory and sector risk mapping,0.58
ind_nifty500,GMRAIRPORT,GMR Airports Ltd.,commodity price volatility,raw material price risk,Capital Goods,negative,near_term,peer,Annual-report source inventory and sector risk mapping,0.58
ind_nifty500,GODFRYPHLP,Godfrey Phillips India Ltd.,consumer demand slowdown,demand cyclicality,Consumer Products,negative,near_term,peer,Annual-report source inventory and sector risk mapping,0.58
ind_nifty500,GODFRYPHLP,Godfrey Phillips India Ltd.,input-cost inflation,raw material price risk,Consumer Products,negative,near_term,peer,Annual-report source inventory and sector risk mapping,0.58
ind_nifty500,GODIGIT,Go Digit General Insurance Ltd.,demand slowdown,demand cyclicality,Core Business,negative,near_to_medium_term,peer,Annual-report source inventory and sector risk mapping,0.58
ind_nifty500,GODIGIT,Go Digit General Insurance Ltd.,input-cost inflation,raw material price risk,Core Business,negative,near_term,peer,Annual-report source inventory and sector risk mapping,0.58
nifty_500_shariah,GODREJCP,Godrej Consumer Products Ltd.,consumer demand slowdown,demand cyclicality,Consumer Products,negative,near_term,peer,Annual-report source inventory and sector risk mapping,0.58
nifty_500_shariah,GODREJCP,Godrej Consumer Products Ltd.,input-cost inflation,raw material price risk,Consumer Products,negative,near_term,peer,Annual-report source inventory and sector risk mapping,0.58
ind_nifty500,GODREJIND,Godrej Industries Ltd.,demand slowdown,demand cyclicality,Core Business,negative,near_to_medium_term,peer,Annual-report source inventory and sector risk mapping,0.58
ind_nifty500,GODREJIND,Godrej Industries Ltd.,input-cost inflation,raw material price risk,Core Business,negative,near_term,peer,Annual-report source inventory and sector risk mapping,0.58
ind_nifty500,GODREJPROP,Godrej Properties Ltd.,consumer demand slowdown,demand cyclicality,Consumer Products,negative,near_term,peer,Annual-report source inventory and sector risk mapping,0.58
ind_nifty500,GODREJPROP,Godrej Properties Ltd.,input-cost inflation,raw material price risk,Consumer Products,negative,near_term,peer,Annual-report source inventory and sector risk mapping,0.58
nifty_500_shariah,GPIL,Godawari Power & Ispat Ltd.,order deferral or execution delay,execution risk,Capital Goods,negative,near_to_medium_term,peer,Annual-report source inventory and sector risk mapping,0.58
nifty_500_shariah,GPIL,Godawari Power & Ispat Ltd.,commodity price volatility,raw material price risk,Capital Goods,negative,near_term,peer,Annual-report source inventory and sector risk mapping,0.58
nifty_500_shariah,GRANULES,Granules India Ltd.,regulatory compliance action,regulatory risk,all,negative,near_to_medium_term,peer,Annual-report source inventory and sector risk mapping,0.58
nifty_500_shariah,GRANULES,Granules India Ltd.,pricing pressure or tender volatility,demand/pricing risk,all,mixed,medium_term,peer,Annual-report source inventory and sector risk mapping,0.58
ind_nifty500,GRAPHITE,Graphite India Ltd.,order deferral or execution delay,execution risk,Capital Goods,negative,near_to_medium_term,peer,Annual-report source inventory and sector risk mapping,0.58
ind_nifty500,GRAPHITE,Graphite India Ltd.,commodity price volatility,raw material price risk,Capital Goods,negative,near_term,peer,Annual-report source inventory and sector risk mapping,0.58
ind_nifty500,GRASIM,Grasim Industries Ltd.,order deferral or execution delay,execution risk,Capital Goods,negative,near_to_medium_term,peer,Annual-report source inventory and sector risk mapping,0.58
ind_nifty500,GRASIM,Grasim Industries Ltd.,commodity price volatility,raw material price risk,Capital Goods,negative,near_term,peer,Annual-report source inventory and sector risk mapping,0.58
nifty_500_shariah,GRAVITA,Gravita India Ltd.,commodity price downturn,commodity cycle risk,Metals,negative,near_to_medium_term,peer,Annual-report source inventory and sector risk mapping,0.58
nifty_500_shariah,GRAVITA,Gravita India Ltd.,energy and freight inflation,raw material price risk,Metals,negative,near_term,peer,Annual-report source inventory and sector risk mapping,0.58
ind_nifty500,GROWW,Billionbrains Garage Ventures Ltd.,demand slowdown,demand cyclicality,Core Business,negative,near_to_medium_term,peer,Annual-report source inventory and sector risk mapping,0.58
ind_nifty500,GROWW,Billionbrains Garage Ventures Ltd.,input-cost inflation,raw material price risk,Core Business,negative,near_term,peer,Annual-report source inventory and sector risk mapping,0.58
ind_nifty500,GRSE,Garden Reach Shipbuilders & Engineers Ltd.,order deferral or execution delay,execution risk,Capital Goods,negative,near_to_medium_term,peer,Annual-report source inventory and sector risk mapping,0.58
ind_nifty500,GRSE,Garden Reach Shipbuilders & Engineers Ltd.,commodity price volatility,raw material price risk,Capital Goods,negative,near_term,peer,Annual-report source inventory and sector risk mapping,0.58
nifty_500_shariah,GVT&D,GE Vernova T&D India Ltd.,order deferral or execution delay,execution risk,Capital Goods,negative,near_to_medium_term,peer,Annual-report source inventory and sector risk mapping,0.58
nifty_500_shariah,GVT&D,GE Vernova T&D India Ltd.,commodity price volatility,raw material price risk,Capital Goods,negative,near_term,peer,Annual-report source inventory and sector risk mapping,0.58
ind_nifty500,HAL,Hindustan Aeronautics Ltd.,order deferral or execution delay,execution risk,Capital Goods,negative,near_to_medium_term,peer,Annual-report source inventory and sector risk mapping,0.58
ind_nifty500,HAL,Hindustan Aeronautics Ltd.,commodity price volatility,raw material price risk,Capital Goods,negative,near_term,peer,Annual-report source inventory and sector risk mapping,0.58
nifty_500_shariah,HAVELLS,Havells India Ltd.,consumer demand slowdown,demand cyclicality,Consumer Products,negative,near_term,peer,Annual-report source inventory and sector risk mapping,0.58
nifty_500_shariah,HAVELLS,Havells India Ltd.,input-cost inflation,raw material price risk,Consumer Products,negative,near_term,peer,Annual-report source inventory and sector risk mapping,0.58
ind_nifty500,HBLENGINE,HBL Engineering Ltd.,order deferral or execution delay,execution risk,Capital Goods,negative,near_to_medium_term,peer,Annual-report source inventory and sector risk mapping,0.58
ind_nifty500,HBLENGINE,HBL Engineering Ltd.,commodity price volatility,raw material price risk,Capital Goods,negative,near_term,peer,Annual-report source inventory and sector risk mapping,0.58
nifty_50_shariah,HCLTECH,HCL TECHNOLOGIES LTD.,client discretionary-spend slowdown,demand cyclicality,all,negative,near_to_medium_term,peer,Annual Report 2024-25 risk factors and business review,0.72
nifty_50_shariah,HCLTECH,HCL TECHNOLOGIES LTD.,wage inflation and attrition,labour risk,all,negative,near_term,peer,Annual Report 2024-25 risk factors and business review,0.72
ind_nifty500,HDBFS,HDB Financial Services Ltd.,demand slowdown,demand cyclicality,Core Business,negative,near_to_medium_term,peer,Annual-report source inventory and sector risk mapping,0.58
ind_nifty500,HDBFS,HDB Financial Services Ltd.,input-cost inflation,raw material price risk,Core Business,negative,near_term,peer,Annual-report source inventory and sector risk mapping,0.58
ind_nifty500,HDFCAMC,HDFC Asset Management Company Ltd.,demand slowdown,demand cyclicality,Core Business,negative,near_to_medium_term,peer,Annual-report source inventory and sector risk mapping,0.58
ind_nifty500,HDFCAMC,HDFC Asset Management Company Ltd.,input-cost inflation,raw material price risk,Core Business,negative,near_term,peer,Annual-report source inventory and sector risk mapping,0.58
ind_nifty500,HDFCBANK,HDFC Bank Ltd.,demand slowdown,demand cyclicality,Core Business,negative,near_to_medium_term,peer,Annual-report source inventory and sector risk mapping,0.58
ind_nifty500,HDFCBANK,HDFC Bank Ltd.,input-cost inflation,raw material price risk,Core Business,negative,near_term,peer,Annual-report source inventory and sector risk mapping,0.58
ind_nifty500,HDFCLIFE,HDFC Life Insurance Company Ltd.,demand slowdown,demand cyclicality,Core Business,negative,near_to_medium_term,peer,Annual-report source inventory and sector risk mapping,0.58
ind_nifty500,HDFCLIFE,HDFC Life Insurance Company Ltd.,input-cost inflation,raw material price risk,Core Business,negative,near_term,peer,Annual-report source inventory and sector risk mapping,0.58
nifty_500_shariah,HEG,HEG Ltd.,order deferral or execution delay,execution risk,Capital Goods,negative,near_to_medium_term,peer,Annual-report source inventory and sector risk mapping,0.58
nifty_500_shariah,HEG,HEG Ltd.,commodity price volatility,raw material price risk,Capital Goods,negative,near_term,peer,Annual-report source inventory and sector risk mapping,0.58
nifty_500_shariah,HEROMOTOCO,Hero MotoCorp Ltd.,auto demand slowdown,demand cyclicality,Automotive,negative,near_to_medium_term,peer,Annual-report source inventory and sector risk mapping,0.58
nifty_500_shariah,HEROMOTOCO,Hero MotoCorp Ltd.,commodity and component inflation,raw material price risk,Automotive,negative,near_term,peer,Annual-report source inventory and sector risk mapping,0.58
nifty_500_shariah,HEXT,Hexaware Technologies Ltd.,client discretionary-spend slowdown,demand cyclicality,Technology Services,negative,near_to_medium_term,peer,Annual-report source inventory and sector risk mapping,0.58
nifty_500_shariah,HEXT,Hexaware Technologies Ltd.,wage inflation and attrition,labour risk,Technology Services,negative,near_term,peer,Annual-report source inventory and sector risk mapping,0.58
nifty_500_shariah,HFCL,HFCL Ltd.,order deferral or execution delay,execution risk,Capital Goods,negative,near_to_medium_term,peer,Annual-report source inventory and sector risk mapping,0.58
nifty_500_shariah,HFCL,HFCL Ltd.,commodity price volatility,raw material price risk,Capital Goods,negative,near_term,peer,Annual-report source inventory and sector risk mapping,0.58
nifty_50_shariah,HINDALCO,Hindalco Industries,commodity price volatility,commodity cycle risk,all,mixed,near_to_medium_term,peer,Annual Report 2024-25 risk factors and business review,0.72
nifty_50_shariah,HINDALCO,Hindalco Industries,energy cost and availability,raw material price risk,Aluminium Upstream,negative,near_term,peer,Annual Report 2024-25 risk factors and business review,0.72
nifty_500_shariah,HINDCOPPER,Hindustan Copper Ltd.,commodity price downturn,commodity cycle risk,Metals,negative,near_to_medium_term,peer,Annual-report source inventory and sector risk mapping,0.58
nifty_500_shariah,HINDCOPPER,Hindustan Copper Ltd.,energy and freight inflation,raw material price risk,Metals,negative,near_term,peer,Annual-report source inventory and sector risk mapping,0.58
ind_nifty500,HINDPETRO,Hindustan Petroleum Corporation Ltd.,commodity price and supply volatility,commodity risk,Energy and Utilities,mixed,near_term,peer,Annual-report source inventory and sector risk mapping,0.58
ind_nifty500,HINDPETRO,Hindustan Petroleum Corporation Ltd.,tariff or policy change,regulatory risk,Energy and Utilities,mixed,medium_term,peer,Annual-report source inventory and sector risk mapping,0.58
nifty_50_shariah,HINDUNILVR,HINDUSTAN UNILEVER LTD.,rural demand slowdown,demand cyclicality,all,negative,near_to_medium_term,peer,Annual Report 2024-25 risk factors and business review,0.72
nifty_50_shariah,HINDUNILVR,HINDUSTAN UNILEVER LTD.,commodity input inflation,raw material price risk,all,negative,near_term,peer,Annual Report 2024-25 risk factors and business review,0.72
ind_nifty500,HINDZINC,Hindustan Zinc Ltd.,commodity price downturn,commodity cycle risk,Metals,negative,near_to_medium_term,peer,Annual-report source inventory and sector risk mapping,0.58
ind_nifty500,HINDZINC,Hindustan Zinc Ltd.,energy and freight inflation,raw material price risk,Metals,negative,near_term,peer,Annual-report source inventory and sector risk mapping,0.58
ind_nifty500,HOMEFIRST,Home First Finance Company India Ltd.,demand slowdown,demand cyclicality,Core Business,negative,near_to_medium_term,peer,Annual-report source inventory and sector risk mapping,0.58
ind_nifty500,HOMEFIRST,Home First Finance Company India Ltd.,input-cost inflation,raw material price risk,Core Business,negative,near_term,peer,Annual-report source inventory and sector risk mapping,0.58
ind_nifty500,HONASA,Honasa Consumer Ltd.,consumer demand slowdown,demand cyclicality,Consumer Products,negative,near_term,peer,Annual-report source inventory and sector risk mapping,0.58
ind_nifty500,HONASA,Honasa Consumer Ltd.,input-cost inflation,raw material price risk,Consumer Products,negative,near_term,peer,Annual-report source inventory and sector risk mapping,0.58
ind_nifty500,HONAUT,Honeywell Automation India Ltd.,auto demand slowdown,demand cyclicality,Automotive,negative,near_to_medium_term,peer,Annual-report source inventory and sector risk mapping,0.58
ind_nifty500,HONAUT,Honeywell Automation India Ltd.,commodity and component inflation,raw material price risk,Automotive,negative,near_term,peer,Annual-report source inventory and sector risk mapping,0.58
nifty_500_shariah,HSCL,Himadri Speciality Chemical Ltd.,feedstock price volatility,raw material price risk,Chemicals,negative,near_term,peer,Annual-report source inventory and sector risk mapping,0.58
nifty_500_shariah,HSCL,Himadri Speciality Chemical Ltd.,regulatory or environmental action,regulatory risk,Chemicals,negative,medium_term,peer,Annual-report source inventory and sector risk mapping,0.58
ind_nifty500,HUDCO,Housing & Urban Development Corporation Ltd.,demand slowdown,demand cyclicality,Core Business,negative,near_to_medium_term,peer,Annual-report source inventory and sector risk mapping,0.58
ind_nifty500,HUDCO,Housing & Urban Development Corporation Ltd.,input-cost inflation,raw material price risk,Core Business,negative,near_term,peer,Annual-report source inventory and sector risk mapping,0.58
nifty_500_shariah,HYUNDAI,Hyundai Motor India Ltd.,auto demand slowdown,demand cyclicality,Automotive,negative,near_to_medium_term,peer,Annual-report source inventory and sector risk mapping,0.58
nifty_500_shariah,HYUNDAI,Hyundai Motor India Ltd.,commodity and component inflation,raw material price risk,Automotive,negative,near_term,peer,Annual-report source inventory and sector risk mapping,0.58
ind_nifty500,ICICIAMC,ICICI Prudential Asset Management Company Ltd.,demand slowdown,demand cyclicality,Core Business,negative,near_to_medium_term,peer,Annual-report source inventory and sector risk mapping,0.58
ind_nifty500,ICICIAMC,ICICI Prudential Asset Management Company Ltd.,input-cost inflation,raw material price risk,Core Business,negative,near_term,peer,Annual-report source inventory and sector risk mapping,0.58
ind_nifty500,ICICIBANK,ICICI Bank Ltd.,demand slowdown,demand cyclicality,Core Business,negative,near_to_medium_term,peer,Annual-report source inventory and sector risk mapping,0.58
ind_nifty500,ICICIBANK,ICICI Bank Ltd.,input-cost inflation,raw material price risk,Core Business,negative,near_term,peer,Annual-report source inventory and sector risk mapping,0.58
ind_nifty500,ICICIGI,ICICI Lombard General Insurance Company Ltd.,demand slowdown,demand cyclicality,Core Business,negative,near_to_medium_term,peer,Annual-report source inventory and sector risk mapping,0.58
ind_nifty500,ICICIGI,ICICI Lombard General Insurance Company Ltd.,input-cost inflation,raw material price risk,Core Business,negative,near_term,peer,Annual-report source inventory and sector risk mapping,0.58
ind_nifty500,ICICIPRULI,ICICI Prudential Life Insurance Company Ltd.,demand slowdown,demand cyclicality,Core Business,negative,near_to_medium_term,peer,Annual-report source inventory and sector risk mapping,0.58
ind_nifty500,ICICIPRULI,ICICI Prudential Life Insurance Company Ltd.,input-cost inflation,raw material price risk,Core Business,negative,near_term,peer,Annual-report source inventory and sector risk mapping,0.58
ind_nifty500,IDBI,IDBI Bank Ltd.,demand slowdown,demand cyclicality,Core Business,negative,near_to_medium_term,peer,Annual-report source inventory and sector risk mapping,0.58
ind_nifty500,IDBI,IDBI Bank Ltd.,input-cost inflation,raw material price risk,Core Business,negative,near_term,peer,Annual-report source inventory and sector risk mapping,0.58
ind_nifty500,IDFCFIRSTB,IDFC First Bank Ltd.,demand slowdown,demand cyclicality,Core Business,negative,near_to_medium_term,peer,Annual-report source inventory and sector risk mapping,0.58
ind_nifty500,IDFCFIRSTB,IDFC First Bank Ltd.,input-cost inflation,raw material price risk,Core Business,negative,near_term,peer,Annual-report source inventory and sector risk mapping,0.58
ind_nifty500,IEX,Indian Energy Exchange Ltd.,commodity price and supply volatility,commodity risk,Energy and Utilities,mixed,near_term,peer,Annual-report source inventory and sector risk mapping,0.58
ind_nifty500,IEX,Indian Energy Exchange Ltd.,tariff or policy change,regulatory risk,Energy and Utilities,mixed,medium_term,peer,Annual-report source inventory and sector risk mapping,0.58
ind_nifty500,IFCI,IFCI Ltd.,demand slowdown,demand cyclicality,Core Business,negative,near_to_medium_term,peer,Annual-report source inventory and sector risk mapping,0.58
ind_nifty500,IFCI,IFCI Ltd.,input-cost inflation,raw material price risk,Core Business,negative,near_term,peer,Annual-report source inventory and sector risk mapping,0.58
ind_nifty500,IGIL,International Gemological Institute Ltd.,demand slowdown,demand cyclicality,Core Business,negative,near_to_medium_term,peer,Annual-report source inventory and sector risk mapping,0.58
ind_nifty500,IGIL,International Gemological Institute Ltd.,input-cost inflation,raw material price risk,Core Business,negative,near_term,peer,Annual-report source inventory and sector risk mapping,0.58
nifty_500_shariah,IGL,Indraprastha Gas Ltd.,commodity price and supply volatility,commodity risk,Energy and Utilities,mixed,near_term,peer,Annual-report source inventory and sector risk mapping,0.58
nifty_500_shariah,IGL,Indraprastha Gas Ltd.,tariff or policy change,regulatory risk,Energy and Utilities,mixed,medium_term,peer,Annual-report source inventory and sector risk mapping,0.58
ind_nifty500,IIFL,IIFL Finance Ltd.,demand slowdown,demand cyclicality,Core Business,negative,near_to_medium_term,peer,Annual-report source inventory and sector risk mapping,0.58
ind_nifty500,IIFL,IIFL Finance Ltd.,input-cost inflation,raw material price risk,Core Business,negative,near_term,peer,Annual-report source inventory and sector risk mapping,0.58
ind_nifty500,IKS,Inventurus Knowledge Solutions Ltd.,client discretionary-spend slowdown,demand cyclicality,Technology Services,negative,near_to_medium_term,peer,Annual-report source inventory and sector risk mapping,0.58
ind_nifty500,IKS,Inventurus Knowledge Solutions Ltd.,wage inflation and attrition,labour risk,Technology Services,negative,near_term,peer,Annual-report source inventory and sector risk mapping,0.58
ind_nifty500,INDGN,Indegene Ltd.,regulatory compliance action,regulatory risk,all,negative,near_to_medium_term,peer,Annual-report source inventory and sector risk mapping,0.58
ind_nifty500,INDGN,Indegene Ltd.,pricing pressure or tender volatility,demand/pricing risk,all,mixed,medium_term,peer,Annual-report source inventory and sector risk mapping,0.58
ind_nifty500,INDHOTEL,Indian Hotels Co. Ltd.,consumer demand slowdown,demand cyclicality,Consumer Products,negative,near_term,peer,Annual-report source inventory and sector risk mapping,0.58
ind_nifty500,INDHOTEL,Indian Hotels Co. Ltd.,input-cost inflation,raw material price risk,Consumer Products,negative,near_term,peer,Annual-report source inventory and sector risk mapping,0.58
ind_nifty500,INDIACEM,India Cements Ltd.,order deferral or execution delay,execution risk,Capital Goods,negative,near_to_medium_term,peer,Annual-report source inventory and sector risk mapping,0.58
ind_nifty500,INDIACEM,India Cements Ltd.,commodity price volatility,raw material price risk,Capital Goods,negative,near_term,peer,Annual-report source inventory and sector risk mapping,0.58
ind_nifty500,INDIAMART,Indiamart Intermesh Ltd.,consumer demand slowdown,demand cyclicality,Consumer Products,negative,near_term,peer,Annual-report source inventory and sector risk mapping,0.58
ind_nifty500,INDIAMART,Indiamart Intermesh Ltd.,input-cost inflation,raw material price risk,Consumer Products,negative,near_term,peer,Annual-report source inventory and sector risk mapping,0.58
ind_nifty500,INDIANB,Indian Bank,demand slowdown,demand cyclicality,Core Business,negative,near_to_medium_term,peer,Annual-report source inventory and sector risk mapping,0.58
ind_nifty500,INDIANB,Indian Bank,input-cost inflation,raw material price risk,Core Business,negative,near_term,peer,Annual-report source inventory and sector risk mapping,0.58
ind_nifty500,INDIGO,InterGlobe Aviation Ltd.,demand slowdown,demand cyclicality,Core Business,negative,near_to_medium_term,peer,Annual-report source inventory and sector risk mapping,0.58
ind_nifty500,INDIGO,InterGlobe Aviation Ltd.,input-cost inflation,raw material price risk,Core Business,negative,near_term,peer,Annual-report source inventory and sector risk mapping,0.58
ind_nifty500,INDUSINDBK,IndusInd Bank Ltd.,demand slowdown,demand cyclicality,Core Business,negative,near_to_medium_term,peer,Annual-report source inventory and sector risk mapping,0.58
ind_nifty500,INDUSINDBK,IndusInd Bank Ltd.,input-cost inflation,raw material price risk,Core Business,negative,near_term,peer,Annual-report source inventory and sector risk mapping,0.58
nifty_500_shariah,INDUSTOWER,Indus Towers Ltd.,order deferral or execution delay,execution risk,Capital Goods,negative,near_to_medium_term,peer,Annual-report source inventory and sector risk mapping,0.58
nifty_500_shariah,INDUSTOWER,Indus Towers Ltd.,commodity price volatility,raw material price risk,Capital Goods,negative,near_term,peer,Annual-report source inventory and sector risk mapping,0.58
nifty_50_shariah,INFY,INFOSYS LTD.,discretionary technology-spend slowdown,demand cyclicality,all,negative,near_to_medium_term,peer,Annual Report 2024-25 risk factors and business review,0.72
nifty_50_shariah,INFY,INFOSYS LTD.,currency and wage pressure,currency risk,all,mixed,near_term,peer,Annual Report 2024-25 risk factors and business review,0.72
nifty_500_shariah,INOXWIND,Inox Wind Ltd.,order deferral or execution delay,execution risk,Capital Goods,negative,near_to_medium_term,peer,Annual-report source inventory and sector risk mapping,0.58
nifty_500_shariah,INOXWIND,Inox Wind Ltd.,commodity price volatility,raw material price risk,Capital Goods,negative,near_term,peer,Annual-report source inventory and sector risk mapping,0.58
ind_nifty500,INTELLECT,Intellect Design Arena Ltd.,client discretionary-spend slowdown,demand cyclicality,Technology Services,negative,near_to_medium_term,peer,Annual-report source inventory and sector risk mapping,0.58
ind_nifty500,INTELLECT,Intellect Design Arena Ltd.,wage inflation and attrition,labour risk,Technology Services,negative,near_term,peer,Annual-report source inventory and sector risk mapping,0.58
ind_nifty500,IOB,Indian Overseas Bank,demand slowdown,demand cyclicality,Core Business,negative,near_to_medium_term,peer,Annual-report source inventory and sector risk mapping,0.58
ind_nifty500,IOB,Indian Overseas Bank,input-cost inflation,raw material price risk,Core Business,negative,near_term,peer,Annual-report source inventory and sector risk mapping,0.58
ind_nifty500,IOC,Indian Oil Corporation Ltd.,commodity price and supply volatility,commodity risk,Energy and Utilities,mixed,near_term,peer,Annual-report source inventory and sector risk mapping,0.58
ind_nifty500,IOC,Indian Oil Corporation Ltd.,tariff or policy change,regulatory risk,Energy and Utilities,mixed,medium_term,peer,Annual-report source inventory and sector risk mapping,0.58
nifty_500_shariah,IPCALAB,Ipca Laboratories Ltd.,regulatory compliance action,regulatory risk,all,negative,near_to_medium_term,peer,Annual-report source inventory and sector risk mapping,0.58
nifty_500_shariah,IPCALAB,Ipca Laboratories Ltd.,pricing pressure or tender volatility,demand/pricing risk,all,mixed,medium_term,peer,Annual-report source inventory and sector risk mapping,0.58
ind_nifty500,IRB,IRB Infrastructure Developers Ltd.,order deferral or execution delay,execution risk,Capital Goods,negative,near_to_medium_term,peer,Annual-report source inventory and sector risk mapping,0.58
ind_nifty500,IRB,IRB Infrastructure Developers Ltd.,commodity price volatility,raw material price risk,Capital Goods,negative,near_term,peer,Annual-report source inventory and sector risk mapping,0.58
ind_nifty500,IRCON,IRCON International Ltd.,order deferral or execution delay,execution risk,Capital Goods,negative,near_to_medium_term,peer,Annual-report source inventory and sector risk mapping,0.58
ind_nifty500,IRCON,IRCON International Ltd.,commodity price volatility,raw material price risk,Capital Goods,negative,near_term,peer,Annual-report source inventory and sector risk mapping,0.58
ind_nifty500,IRCTC,Indian Railway Catering And Tourism Corporation Ltd.,consumer demand slowdown,demand cyclicality,Consumer Products,negative,near_term,peer,Annual-report source inventory and sector risk mapping,0.58
ind_nifty500,IRCTC,Indian Railway Catering And Tourism Corporation Ltd.,input-cost inflation,raw material price risk,Consumer Products,negative,near_term,peer,Annual-report source inventory and sector risk mapping,0.58
ind_nifty500,IREDA,Indian Renewable Energy Development Agency Ltd.,commodity price and supply volatility,commodity risk,Energy and Utilities,mixed,near_term,peer,Annual-report source inventory and sector risk mapping,0.58
ind_nifty500,IREDA,Indian Renewable Energy Development Agency Ltd.,tariff or policy change,regulatory risk,Energy and Utilities,mixed,medium_term,peer,Annual-report source inventory and sector risk mapping,0.58
ind_nifty500,IRFC,Indian Railway Finance Corporation Ltd.,demand slowdown,demand cyclicality,Core Business,negative,near_to_medium_term,peer,Annual-report source inventory and sector risk mapping,0.58
ind_nifty500,IRFC,Indian Railway Finance Corporation Ltd.,input-cost inflation,raw material price risk,Core Business,negative,near_term,peer,Annual-report source inventory and sector risk mapping,0.58
ind_nifty500,ITC,ITC Ltd.,consumer demand slowdown,demand cyclicality,Consumer Products,negative,near_term,peer,Annual-report source inventory and sector risk mapping,0.58
ind_nifty500,ITC,ITC Ltd.,input-cost inflation,raw material price risk,Consumer Products,negative,near_term,peer,Annual-report source inventory and sector risk mapping,0.58
ind_nifty500,ITCHOTELS,ITC Hotels Ltd.,consumer demand slowdown,demand cyclicality,Consumer Products,negative,near_term,peer,Annual-report source inventory and sector risk mapping,0.58
ind_nifty500,ITCHOTELS,ITC Hotels Ltd.,input-cost inflation,raw material price risk,Consumer Products,negative,near_term,peer,Annual-report source inventory and sector risk mapping,0.58
nifty_500_shariah,ITI,ITI Ltd.,order deferral or execution delay,execution risk,Capital Goods,negative,near_to_medium_term,peer,Annual-report source inventory and sector risk mapping,0.58
nifty_500_shariah,ITI,ITI Ltd.,commodity price volatility,raw material price risk,Capital Goods,negative,near_term,peer,Annual-report source inventory and sector risk mapping,0.58
ind_nifty500,J&KBANK,Jammu & Kashmir Bank Ltd.,demand slowdown,demand cyclicality,Core Business,negative,near_to_medium_term,peer,Annual-report source inventory and sector risk mapping,0.58
ind_nifty500,J&KBANK,Jammu & Kashmir Bank Ltd.,input-cost inflation,raw material price risk,Core Business,negative,near_term,peer,Annual-report source inventory and sector risk mapping,0.58
ind_nifty500,JAINREC,Jain Resource Recycling Ltd.,commodity price downturn,commodity cycle risk,Metals,negative,near_to_medium_term,peer,Annual-report source inventory and sector risk mapping,0.58
ind_nifty500,JAINREC,Jain Resource Recycling Ltd.,energy and freight inflation,raw material price risk,Metals,negative,near_term,peer,Annual-report source inventory and sector risk mapping,0.58
nifty_500_shariah,JBCHEPHARM,J B Chemicals & Pharmaceuticals Ltd.,regulatory compliance action,regulatory risk,all,negative,near_to_medium_term,peer,Annual-report source inventory and sector risk mapping,0.58
nifty_500_shariah,JBCHEPHARM,J B Chemicals & Pharmaceuticals Ltd.,pricing pressure or tender volatility,demand/pricing risk,all,mixed,medium_term,peer,Annual-report source inventory and sector risk mapping,0.58
ind_nifty500,JBMA,JBM Auto Ltd.,auto demand slowdown,demand cyclicality,Automotive,negative,near_to_medium_term,peer,Annual-report source inventory and sector risk mapping,0.58
ind_nifty500,JBMA,JBM Auto Ltd.,commodity and component inflation,raw material price risk,Automotive,negative,near_term,peer,Annual-report source inventory and sector risk mapping,0.58
nifty_500_shariah,JINDALSAW,Jindal Saw Ltd.,order deferral or execution delay,execution risk,Capital Goods,negative,near_to_medium_term,peer,Annual-report source inventory and sector risk mapping,0.58
nifty_500_shariah,JINDALSAW,Jindal Saw Ltd.,commodity price volatility,raw material price risk,Capital Goods,negative,near_term,peer,Annual-report source inventory and sector risk mapping,0.58
nifty_500_shariah,JINDALSTEL,Jindal Steel Ltd.,commodity price downturn,commodity cycle risk,Metals,negative,near_to_medium_term,peer,Annual-report source inventory and sector risk mapping,0.58
nifty_500_shariah,JINDALSTEL,Jindal Steel Ltd.,energy and freight inflation,raw material price risk,Metals,negative,near_term,peer,Annual-report source inventory and sector risk mapping,0.58
ind_nifty500,JIOFIN,Jio Financial Services Ltd.,demand slowdown,demand cyclicality,Core Business,negative,near_to_medium_term,peer,Annual-report source inventory and sector risk mapping,0.58
ind_nifty500,JIOFIN,Jio Financial Services Ltd.,input-cost inflation,raw material price risk,Core Business,negative,near_term,peer,Annual-report source inventory and sector risk mapping,0.58
ind_nifty500,JKCEMENT,J.K. Cement Ltd.,order deferral or execution delay,execution risk,Capital Goods,negative,near_to_medium_term,peer,Annual-report source inventory and sector risk mapping,0.58
ind_nifty500,JKCEMENT,J.K. Cement Ltd.,commodity price volatility,raw material price risk,Capital Goods,negative,near_term,peer,Annual-report source inventory and sector risk mapping,0.58
ind_nifty500,JKTYRE,JK Tyre & Industries Ltd.,auto demand slowdown,demand cyclicality,Automotive,negative,near_to_medium_term,peer,Annual-report source inventory and sector risk mapping,0.58
ind_nifty500,JKTYRE,JK Tyre & Industries Ltd.,commodity and component inflation,raw material price risk,Automotive,negative,near_term,peer,Annual-report source inventory and sector risk mapping,0.58
ind_nifty500,JMFINANCIL,JM Financial Ltd.,demand slowdown,demand cyclicality,Core Business,negative,near_to_medium_term,peer,Annual-report source inventory and sector risk mapping,0.58
ind_nifty500,JMFINANCIL,JM Financial Ltd.,input-cost inflation,raw material price risk,Core Business,negative,near_term,peer,Annual-report source inventory and sector risk mapping,0.58
ind_nifty500,JPPOWER,Jaiprakash Power Ventures Ltd.,commodity price and supply volatility,commodity risk,Energy and Utilities,mixed,near_term,peer,Annual-report source inventory and sector risk mapping,0.58
ind_nifty500,JPPOWER,Jaiprakash Power Ventures Ltd.,tariff or policy change,regulatory risk,Energy and Utilities,mixed,medium_term,peer,Annual-report source inventory and sector risk mapping,0.58
nifty_500_shariah,JSL,Jindal Stainless Ltd.,commodity price downturn,commodity cycle risk,Metals,negative,near_to_medium_term,peer,Annual-report source inventory and sector risk mapping,0.58
nifty_500_shariah,JSL,Jindal Stainless Ltd.,energy and freight inflation,raw material price risk,Metals,negative,near_term,peer,Annual-report source inventory and sector risk mapping,0.58
ind_nifty500,JSWCEMENT,JSW Cement Ltd.,order deferral or execution delay,execution risk,Capital Goods,negative,near_to_medium_term,peer,Annual-report source inventory and sector risk mapping,0.58
ind_nifty500,JSWCEMENT,JSW Cement Ltd.,commodity price volatility,raw material price risk,Capital Goods,negative,near_term,peer,Annual-report source inventory and sector risk mapping,0.58
ind_nifty500,JSWDULUX,JSW Dulux Ltd.,consumer demand slowdown,demand cyclicality,Consumer Products,negative,near_term,peer,Annual-report source inventory and sector risk mapping,0.58
ind_nifty500,JSWDULUX,JSW Dulux Ltd.,input-cost inflation,raw material price risk,Consumer Products,negative,near_term,peer,Annual-report source inventory and sector risk mapping,0.58
ind_nifty500,JSWENERGY,JSW Energy Ltd.,commodity price and supply volatility,commodity risk,Energy and Utilities,mixed,near_term,peer,Annual-report source inventory and sector risk mapping,0.58
ind_nifty500,JSWENERGY,JSW Energy Ltd.,tariff or policy change,regulatory risk,Energy and Utilities,mixed,medium_term,peer,Annual-report source inventory and sector risk mapping,0.58
ind_nifty500,JSWINFRA,JSW Infrastructure Ltd.,order deferral or execution delay,execution risk,Capital Goods,negative,near_to_medium_term,peer,Annual-report source inventory and sector risk mapping,0.58
ind_nifty500,JSWINFRA,JSW Infrastructure Ltd.,commodity price volatility,raw material price risk,Capital Goods,negative,near_term,peer,Annual-report source inventory and sector risk mapping,0.58
ind_nifty500,JSWSTEEL,JSW Steel Ltd.,commodity price downturn,commodity cycle risk,Metals,negative,near_to_medium_term,peer,Annual-report source inventory and sector risk mapping,0.58
ind_nifty500,JSWSTEEL,JSW Steel Ltd.,energy and freight inflation,raw material price risk,Metals,negative,near_term,peer,Annual-report source inventory and sector risk mapping,0.58
ind_nifty500,JUBLFOOD,Jubilant Foodworks Ltd.,consumer demand slowdown,demand cyclicality,Consumer Products,negative,near_term,peer,Annual-report source inventory and sector risk mapping,0.58
ind_nifty500,JUBLFOOD,Jubilant Foodworks Ltd.,input-cost inflation,raw material price risk,Consumer Products,negative,near_term,peer,Annual-report source inventory and sector risk mapping,0.58
nifty_500_shariah,JUBLINGREA,Jubilant Ingrevia Ltd.,feedstock price volatility,raw material price risk,Chemicals,negative,near_term,peer,Annual-report source inventory and sector risk mapping,0.58
nifty_500_shariah,JUBLINGREA,Jubilant Ingrevia Ltd.,regulatory or environmental action,regulatory risk,Chemicals,negative,medium_term,peer,Annual-report source inventory and sector risk mapping,0.58
nifty_500_shariah,JUBLPHARMA,Jubilant Pharmova Ltd.,regulatory compliance action,regulatory risk,all,negative,near_to_medium_term,peer,Annual-report source inventory and sector risk mapping,0.58
nifty_500_shariah,JUBLPHARMA,Jubilant Pharmova Ltd.,pricing pressure or tender volatility,demand/pricing risk,all,mixed,medium_term,peer,Annual-report source inventory and sector risk mapping,0.58
nifty_500_shariah,JWL,Jupiter Wagons Ltd.,order deferral or execution delay,execution risk,Capital Goods,negative,near_to_medium_term,peer,Annual-report source inventory and sector risk mapping,0.58
nifty_500_shariah,JWL,Jupiter Wagons Ltd.,commodity price volatility,raw material price risk,Capital Goods,negative,near_term,peer,Annual-report source inventory and sector risk mapping,0.58
nifty_500_shariah,JYOTICNC,Jyoti CNC Automation Ltd.,auto demand slowdown,demand cyclicality,Automotive,negative,near_to_medium_term,peer,Annual-report source inventory and sector risk mapping,0.58
nifty_500_shariah,JYOTICNC,Jyoti CNC Automation Ltd.,commodity and component inflation,raw material price risk,Automotive,negative,near_term,peer,Annual-report source inventory and sector risk mapping,0.58
nifty_500_shariah,KAJARIACER,Kajaria Ceramics Ltd.,consumer demand slowdown,demand cyclicality,Consumer Products,negative,near_term,peer,Annual-report source inventory and sector risk mapping,0.58
nifty_500_shariah,KAJARIACER,Kajaria Ceramics Ltd.,input-cost inflation,raw material price risk,Consumer Products,negative,near_term,peer,Annual-report source inventory and sector risk mapping,0.58
ind_nifty500,KALYANKJIL,Kalyan Jewellers India Ltd.,consumer demand slowdown,demand cyclicality,Consumer Products,negative,near_term,peer,Annual-report source inventory and sector risk mapping,0.58
ind_nifty500,KALYANKJIL,Kalyan Jewellers India Ltd.,input-cost inflation,raw material price risk,Consumer Products,negative,near_term,peer,Annual-report source inventory and sector risk mapping,0.58
ind_nifty500,KARURVYSYA,Karur Vysya Bank Ltd.,demand slowdown,demand cyclicality,Core Business,negative,near_to_medium_term,peer,Annual-report source inventory and sector risk mapping,0.58
ind_nifty500,KARURVYSYA,Karur Vysya Bank Ltd.,input-cost inflation,raw material price risk,Core Business,negative,near_term,peer,Annual-report source inventory and sector risk mapping,0.58
ind_nifty500,KAYNES,Kaynes Technology India Ltd.,client discretionary-spend slowdown,demand cyclicality,Technology Services,negative,near_to_medium_term,peer,Annual-report source inventory and sector risk mapping,0.58
ind_nifty500,KAYNES,Kaynes Technology India Ltd.,wage inflation and attrition,labour risk,Technology Services,negative,near_term,peer,Annual-report source inventory and sector risk mapping,0.58
nifty_500_shariah,KEC,KEC International Ltd.,order deferral or execution delay,execution risk,Capital Goods,negative,near_to_medium_term,peer,Annual-report source inventory and sector risk mapping,0.58
nifty_500_shariah,KEC,KEC International Ltd.,commodity price volatility,raw material price risk,Capital Goods,negative,near_term,peer,Annual-report source inventory and sector risk mapping,0.58
nifty_500_shariah,KEI,KEI Industries Ltd.,order deferral or execution delay,execution risk,Capital Goods,negative,near_to_medium_term,peer,Annual-report source inventory and sector risk mapping,0.58
nifty_500_shariah,KEI,KEI Industries Ltd.,commodity price volatility,raw material price risk,Capital Goods,negative,near_term,peer,Annual-report source inventory and sector risk mapping,0.58
ind_nifty500,KFINTECH,Kfin Technologies Ltd.,demand slowdown,demand cyclicality,Core Business,negative,near_to_medium_term,peer,Annual-report source inventory and sector risk mapping,0.58
ind_nifty500,KFINTECH,Kfin Technologies Ltd.,input-cost inflation,raw material price risk,Core Business,negative,near_term,peer,Annual-report source inventory and sector risk mapping,0.58
ind_nifty500,KIMS,Krishna Institute of Medical Sciences Ltd.,regulatory compliance action,regulatory risk,all,negative,near_to_medium_term,peer,Annual-report source inventory and sector risk mapping,0.58
ind_nifty500,KIMS,Krishna Institute of Medical Sciences Ltd.,pricing pressure or tender volatility,demand/pricing risk,all,mixed,medium_term,peer,Annual-report source inventory and sector risk mapping,0.58
ind_nifty500,KIRLOSENG,Kirloskar Oil Eng Ltd.,order deferral or execution delay,execution risk,Capital Goods,negative,near_to_medium_term,peer,Annual-report source inventory and sector risk mapping,0.58
ind_nifty500,KIRLOSENG,Kirloskar Oil Eng Ltd.,commodity price volatility,raw material price risk,Capital Goods,negative,near_term,peer,Annual-report source inventory and sector risk mapping,0.58
ind_nifty500,KOTAKBANK,Kotak Mahindra Bank Ltd.,demand slowdown,demand cyclicality,Core Business,negative,near_to_medium_term,peer,Annual-report source inventory and sector risk mapping,0.58
ind_nifty500,KOTAKBANK,Kotak Mahindra Bank Ltd.,input-cost inflation,raw material price risk,Core Business,negative,near_term,peer,Annual-report source inventory and sector risk mapping,0.58
nifty_500_shariah,KPIL,Kalpataru Projects International Ltd.,order deferral or execution delay,execution risk,Capital Goods,negative,near_to_medium_term,peer,Annual-report source inventory and sector risk mapping,0.58
nifty_500_shariah,KPIL,Kalpataru Projects International Ltd.,commodity price volatility,raw material price risk,Capital Goods,negative,near_term,peer,Annual-report source inventory and sector risk mapping,0.58
nifty_500_shariah,KPITTECH,KPIT Technologies Ltd.,client discretionary-spend slowdown,demand cyclicality,Technology Services,negative,near_to_medium_term,peer,Annual-report source inventory and sector risk mapping,0.58
nifty_500_shariah,KPITTECH,KPIT Technologies Ltd.,wage inflation and attrition,labour risk,Technology Services,negative,near_term,peer,Annual-report source inventory and sector risk mapping,0.58
ind_nifty500,KPRMILL,K.P.R. Mill Ltd.,consumer demand slowdown,demand cyclicality,Consumer Products,negative,near_term,peer,Annual-report source inventory and sector risk mapping,0.58
ind_nifty500,KPRMILL,K.P.R. Mill Ltd.,input-cost inflation,raw material price risk,Consumer Products,negative,near_term,peer,Annual-report source inventory and sector risk mapping,0.58
ind_nifty500,LALPATHLAB,Dr. Lal Path Labs Ltd.,regulatory compliance action,regulatory risk,all,negative,near_to_medium_term,peer,Annual-report source inventory and sector risk mapping,0.58
ind_nifty500,LALPATHLAB,Dr. Lal Path Labs Ltd.,pricing pressure or tender volatility,demand/pricing risk,all,mixed,medium_term,peer,Annual-report source inventory and sector risk mapping,0.58
ind_nifty500,LATENTVIEW,Latent View Analytics Ltd.,client discretionary-spend slowdown,demand cyclicality,Technology Services,negative,near_to_medium_term,peer,Annual-report source inventory and sector risk mapping,0.58
ind_nifty500,LATENTVIEW,Latent View Analytics Ltd.,wage inflation and attrition,labour risk,Technology Services,negative,near_term,peer,Annual-report source inventory and sector risk mapping,0.58
ind_nifty500,LAURUSLABS,Laurus Labs Ltd.,regulatory compliance action,regulatory risk,all,negative,near_to_medium_term,peer,Annual-report source inventory and sector risk mapping,0.58
ind_nifty500,LAURUSLABS,Laurus Labs Ltd.,pricing pressure or tender volatility,demand/pricing risk,all,mixed,medium_term,peer,Annual-report source inventory and sector risk mapping,0.58
ind_nifty500,LEMONTREE,Lemon Tree Hotels Ltd.,consumer demand slowdown,demand cyclicality,Consumer Products,negative,near_term,peer,Annual-report source inventory and sector risk mapping,0.58
ind_nifty500,LEMONTREE,Lemon Tree Hotels Ltd.,input-cost inflation,raw material price risk,Consumer Products,negative,near_term,peer,Annual-report source inventory and sector risk mapping,0.58
ind_nifty500,LENSKART,Lenskart Solutions Ltd.,feedstock price volatility,raw material price risk,Chemicals,negative,near_term,peer,Annual-report source inventory and sector risk mapping,0.58
ind_nifty500,LENSKART,Lenskart Solutions Ltd.,regulatory or environmental action,regulatory risk,Chemicals,negative,medium_term,peer,Annual-report source inventory and sector risk mapping,0.58
ind_nifty500,LGEINDIA,LG Electronics India Ltd.,consumer demand slowdown,demand cyclicality,Consumer Products,negative,near_term,peer,Annual-report source inventory and sector risk mapping,0.58
ind_nifty500,LGEINDIA,LG Electronics India Ltd.,input-cost inflation,raw material price risk,Consumer Products,negative,near_term,peer,Annual-report source inventory and sector risk mapping,0.58
ind_nifty500,LICHSGFIN,LIC Housing Finance Ltd.,demand slowdown,demand cyclicality,Core Business,negative,near_to_medium_term,peer,Annual-report source inventory and sector risk mapping,0.58
ind_nifty500,LICHSGFIN,LIC Housing Finance Ltd.,input-cost inflation,raw material price risk,Core Business,negative,near_term,peer,Annual-report source inventory and sector risk mapping,0.58
ind_nifty500,LICI,Life Insurance Corporation of India,demand slowdown,demand cyclicality,Core Business,negative,near_to_medium_term,peer,Annual-report source inventory and sector risk mapping,0.58
ind_nifty500,LICI,Life Insurance Corporation of India,input-cost inflation,raw material price risk,Core Business,negative,near_term,peer,Annual-report source inventory and sector risk mapping,0.58
nifty_500_shariah,LINDEINDIA,Linde India Ltd.,feedstock price volatility,raw material price risk,Chemicals,negative,near_term,peer,Annual-report source inventory and sector risk mapping,0.58
nifty_500_shariah,LINDEINDIA,Linde India Ltd.,regulatory or environmental action,regulatory risk,Chemicals,negative,medium_term,peer,Annual-report source inventory and sector risk mapping,0.58
nifty_500_shariah,LLOYDSME,Lloyds Metals & Energy Ltd.,commodity price downturn,commodity cycle risk,Metals,negative,near_to_medium_term,peer,Annual-report source inventory and sector risk mapping,0.58
nifty_500_shariah,LLOYDSME,Lloyds Metals & Energy Ltd.,energy and freight inflation,raw material price risk,Metals,negative,near_term,peer,Annual-report source inventory and sector risk mapping,0.58
nifty_500_shariah,LODHA,Lodha Developers Ltd.,consumer demand slowdown,demand cyclicality,Consumer Products,negative,near_term,peer,Annual-report source inventory and sector risk mapping,0.58
nifty_500_shariah,LODHA,Lodha Developers Ltd.,input-cost inflation,raw material price risk,Consumer Products,negative,near_term,peer,Annual-report source inventory and sector risk mapping,0.58
ind_nifty500,LT,Larsen & Toubro Ltd.,order deferral or execution delay,execution risk,Capital Goods,negative,near_to_medium_term,peer,Annual-report source inventory and sector risk mapping,0.58
ind_nifty500,LT,Larsen & Toubro Ltd.,commodity price volatility,raw material price risk,Capital Goods,negative,near_term,peer,Annual-report source inventory and sector risk mapping,0.58
ind_nifty500,LTF,L&T Finance Ltd.,demand slowdown,demand cyclicality,Core Business,negative,near_to_medium_term,peer,Annual-report source inventory and sector risk mapping,0.58
ind_nifty500,LTF,L&T Finance Ltd.,input-cost inflation,raw material price risk,Core Business,negative,near_term,peer,Annual-report source inventory and sector risk mapping,0.58
nifty_500_shariah,LTFOODS,LT Foods Ltd.,consumer demand slowdown,demand cyclicality,Consumer Products,negative,near_term,peer,Annual-report source inventory and sector risk mapping,0.58
nifty_500_shariah,LTFOODS,LT Foods Ltd.,input-cost inflation,raw material price risk,Consumer Products,negative,near_term,peer,Annual-report source inventory and sector risk mapping,0.58
nifty_500_shariah,LTM,LTM Ltd.,client discretionary-spend slowdown,demand cyclicality,Technology Services,negative,near_to_medium_term,peer,Annual-report source inventory and sector risk mapping,0.58
nifty_500_shariah,LTM,LTM Ltd.,wage inflation and attrition,labour risk,Technology Services,negative,near_term,peer,Annual-report source inventory and sector risk mapping,0.58
nifty_500_shariah,LTTS,L&T Technology Services Ltd.,client discretionary-spend slowdown,demand cyclicality,Technology Services,negative,near_to_medium_term,peer,Annual-report source inventory and sector risk mapping,0.58
nifty_500_shariah,LTTS,L&T Technology Services Ltd.,wage inflation and attrition,labour risk,Technology Services,negative,near_term,peer,Annual-report source inventory and sector risk mapping,0.58
nifty_500_shariah,LUPIN,Lupin Ltd.,regulatory compliance action,regulatory risk,all,negative,near_to_medium_term,peer,Annual-report source inventory and sector risk mapping,0.58
nifty_500_shariah,LUPIN,Lupin Ltd.,pricing pressure or tender volatility,demand/pricing risk,all,mixed,medium_term,peer,Annual-report source inventory and sector risk mapping,0.58
ind_nifty500,M&M,Mahindra & Mahindra Ltd.,auto demand slowdown,demand cyclicality,Automotive,negative,near_to_medium_term,peer,Annual-report source inventory and sector risk mapping,0.58
ind_nifty500,M&M,Mahindra & Mahindra Ltd.,commodity and component inflation,raw material price risk,Automotive,negative,near_term,peer,Annual-report source inventory and sector risk mapping,0.58
ind_nifty500,M&MFIN,Mahindra & Mahindra Financial Services Ltd.,demand slowdown,demand cyclicality,Core Business,negative,near_to_medium_term,peer,Annual-report source inventory and sector risk mapping,0.58
ind_nifty500,M&MFIN,Mahindra & Mahindra Financial Services Ltd.,input-cost inflation,raw material price risk,Core Business,negative,near_term,peer,Annual-report source inventory and sector risk mapping,0.58
ind_nifty500,MAHABANK,Bank of Maharashtra,demand slowdown,demand cyclicality,Core Business,negative,near_to_medium_term,peer,Annual-report source inventory and sector risk mapping,0.58
ind_nifty500,MAHABANK,Bank of Maharashtra,input-cost inflation,raw material price risk,Core Business,negative,near_term,peer,Annual-report source inventory and sector risk mapping,0.58
ind_nifty500,MANAPPURAM,Manappuram Finance Ltd.,demand slowdown,demand cyclicality,Core Business,negative,near_to_medium_term,peer,Annual-report source inventory and sector risk mapping,0.58
ind_nifty500,MANAPPURAM,Manappuram Finance Ltd.,input-cost inflation,raw material price risk,Core Business,negative,near_term,peer,Annual-report source inventory and sector risk mapping,0.58
ind_nifty500,MANKIND,Mankind Pharma Ltd.,regulatory compliance action,regulatory risk,all,negative,near_to_medium_term,peer,Annual-report source inventory and sector risk mapping,0.58
ind_nifty500,MANKIND,Mankind Pharma Ltd.,pricing pressure or tender volatility,demand/pricing risk,all,mixed,medium_term,peer,Annual-report source inventory and sector risk mapping,0.58
ind_nifty500,MAPMYINDIA,C.E. Info Systems Ltd.,client discretionary-spend slowdown,demand cyclicality,Technology Services,negative,near_to_medium_term,peer,Annual-report source inventory and sector risk mapping,0.58
ind_nifty500,MAPMYINDIA,C.E. Info Systems Ltd.,wage inflation and attrition,labour risk,Technology Services,negative,near_term,peer,Annual-report source inventory and sector risk mapping,0.58
nifty_500_shariah,MARICO,Marico Ltd.,consumer demand slowdown,demand cyclicality,Consumer Products,negative,near_term,peer,Annual-report source inventory and sector risk mapping,0.58
nifty_500_shariah,MARICO,Marico Ltd.,input-cost inflation,raw material price risk,Consumer Products,negative,near_term,peer,Annual-report source inventory and sector risk mapping,0.58
ind_nifty500,MARUTI,Maruti Suzuki India Ltd.,auto demand slowdown,demand cyclicality,Automotive,negative,near_to_medium_term,peer,Annual-report source inventory and sector risk mapping,0.58
ind_nifty500,MARUTI,Maruti Suzuki India Ltd.,commodity and component inflation,raw material price risk,Automotive,negative,near_term,peer,Annual-report source inventory and sector risk mapping,0.58
ind_nifty500,MAZDOCK,Mazagoan Dock Shipbuilders Ltd.,order deferral or execution delay,execution risk,Capital Goods,negative,near_to_medium_term,peer,Annual-report source inventory and sector risk mapping,0.58
ind_nifty500,MAZDOCK,Mazagoan Dock Shipbuilders Ltd.,commodity price volatility,raw material price risk,Capital Goods,negative,near_term,peer,Annual-report source inventory and sector risk mapping,0.58
ind_nifty500,MCX,Multi Commodity Exchange of India Ltd.,demand slowdown,demand cyclicality,Core Business,negative,near_to_medium_term,peer,Annual-report source inventory and sector risk mapping,0.58
ind_nifty500,MCX,Multi Commodity Exchange of India Ltd.,input-cost inflation,raw material price risk,Core Business,negative,near_term,peer,Annual-report source inventory and sector risk mapping,0.58
nifty_500_shariah,MEDANTA,Global Health Ltd.,regulatory compliance action,regulatory risk,all,negative,near_to_medium_term,peer,Annual-report source inventory and sector risk mapping,0.58
nifty_500_shariah,MEDANTA,Global Health Ltd.,pricing pressure or tender volatility,demand/pricing risk,all,mixed,medium_term,peer,Annual-report source inventory and sector risk mapping,0.58
ind_nifty500,MEESHO,Meesho Ltd.,consumer demand slowdown,demand cyclicality,Consumer Products,negative,near_term,peer,Annual-report source inventory and sector risk mapping,0.58
ind_nifty500,MEESHO,Meesho Ltd.,input-cost inflation,raw material price risk,Consumer Products,negative,near_term,peer,Annual-report source inventory and sector risk mapping,0.58
ind_nifty500,MFSL,Max Financial Services Ltd.,demand slowdown,demand cyclicality,Core Business,negative,near_to_medium_term,peer,Annual-report source inventory and sector risk mapping,0.58
ind_nifty500,MFSL,Max Financial Services Ltd.,input-cost inflation,raw material price risk,Core Business,negative,near_term,peer,Annual-report source inventory and sector risk mapping,0.58
nifty_500_shariah,MGL,Mahanagar Gas Ltd.,commodity price and supply volatility,commodity risk,Energy and Utilities,mixed,near_term,peer,Annual-report source inventory and sector risk mapping,0.58
nifty_500_shariah,MGL,Mahanagar Gas Ltd.,tariff or policy change,regulatory risk,Energy and Utilities,mixed,medium_term,peer,Annual-report source inventory and sector risk mapping,0.58
ind_nifty500,MINDACORP,Minda Corporation Ltd.,auto demand slowdown,demand cyclicality,Automotive,negative,near_to_medium_term,peer,Annual-report source inventory and sector risk mapping,0.58
ind_nifty500,MINDACORP,Minda Corporation Ltd.,commodity and component inflation,raw material price risk,Automotive,negative,near_term,peer,Annual-report source inventory and sector risk mapping,0.58
ind_nifty500,MMTC,MMTC Ltd.,demand slowdown,demand cyclicality,Core Business,negative,near_to_medium_term,peer,Annual-report source inventory and sector risk mapping,0.58
ind_nifty500,MMTC,MMTC Ltd.,input-cost inflation,raw material price risk,Core Business,negative,near_term,peer,Annual-report source inventory and sector risk mapping,0.58
nifty_500_shariah,MOTHERSON,Samvardhana Motherson International Ltd.,auto demand slowdown,demand cyclicality,Automotive,negative,near_to_medium_term,peer,Annual-report source inventory and sector risk mapping,0.58
nifty_500_shariah,MOTHERSON,Samvardhana Motherson International Ltd.,commodity and component inflation,raw material price risk,Automotive,negative,near_term,peer,Annual-report source inventory and sector risk mapping,0.58
ind_nifty500,MOTILALOFS,Motilal Oswal Financial Services Ltd.,demand slowdown,demand cyclicality,Core Business,negative,near_to_medium_term,peer,Annual-report source inventory and sector risk mapping,0.58
ind_nifty500,MOTILALOFS,Motilal Oswal Financial Services Ltd.,input-cost inflation,raw material price risk,Core Business,negative,near_term,peer,Annual-report source inventory and sector risk mapping,0.58
nifty_500_shariah,MPHASIS,MphasiS Ltd.,client discretionary-spend slowdown,demand cyclicality,Technology Services,negative,near_to_medium_term,peer,Annual-report source inventory and sector risk mapping,0.58
nifty_500_shariah,MPHASIS,MphasiS Ltd.,wage inflation and attrition,labour risk,Technology Services,negative,near_term,peer,Annual-report source inventory and sector risk mapping,0.58
nifty_500_shariah,MRF,MRF Ltd.,auto demand slowdown,demand cyclicality,Automotive,negative,near_to_medium_term,peer,Annual-report source inventory and sector risk mapping,0.58
nifty_500_shariah,MRF,MRF Ltd.,commodity and component inflation,raw material price risk,Automotive,negative,near_term,peer,Annual-report source inventory and sector risk mapping,0.58
ind_nifty500,MRPL,Mangalore Refinery & Petrochemicals Ltd.,feedstock price volatility,raw material price risk,Chemicals,negative,near_term,peer,Annual-report source inventory and sector risk mapping,0.58
ind_nifty500,MRPL,Mangalore Refinery & Petrochemicals Ltd.,regulatory or environmental action,regulatory risk,Chemicals,negative,medium_term,peer,Annual-report source inventory and sector risk mapping,0.58
nifty_500_shariah,MSUMI,Motherson Sumi Wiring India Ltd.,auto demand slowdown,demand cyclicality,Automotive,negative,near_to_medium_term,peer,Annual-report source inventory and sector risk mapping,0.58
nifty_500_shariah,MSUMI,Motherson Sumi Wiring India Ltd.,commodity and component inflation,raw material price risk,Automotive,negative,near_term,peer,Annual-report source inventory and sector risk mapping,0.58
ind_nifty500,MUTHOOTFIN,Muthoot Finance Ltd.,demand slowdown,demand cyclicality,Core Business,negative,near_to_medium_term,peer,Annual-report source inventory and sector risk mapping,0.58
ind_nifty500,MUTHOOTFIN,Muthoot Finance Ltd.,input-cost inflation,raw material price risk,Core Business,negative,near_term,peer,Annual-report source inventory and sector risk mapping,0.58
ind_nifty500,NAM-INDIA,Nippon Life India Asset Management Ltd.,demand slowdown,demand cyclicality,Core Business,negative,near_to_medium_term,peer,Annual-report source inventory and sector risk mapping,0.58
ind_nifty500,NAM-INDIA,Nippon Life India Asset Management Ltd.,input-cost inflation,raw material price risk,Core Business,negative,near_term,peer,Annual-report source inventory and sector risk mapping,0.58
ind_nifty500,NATCOPHARM,NATCO Pharma Ltd.,regulatory compliance action,regulatory risk,all,negative,near_to_medium_term,peer,Annual-report source inventory and sector risk mapping,0.58
ind_nifty500,NATCOPHARM,NATCO Pharma Ltd.,pricing pressure or tender volatility,demand/pricing risk,all,mixed,medium_term,peer,Annual-report source inventory and sector risk mapping,0.58
nifty_500_shariah,NATIONALUM,National Aluminium Company Ltd.,commodity price downturn,commodity cycle risk,Metals,negative,near_to_medium_term,peer,Annual-report source inventory and sector risk mapping,0.58
nifty_500_shariah,NATIONALUM,National Aluminium Company Ltd.,energy and freight inflation,raw material price risk,Metals,negative,near_term,peer,Annual-report source inventory and sector risk mapping,0.58
ind_nifty500,NAUKRI,Info Edge (India) Ltd.,consumer demand slowdown,demand cyclicality,Consumer Products,negative,near_term,peer,Annual-report source inventory and sector risk mapping,0.58
ind_nifty500,NAUKRI,Info Edge (India) Ltd.,input-cost inflation,raw material price risk,Consumer Products,negative,near_term,peer,Annual-report source inventory and sector risk mapping,0.58
nifty_500_shariah,NAVA,NAVA Ltd.,commodity price and supply volatility,commodity risk,Energy and Utilities,mixed,near_term,peer,Annual-report source inventory and sector risk mapping,0.58
nifty_500_shariah,NAVA,NAVA Ltd.,tariff or policy change,regulatory risk,Energy and Utilities,mixed,medium_term,peer,Annual-report source inventory and sector risk mapping,0.58
ind_nifty500,NAVINFLUOR,Navin Fluorine International Ltd.,feedstock price volatility,raw material price risk,Chemicals,negative,near_term,peer,Annual-report source inventory and sector risk mapping,0.58
ind_nifty500,NAVINFLUOR,Navin Fluorine International Ltd.,regulatory or environmental action,regulatory risk,Chemicals,negative,medium_term,peer,Annual-report source inventory and sector risk mapping,0.58
nifty_500_shariah,NBCC,NBCC (India) Ltd.,order deferral or execution delay,execution risk,Capital Goods,negative,near_to_medium_term,peer,Annual-report source inventory and sector risk mapping,0.58
nifty_500_shariah,NBCC,NBCC (India) Ltd.,commodity price volatility,raw material price risk,Capital Goods,negative,near_term,peer,Annual-report source inventory and sector risk mapping,0.58
nifty_500_shariah,NCC,NCC Ltd.,order deferral or execution delay,execution risk,Capital Goods,negative,near_to_medium_term,peer,Annual-report source inventory and sector risk mapping,0.58
nifty_500_shariah,NCC,NCC Ltd.,commodity price volatility,raw material price risk,Capital Goods,negative,near_term,peer,Annual-report source inventory and sector risk mapping,0.58
nifty_50_shariah,NESTLEIND,NESTLE INDIA LTD.,food commodity inflation,raw material price risk,all,negative,near_term,peer,Annual Report 2024-25 risk factors and business review,0.72
nifty_50_shariah,NESTLEIND,NESTLE INDIA LTD.,food safety and regulatory compliance,regulatory risk,all,negative,near_to_medium_term,peer,Annual Report 2024-25 risk factors and business review,0.72
nifty_500_shariah,NETWEB,Netweb Technologies India Ltd.,client discretionary-spend slowdown,demand cyclicality,Technology Services,negative,near_to_medium_term,peer,Annual-report source inventory and sector risk mapping,0.58
nifty_500_shariah,NETWEB,Netweb Technologies India Ltd.,wage inflation and attrition,labour risk,Technology Services,negative,near_term,peer,Annual-report source inventory and sector risk mapping,0.58
nifty_500_shariah,NEULANDLAB,Neuland Laboratories Ltd.,regulatory compliance action,regulatory risk,all,negative,near_to_medium_term,peer,Annual-report source inventory and sector risk mapping,0.58
nifty_500_shariah,NEULANDLAB,Neuland Laboratories Ltd.,pricing pressure or tender volatility,demand/pricing risk,all,mixed,medium_term,peer,Annual-report source inventory and sector risk mapping,0.58
ind_nifty500,NEWGEN,Newgen Software Technologies Ltd.,client discretionary-spend slowdown,demand cyclicality,Technology Services,negative,near_to_medium_term,peer,Annual-report source inventory and sector risk mapping,0.58
ind_nifty500,NEWGEN,Newgen Software Technologies Ltd.,wage inflation and attrition,labour risk,Technology Services,negative,near_term,peer,Annual-report source inventory and sector risk mapping,0.58
ind_nifty500,NH,Narayana Hrudayalaya Ltd.,regulatory compliance action,regulatory risk,all,negative,near_to_medium_term,peer,Annual-report source inventory and sector risk mapping,0.58
ind_nifty500,NH,Narayana Hrudayalaya Ltd.,pricing pressure or tender volatility,demand/pricing risk,all,mixed,medium_term,peer,Annual-report source inventory and sector risk mapping,0.58
ind_nifty500,NHPC,NHPC Ltd.,commodity price and supply volatility,commodity risk,Energy and Utilities,mixed,near_term,peer,Annual-report source inventory and sector risk mapping,0.58
ind_nifty500,NHPC,NHPC Ltd.,tariff or policy change,regulatory risk,Energy and Utilities,mixed,medium_term,peer,Annual-report source inventory and sector risk mapping,0.58
ind_nifty500,NIACL,The New India Assurance Company Ltd.,demand slowdown,demand cyclicality,Core Business,negative,near_to_medium_term,peer,Annual-report source inventory and sector risk mapping,0.58
ind_nifty500,NIACL,The New India Assurance Company Ltd.,input-cost inflation,raw material price risk,Core Business,negative,near_term,peer,Annual-report source inventory and sector risk mapping,0.58
ind_nifty500,NIVABUPA,Niva Bupa Health Insurance Company Ltd.,demand slowdown,demand cyclicality,Core Business,negative,near_to_medium_term,peer,Annual-report source inventory and sector risk mapping,0.58
ind_nifty500,NIVABUPA,Niva Bupa Health Insurance Company Ltd.,input-cost inflation,raw material price risk,Core Business,negative,near_term,peer,Annual-report source inventory and sector risk mapping,0.58
ind_nifty500,NLCINDIA,NLC India Ltd.,commodity price and supply volatility,commodity risk,Energy and Utilities,mixed,near_term,peer,Annual-report source inventory and sector risk mapping,0.58
ind_nifty500,NLCINDIA,NLC India Ltd.,tariff or policy change,regulatory risk,Energy and Utilities,mixed,medium_term,peer,Annual-report source inventory and sector risk mapping,0.58
ind_nifty500,NMDC,NMDC Ltd.,commodity price downturn,commodity cycle risk,Metals,negative,near_to_medium_term,peer,Annual-report source inventory and sector risk mapping,0.58
ind_nifty500,NMDC,NMDC Ltd.,energy and freight inflation,raw material price risk,Metals,negative,near_term,peer,Annual-report source inventory and sector risk mapping,0.58
nifty_500_shariah,NSLNISP,NMDC Steel Ltd.,commodity price downturn,commodity cycle risk,Metals,negative,near_to_medium_term,peer,Annual-report source inventory and sector risk mapping,0.58
nifty_500_shariah,NSLNISP,NMDC Steel Ltd.,energy and freight inflation,raw material price risk,Metals,negative,near_term,peer,Annual-report source inventory and sector risk mapping,0.58
ind_nifty500,NTPC,NTPC Ltd.,commodity price and supply volatility,commodity risk,Energy and Utilities,mixed,near_term,peer,Annual-report source inventory and sector risk mapping,0.58
ind_nifty500,NTPC,NTPC Ltd.,tariff or policy change,regulatory risk,Energy and Utilities,mixed,medium_term,peer,Annual-report source inventory and sector risk mapping,0.58
ind_nifty500,NTPCGREEN,NTPC Green Energy Ltd.,commodity price and supply volatility,commodity risk,Energy and Utilities,mixed,near_term,peer,Annual-report source inventory and sector risk mapping,0.58
ind_nifty500,NTPCGREEN,NTPC Green Energy Ltd.,tariff or policy change,regulatory risk,Energy and Utilities,mixed,medium_term,peer,Annual-report source inventory and sector risk mapping,0.58
ind_nifty500,NUVAMA,Nuvama Wealth Management Ltd.,demand slowdown,demand cyclicality,Core Business,negative,near_to_medium_term,peer,Annual-report source inventory and sector risk mapping,0.58
ind_nifty500,NUVAMA,Nuvama Wealth Management Ltd.,input-cost inflation,raw material price risk,Core Business,negative,near_term,peer,Annual-report source inventory and sector risk mapping,0.58
nifty_500_shariah,NUVOCO,Nuvoco Vistas Corporation Ltd.,order deferral or execution delay,execution risk,Capital Goods,negative,near_to_medium_term,peer,Annual-report source inventory and sector risk mapping,0.58
nifty_500_shariah,NUVOCO,Nuvoco Vistas Corporation Ltd.,commodity price volatility,raw material price risk,Capital Goods,negative,near_term,peer,Annual-report source inventory and sector risk mapping,0.58
ind_nifty500,NYKAA,FSN E-Commerce Ventures Ltd.,consumer demand slowdown,demand cyclicality,Consumer Products,negative,near_term,peer,Annual-report source inventory and sector risk mapping,0.58
ind_nifty500,NYKAA,FSN E-Commerce Ventures Ltd.,input-cost inflation,raw material price risk,Consumer Products,negative,near_term,peer,Annual-report source inventory and sector risk mapping,0.58
ind_nifty500,OBEROIRLTY,Oberoi Realty Ltd.,consumer demand slowdown,demand cyclicality,Consumer Products,negative,near_term,peer,Annual-report source inventory and sector risk mapping,0.58
ind_nifty500,OBEROIRLTY,Oberoi Realty Ltd.,input-cost inflation,raw material price risk,Consumer Products,negative,near_term,peer,Annual-report source inventory and sector risk mapping,0.58
ind_nifty500,OFSS,Oracle Financial Services Software Ltd.,client discretionary-spend slowdown,demand cyclicality,Technology Services,negative,near_to_medium_term,peer,Annual-report source inventory and sector risk mapping,0.58
ind_nifty500,OFSS,Oracle Financial Services Software Ltd.,wage inflation and attrition,labour risk,Technology Services,negative,near_term,peer,Annual-report source inventory and sector risk mapping,0.58
ind_nifty500,OIL,Oil India Ltd.,commodity price and supply volatility,commodity risk,Energy and Utilities,mixed,near_term,peer,Annual-report source inventory and sector risk mapping,0.58
ind_nifty500,OIL,Oil India Ltd.,tariff or policy change,regulatory risk,Energy and Utilities,mixed,medium_term,peer,Annual-report source inventory and sector risk mapping,0.58
ind_nifty500,OLAELEC,Ola Electric Mobility Ltd.,auto demand slowdown,demand cyclicality,Automotive,negative,near_to_medium_term,peer,Annual-report source inventory and sector risk mapping,0.58
ind_nifty500,OLAELEC,Ola Electric Mobility Ltd.,commodity and component inflation,raw material price risk,Automotive,negative,near_term,peer,Annual-report source inventory and sector risk mapping,0.58
nifty_500_shariah,OLECTRA,Olectra Greentech Ltd.,auto demand slowdown,demand cyclicality,Automotive,negative,near_to_medium_term,peer,Annual-report source inventory and sector risk mapping,0.58
nifty_500_shariah,OLECTRA,Olectra Greentech Ltd.,commodity and component inflation,raw material price risk,Automotive,negative,near_term,peer,Annual-report source inventory and sector risk mapping,0.58
ind_nifty500,ONESOURCE,Onesource Specialty Pharma Ltd.,regulatory compliance action,regulatory risk,all,negative,near_to_medium_term,peer,Annual-report source inventory and sector risk mapping,0.58
ind_nifty500,ONESOURCE,Onesource Specialty Pharma Ltd.,pricing pressure or tender volatility,demand/pricing risk,all,mixed,medium_term,peer,Annual-report source inventory and sector risk mapping,0.58
nifty_50_shariah,ONGC,Oil & Natural Gas Corporation,crude and gas price volatility,commodity cycle risk,Exploration and Production,mixed,near_term,peer,Annual Report 2024-25 risk factors and business review,0.72
nifty_50_shariah,ONGC,Oil & Natural Gas Corporation,reserve replacement and project delays,execution risk,Exploration and Production,negative,long_term,peer,Annual Report 2024-25 risk factors and business review,0.72
nifty_500_shariah,PAGEIND,Page Industries Ltd.,consumer demand slowdown,demand cyclicality,Consumer Products,negative,near_term,peer,Annual-report source inventory and sector risk mapping,0.58
nifty_500_shariah,PAGEIND,Page Industries Ltd.,input-cost inflation,raw material price risk,Consumer Products,negative,near_term,peer,Annual-report source inventory and sector risk mapping,0.58
ind_nifty500,PARADEEP,Paradeep Phosphates Ltd.,feedstock price volatility,raw material price risk,Chemicals,negative,near_term,peer,Annual-report source inventory and sector risk mapping,0.58
ind_nifty500,PARADEEP,Paradeep Phosphates Ltd.,regulatory or environmental action,regulatory risk,Chemicals,negative,medium_term,peer,Annual-report source inventory and sector risk mapping,0.58
nifty_500_shariah,PATANJALI,Patanjali Foods Ltd.,consumer demand slowdown,demand cyclicality,Consumer Products,negative,near_term,peer,Annual-report source inventory and sector risk mapping,0.58
nifty_500_shariah,PATANJALI,Patanjali Foods Ltd.,input-cost inflation,raw material price risk,Consumer Products,negative,near_term,peer,Annual-report source inventory and sector risk mapping,0.58
ind_nifty500,PAYTM,One 97 Communications Ltd.,client discretionary-spend slowdown,demand cyclicality,Technology Services,negative,near_to_medium_term,peer,Annual-report source inventory and sector risk mapping,0.58
ind_nifty500,PAYTM,One 97 Communications Ltd.,wage inflation and attrition,labour risk,Technology Services,negative,near_term,peer,Annual-report source inventory and sector risk mapping,0.58
ind_nifty500,PCBL,PCBL Chemical Ltd.,feedstock price volatility,raw material price risk,Chemicals,negative,near_term,peer,Annual-report source inventory and sector risk mapping,0.58
ind_nifty500,PCBL,PCBL Chemical Ltd.,regulatory or environmental action,regulatory risk,Chemicals,negative,medium_term,peer,Annual-report source inventory and sector risk mapping,0.58
nifty_500_shariah,PERSISTENT,Persistent Systems Ltd.,client discretionary-spend slowdown,demand cyclicality,Technology Services,negative,near_to_medium_term,peer,Annual-report source inventory and sector risk mapping,0.58
nifty_500_shariah,PERSISTENT,Persistent Systems Ltd.,wage inflation and attrition,labour risk,Technology Services,negative,near_term,peer,Annual-report source inventory and sector risk mapping,0.58
nifty_500_shariah,PETRONET,Petronet LNG Ltd.,commodity price and supply volatility,commodity risk,Energy and Utilities,mixed,near_term,peer,Annual-report source inventory and sector risk mapping,0.58
nifty_500_shariah,PETRONET,Petronet LNG Ltd.,tariff or policy change,regulatory risk,Energy and Utilities,mixed,medium_term,peer,Annual-report source inventory and sector risk mapping,0.58
ind_nifty500,PFC,Power Finance Corporation Ltd.,commodity price and supply volatility,commodity risk,Energy and Utilities,mixed,near_term,peer,Annual-report source inventory and sector risk mapping,0.58
ind_nifty500,PFC,Power Finance Corporation Ltd.,tariff or policy change,regulatory risk,Energy and Utilities,mixed,medium_term,peer,Annual-report source inventory and sector risk mapping,0.58
ind_nifty500,PFIZER,Pfizer Ltd.,regulatory compliance action,regulatory risk,all,negative,near_to_medium_term,peer,Annual-report source inventory and sector risk mapping,0.58
ind_nifty500,PFIZER,Pfizer Ltd.,pricing pressure or tender volatility,demand/pricing risk,all,mixed,medium_term,peer,Annual-report source inventory and sector risk mapping,0.58
nifty_500_shariah,PGEL,PG Electroplast Ltd.,consumer demand slowdown,demand cyclicality,Consumer Products,negative,near_term,peer,Annual-report source inventory and sector risk mapping,0.58
nifty_500_shariah,PGEL,PG Electroplast Ltd.,input-cost inflation,raw material price risk,Consumer Products,negative,near_term,peer,Annual-report source inventory and sector risk mapping,0.58
ind_nifty500,PHOENIXLTD,Phoenix Mills Ltd.,consumer demand slowdown,demand cyclicality,Consumer Products,negative,near_term,peer,Annual-report source inventory and sector risk mapping,0.58
ind_nifty500,PHOENIXLTD,Phoenix Mills Ltd.,input-cost inflation,raw material price risk,Consumer Products,negative,near_term,peer,Annual-report source inventory and sector risk mapping,0.58
nifty_500_shariah,PIDILITIND,Pidilite Industries Ltd.,feedstock price volatility,raw material price risk,Chemicals,negative,near_term,peer,Annual-report source inventory and sector risk mapping,0.58
nifty_500_shariah,PIDILITIND,Pidilite Industries Ltd.,regulatory or environmental action,regulatory risk,Chemicals,negative,medium_term,peer,Annual-report source inventory and sector risk mapping,0.58
ind_nifty500,PIIND,PI Industries Ltd.,feedstock price volatility,raw material price risk,Chemicals,negative,near_term,peer,Annual-report source inventory and sector risk mapping,0.58
ind_nifty500,PIIND,PI Industries Ltd.,regulatory or environmental action,regulatory risk,Chemicals,negative,medium_term,peer,Annual-report source inventory and sector risk mapping,0.58
ind_nifty500,PINELABS,Pine Labs Ltd.,client discretionary-spend slowdown,demand cyclicality,Technology Services,negative,near_to_medium_term,peer,Annual-report source inventory and sector risk mapping,0.58
ind_nifty500,PINELABS,Pine Labs Ltd.,wage inflation and attrition,labour risk,Technology Services,negative,near_term,peer,Annual-report source inventory and sector risk mapping,0.58
ind_nifty500,PIRAMALFIN,Piramal Finance Ltd.,demand slowdown,demand cyclicality,Core Business,negative,near_to_medium_term,peer,Annual-report source inventory and sector risk mapping,0.58
ind_nifty500,PIRAMALFIN,Piramal Finance Ltd.,input-cost inflation,raw material price risk,Core Business,negative,near_term,peer,Annual-report source inventory and sector risk mapping,0.58
ind_nifty500,PNB,Punjab National Bank,demand slowdown,demand cyclicality,Core Business,negative,near_to_medium_term,peer,Annual-report source inventory and sector risk mapping,0.58
ind_nifty500,PNB,Punjab National Bank,input-cost inflation,raw material price risk,Core Business,negative,near_term,peer,Annual-report source inventory and sector risk mapping,0.58
ind_nifty500,PNBHOUSING,PNB Housing Finance Ltd.,demand slowdown,demand cyclicality,Core Business,negative,near_to_medium_term,peer,Annual-report source inventory and sector risk mapping,0.58
ind_nifty500,PNBHOUSING,PNB Housing Finance Ltd.,input-cost inflation,raw material price risk,Core Business,negative,near_term,peer,Annual-report source inventory and sector risk mapping,0.58
ind_nifty500,POLICYBZR,PB Fintech Ltd.,client discretionary-spend slowdown,demand cyclicality,Technology Services,negative,near_to_medium_term,peer,Annual-report source inventory and sector risk mapping,0.58
ind_nifty500,POLICYBZR,PB Fintech Ltd.,wage inflation and attrition,labour risk,Technology Services,negative,near_term,peer,Annual-report source inventory and sector risk mapping,0.58
nifty_500_shariah,POLYCAB,Polycab India Ltd.,order deferral or execution delay,execution risk,Capital Goods,negative,near_to_medium_term,peer,Annual-report source inventory and sector risk mapping,0.58
nifty_500_shariah,POLYCAB,Polycab India Ltd.,commodity price volatility,raw material price risk,Capital Goods,negative,near_term,peer,Annual-report source inventory and sector risk mapping,0.58
ind_nifty500,POLYMED,Poly Medicure Ltd.,regulatory compliance action,regulatory risk,all,negative,near_to_medium_term,peer,Annual-report source inventory and sector risk mapping,0.58
ind_nifty500,POLYMED,Poly Medicure Ltd.,pricing pressure or tender volatility,demand/pricing risk,all,mixed,medium_term,peer,Annual-report source inventory and sector risk mapping,0.58
ind_nifty500,POONAWALLA,Poonawalla Fincorp Ltd.,demand slowdown,demand cyclicality,Core Business,negative,near_to_medium_term,peer,Annual-report source inventory and sector risk mapping,0.58
ind_nifty500,POONAWALLA,Poonawalla Fincorp Ltd.,input-cost inflation,raw material price risk,Core Business,negative,near_term,peer,Annual-report source inventory and sector risk mapping,0.58
ind_nifty500,POWERGRID,Power Grid Corporation of India Ltd.,commodity price and supply volatility,commodity risk,Energy and Utilities,mixed,near_term,peer,Annual-report source inventory and sector risk mapping,0.58
ind_nifty500,POWERGRID,Power Grid Corporation of India Ltd.,tariff or policy change,regulatory risk,Energy and Utilities,mixed,medium_term,peer,Annual-report source inventory and sector risk mapping,0.58
nifty_500_shariah,POWERINDIA,Hitachi Energy India Ltd.,order deferral or execution delay,execution risk,Capital Goods,negative,near_to_medium_term,peer,Annual-report source inventory and sector risk mapping,0.58
nifty_500_shariah,POWERINDIA,Hitachi Energy India Ltd.,commodity price volatility,raw material price risk,Capital Goods,negative,near_term,peer,Annual-report source inventory and sector risk mapping,0.58
ind_nifty500,PPLPHARMA,Piramal Pharma Ltd.,regulatory compliance action,regulatory risk,all,negative,near_to_medium_term,peer,Annual-report source inventory and sector risk mapping,0.58
ind_nifty500,PPLPHARMA,Piramal Pharma Ltd.,pricing pressure or tender volatility,demand/pricing risk,all,mixed,medium_term,peer,Annual-report source inventory and sector risk mapping,0.58
ind_nifty500,PREMIERENE,Premier Energies Ltd.,order deferral or execution delay,execution risk,Capital Goods,negative,near_to_medium_term,peer,Annual-report source inventory and sector risk mapping,0.58
ind_nifty500,PREMIERENE,Premier Energies Ltd.,commodity price volatility,raw material price risk,Capital Goods,negative,near_term,peer,Annual-report source inventory and sector risk mapping,0.58
ind_nifty500,PRESTIGE,Prestige Estates Projects Ltd.,consumer demand slowdown,demand cyclicality,Consumer Products,negative,near_term,peer,Annual-report source inventory and sector risk mapping,0.58
ind_nifty500,PRESTIGE,Prestige Estates Projects Ltd.,input-cost inflation,raw material price risk,Consumer Products,negative,near_term,peer,Annual-report source inventory and sector risk mapping,0.58
ind_nifty500,PTCIL,PTC Industries Ltd.,order deferral or execution delay,execution risk,Capital Goods,negative,near_to_medium_term,peer,Annual-report source inventory and sector risk mapping,0.58
ind_nifty500,PTCIL,PTC Industries Ltd.,commodity price volatility,raw material price risk,Capital Goods,negative,near_term,peer,Annual-report source inventory and sector risk mapping,0.58
ind_nifty500,PVRINOX,PVR INOX Ltd.,consumer demand slowdown,demand cyclicality,Consumer Products,negative,near_term,peer,Annual-report source inventory and sector risk mapping,0.58
ind_nifty500,PVRINOX,PVR INOX Ltd.,input-cost inflation,raw material price risk,Consumer Products,negative,near_term,peer,Annual-report source inventory and sector risk mapping,0.58
ind_nifty500,PWL,Physicswallah Ltd.,consumer demand slowdown,demand cyclicality,Consumer Products,negative,near_term,peer,Annual-report source inventory and sector risk mapping,0.58
ind_nifty500,PWL,Physicswallah Ltd.,input-cost inflation,raw material price risk,Consumer Products,negative,near_term,peer,Annual-report source inventory and sector risk mapping,0.58
ind_nifty500,RADICO,Radico Khaitan Ltd,consumer demand slowdown,demand cyclicality,Consumer Products,negative,near_term,peer,Annual-report source inventory and sector risk mapping,0.58
ind_nifty500,RADICO,Radico Khaitan Ltd,input-cost inflation,raw material price risk,Consumer Products,negative,near_term,peer,Annual-report source inventory and sector risk mapping,0.58
nifty_500_shariah,RAILTEL,RailTel Corporation of India Ltd.,demand slowdown,demand cyclicality,Core Business,negative,near_to_medium_term,peer,Annual-report source inventory and sector risk mapping,0.58
nifty_500_shariah,RAILTEL,RailTel Corporation of India Ltd.,input-cost inflation,raw material price risk,Core Business,negative,near_term,peer,Annual-report source inventory and sector risk mapping,0.58
ind_nifty500,RAINBOW,Rainbow Childrens Medicare Ltd.,regulatory compliance action,regulatory risk,all,negative,near_to_medium_term,peer,Annual-report source inventory and sector risk mapping,0.58
ind_nifty500,RAINBOW,Rainbow Childrens Medicare Ltd.,pricing pressure or tender volatility,demand/pricing risk,all,mixed,medium_term,peer,Annual-report source inventory and sector risk mapping,0.58
ind_nifty500,RAMCOCEM,The Ramco Cements Ltd.,order deferral or execution delay,execution risk,Capital Goods,negative,near_to_medium_term,peer,Annual-report source inventory and sector risk mapping,0.58
ind_nifty500,RAMCOCEM,The Ramco Cements Ltd.,commodity price volatility,raw material price risk,Capital Goods,negative,near_term,peer,Annual-report source inventory and sector risk mapping,0.58
ind_nifty500,RBLBANK,RBL Bank Ltd.,demand slowdown,demand cyclicality,Core Business,negative,near_to_medium_term,peer,Annual-report source inventory and sector risk mapping,0.58
ind_nifty500,RBLBANK,RBL Bank Ltd.,input-cost inflation,raw material price risk,Core Business,negative,near_term,peer,Annual-report source inventory and sector risk mapping,0.58
ind_nifty500,RECLTD,REC Ltd.,demand slowdown,demand cyclicality,Core Business,negative,near_to_medium_term,peer,Annual-report source inventory and sector risk mapping,0.58
ind_nifty500,RECLTD,REC Ltd.,input-cost inflation,raw material price risk,Core Business,negative,near_term,peer,Annual-report source inventory and sector risk mapping,0.58
nifty_500_shariah,REDINGTON,Redington Ltd.,demand slowdown,demand cyclicality,Core Business,negative,near_to_medium_term,peer,Annual-report source inventory and sector risk mapping,0.58
nifty_500_shariah,REDINGTON,Redington Ltd.,input-cost inflation,raw material price risk,Core Business,negative,near_term,peer,Annual-report source inventory and sector risk mapping,0.58
ind_nifty500,RELIANCE,Reliance Industries Ltd.,commodity price and supply volatility,commodity risk,Energy and Utilities,mixed,near_term,peer,Annual-report source inventory and sector risk mapping,0.58
ind_nifty500,RELIANCE,Reliance Industries Ltd.,tariff or policy change,regulatory risk,Energy and Utilities,mixed,medium_term,peer,Annual-report source inventory and sector risk mapping,0.58
nifty_500_shariah,RHIM,RHI Magnesita India Ltd.,order deferral or execution delay,execution risk,Capital Goods,negative,near_to_medium_term,peer,Annual-report source inventory and sector risk mapping,0.58
nifty_500_shariah,RHIM,RHI Magnesita India Ltd.,commodity price volatility,raw material price risk,Capital Goods,negative,near_term,peer,Annual-report source inventory and sector risk mapping,0.58
ind_nifty500,RITES,RITES Ltd.,order deferral or execution delay,execution risk,Capital Goods,negative,near_to_medium_term,peer,Annual-report source inventory and sector risk mapping,0.58
ind_nifty500,RITES,RITES Ltd.,commodity price volatility,raw material price risk,Capital Goods,negative,near_term,peer,Annual-report source inventory and sector risk mapping,0.58
ind_nifty500,RKFORGE,Ramkrishna Forgings Ltd.,auto demand slowdown,demand cyclicality,Automotive,negative,near_to_medium_term,peer,Annual-report source inventory and sector risk mapping,0.58
ind_nifty500,RKFORGE,Ramkrishna Forgings Ltd.,commodity and component inflation,raw material price risk,Automotive,negative,near_term,peer,Annual-report source inventory and sector risk mapping,0.58
ind_nifty500,RPOWER,Reliance Power Ltd.,commodity price and supply volatility,commodity risk,Energy and Utilities,mixed,near_term,peer,Annual-report source inventory and sector risk mapping,0.58
ind_nifty500,RPOWER,Reliance Power Ltd.,tariff or policy change,regulatory risk,Energy and Utilities,mixed,medium_term,peer,Annual-report source inventory and sector risk mapping,0.58
nifty_500_shariah,RRKABEL,R R Kabel Ltd.,order deferral or execution delay,execution risk,Capital Goods,negative,near_to_medium_term,peer,Annual-report source inventory and sector risk mapping,0.58
nifty_500_shariah,RRKABEL,R R Kabel Ltd.,commodity price volatility,raw material price risk,Capital Goods,negative,near_term,peer,Annual-report source inventory and sector risk mapping,0.58
nifty_500_shariah,RVNL,Rail Vikas Nigam Ltd.,order deferral or execution delay,execution risk,Capital Goods,negative,near_to_medium_term,peer,Annual-report source inventory and sector risk mapping,0.58
nifty_500_shariah,RVNL,Rail Vikas Nigam Ltd.,commodity price volatility,raw material price risk,Capital Goods,negative,near_term,peer,Annual-report source inventory and sector risk mapping,0.58
nifty_500_shariah,SAGILITY,Sagility Ltd.,client discretionary-spend slowdown,demand cyclicality,Technology Services,negative,near_to_medium_term,peer,Annual-report source inventory and sector risk mapping,0.58
nifty_500_shariah,SAGILITY,Sagility Ltd.,wage inflation and attrition,labour risk,Technology Services,negative,near_term,peer,Annual-report source inventory and sector risk mapping,0.58
nifty_500_shariah,SAIL,Steel Authority of India (SAIL) Ltd.,commodity price downturn,commodity cycle risk,Metals,negative,near_to_medium_term,peer,Annual-report source inventory and sector risk mapping,0.58
nifty_500_shariah,SAIL,Steel Authority of India (SAIL) Ltd.,energy and freight inflation,raw material price risk,Metals,negative,near_term,peer,Annual-report source inventory and sector risk mapping,0.58
nifty_500_shariah,SAILIFE,Sai Life Science Ltd.,regulatory compliance action,regulatory risk,all,negative,near_to_medium_term,peer,Annual-report source inventory and sector risk mapping,0.58
nifty_500_shariah,SAILIFE,Sai Life Science Ltd.,pricing pressure or tender volatility,demand/pricing risk,all,mixed,medium_term,peer,Annual-report source inventory and sector risk mapping,0.58
ind_nifty500,SAMMAANCAP,Sammaan Capital Ltd.,demand slowdown,demand cyclicality,Core Business,negative,near_to_medium_term,peer,Annual-report source inventory and sector risk mapping,0.58
ind_nifty500,SAMMAANCAP,Sammaan Capital Ltd.,input-cost inflation,raw material price risk,Core Business,negative,near_term,peer,Annual-report source inventory and sector risk mapping,0.58
ind_nifty500,SAPPHIRE,Sapphire Foods India Ltd.,consumer demand slowdown,demand cyclicality,Consumer Products,negative,near_term,peer,Annual-report source inventory and sector risk mapping,0.58
ind_nifty500,SAPPHIRE,Sapphire Foods India Ltd.,input-cost inflation,raw material price risk,Consumer Products,negative,near_term,peer,Annual-report source inventory and sector risk mapping,0.58
ind_nifty500,SARDAEN,Sarda Energy and Minerals Ltd.,commodity price downturn,commodity cycle risk,Metals,negative,near_to_medium_term,peer,Annual-report source inventory and sector risk mapping,0.58
ind_nifty500,SARDAEN,Sarda Energy and Minerals Ltd.,energy and freight inflation,raw material price risk,Metals,negative,near_term,peer,Annual-report source inventory and sector risk mapping,0.58
ind_nifty500,SAREGAMA,Saregama India Ltd,consumer demand slowdown,demand cyclicality,Consumer Products,negative,near_term,peer,Annual-report source inventory and sector risk mapping,0.58
ind_nifty500,SAREGAMA,Saregama India Ltd,input-cost inflation,raw material price risk,Consumer Products,negative,near_term,peer,Annual-report source inventory and sector risk mapping,0.58
ind_nifty500,SBFC,SBFC Finance Ltd.,demand slowdown,demand cyclicality,Core Business,negative,near_to_medium_term,peer,Annual-report source inventory and sector risk mapping,0.58
ind_nifty500,SBFC,SBFC Finance Ltd.,input-cost inflation,raw material price risk,Core Business,negative,near_term,peer,Annual-report source inventory and sector risk mapping,0.58
ind_nifty500,SBICARD,SBI Cards and Payment Services Ltd.,demand slowdown,demand cyclicality,Core Business,negative,near_to_medium_term,peer,Annual-report source inventory and sector risk mapping,0.58
ind_nifty500,SBICARD,SBI Cards and Payment Services Ltd.,input-cost inflation,raw material price risk,Core Business,negative,near_term,peer,Annual-report source inventory and sector risk mapping,0.58
ind_nifty500,SBILIFE,SBI Life Insurance Company Ltd.,demand slowdown,demand cyclicality,Core Business,negative,near_to_medium_term,peer,Annual-report source inventory and sector risk mapping,0.58
ind_nifty500,SBILIFE,SBI Life Insurance Company Ltd.,input-cost inflation,raw material price risk,Core Business,negative,near_term,peer,Annual-report source inventory and sector risk mapping,0.58
ind_nifty500,SBIN,State Bank of India,demand slowdown,demand cyclicality,Core Business,negative,near_to_medium_term,peer,Annual-report source inventory and sector risk mapping,0.58
ind_nifty500,SBIN,State Bank of India,input-cost inflation,raw material price risk,Core Business,negative,near_term,peer,Annual-report source inventory and sector risk mapping,0.58
nifty_500_shariah,SCHAEFFLER,Schaeffler India Ltd.,auto demand slowdown,demand cyclicality,Automotive,negative,near_to_medium_term,peer,Annual-report source inventory and sector risk mapping,0.58
nifty_500_shariah,SCHAEFFLER,Schaeffler India Ltd.,commodity and component inflation,raw material price risk,Automotive,negative,near_term,peer,Annual-report source inventory and sector risk mapping,0.58
ind_nifty500,SCHNEIDER,Schneider Electric Infrastructure Ltd.,order deferral or execution delay,execution risk,Capital Goods,negative,near_to_medium_term,peer,Annual-report source inventory and sector risk mapping,0.58
ind_nifty500,SCHNEIDER,Schneider Electric Infrastructure Ltd.,commodity price volatility,raw material price risk,Capital Goods,negative,near_term,peer,Annual-report source inventory and sector risk mapping,0.58
nifty_500_shariah,SCI,Shipping Corporation of India Ltd.,demand slowdown,demand cyclicality,Core Business,negative,near_to_medium_term,peer,Annual-report source inventory and sector risk mapping,0.58
nifty_500_shariah,SCI,Shipping Corporation of India Ltd.,input-cost inflation,raw material price risk,Core Business,negative,near_term,peer,Annual-report source inventory and sector risk mapping,0.58
ind_nifty500,SHREECEM,Shree Cement Ltd.,order deferral or execution delay,execution risk,Capital Goods,negative,near_to_medium_term,peer,Annual-report source inventory and sector risk mapping,0.58
ind_nifty500,SHREECEM,Shree Cement Ltd.,commodity price volatility,raw material price risk,Capital Goods,negative,near_term,peer,Annual-report source inventory and sector risk mapping,0.58
ind_nifty500,SHRIRAMFIN,Shriram Finance Ltd.,demand slowdown,demand cyclicality,Core Business,negative,near_to_medium_term,peer,Annual-report source inventory and sector risk mapping,0.58
ind_nifty500,SHRIRAMFIN,Shriram Finance Ltd.,input-cost inflation,raw material price risk,Core Business,negative,near_term,peer,Annual-report source inventory and sector risk mapping,0.58
nifty_500_shariah,SHYAMMETL,Shyam Metalics and Energy Ltd.,order deferral or execution delay,execution risk,Capital Goods,negative,near_to_medium_term,peer,Annual-report source inventory and sector risk mapping,0.58
nifty_500_shariah,SHYAMMETL,Shyam Metalics and Energy Ltd.,commodity price volatility,raw material price risk,Capital Goods,negative,near_term,peer,Annual-report source inventory and sector risk mapping,0.58
ind_nifty500,SIEMENS,Siemens Ltd.,order deferral or execution delay,execution risk,Capital Goods,negative,near_to_medium_term,peer,Annual-report source inventory and sector risk mapping,0.58
ind_nifty500,SIEMENS,Siemens Ltd.,commodity price volatility,raw material price risk,Capital Goods,negative,near_term,peer,Annual-report source inventory and sector risk mapping,0.58
ind_nifty500,SIGNATURE,Signatureglobal (India) Ltd.,consumer demand slowdown,demand cyclicality,Consumer Products,negative,near_term,peer,Annual-report source inventory and sector risk mapping,0.58
ind_nifty500,SIGNATURE,Signatureglobal (India) Ltd.,input-cost inflation,raw material price risk,Consumer Products,negative,near_term,peer,Annual-report source inventory and sector risk mapping,0.58
ind_nifty500,SJVN,SJVN Ltd.,commodity price and supply volatility,commodity risk,Energy and Utilities,mixed,near_term,peer,Annual-report source inventory and sector risk mapping,0.58
ind_nifty500,SJVN,SJVN Ltd.,tariff or policy change,regulatory risk,Energy and Utilities,mixed,medium_term,peer,Annual-report source inventory and sector risk mapping,0.58
ind_nifty500,SOBHA,Sobha Ltd.,consumer demand slowdown,demand cyclicality,Consumer Products,negative,near_term,peer,Annual-report source inventory and sector risk mapping,0.58
ind_nifty500,SOBHA,Sobha Ltd.,input-cost inflation,raw material price risk,Consumer Products,negative,near_term,peer,Annual-report source inventory and sector risk mapping,0.58
ind_nifty500,SOLARINDS,Solar Industries India Ltd.,feedstock price volatility,raw material price risk,Chemicals,negative,near_term,peer,Annual-report source inventory and sector risk mapping,0.58
ind_nifty500,SOLARINDS,Solar Industries India Ltd.,regulatory or environmental action,regulatory risk,Chemicals,negative,medium_term,peer,Annual-report source inventory and sector risk mapping,0.58
ind_nifty500,SONACOMS,Sona BLW Precision Forgings Ltd.,auto demand slowdown,demand cyclicality,Automotive,negative,near_to_medium_term,peer,Annual-report source inventory and sector risk mapping,0.58
ind_nifty500,SONACOMS,Sona BLW Precision Forgings Ltd.,commodity and component inflation,raw material price risk,Automotive,negative,near_term,peer,Annual-report source inventory and sector risk mapping,0.58
ind_nifty500,SONATSOFTW,Sonata Software Ltd.,client discretionary-spend slowdown,demand cyclicality,Technology Services,negative,near_to_medium_term,peer,Annual-report source inventory and sector risk mapping,0.58
ind_nifty500,SONATSOFTW,Sonata Software Ltd.,wage inflation and attrition,labour risk,Technology Services,negative,near_term,peer,Annual-report source inventory and sector risk mapping,0.58
nifty_500_shariah,SPLPETRO,Supreme Petrochem Ltd.,feedstock price volatility,raw material price risk,Chemicals,negative,near_term,peer,Annual-report source inventory and sector risk mapping,0.58
nifty_500_shariah,SPLPETRO,Supreme Petrochem Ltd.,regulatory or environmental action,regulatory risk,Chemicals,negative,medium_term,peer,Annual-report source inventory and sector risk mapping,0.58
ind_nifty500,SRF,SRF Ltd.,feedstock price volatility,raw material price risk,Chemicals,negative,near_term,peer,Annual-report source inventory and sector risk mapping,0.58
ind_nifty500,SRF,SRF Ltd.,regulatory or environmental action,regulatory risk,Chemicals,negative,medium_term,peer,Annual-report source inventory and sector risk mapping,0.58
ind_nifty500,STARHEALTH,Star Health and Allied Insurance Company Ltd.,demand slowdown,demand cyclicality,Core Business,negative,near_to_medium_term,peer,Annual-report source inventory and sector risk mapping,0.58
ind_nifty500,STARHEALTH,Star Health and Allied Insurance Company Ltd.,input-cost inflation,raw material price risk,Core Business,negative,near_term,peer,Annual-report source inventory and sector risk mapping,0.58
ind_nifty500,SUMICHEM,Sumitomo Chemical India Ltd.,feedstock price volatility,raw material price risk,Chemicals,negative,near_term,peer,Annual-report source inventory and sector risk mapping,0.58
ind_nifty500,SUMICHEM,Sumitomo Chemical India Ltd.,regulatory or environmental action,regulatory risk,Chemicals,negative,medium_term,peer,Annual-report source inventory and sector risk mapping,0.58
ind_nifty500,SUNDARMFIN,Sundaram Finance Ltd.,demand slowdown,demand cyclicality,Core Business,negative,near_to_medium_term,peer,Annual-report source inventory and sector risk mapping,0.58
ind_nifty500,SUNDARMFIN,Sundaram Finance Ltd.,input-cost inflation,raw material price risk,Core Business,negative,near_term,peer,Annual-report source inventory and sector risk mapping,0.58
nifty_50_shariah,SUNPHARMA,SUN PHARMACEUTICAL INDUSTRIES LTD.,US specialty execution risk,execution risk,US Formulations and Specialty,mixed,medium_term,peer,Annual Report 2024-25 risk factors and business review,0.72
nifty_50_shariah,SUNPHARMA,SUN PHARMACEUTICAL INDUSTRIES LTD.,regulatory compliance risk,regulatory risk,all,negative,near_to_medium_term,peer,Annual Report 2024-25 risk factors and business review,0.72
ind_nifty500,SUNTV,Sun TV Network Ltd.,client discretionary-spend slowdown,demand cyclicality,Technology Services,negative,near_to_medium_term,peer,Annual-report source inventory and sector risk mapping,0.58
ind_nifty500,SUNTV,Sun TV Network Ltd.,wage inflation and attrition,labour risk,Technology Services,negative,near_term,peer,Annual-report source inventory and sector risk mapping,0.58
nifty_500_shariah,SUPREMEIND,Supreme Industries Ltd.,order deferral or execution delay,execution risk,Capital Goods,negative,near_to_medium_term,peer,Annual-report source inventory and sector risk mapping,0.58
nifty_500_shariah,SUPREMEIND,Supreme Industries Ltd.,commodity price volatility,raw material price risk,Capital Goods,negative,near_term,peer,Annual-report source inventory and sector risk mapping,0.58
nifty_500_shariah,SUZLON,Suzlon Energy Ltd.,order deferral or execution delay,execution risk,Capital Goods,negative,near_to_medium_term,peer,Annual-report source inventory and sector risk mapping,0.58
nifty_500_shariah,SUZLON,Suzlon Energy Ltd.,commodity price volatility,raw material price risk,Capital Goods,negative,near_term,peer,Annual-report source inventory and sector risk mapping,0.58
nifty_500_shariah,SWANCORP,Swan Corp Ltd.,feedstock price volatility,raw material price risk,Chemicals,negative,near_term,peer,Annual-report source inventory and sector risk mapping,0.58
nifty_500_shariah,SWANCORP,Swan Corp Ltd.,regulatory or environmental action,regulatory risk,Chemicals,negative,medium_term,peer,Annual-report source inventory and sector risk mapping,0.58
nifty_500_shariah,SWIGGY,Swiggy Ltd.,consumer demand slowdown,demand cyclicality,Consumer Products,negative,near_term,peer,Annual-report source inventory and sector risk mapping,0.58
nifty_500_shariah,SWIGGY,Swiggy Ltd.,input-cost inflation,raw material price risk,Consumer Products,negative,near_term,peer,Annual-report source inventory and sector risk mapping,0.58
nifty_500_shariah,SYNGENE,Syngene International Ltd.,regulatory compliance action,regulatory risk,all,negative,near_to_medium_term,peer,Annual-report source inventory and sector risk mapping,0.58
nifty_500_shariah,SYNGENE,Syngene International Ltd.,pricing pressure or tender volatility,demand/pricing risk,all,mixed,medium_term,peer,Annual-report source inventory and sector risk mapping,0.58
nifty_500_shariah,SYRMA,Syrma SGS Technology Ltd.,client discretionary-spend slowdown,demand cyclicality,Technology Services,negative,near_to_medium_term,peer,Annual-report source inventory and sector risk mapping,0.58
nifty_500_shariah,SYRMA,Syrma SGS Technology Ltd.,wage inflation and attrition,labour risk,Technology Services,negative,near_term,peer,Annual-report source inventory and sector risk mapping,0.58
nifty_500_shariah,TARIL,Transformers & Rectifiers (India) Ltd.,order deferral or execution delay,execution risk,Capital Goods,negative,near_to_medium_term,peer,Annual-report source inventory and sector risk mapping,0.58
nifty_500_shariah,TARIL,Transformers & Rectifiers (India) Ltd.,commodity price volatility,raw material price risk,Capital Goods,negative,near_term,peer,Annual-report source inventory and sector risk mapping,0.58
ind_nifty500,TATACAP,Tata Capital Ltd.,demand slowdown,demand cyclicality,Core Business,negative,near_to_medium_term,peer,Annual-report source inventory and sector risk mapping,0.58
ind_nifty500,TATACAP,Tata Capital Ltd.,input-cost inflation,raw material price risk,Core Business,negative,near_term,peer,Annual-report source inventory and sector risk mapping,0.58
nifty_500_shariah,TATACHEM,Tata Chemicals Ltd.,feedstock price volatility,raw material price risk,Chemicals,negative,near_term,peer,Annual-report source inventory and sector risk mapping,0.58
nifty_500_shariah,TATACHEM,Tata Chemicals Ltd.,regulatory or environmental action,regulatory risk,Chemicals,negative,medium_term,peer,Annual-report source inventory and sector risk mapping,0.58
ind_nifty500,TATACOMM,Tata Communications Ltd.,demand slowdown,demand cyclicality,Core Business,negative,near_to_medium_term,peer,Annual-report source inventory and sector risk mapping,0.58
ind_nifty500,TATACOMM,Tata Communications Ltd.,input-cost inflation,raw material price risk,Core Business,negative,near_term,peer,Annual-report source inventory and sector risk mapping,0.58
nifty_50_shariah,TATACONSUM,TATA CONSUMER PRODUCTS LTD,agri commodity inflation,raw material price risk,all,negative,near_term,peer,Annual Report 2024-25 risk factors and business review,0.72
nifty_50_shariah,TATACONSUM,TATA CONSUMER PRODUCTS LTD,integration and brand-extension execution,execution risk,India Foods,mixed,medium_term,peer,Annual Report 2024-25 risk factors and business review,0.72
ind_nifty500,TATAELXSI,Tata Elxsi Ltd.,client discretionary-spend slowdown,demand cyclicality,Technology Services,negative,near_to_medium_term,peer,Annual-report source inventory and sector risk mapping,0.58
ind_nifty500,TATAELXSI,Tata Elxsi Ltd.,wage inflation and attrition,labour risk,Technology Services,negative,near_term,peer,Annual-report source inventory and sector risk mapping,0.58
ind_nifty500,TATAINVEST,Tata Investment Corporation Ltd.,demand slowdown,demand cyclicality,Core Business,negative,near_to_medium_term,peer,Annual-report source inventory and sector risk mapping,0.58
ind_nifty500,TATAINVEST,Tata Investment Corporation Ltd.,input-cost inflation,raw material price risk,Core Business,negative,near_term,peer,Annual-report source inventory and sector risk mapping,0.58
ind_nifty500,TATAPOWER,Tata Power Co. Ltd.,commodity price and supply volatility,commodity risk,Energy and Utilities,mixed,near_term,peer,Annual-report source inventory and sector risk mapping,0.58
ind_nifty500,TATAPOWER,Tata Power Co. Ltd.,tariff or policy change,regulatory risk,Energy and Utilities,mixed,medium_term,peer,Annual-report source inventory and sector risk mapping,0.58
ind_nifty500,TATASTEEL,Tata Steel Ltd.,commodity price downturn,commodity cycle risk,Metals,negative,near_to_medium_term,peer,Annual-report source inventory and sector risk mapping,0.58
ind_nifty500,TATASTEEL,Tata Steel Ltd.,energy and freight inflation,raw material price risk,Metals,negative,near_term,peer,Annual-report source inventory and sector risk mapping,0.58
nifty_500_shariah,TATATECH,Tata Technologies Ltd.,client discretionary-spend slowdown,demand cyclicality,Technology Services,negative,near_to_medium_term,peer,Annual-report source inventory and sector risk mapping,0.58
nifty_500_shariah,TATATECH,Tata Technologies Ltd.,wage inflation and attrition,labour risk,Technology Services,negative,near_term,peer,Annual-report source inventory and sector risk mapping,0.58
nifty_500_shariah,TBOTEK,TBO Tek Ltd.,consumer demand slowdown,demand cyclicality,Consumer Products,negative,near_term,peer,Annual-report source inventory and sector risk mapping,0.58
nifty_500_shariah,TBOTEK,TBO Tek Ltd.,input-cost inflation,raw material price risk,Consumer Products,negative,near_term,peer,Annual-report source inventory and sector risk mapping,0.58
nifty_50_shariah,TCS,TATA CONSULTANCY SERVICES LTD.,enterprise tech-spend slowdown,demand cyclicality,all,negative,near_to_medium_term,peer,Annual Report 2024-25 risk factors and business review,0.72
nifty_50_shariah,TCS,TATA CONSULTANCY SERVICES LTD.,currency and wage pressure,currency risk,all,mixed,near_term,peer,Annual Report 2024-25 risk factors and business review,0.72
nifty_50_shariah,TECHM,TECH MAHINDRA LTD.,telecom client spending slowdown,demand cyclicality,Communications,negative,near_to_medium_term,peer,Annual Report 2024-25 risk factors and business review,0.72
nifty_50_shariah,TECHM,TECH MAHINDRA LTD.,margin recovery execution,execution risk,all,mixed,medium_term,peer,Annual Report 2024-25 risk factors and business review,0.72
ind_nifty500,TECHNOE,Techno Electric & Engineering Company Ltd.,order deferral or execution delay,execution risk,Capital Goods,negative,near_to_medium_term,peer,Annual-report source inventory and sector risk mapping,0.58
ind_nifty500,TECHNOE,Techno Electric & Engineering Company Ltd.,commodity price volatility,raw material price risk,Capital Goods,negative,near_term,peer,Annual-report source inventory and sector risk mapping,0.58
nifty_500_shariah,TEGA,Tega Industries Ltd.,order deferral or execution delay,execution risk,Capital Goods,negative,near_to_medium_term,peer,Annual-report source inventory and sector risk mapping,0.58
nifty_500_shariah,TEGA,Tega Industries Ltd.,commodity price volatility,raw material price risk,Capital Goods,negative,near_term,peer,Annual-report source inventory and sector risk mapping,0.58
ind_nifty500,TEJASNET,Tejas Networks Ltd.,order deferral or execution delay,execution risk,Capital Goods,negative,near_to_medium_term,peer,Annual-report source inventory and sector risk mapping,0.58
ind_nifty500,TEJASNET,Tejas Networks Ltd.,commodity price volatility,raw material price risk,Capital Goods,negative,near_term,peer,Annual-report source inventory and sector risk mapping,0.58
nifty_500_shariah,TENNIND,Tenneco Clean Air India Ltd.,auto demand slowdown,demand cyclicality,Automotive,negative,near_to_medium_term,peer,Annual-report source inventory and sector risk mapping,0.58
nifty_500_shariah,TENNIND,Tenneco Clean Air India Ltd.,commodity and component inflation,raw material price risk,Automotive,negative,near_term,peer,Annual-report source inventory and sector risk mapping,0.58
ind_nifty500,THELEELA,Leela Palaces Hotels & Resorts Ltd.,consumer demand slowdown,demand cyclicality,Consumer Products,negative,near_term,peer,Annual-report source inventory and sector risk mapping,0.58
ind_nifty500,THELEELA,Leela Palaces Hotels & Resorts Ltd.,input-cost inflation,raw material price risk,Consumer Products,negative,near_term,peer,Annual-report source inventory and sector risk mapping,0.58
nifty_500_shariah,THERMAX,Thermax Ltd.,order deferral or execution delay,execution risk,Capital Goods,negative,near_to_medium_term,peer,Annual-report source inventory and sector risk mapping,0.58
nifty_500_shariah,THERMAX,Thermax Ltd.,commodity price volatility,raw material price risk,Capital Goods,negative,near_term,peer,Annual-report source inventory and sector risk mapping,0.58
ind_nifty500,TIINDIA,Tube Investments of India Ltd.,auto demand slowdown,demand cyclicality,Automotive,negative,near_to_medium_term,peer,Annual-report source inventory and sector risk mapping,0.58
ind_nifty500,TIINDIA,Tube Investments of India Ltd.,commodity and component inflation,raw material price risk,Automotive,negative,near_term,peer,Annual-report source inventory and sector risk mapping,0.58
nifty_500_shariah,TIMKEN,Timken India Ltd.,order deferral or execution delay,execution risk,Capital Goods,negative,near_to_medium_term,peer,Annual-report source inventory and sector risk mapping,0.58
nifty_500_shariah,TIMKEN,Timken India Ltd.,commodity price volatility,raw material price risk,Capital Goods,negative,near_term,peer,Annual-report source inventory and sector risk mapping,0.58
ind_nifty500,TITAGARH,Titagarh Rail Systems Ltd.,order deferral or execution delay,execution risk,Capital Goods,negative,near_to_medium_term,peer,Annual-report source inventory and sector risk mapping,0.58
ind_nifty500,TITAGARH,Titagarh Rail Systems Ltd.,commodity price volatility,raw material price risk,Capital Goods,negative,near_term,peer,Annual-report source inventory and sector risk mapping,0.58
ind_nifty500,TITAN,Titan Company Ltd.,consumer demand slowdown,demand cyclicality,Consumer Products,negative,near_term,peer,Annual-report source inventory and sector risk mapping,0.58
ind_nifty500,TITAN,Titan Company Ltd.,input-cost inflation,raw material price risk,Consumer Products,negative,near_term,peer,Annual-report source inventory and sector risk mapping,0.58
ind_nifty500,TMCV,Tata Motors Ltd.,auto demand slowdown,demand cyclicality,Automotive,negative,near_to_medium_term,peer,Annual-report source inventory and sector risk mapping,0.58
ind_nifty500,TMCV,Tata Motors Ltd.,commodity and component inflation,raw material price risk,Automotive,negative,near_term,peer,Annual-report source inventory and sector risk mapping,0.58
nifty_50_shariah,TMPV,Tata Motors Passenger Vehicles Limited,auto demand slowdown,demand cyclicality,all,negative,near_to_medium_term,peer,Annual Report 2024-25 risk factors and business review,0.72
nifty_50_shariah,TMPV,Tata Motors Passenger Vehicles Limited,supply-chain and commodity inflation,raw material price risk,all,negative,near_term,peer,Annual Report 2024-25 risk factors and business review,0.72
nifty_50_shariah,TMPV,Tata Motors Passenger Vehicles Limited,post-demerger comparability,corporate_action,all,mixed,near_term,company,Annual Report 2024-25 risk factors and business review,0.74
ind_nifty500,TORNTPHARM,Torrent Pharmaceuticals Ltd.,regulatory compliance action,regulatory risk,all,negative,near_to_medium_term,peer,Annual-report source inventory and sector risk mapping,0.58
ind_nifty500,TORNTPHARM,Torrent Pharmaceuticals Ltd.,pricing pressure or tender volatility,demand/pricing risk,all,mixed,medium_term,peer,Annual-report source inventory and sector risk mapping,0.58
ind_nifty500,TORNTPOWER,Torrent Power Ltd.,commodity price and supply volatility,commodity risk,Energy and Utilities,mixed,near_term,peer,Annual-report source inventory and sector risk mapping,0.58
ind_nifty500,TORNTPOWER,Torrent Power Ltd.,tariff or policy change,regulatory risk,Energy and Utilities,mixed,medium_term,peer,Annual-report source inventory and sector risk mapping,0.58
ind_nifty500,TRAVELFOOD,Travel Food Services Ltd.,consumer demand slowdown,demand cyclicality,Consumer Products,negative,near_term,peer,Annual-report source inventory and sector risk mapping,0.58
ind_nifty500,TRAVELFOOD,Travel Food Services Ltd.,input-cost inflation,raw material price risk,Consumer Products,negative,near_term,peer,Annual-report source inventory and sector risk mapping,0.58
nifty_50_shariah,TRENT,TRENT LTD.,discretionary demand slowdown,demand cyclicality,all,negative,near_term,peer,Annual Report 2024-25 risk factors and business review,0.72
nifty_50_shariah,TRENT,TRENT LTD.,store rollout execution,execution risk,Zudio and Westside,mixed,medium_term,peer,Annual Report 2024-25 risk factors and business review,0.72
nifty_500_shariah,TRIDENT,Trident Ltd.,consumer demand slowdown,demand cyclicality,Consumer Products,negative,near_term,peer,Annual-report source inventory and sector risk mapping,0.58
nifty_500_shariah,TRIDENT,Trident Ltd.,input-cost inflation,raw material price risk,Consumer Products,negative,near_term,peer,Annual-report source inventory and sector risk mapping,0.58
ind_nifty500,TRITURBINE,Triveni Turbine Ltd.,order deferral or execution delay,execution risk,Capital Goods,negative,near_to_medium_term,peer,Annual-report source inventory and sector risk mapping,0.58
ind_nifty500,TRITURBINE,Triveni Turbine Ltd.,commodity price volatility,raw material price risk,Capital Goods,negative,near_term,peer,Annual-report source inventory and sector risk mapping,0.58
ind_nifty500,TTML,Tata Teleservices (Maharashtra) Ltd.,demand slowdown,demand cyclicality,Core Business,negative,near_to_medium_term,peer,Annual-report source inventory and sector risk mapping,0.58
ind_nifty500,TTML,Tata Teleservices (Maharashtra) Ltd.,input-cost inflation,raw material price risk,Core Business,negative,near_term,peer,Annual-report source inventory and sector risk mapping,0.58
ind_nifty500,TVSMOTOR,TVS Motor Company Ltd.,auto demand slowdown,demand cyclicality,Automotive,negative,near_to_medium_term,peer,Annual-report source inventory and sector risk mapping,0.58
ind_nifty500,TVSMOTOR,TVS Motor Company Ltd.,commodity and component inflation,raw material price risk,Automotive,negative,near_term,peer,Annual-report source inventory and sector risk mapping,0.58
ind_nifty500,UBL,United Breweries Ltd.,consumer demand slowdown,demand cyclicality,Consumer Products,negative,near_term,peer,Annual-report source inventory and sector risk mapping,0.58
ind_nifty500,UBL,United Breweries Ltd.,input-cost inflation,raw material price risk,Consumer Products,negative,near_term,peer,Annual-report source inventory and sector risk mapping,0.58
ind_nifty500,UCOBANK,UCO Bank,demand slowdown,demand cyclicality,Core Business,negative,near_to_medium_term,peer,Annual-report source inventory and sector risk mapping,0.58
ind_nifty500,UCOBANK,UCO Bank,input-cost inflation,raw material price risk,Core Business,negative,near_term,peer,Annual-report source inventory and sector risk mapping,0.58
nifty_50_shariah,ULTRACEMCO,ULTRATECH CEMENT LTD.,fuel and freight inflation,raw material price risk,Grey Cement,negative,near_term,peer,Annual Report 2024-25 risk factors and business review,0.72
nifty_50_shariah,ULTRACEMCO,ULTRATECH CEMENT LTD.,regional price competition,commodity cycle risk,Grey Cement,negative,near_to_medium_term,peer,Annual Report 2024-25 risk factors and business review,0.72
ind_nifty500,UNIONBANK,Union Bank of India,demand slowdown,demand cyclicality,Core Business,negative,near_to_medium_term,peer,Annual-report source inventory and sector risk mapping,0.58
ind_nifty500,UNIONBANK,Union Bank of India,input-cost inflation,raw material price risk,Core Business,negative,near_term,peer,Annual-report source inventory and sector risk mapping,0.58
ind_nifty500,UNITDSPR,United Spirits Ltd.,consumer demand slowdown,demand cyclicality,Consumer Products,negative,near_term,peer,Annual-report source inventory and sector risk mapping,0.58
ind_nifty500,UNITDSPR,United Spirits Ltd.,input-cost inflation,raw material price risk,Consumer Products,negative,near_term,peer,Annual-report source inventory and sector risk mapping,0.58
nifty_500_shariah,UNOMINDA,UNO Minda Ltd.,auto demand slowdown,demand cyclicality,Automotive,negative,near_to_medium_term,peer,Annual-report source inventory and sector risk mapping,0.58
nifty_500_shariah,UNOMINDA,UNO Minda Ltd.,commodity and component inflation,raw material price risk,Automotive,negative,near_term,peer,Annual-report source inventory and sector risk mapping,0.58
ind_nifty500,UPL,UPL Ltd.,feedstock price volatility,raw material price risk,Chemicals,negative,near_term,peer,Annual-report source inventory and sector risk mapping,0.58
ind_nifty500,UPL,UPL Ltd.,regulatory or environmental action,regulatory risk,Chemicals,negative,medium_term,peer,Annual-report source inventory and sector risk mapping,0.58
ind_nifty500,URBANCO,Urban Company Ltd.,consumer demand slowdown,demand cyclicality,Consumer Products,negative,near_term,peer,Annual-report source inventory and sector risk mapping,0.58
ind_nifty500,URBANCO,Urban Company Ltd.,input-cost inflation,raw material price risk,Consumer Products,negative,near_term,peer,Annual-report source inventory and sector risk mapping,0.58
nifty_500_shariah,USHAMART,Usha Martin Ltd.,order deferral or execution delay,execution risk,Capital Goods,negative,near_to_medium_term,peer,Annual-report source inventory and sector risk mapping,0.58
nifty_500_shariah,USHAMART,Usha Martin Ltd.,commodity price volatility,raw material price risk,Capital Goods,negative,near_term,peer,Annual-report source inventory and sector risk mapping,0.58
ind_nifty500,UTIAMC,UTI Asset Management Company Ltd.,demand slowdown,demand cyclicality,Core Business,negative,near_to_medium_term,peer,Annual-report source inventory and sector risk mapping,0.58
ind_nifty500,UTIAMC,UTI Asset Management Company Ltd.,input-cost inflation,raw material price risk,Core Business,negative,near_term,peer,Annual-report source inventory and sector risk mapping,0.58
ind_nifty500,VBL,Varun Beverages Ltd.,consumer demand slowdown,demand cyclicality,Consumer Products,negative,near_term,peer,Annual-report source inventory and sector risk mapping,0.58
ind_nifty500,VBL,Varun Beverages Ltd.,input-cost inflation,raw material price risk,Consumer Products,negative,near_term,peer,Annual-report source inventory and sector risk mapping,0.58
nifty_500_shariah,VMM,Vishal Mega Mart Ltd.,consumer demand slowdown,demand cyclicality,Consumer Products,negative,near_term,peer,Annual-report source inventory and sector risk mapping,0.58
nifty_500_shariah,VMM,Vishal Mega Mart Ltd.,input-cost inflation,raw material price risk,Consumer Products,negative,near_term,peer,Annual-report source inventory and sector risk mapping,0.58
nifty_500_shariah,VOLTAS,Voltas Ltd.,consumer demand slowdown,demand cyclicality,Consumer Products,negative,near_term,peer,Annual-report source inventory and sector risk mapping,0.58
nifty_500_shariah,VOLTAS,Voltas Ltd.,input-cost inflation,raw material price risk,Consumer Products,negative,near_term,peer,Annual-report source inventory and sector risk mapping,0.58
nifty_500_shariah,VTL,Vardhman Textiles Ltd.,consumer demand slowdown,demand cyclicality,Consumer Products,negative,near_term,peer,Annual-report source inventory and sector risk mapping,0.58
nifty_500_shariah,VTL,Vardhman Textiles Ltd.,input-cost inflation,raw material price risk,Consumer Products,negative,near_term,peer,Annual-report source inventory and sector risk mapping,0.58
nifty_500_shariah,WHIRLPOOL,Whirlpool of India Ltd.,consumer demand slowdown,demand cyclicality,Consumer Products,negative,near_term,peer,Annual-report source inventory and sector risk mapping,0.58
nifty_500_shariah,WHIRLPOOL,Whirlpool of India Ltd.,input-cost inflation,raw material price risk,Consumer Products,negative,near_term,peer,Annual-report source inventory and sector risk mapping,0.58
nifty_500_shariah,WOCKPHARMA,Wockhardt Ltd.,regulatory compliance action,regulatory risk,all,negative,near_to_medium_term,peer,Annual-report source inventory and sector risk mapping,0.58
nifty_500_shariah,WOCKPHARMA,Wockhardt Ltd.,pricing pressure or tender volatility,demand/pricing risk,all,mixed,medium_term,peer,Annual-report source inventory and sector risk mapping,0.58
nifty_500_shariah,ZYDUSLIFE,Zydus Lifesciences Ltd.,regulatory compliance action,regulatory risk,all,negative,near_to_medium_term,peer,Annual-report source inventory and sector risk mapping,0.58
nifty_500_shariah,ZYDUSLIFE,Zydus Lifesciences Ltd.,pricing pressure or tender volatility,demand/pricing risk,all,mixed,medium_term,peer,Annual-report source inventory and sector risk mapping,0.58
nifty_500_shariah,ZYDUSWELL,Zydus Wellness Ltd.,consumer demand slowdown,demand cyclicality,Consumer Products,negative,near_term,peer,Annual-report source inventory and sector risk mapping,0.58
nifty_500_shariah,ZYDUSWELL,Zydus Wellness Ltd.,input-cost inflation,raw material price risk,Consumer Products,negative,near_term,peer,Annual-report source inventory and sector risk mapping,0.58
