batch_id,source_node_id,source_node_type,source_symbol,source_name,target_node_id,target_node_type,target_symbol,target_name,edge_type,direction,expected_sign,expected_lag_days_min,expected_lag_days_max,relationship_strength,evidence_type,mechanism,tradability_relevance,source,confidence,inferred
ind_nifty500,company:VAML,company,VAML,Vedanta Aluminium Metal Ltd.,company:AARTIIND,company,AARTIIND,Aarti Industries Ltd.,common_customer_industry,bidirectional,mixed,0,180,medium,inferred_from_filings,Cross-batch reconciliation found shared customer industry between VAML and AARTIIND.,"Useful for peer, common-factor, relative-value and event-spillover testing.","NSE classification, annual-report source inventory and v2 profile reconciliation",0.6,True
ind_nifty500,company:VAML,company,VAML,Vedanta Aluminium Metal Ltd.,company:ABB,company,ABB,ABB India Ltd.,common_customer_industry,bidirectional,mixed,0,180,medium,inferred_from_filings,Cross-batch reconciliation found shared customer industry between VAML and ABB.,"Useful for peer, common-factor, relative-value and event-spillover testing.","NSE classification, annual-report source inventory and v2 profile reconciliation",0.6,True
ind_nifty500,company:VISL,company,VISL,Vedanta Iron and Steel Ltd.,company:AARTIIND,company,AARTIIND,Aarti Industries Ltd.,common_customer_industry,bidirectional,mixed,0,180,medium,inferred_from_filings,Cross-batch reconciliation found shared customer industry between VISL and AARTIIND.,"Useful for peer, common-factor, relative-value and event-spillover testing.","NSE classification, annual-report source inventory and v2 profile reconciliation",0.6,True
ind_nifty500,company:VISL,company,VISL,Vedanta Iron and Steel Ltd.,company:ABB,company,ABB,ABB India Ltd.,common_customer_industry,bidirectional,mixed,0,180,medium,inferred_from_filings,Cross-batch reconciliation found shared customer industry between VISL and ABB.,"Useful for peer, common-factor, relative-value and event-spillover testing.","NSE classification, annual-report source inventory and v2 profile reconciliation",0.6,True
ind_nifty500,company:VEDL,company,VEDL,Vedanta Ltd.,company:JAINREC,company,JAINREC,Jain Resource Recycling Ltd.,direct_competitor,bidirectional,negative,0,180,high,inferred_from_filings,Cross-batch reconciliation found same basic industry between VEDL and JAINREC.,"Useful for peer, common-factor, relative-value and event-spillover testing.","NSE classification, annual-report source inventory and v2 profile reconciliation",0.72,True
ind_nifty500,company:VEDL,company,VEDL,Vedanta Ltd.,company:AARTIIND,company,AARTIIND,Aarti Industries Ltd.,common_customer_industry,bidirectional,mixed,0,180,medium,inferred_from_filings,Cross-batch reconciliation found shared customer industry between VEDL and AARTIIND.,"Useful for peer, common-factor, relative-value and event-spillover testing.","NSE classification, annual-report source inventory and v2 profile reconciliation",0.6,True
ind_nifty500,company:VOGL,company,VOGL,Vedanta Oil and Gas Ltd.,company:ABDL,company,ABDL,Allied Blenders and Distillers Ltd.,common_customer_industry,bidirectional,mixed,0,180,medium,inferred_from_filings,Cross-batch reconciliation found shared customer industry between VOGL and ABDL.,"Useful for peer, common-factor, relative-value and event-spillover testing.","NSE classification, annual-report source inventory and v2 profile reconciliation",0.6,True
ind_nifty500,company:VOGL,company,VOGL,Vedanta Oil and Gas Ltd.,company:ACMESOLAR,company,ACMESOLAR,ACME Solar Holdings Ltd.,common_customer_industry,bidirectional,mixed,0,180,medium,inferred_from_filings,Cross-batch reconciliation found shared customer industry between VOGL and ACMESOLAR.,"Useful for peer, common-factor, relative-value and event-spillover testing.","NSE classification, annual-report source inventory and v2 profile reconciliation",0.6,True
ind_nifty500,company:VEDPOWER,company,VEDPOWER,Vedanta Power Ltd.,company:ABDL,company,ABDL,Allied Blenders and Distillers Ltd.,common_customer_industry,bidirectional,mixed,0,180,medium,inferred_from_filings,Cross-batch reconciliation found shared customer industry between VEDPOWER and ABDL.,"Useful for peer, common-factor, relative-value and event-spillover testing.","NSE classification, annual-report source inventory and v2 profile reconciliation",0.6,True
ind_nifty500,company:VEDPOWER,company,VEDPOWER,Vedanta Power Ltd.,company:ACMESOLAR,company,ACMESOLAR,ACME Solar Holdings Ltd.,common_customer_industry,bidirectional,mixed,0,180,medium,inferred_from_filings,Cross-batch reconciliation found shared customer industry between VEDPOWER and ACMESOLAR.,"Useful for peer, common-factor, relative-value and event-spillover testing.","NSE classification, annual-report source inventory and v2 profile reconciliation",0.6,True
ind_nifty500,company:VIJAYA,company,VIJAYA,Vijaya Diagnostic Centre Ltd.,company:LALPATHLAB,company,LALPATHLAB,Dr. Lal Path Labs Ltd.,direct_competitor,bidirectional,negative,0,180,high,inferred_from_filings,Cross-batch reconciliation found same basic industry between VIJAYA and LALPATHLAB.,"Useful for peer, common-factor, relative-value and event-spillover testing.","NSE classification, annual-report source inventory and v2 profile reconciliation",0.72,True
ind_nifty500,company:VIJAYA,company,VIJAYA,Vijaya Diagnostic Centre Ltd.,company:APOLLOHOSP,company,APOLLOHOSP,Apollo Hospitals Enterprise Ltd.,partial_competitor,bidirectional,negative,0,180,medium,inferred_from_filings,Cross-batch reconciliation found same industry between VIJAYA and APOLLOHOSP.,"Useful for peer, common-factor, relative-value and event-spillover testing.","NSE classification, annual-report source inventory and v2 profile reconciliation",0.72,True
ind_nifty500,company:IDEA,company,IDEA,Vodafone Idea Ltd.,company:BHARTIARTL,company,BHARTIARTL,Bharti Airtel Ltd.,direct_competitor,bidirectional,negative,0,180,high,inferred_from_filings,Cross-batch reconciliation found same basic industry between IDEA and BHARTIARTL.,"Useful for peer, common-factor, relative-value and event-spillover testing.","NSE classification, annual-report source inventory and v2 profile reconciliation",0.72,True
ind_nifty500,company:IDEA,company,IDEA,Vodafone Idea Ltd.,company:BHARTIHEXA,company,BHARTIHEXA,Bharti Hexacom Ltd.,direct_competitor,bidirectional,negative,0,180,high,inferred_from_filings,Cross-batch reconciliation found same basic industry between IDEA and BHARTIHEXA.,"Useful for peer, common-factor, relative-value and event-spillover testing.","NSE classification, annual-report source inventory and v2 profile reconciliation",0.72,True
ind_nifty500,company:WAAREEENER,company,WAAREEENER,Waaree Energies Ltd.,company:APARINDS,company,APARINDS,Apar Industries Ltd.,direct_competitor,bidirectional,negative,0,180,high,inferred_from_filings,Cross-batch reconciliation found same basic industry between WAAREEENER and APARINDS.,"Useful for peer, common-factor, relative-value and event-spillover testing.","NSE classification, annual-report source inventory and v2 profile reconciliation",0.72,True
ind_nifty500,company:WAAREEENER,company,WAAREEENER,Waaree Energies Ltd.,company:EMMVEE,company,EMMVEE,Emmvee Photovoltaic Power Ltd.,direct_competitor,bidirectional,negative,0,180,high,inferred_from_filings,Cross-batch reconciliation found same basic industry between WAAREEENER and EMMVEE.,"Useful for peer, common-factor, relative-value and event-spillover testing.","NSE classification, annual-report source inventory and v2 profile reconciliation",0.72,True
ind_nifty500,company:WELCORP,company,WELCORP,Welspun Corp Ltd.,company:APLAPOLLO,company,APLAPOLLO,APL Apollo Tubes Ltd.,direct_competitor,bidirectional,negative,0,180,high,inferred_from_filings,Cross-batch reconciliation found same basic industry between WELCORP and APLAPOLLO.,"Useful for peer, common-factor, relative-value and event-spillover testing.","NSE classification, annual-report source inventory and v2 profile reconciliation",0.72,True
ind_nifty500,company:WELCORP,company,WELCORP,Welspun Corp Ltd.,company:GALLANTT,company,GALLANTT,Gallantt Ispat Ltd.,direct_competitor,bidirectional,negative,0,180,high,inferred_from_filings,Cross-batch reconciliation found same basic industry between WELCORP and GALLANTT.,"Useful for peer, common-factor, relative-value and event-spillover testing.","NSE classification, annual-report source inventory and v2 profile reconciliation",0.72,True
ind_nifty500,company:WELSPUNLIV,company,WELSPUNLIV,Welspun Living Ltd.,company:KPRMILL,company,KPRMILL,K.P.R. Mill Ltd.,direct_competitor,bidirectional,negative,0,180,high,inferred_from_filings,Cross-batch reconciliation found same basic industry between WELSPUNLIV and KPRMILL.,"Useful for peer, common-factor, relative-value and event-spillover testing.","NSE classification, annual-report source inventory and v2 profile reconciliation",0.72,True
ind_nifty500,company:WELSPUNLIV,company,WELSPUNLIV,Welspun Living Ltd.,company:TRIDENT,company,TRIDENT,Trident Ltd.,direct_competitor,bidirectional,negative,0,180,high,inferred_from_filings,Cross-batch reconciliation found same basic industry between WELSPUNLIV and TRIDENT.,"Useful for peer, common-factor, relative-value and event-spillover testing.","NSE classification, annual-report source inventory and v2 profile reconciliation",0.72,True
ind_nifty500,company:WIPRO,company,WIPRO,Wipro Ltd.,company:BSOFT,company,BSOFT,Birlasoft Ltd.,direct_competitor,bidirectional,negative,0,180,high,inferred_from_filings,Cross-batch reconciliation found same basic industry between WIPRO and BSOFT.,"Useful for peer, common-factor, relative-value and event-spillover testing.","NSE classification, annual-report source inventory and v2 profile reconciliation",0.72,True
ind_nifty500,company:WIPRO,company,WIPRO,Wipro Ltd.,company:COFORGE,company,COFORGE,Coforge Ltd.,direct_competitor,bidirectional,negative,0,180,high,inferred_from_filings,Cross-batch reconciliation found same basic industry between WIPRO and COFORGE.,"Useful for peer, common-factor, relative-value and event-spillover testing.","NSE classification, annual-report source inventory and v2 profile reconciliation",0.72,True
ind_nifty500,company:YESBANK,company,YESBANK,Yes Bank Ltd.,company:AXISBANK,company,AXISBANK,Axis Bank Ltd.,direct_competitor,bidirectional,negative,0,180,high,inferred_from_filings,Cross-batch reconciliation found same basic industry between YESBANK and AXISBANK.,"Useful for peer, common-factor, relative-value and event-spillover testing.","NSE classification, annual-report source inventory and v2 profile reconciliation",0.72,True
ind_nifty500,company:YESBANK,company,YESBANK,Yes Bank Ltd.,company:BANDHANBNK,company,BANDHANBNK,Bandhan Bank Ltd.,direct_competitor,bidirectional,negative,0,180,high,inferred_from_filings,Cross-batch reconciliation found same basic industry between YESBANK and BANDHANBNK.,"Useful for peer, common-factor, relative-value and event-spillover testing.","NSE classification, annual-report source inventory and v2 profile reconciliation",0.72,True
ind_nifty500,company:ZFCVINDIA,company,ZFCVINDIA,ZF Commercial Vehicle Control Systems India Ltd.,company:ARE&M,company,ARE&M,Amara Raja Energy & Mobility Ltd.,direct_competitor,bidirectional,negative,0,180,high,inferred_from_filings,Cross-batch reconciliation found same basic industry between ZFCVINDIA and ARE&M.,"Useful for peer, common-factor, relative-value and event-spillover testing.","NSE classification, annual-report source inventory and v2 profile reconciliation",0.72,True
ind_nifty500,company:ZFCVINDIA,company,ZFCVINDIA,ZF Commercial Vehicle Control Systems India Ltd.,company:ASAHIINDIA,company,ASAHIINDIA,Asahi India Glass Ltd.,direct_competitor,bidirectional,negative,0,180,high,inferred_from_filings,Cross-batch reconciliation found same basic industry between ZFCVINDIA and ASAHIINDIA.,"Useful for peer, common-factor, relative-value and event-spillover testing.","NSE classification, annual-report source inventory and v2 profile reconciliation",0.72,True
ind_nifty500,company:ZEEL,company,ZEEL,Zee Entertainment Enterprises Ltd.,company:SUNTV,company,SUNTV,Sun TV Network Ltd.,direct_competitor,bidirectional,negative,0,180,high,inferred_from_filings,Cross-batch reconciliation found same basic industry between ZEEL and SUNTV.,"Useful for peer, common-factor, relative-value and event-spillover testing.","NSE classification, annual-report source inventory and v2 profile reconciliation",0.72,True
ind_nifty500,company:ZEEL,company,ZEEL,Zee Entertainment Enterprises Ltd.,company:PVRINOX,company,PVRINOX,PVR INOX Ltd.,partial_competitor,bidirectional,negative,0,180,medium,inferred_from_filings,Cross-batch reconciliation found same industry between ZEEL and PVRINOX.,"Useful for peer, common-factor, relative-value and event-spillover testing.","NSE classification, annual-report source inventory and v2 profile reconciliation",0.72,True
ind_nifty500,company:ZENTEC,company,ZENTEC,Zen Technologies Ltd.,company:BDL,company,BDL,Bharat Dynamics Ltd.,direct_competitor,bidirectional,negative,0,180,high,inferred_from_filings,Cross-batch reconciliation found same basic industry between ZENTEC and BDL.,"Useful for peer, common-factor, relative-value and event-spillover testing.","NSE classification, annual-report source inventory and v2 profile reconciliation",0.72,True
ind_nifty500,company:ZENTEC,company,ZENTEC,Zen Technologies Ltd.,company:BEL,company,BEL,Bharat Electronics Ltd.,direct_competitor,bidirectional,negative,0,180,high,inferred_from_filings,Cross-batch reconciliation found same basic industry between ZENTEC and BEL.,"Useful for peer, common-factor, relative-value and event-spillover testing.","NSE classification, annual-report source inventory and v2 profile reconciliation",0.72,True
ind_nifty500,company:ZENSARTECH,company,ZENSARTECH,Zensar Technolgies Ltd.,company:BSOFT,company,BSOFT,Birlasoft Ltd.,direct_competitor,bidirectional,negative,0,180,high,inferred_from_filings,Cross-batch reconciliation found same basic industry between ZENSARTECH and BSOFT.,"Useful for peer, common-factor, relative-value and event-spillover testing.","NSE classification, annual-report source inventory and v2 profile reconciliation",0.72,True
ind_nifty500,company:ZENSARTECH,company,ZENSARTECH,Zensar Technolgies Ltd.,company:COFORGE,company,COFORGE,Coforge Ltd.,direct_competitor,bidirectional,negative,0,180,high,inferred_from_filings,Cross-batch reconciliation found same basic industry between ZENSARTECH and COFORGE.,"Useful for peer, common-factor, relative-value and event-spillover testing.","NSE classification, annual-report source inventory and v2 profile reconciliation",0.72,True
ind_nifty500,company:360ONE,company,360ONE,360 ONE WAM Ltd.,company:3MINDIA,company,3MINDIA,3M India Ltd.,common_customer_industry,bidirectional,mixed,0,180,medium,inferred_from_filings,Cross-batch reconciliation found shared customer industry between 360ONE and 3MINDIA.,"Useful for peer, common-factor, relative-value and event-spillover testing.","NSE classification, annual-report source inventory and v2 profile reconciliation",0.6,True
ind_nifty500,company:360ONE,company,360ONE,360 ONE WAM Ltd.,company:AADHARHFC,company,AADHARHFC,Aadhar Housing Finance Ltd.,common_customer_industry,bidirectional,mixed,0,180,medium,inferred_from_filings,Cross-batch reconciliation found shared customer industry between 360ONE and AADHARHFC.,"Useful for peer, common-factor, relative-value and event-spillover testing.","NSE classification, annual-report source inventory and v2 profile reconciliation",0.6,True
ind_nifty500,company:AARTIIND,company,AARTIIND,Aarti Industries Ltd.,company:ATUL,company,ATUL,Atul Ltd.,direct_competitor,bidirectional,negative,0,180,high,inferred_from_filings,Cross-batch reconciliation found same basic industry between AARTIIND and ATUL.,"Useful for peer, common-factor, relative-value and event-spillover testing.","NSE classification, annual-report source inventory and v2 profile reconciliation",0.72,True
ind_nifty500,company:AARTIIND,company,AARTIIND,Aarti Industries Ltd.,company:DEEPAKNTR,company,DEEPAKNTR,Deepak Nitrite Ltd.,direct_competitor,bidirectional,negative,0,180,high,inferred_from_filings,Cross-batch reconciliation found same basic industry between AARTIIND and DEEPAKNTR.,"Useful for peer, common-factor, relative-value and event-spillover testing.","NSE classification, annual-report source inventory and v2 profile reconciliation",0.72,True
ind_nifty500,company:AAVAS,company,AAVAS,Aavas Financiers Ltd.,company:AADHARHFC,company,AADHARHFC,Aadhar Housing Finance Ltd.,direct_competitor,bidirectional,negative,0,180,high,inferred_from_filings,Cross-batch reconciliation found same basic industry between AAVAS and AADHARHFC.,"Useful for peer, common-factor, relative-value and event-spillover testing.","NSE classification, annual-report source inventory and v2 profile reconciliation",0.72,True
ind_nifty500,company:AAVAS,company,AAVAS,Aavas Financiers Ltd.,company:CRISIL,company,CRISIL,Crisil Ltd.,partial_competitor,bidirectional,negative,0,180,medium,inferred_from_filings,Cross-batch reconciliation found same industry between AAVAS and CRISIL.,"Useful for peer, common-factor, relative-value and event-spillover testing.","NSE classification, annual-report source inventory and v2 profile reconciliation",0.72,True
ind_nifty500,company:ABB,company,ABB,ABB India Ltd.,company:BHEL,company,BHEL,Bharat Heavy Electricals Ltd.,direct_competitor,bidirectional,negative,0,180,high,inferred_from_filings,Cross-batch reconciliation found same basic industry between ABB and BHEL.,"Useful for peer, common-factor, relative-value and event-spillover testing.","NSE classification, annual-report source inventory and v2 profile reconciliation",0.72,True
ind_nifty500,company:ABB,company,ABB,ABB India Ltd.,company:CGPOWER,company,CGPOWER,CG Power and Industrial Solutions Ltd.,direct_competitor,bidirectional,negative,0,180,high,inferred_from_filings,Cross-batch reconciliation found same basic industry between ABB and CGPOWER.,"Useful for peer, common-factor, relative-value and event-spillover testing.","NSE classification, annual-report source inventory and v2 profile reconciliation",0.72,True
ind_nifty500,company:ABBOTINDIA,company,ABBOTINDIA,Abbott India Ltd.,company:ACUTAAS,company,ACUTAAS,Acutaas Chemicals Ltd.,direct_competitor,bidirectional,negative,0,180,high,inferred_from_filings,Cross-batch reconciliation found same basic industry between ABBOTINDIA and ACUTAAS.,"Useful for peer, common-factor, relative-value and event-spillover testing.","NSE classification, annual-report source inventory and v2 profile reconciliation",0.72,True
ind_nifty500,company:ABBOTINDIA,company,ABBOTINDIA,Abbott India Ltd.,company:AJANTPHARM,company,AJANTPHARM,Ajanta Pharma Ltd.,direct_competitor,bidirectional,negative,0,180,high,inferred_from_filings,Cross-batch reconciliation found same basic industry between ABBOTINDIA and AJANTPHARM.,"Useful for peer, common-factor, relative-value and event-spillover testing.","NSE classification, annual-report source inventory and v2 profile reconciliation",0.72,True
ind_nifty500,company:ABCAPITAL,company,ABCAPITAL,Aditya Birla Capital Ltd.,company:AADHARHFC,company,AADHARHFC,Aadhar Housing Finance Ltd.,partial_competitor,bidirectional,negative,0,180,medium,inferred_from_filings,Cross-batch reconciliation found same industry between ABCAPITAL and AADHARHFC.,"Useful for peer, common-factor, relative-value and event-spillover testing.","NSE classification, annual-report source inventory and v2 profile reconciliation",0.72,True
ind_nifty500,company:ABCAPITAL,company,ABCAPITAL,Aditya Birla Capital Ltd.,company:AAVAS,company,AAVAS,Aavas Financiers Ltd.,partial_competitor,bidirectional,negative,0,180,medium,inferred_from_filings,Cross-batch reconciliation found same industry between ABCAPITAL and AAVAS.,"Useful for peer, common-factor, relative-value and event-spillover testing.","NSE classification, annual-report source inventory and v2 profile reconciliation",0.72,True
ind_nifty500,company:ABDL,company,ABDL,Allied Blenders and Distillers Ltd.,company:ABREL,company,ABREL,Aditya Birla Real Estate Ltd.,common_customer_industry,bidirectional,mixed,0,180,medium,inferred_from_filings,Cross-batch reconciliation found shared customer industry between ABDL and ABREL.,"Useful for peer, common-factor, relative-value and event-spillover testing.","NSE classification, annual-report source inventory and v2 profile reconciliation",0.6,True
ind_nifty500,company:ABDL,company,ABDL,Allied Blenders and Distillers Ltd.,company:ACMESOLAR,company,ACMESOLAR,ACME Solar Holdings Ltd.,common_customer_industry,bidirectional,mixed,0,180,medium,inferred_from_filings,Cross-batch reconciliation found shared customer industry between ABDL and ACMESOLAR.,"Useful for peer, common-factor, relative-value and event-spillover testing.","NSE classification, annual-report source inventory and v2 profile reconciliation",0.6,True
nifty_500_shariah,company:ABFRL,company,ABFRL,Aditya Birla Fashion and Retail Ltd.,company:ABLBL,company,ABLBL,Aditya Birla Lifestyle Brands Ltd.,direct_competitor,bidirectional,negative,0,180,high,inferred_from_filings,Cross-batch reconciliation found same basic industry between ABFRL and ABLBL.,"Useful for peer, common-factor, relative-value and event-spillover testing.","NSE classification, annual-report source inventory and v2 profile reconciliation",0.72,True
nifty_500_shariah,company:ABFRL,company,ABFRL,Aditya Birla Fashion and Retail Ltd.,company:TRENT,company,TRENT,TRENT LTD.,direct_competitor,bidirectional,negative,0,180,high,inferred_from_filings,Cross-batch reconciliation found same basic industry between ABFRL and TRENT.,"Useful for peer, common-factor, relative-value and event-spillover testing.","NSE classification, annual-report source inventory and v2 profile reconciliation",0.72,True
nifty_500_shariah,company:ABLBL,company,ABLBL,Aditya Birla Lifestyle Brands Ltd.,company:ABFRL,company,ABFRL,Aditya Birla Fashion and Retail Ltd.,direct_competitor,bidirectional,negative,0,180,high,inferred_from_filings,Cross-batch reconciliation found same basic industry between ABLBL and ABFRL.,"Useful for peer, common-factor, relative-value and event-spillover testing.","NSE classification, annual-report source inventory and v2 profile reconciliation",0.72,True
nifty_500_shariah,company:ABLBL,company,ABLBL,Aditya Birla Lifestyle Brands Ltd.,company:TRENT,company,TRENT,TRENT LTD.,direct_competitor,bidirectional,negative,0,180,high,inferred_from_filings,Cross-batch reconciliation found same basic industry between ABLBL and TRENT.,"Useful for peer, common-factor, relative-value and event-spillover testing.","NSE classification, annual-report source inventory and v2 profile reconciliation",0.72,True
ind_nifty500,company:ABSLAMC,company,ABSLAMC,Aditya Birla Sun Life AMC Ltd.,company:360ONE,company,360ONE,360 ONE WAM Ltd.,partial_competitor,bidirectional,negative,0,180,medium,inferred_from_filings,Cross-batch reconciliation found same industry between ABSLAMC and 360ONE.,"Useful for peer, common-factor, relative-value and event-spillover testing.","NSE classification, annual-report source inventory and v2 profile reconciliation",0.72,True
ind_nifty500,company:ABSLAMC,company,ABSLAMC,Aditya Birla Sun Life AMC Ltd.,company:ANANDRATHI,company,ANANDRATHI,Anand Rathi Wealth Ltd.,partial_competitor,bidirectional,negative,0,180,medium,inferred_from_filings,Cross-batch reconciliation found same industry between ABSLAMC and ANANDRATHI.,"Useful for peer, common-factor, relative-value and event-spillover testing.","NSE classification, annual-report source inventory and v2 profile reconciliation",0.72,True
ind_nifty500,company:ACC,company,ACC,ACC Ltd.,company:DALBHARAT,company,DALBHARAT,Dalmia Bharat Ltd.,direct_competitor,bidirectional,negative,0,180,high,inferred_from_filings,Cross-batch reconciliation found same basic industry between ACC and DALBHARAT.,"Useful for peer, common-factor, relative-value and event-spillover testing.","NSE classification, annual-report source inventory and v2 profile reconciliation",0.72,True
ind_nifty500,company:ACC,company,ACC,ACC Ltd.,company:NUVOCO,company,NUVOCO,Nuvoco Vistas Corporation Ltd.,direct_competitor,bidirectional,negative,0,180,high,inferred_from_filings,Cross-batch reconciliation found same basic industry between ACC and NUVOCO.,"Useful for peer, common-factor, relative-value and event-spillover testing.","NSE classification, annual-report source inventory and v2 profile reconciliation",0.72,True
nifty_500_shariah,company:ACE,company,ACE,Action Construction Equipment Ltd.,company:APOLLOTYRE,company,APOLLOTYRE,Apollo Tyres Ltd.,common_customer_industry,bidirectional,mixed,0,180,medium,inferred_from_filings,Cross-batch reconciliation found shared customer industry between ACE and APOLLOTYRE.,"Useful for peer, common-factor, relative-value and event-spillover testing.","NSE classification, annual-report source inventory and v2 profile reconciliation",0.6,True
nifty_500_shariah,company:ACE,company,ACE,Action Construction Equipment Ltd.,company:ARE&M,company,ARE&M,Amara Raja Energy & Mobility Ltd.,common_customer_industry,bidirectional,mixed,0,180,medium,inferred_from_filings,Cross-batch reconciliation found shared customer industry between ACE and ARE&M.,"Useful for peer, common-factor, relative-value and event-spillover testing.","NSE classification, annual-report source inventory and v2 profile reconciliation",0.6,True
ind_nifty500,company:ACMESOLAR,company,ACMESOLAR,ACME Solar Holdings Ltd.,company:ADANIGREEN,company,ADANIGREEN,Adani Green Energy Ltd.,direct_competitor,bidirectional,negative,0,180,high,inferred_from_filings,Cross-batch reconciliation found same basic industry between ACMESOLAR and ADANIGREEN.,"Useful for peer, common-factor, relative-value and event-spillover testing.","NSE classification, annual-report source inventory and v2 profile reconciliation",0.72,True
ind_nifty500,company:ACMESOLAR,company,ACMESOLAR,ACME Solar Holdings Ltd.,company:NAVA,company,NAVA,NAVA Ltd.,direct_competitor,bidirectional,negative,0,180,high,inferred_from_filings,Cross-batch reconciliation found same basic industry between ACMESOLAR and NAVA.,"Useful for peer, common-factor, relative-value and event-spillover testing.","NSE classification, annual-report source inventory and v2 profile reconciliation",0.72,True
nifty_500_shariah,company:ACUTAAS,company,ACUTAAS,Acutaas Chemicals Ltd.,company:AJANTPHARM,company,AJANTPHARM,Ajanta Pharma Ltd.,direct_competitor,bidirectional,negative,0,180,high,inferred_from_filings,Cross-batch reconciliation found same basic industry between ACUTAAS and AJANTPHARM.,"Useful for peer, common-factor, relative-value and event-spillover testing.","NSE classification, annual-report source inventory and v2 profile reconciliation",0.72,True
nifty_500_shariah,company:ACUTAAS,company,ACUTAAS,Acutaas Chemicals Ltd.,company:ALKEM,company,ALKEM,Alkem Laboratories Ltd.,direct_competitor,bidirectional,negative,0,180,high,inferred_from_filings,Cross-batch reconciliation found same basic industry between ACUTAAS and ALKEM.,"Useful for peer, common-factor, relative-value and event-spillover testing.","NSE classification, annual-report source inventory and v2 profile reconciliation",0.72,True
ind_nifty500,company:ADANIENSOL,company,ADANIENSOL,Adani Energy Solutions Ltd.,company:ACMESOLAR,company,ACMESOLAR,ACME Solar Holdings Ltd.,partial_competitor,bidirectional,negative,0,180,medium,inferred_from_filings,Cross-batch reconciliation found same industry between ADANIENSOL and ACMESOLAR.,"Useful for peer, common-factor, relative-value and event-spillover testing.","NSE classification, annual-report source inventory and v2 profile reconciliation",0.72,True
ind_nifty500,company:ADANIENSOL,company,ADANIENSOL,Adani Energy Solutions Ltd.,company:ADANIGREEN,company,ADANIGREEN,Adani Green Energy Ltd.,partial_competitor,bidirectional,negative,0,180,medium,inferred_from_filings,Cross-batch reconciliation found same industry between ADANIENSOL and ADANIGREEN.,"Useful for peer, common-factor, relative-value and event-spillover testing.","NSE classification, annual-report source inventory and v2 profile reconciliation",0.72,True
ind_nifty500,company:ADANIENT,company,ADANIENT,Adani Enterprises Ltd.,company:AARTIIND,company,AARTIIND,Aarti Industries Ltd.,common_customer_industry,bidirectional,mixed,0,180,medium,inferred_from_filings,Cross-batch reconciliation found shared customer industry between ADANIENT and AARTIIND.,"Useful for peer, common-factor, relative-value and event-spillover testing.","NSE classification, annual-report source inventory and v2 profile reconciliation",0.6,True
ind_nifty500,company:ADANIENT,company,ADANIENT,Adani Enterprises Ltd.,company:ABB,company,ABB,ABB India Ltd.,common_customer_industry,bidirectional,mixed,0,180,medium,inferred_from_filings,Cross-batch reconciliation found shared customer industry between ADANIENT and ABB.,"Useful for peer, common-factor, relative-value and event-spillover testing.","NSE classification, annual-report source inventory and v2 profile reconciliation",0.6,True
ind_nifty500,company:ADANIGREEN,company,ADANIGREEN,Adani Green Energy Ltd.,company:ACMESOLAR,company,ACMESOLAR,ACME Solar Holdings Ltd.,direct_competitor,bidirectional,negative,0,180,high,inferred_from_filings,Cross-batch reconciliation found same basic industry between ADANIGREEN and ACMESOLAR.,"Useful for peer, common-factor, relative-value and event-spillover testing.","NSE classification, annual-report source inventory and v2 profile reconciliation",0.72,True
ind_nifty500,company:ADANIGREEN,company,ADANIGREEN,Adani Green Energy Ltd.,company:NAVA,company,NAVA,NAVA Ltd.,direct_competitor,bidirectional,negative,0,180,high,inferred_from_filings,Cross-batch reconciliation found same basic industry between ADANIGREEN and NAVA.,"Useful for peer, common-factor, relative-value and event-spillover testing.","NSE classification, annual-report source inventory and v2 profile reconciliation",0.72,True
ind_nifty500,company:ADANIPORTS,company,ADANIPORTS,Adani Ports and Special Economic Zone Ltd.,company:ABB,company,ABB,ABB India Ltd.,common_customer_industry,bidirectional,mixed,0,180,medium,inferred_from_filings,Cross-batch reconciliation found shared customer industry between ADANIPORTS and ABB.,"Useful for peer, common-factor, relative-value and event-spillover testing.","NSE classification, annual-report source inventory and v2 profile reconciliation",0.6,True
ind_nifty500,company:ADANIPORTS,company,ADANIPORTS,Adani Ports and Special Economic Zone Ltd.,company:ACC,company,ACC,ACC Ltd.,common_customer_industry,bidirectional,mixed,0,180,medium,inferred_from_filings,Cross-batch reconciliation found shared customer industry between ADANIPORTS and ACC.,"Useful for peer, common-factor, relative-value and event-spillover testing.","NSE classification, annual-report source inventory and v2 profile reconciliation",0.6,True
ind_nifty500,company:ADANIPOWER,company,ADANIPOWER,Adani Power Ltd.,company:ACMESOLAR,company,ACMESOLAR,ACME Solar Holdings Ltd.,partial_competitor,bidirectional,negative,0,180,medium,inferred_from_filings,Cross-batch reconciliation found same industry between ADANIPOWER and ACMESOLAR.,"Useful for peer, common-factor, relative-value and event-spillover testing.","NSE classification, annual-report source inventory and v2 profile reconciliation",0.72,True
ind_nifty500,company:ADANIPOWER,company,ADANIPOWER,Adani Power Ltd.,company:ADANIENSOL,company,ADANIENSOL,Adani Energy Solutions Ltd.,partial_competitor,bidirectional,negative,0,180,medium,inferred_from_filings,Cross-batch reconciliation found same industry between ADANIPOWER and ADANIENSOL.,"Useful for peer, common-factor, relative-value and event-spillover testing.","NSE classification, annual-report source inventory and v2 profile reconciliation",0.72,True
ind_nifty500,company:AEGISLOG,company,AEGISLOG,Aegis Logistics Ltd.,company:ATGL,company,ATGL,Adani Total Gas Ltd.,partial_competitor,bidirectional,negative,0,180,medium,inferred_from_filings,Cross-batch reconciliation found same industry between AEGISLOG and ATGL.,"Useful for peer, common-factor, relative-value and event-spillover testing.","NSE classification, annual-report source inventory and v2 profile reconciliation",0.72,True
ind_nifty500,company:AEGISLOG,company,AEGISLOG,Aegis Logistics Ltd.,company:GAIL,company,GAIL,GAIL (India) Ltd.,partial_competitor,bidirectional,negative,0,180,medium,inferred_from_filings,Cross-batch reconciliation found same industry between AEGISLOG and GAIL.,"Useful for peer, common-factor, relative-value and event-spillover testing.","NSE classification, annual-report source inventory and v2 profile reconciliation",0.72,True
ind_nifty500,company:AEGISVOPAK,company,AEGISVOPAK,Aegis Vopak Terminals Ltd.,company:ONGC,company,ONGC,Oil & Natural Gas Corporation,partial_competitor,bidirectional,negative,0,180,medium,inferred_from_filings,Cross-batch reconciliation found same industry between AEGISVOPAK and ONGC.,"Useful for peer, common-factor, relative-value and event-spillover testing.","NSE classification, annual-report source inventory and v2 profile reconciliation",0.72,True
ind_nifty500,company:AEGISVOPAK,company,AEGISVOPAK,Aegis Vopak Terminals Ltd.,company:ABDL,company,ABDL,Allied Blenders and Distillers Ltd.,common_customer_industry,bidirectional,mixed,0,180,medium,inferred_from_filings,Cross-batch reconciliation found shared customer industry between AEGISVOPAK and ABDL.,"Useful for peer, common-factor, relative-value and event-spillover testing.","NSE classification, annual-report source inventory and v2 profile reconciliation",0.6,True
ind_nifty500,company:AFFLE,company,AFFLE,Affle 3i Ltd.,company:LTTS,company,LTTS,L&T Technology Services Ltd.,direct_competitor,bidirectional,negative,0,180,high,inferred_from_filings,Cross-batch reconciliation found same basic industry between AFFLE and LTTS.,"Useful for peer, common-factor, relative-value and event-spillover testing.","NSE classification, annual-report source inventory and v2 profile reconciliation",0.72,True
ind_nifty500,company:AFFLE,company,AFFLE,Affle 3i Ltd.,company:NETWEB,company,NETWEB,Netweb Technologies India Ltd.,direct_competitor,bidirectional,negative,0,180,high,inferred_from_filings,Cross-batch reconciliation found same basic industry between AFFLE and NETWEB.,"Useful for peer, common-factor, relative-value and event-spillover testing.","NSE classification, annual-report source inventory and v2 profile reconciliation",0.72,True
ind_nifty500,company:AIAENG,company,AIAENG,AIA Engineering Ltd.,company:APLAPOLLO,company,APLAPOLLO,APL Apollo Tubes Ltd.,partial_competitor,bidirectional,negative,0,180,medium,inferred_from_filings,Cross-batch reconciliation found same industry between AIAENG and APLAPOLLO.,"Useful for peer, common-factor, relative-value and event-spillover testing.","NSE classification, annual-report source inventory and v2 profile reconciliation",0.72,True
ind_nifty500,company:AIAENG,company,AIAENG,AIA Engineering Ltd.,company:ASTRAL,company,ASTRAL,Astral Ltd.,partial_competitor,bidirectional,negative,0,180,medium,inferred_from_filings,Cross-batch reconciliation found same industry between AIAENG and ASTRAL.,"Useful for peer, common-factor, relative-value and event-spillover testing.","NSE classification, annual-report source inventory and v2 profile reconciliation",0.72,True
ind_nifty500,company:AIIL,company,AIIL,Authum Investment & Infrastructure Ltd.,company:AADHARHFC,company,AADHARHFC,Aadhar Housing Finance Ltd.,partial_competitor,bidirectional,negative,0,180,medium,inferred_from_filings,Cross-batch reconciliation found same industry between AIIL and AADHARHFC.,"Useful for peer, common-factor, relative-value and event-spillover testing.","NSE classification, annual-report source inventory and v2 profile reconciliation",0.72,True
ind_nifty500,company:AIIL,company,AIIL,Authum Investment & Infrastructure Ltd.,company:AAVAS,company,AAVAS,Aavas Financiers Ltd.,partial_competitor,bidirectional,negative,0,180,medium,inferred_from_filings,Cross-batch reconciliation found same industry between AIIL and AAVAS.,"Useful for peer, common-factor, relative-value and event-spillover testing.","NSE classification, annual-report source inventory and v2 profile reconciliation",0.72,True
ind_nifty500,company:AJANTPHARM,company,AJANTPHARM,Ajanta Pharmaceuticals Ltd.,company:ABBOTINDIA,company,ABBOTINDIA,Abbott India Ltd.,direct_competitor,bidirectional,negative,0,180,high,inferred_from_filings,Cross-batch reconciliation found same basic industry between AJANTPHARM and ABBOTINDIA.,"Useful for peer, common-factor, relative-value and event-spillover testing.","NSE classification, annual-report source inventory and v2 profile reconciliation",0.72,True
ind_nifty500,company:AJANTPHARM,company,AJANTPHARM,Ajanta Pharmaceuticals Ltd.,company:ACUTAAS,company,ACUTAAS,Acutaas Chemicals Ltd.,direct_competitor,bidirectional,negative,0,180,high,inferred_from_filings,Cross-batch reconciliation found same basic industry between AJANTPHARM and ACUTAAS.,"Useful for peer, common-factor, relative-value and event-spillover testing.","NSE classification, annual-report source inventory and v2 profile reconciliation",0.72,True
nifty_500_shariah,company:ALKEM,company,ALKEM,Alkem Laboratories Ltd.,company:ACUTAAS,company,ACUTAAS,Acutaas Chemicals Ltd.,direct_competitor,bidirectional,negative,0,180,high,inferred_from_filings,Cross-batch reconciliation found same basic industry between ALKEM and ACUTAAS.,"Useful for peer, common-factor, relative-value and event-spillover testing.","NSE classification, annual-report source inventory and v2 profile reconciliation",0.72,True
nifty_500_shariah,company:ALKEM,company,ALKEM,Alkem Laboratories Ltd.,company:AJANTPHARM,company,AJANTPHARM,Ajanta Pharma Ltd.,direct_competitor,bidirectional,negative,0,180,high,inferred_from_filings,Cross-batch reconciliation found same basic industry between ALKEM and AJANTPHARM.,"Useful for peer, common-factor, relative-value and event-spillover testing.","NSE classification, annual-report source inventory and v2 profile reconciliation",0.72,True
nifty_500_shariah,company:AMBER,company,AMBER,Amber Enterprises India Ltd.,company:ASIANPAINT,company,ASIANPAINT,ASIAN PAINTS LTD.,partial_competitor,bidirectional,negative,0,180,medium,inferred_from_filings,Cross-batch reconciliation found same industry between AMBER and ASIANPAINT.,"Useful for peer, common-factor, relative-value and event-spillover testing.","NSE classification, annual-report source inventory and v2 profile reconciliation",0.72,True
nifty_500_shariah,company:AMBER,company,AMBER,Amber Enterprises India Ltd.,company:ANANTRAJ,company,ANANTRAJ,Anant Raj Ltd.,common_customer_industry,bidirectional,mixed,0,180,medium,inferred_from_filings,Cross-batch reconciliation found shared customer industry between AMBER and ANANTRAJ.,"Useful for peer, common-factor, relative-value and event-spillover testing.","NSE classification, annual-report source inventory and v2 profile reconciliation",0.6,True
ind_nifty500,company:AMBUJACEM,company,AMBUJACEM,Ambuja Cements Ltd.,company:ACC,company,ACC,ACC Ltd.,direct_competitor,bidirectional,negative,0,180,high,inferred_from_filings,Cross-batch reconciliation found same basic industry between AMBUJACEM and ACC.,"Useful for peer, common-factor, relative-value and event-spillover testing.","NSE classification, annual-report source inventory and v2 profile reconciliation",0.72,True
ind_nifty500,company:AMBUJACEM,company,AMBUJACEM,Ambuja Cements Ltd.,company:DALBHARAT,company,DALBHARAT,Dalmia Bharat Ltd.,direct_competitor,bidirectional,negative,0,180,high,inferred_from_filings,Cross-batch reconciliation found same basic industry between AMBUJACEM and DALBHARAT.,"Useful for peer, common-factor, relative-value and event-spillover testing.","NSE classification, annual-report source inventory and v2 profile reconciliation",0.72,True
ind_nifty500,company:ANANDRATHI,company,ANANDRATHI,Anand Rathi Wealth Ltd.,company:360ONE,company,360ONE,360 ONE WAM Ltd.,partial_competitor,bidirectional,negative,0,180,medium,inferred_from_filings,Cross-batch reconciliation found same industry between ANANDRATHI and 360ONE.,"Useful for peer, common-factor, relative-value and event-spillover testing.","NSE classification, annual-report source inventory and v2 profile reconciliation",0.72,True
ind_nifty500,company:ANANDRATHI,company,ANANDRATHI,Anand Rathi Wealth Ltd.,company:ABSLAMC,company,ABSLAMC,Aditya Birla Sun Life AMC Ltd.,partial_competitor,bidirectional,negative,0,180,medium,inferred_from_filings,Cross-batch reconciliation found same industry between ANANDRATHI and ABSLAMC.,"Useful for peer, common-factor, relative-value and event-spillover testing.","NSE classification, annual-report source inventory and v2 profile reconciliation",0.72,True
nifty_500_shariah,company:ANANTRAJ,company,ANANTRAJ,Anant Raj Ltd.,company:AMBER,company,AMBER,Amber Enterprises India Ltd.,common_customer_industry,bidirectional,mixed,0,180,medium,inferred_from_filings,Cross-batch reconciliation found shared customer industry between ANANTRAJ and AMBER.,"Useful for peer, common-factor, relative-value and event-spillover testing.","NSE classification, annual-report source inventory and v2 profile reconciliation",0.6,True
nifty_500_shariah,company:ANANTRAJ,company,ANANTRAJ,Anant Raj Ltd.,company:HINDUNILVR,company,HINDUNILVR,HINDUSTAN UNILEVER LTD.,common_customer_industry,bidirectional,mixed,0,180,medium,inferred_from_filings,Cross-batch reconciliation found shared customer industry between ANANTRAJ and HINDUNILVR.,"Useful for peer, common-factor, relative-value and event-spillover testing.","NSE classification, annual-report source inventory and v2 profile reconciliation",0.6,True
ind_nifty500,company:ANGELONE,company,ANGELONE,Angel One Ltd.,company:360ONE,company,360ONE,360 ONE WAM Ltd.,direct_competitor,bidirectional,negative,0,180,high,inferred_from_filings,Cross-batch reconciliation found same basic industry between ANGELONE and 360ONE.,"Useful for peer, common-factor, relative-value and event-spillover testing.","NSE classification, annual-report source inventory and v2 profile reconciliation",0.72,True
ind_nifty500,company:ANGELONE,company,ANGELONE,Angel One Ltd.,company:ABSLAMC,company,ABSLAMC,Aditya Birla Sun Life AMC Ltd.,partial_competitor,bidirectional,negative,0,180,medium,inferred_from_filings,Cross-batch reconciliation found same industry between ANGELONE and ABSLAMC.,"Useful for peer, common-factor, relative-value and event-spillover testing.","NSE classification, annual-report source inventory and v2 profile reconciliation",0.72,True
ind_nifty500,company:ANTHEM,company,ANTHEM,Anthem Biosciences Ltd.,company:ABBOTINDIA,company,ABBOTINDIA,Abbott India Ltd.,partial_competitor,bidirectional,negative,0,180,medium,inferred_from_filings,Cross-batch reconciliation found same industry between ANTHEM and ABBOTINDIA.,"Useful for peer, common-factor, relative-value and event-spillover testing.","NSE classification, annual-report source inventory and v2 profile reconciliation",0.72,True
ind_nifty500,company:ANTHEM,company,ANTHEM,Anthem Biosciences Ltd.,company:ACUTAAS,company,ACUTAAS,Acutaas Chemicals Ltd.,partial_competitor,bidirectional,negative,0,180,medium,inferred_from_filings,Cross-batch reconciliation found same industry between ANTHEM and ACUTAAS.,"Useful for peer, common-factor, relative-value and event-spillover testing.","NSE classification, annual-report source inventory and v2 profile reconciliation",0.72,True
ind_nifty500,company:ANURAS,company,ANURAS,Anupam Rasayan India Ltd.,company:AARTIIND,company,AARTIIND,Aarti Industries Ltd.,direct_competitor,bidirectional,negative,0,180,high,inferred_from_filings,Cross-batch reconciliation found same basic industry between ANURAS and AARTIIND.,"Useful for peer, common-factor, relative-value and event-spillover testing.","NSE classification, annual-report source inventory and v2 profile reconciliation",0.72,True
ind_nifty500,company:ANURAS,company,ANURAS,Anupam Rasayan India Ltd.,company:ATUL,company,ATUL,Atul Ltd.,direct_competitor,bidirectional,negative,0,180,high,inferred_from_filings,Cross-batch reconciliation found same basic industry between ANURAS and ATUL.,"Useful for peer, common-factor, relative-value and event-spillover testing.","NSE classification, annual-report source inventory and v2 profile reconciliation",0.72,True
ind_nifty500,company:APARINDS,company,APARINDS,Apar Industries Ltd.,company:ABB,company,ABB,ABB India Ltd.,partial_competitor,bidirectional,negative,0,180,medium,inferred_from_filings,Cross-batch reconciliation found same industry between APARINDS and ABB.,"Useful for peer, common-factor, relative-value and event-spillover testing.","NSE classification, annual-report source inventory and v2 profile reconciliation",0.72,True
ind_nifty500,company:APARINDS,company,APARINDS,Apar Industries Ltd.,company:BHEL,company,BHEL,Bharat Heavy Electricals Ltd.,partial_competitor,bidirectional,negative,0,180,medium,inferred_from_filings,Cross-batch reconciliation found same industry between APARINDS and BHEL.,"Useful for peer, common-factor, relative-value and event-spillover testing.","NSE classification, annual-report source inventory and v2 profile reconciliation",0.72,True
nifty_500_shariah,company:APLAPOLLO,company,APLAPOLLO,APL Apollo Tubes Ltd.,company:AFCONS,company,AFCONS,Afcons Infrastructure Ltd.,common_customer_industry,bidirectional,mixed,0,180,medium,inferred_from_filings,Cross-batch reconciliation found shared customer industry between APLAPOLLO and AFCONS.,"Useful for peer, common-factor, relative-value and event-spillover testing.","NSE classification, annual-report source inventory and v2 profile reconciliation",0.6,True
nifty_500_shariah,company:APLAPOLLO,company,APLAPOLLO,APL Apollo Tubes Ltd.,company:APARINDS,company,APARINDS,Apar Industries Ltd.,common_customer_industry,bidirectional,mixed,0,180,medium,inferred_from_filings,Cross-batch reconciliation found shared customer industry between APLAPOLLO and APARINDS.,"Useful for peer, common-factor, relative-value and event-spillover testing.","NSE classification, annual-report source inventory and v2 profile reconciliation",0.6,True
ind_nifty500,company:APOLLOHOSP,company,APOLLOHOSP,Apollo Hospitals Enterprise Ltd.,company:ASTERDM,company,ASTERDM,Aster DM Healthcare Ltd.,direct_competitor,bidirectional,negative,0,180,high,inferred_from_filings,Cross-batch reconciliation found same basic industry between APOLLOHOSP and ASTERDM.,"Useful for peer, common-factor, relative-value and event-spillover testing.","NSE classification, annual-report source inventory and v2 profile reconciliation",0.72,True
ind_nifty500,company:APOLLOHOSP,company,APOLLOHOSP,Apollo Hospitals Enterprise Ltd.,company:FORTIS,company,FORTIS,Fortis Healthcare Ltd.,direct_competitor,bidirectional,negative,0,180,high,inferred_from_filings,Cross-batch reconciliation found same basic industry between APOLLOHOSP and FORTIS.,"Useful for peer, common-factor, relative-value and event-spillover testing.","NSE classification, annual-report source inventory and v2 profile reconciliation",0.72,True
nifty_500_shariah,company:APOLLOTYRE,company,APOLLOTYRE,Apollo Tyres Ltd.,company:ARE&M,company,ARE&M,Amara Raja Energy & Mobility Ltd.,partial_competitor,bidirectional,negative,0,180,medium,inferred_from_filings,Cross-batch reconciliation found same industry between APOLLOTYRE and ARE&M.,"Useful for peer, common-factor, relative-value and event-spillover testing.","NSE classification, annual-report source inventory and v2 profile reconciliation",0.72,True
nifty_500_shariah,company:APOLLOTYRE,company,APOLLOTYRE,Apollo Tyres Ltd.,company:ACE,company,ACE,Action Construction Equipment Ltd.,common_customer_industry,bidirectional,mixed,0,180,medium,inferred_from_filings,Cross-batch reconciliation found shared customer industry between APOLLOTYRE and ACE.,"Useful for peer, common-factor, relative-value and event-spillover testing.","NSE classification, annual-report source inventory and v2 profile reconciliation",0.6,True
ind_nifty500,company:APTUS,company,APTUS,Aptus Value Housing Finance India Ltd.,company:AADHARHFC,company,AADHARHFC,Aadhar Housing Finance Ltd.,direct_competitor,bidirectional,negative,0,180,high,inferred_from_filings,Cross-batch reconciliation found same basic industry between APTUS and AADHARHFC.,"Useful for peer, common-factor, relative-value and event-spillover testing.","NSE classification, annual-report source inventory and v2 profile reconciliation",0.72,True
ind_nifty500,company:APTUS,company,APTUS,Aptus Value Housing Finance India Ltd.,company:AAVAS,company,AAVAS,Aavas Financiers Ltd.,direct_competitor,bidirectional,negative,0,180,high,inferred_from_filings,Cross-batch reconciliation found same basic industry between APTUS and AAVAS.,"Useful for peer, common-factor, relative-value and event-spillover testing.","NSE classification, annual-report source inventory and v2 profile reconciliation",0.72,True
nifty_500_shariah,company:ARE&M,company,ARE&M,Amara Raja Energy & Mobility Ltd.,company:APOLLOTYRE,company,APOLLOTYRE,Apollo Tyres Ltd.,partial_competitor,bidirectional,negative,0,180,medium,inferred_from_filings,Cross-batch reconciliation found same industry between ARE&M and APOLLOTYRE.,"Useful for peer, common-factor, relative-value and event-spillover testing.","NSE classification, annual-report source inventory and v2 profile reconciliation",0.72,True
nifty_500_shariah,company:ARE&M,company,ARE&M,Amara Raja Energy & Mobility Ltd.,company:ACE,company,ACE,Action Construction Equipment Ltd.,common_customer_industry,bidirectional,mixed,0,180,medium,inferred_from_filings,Cross-batch reconciliation found shared customer industry between ARE&M and ACE.,"Useful for peer, common-factor, relative-value and event-spillover testing.","NSE classification, annual-report source inventory and v2 profile reconciliation",0.6,True
ind_nifty500,company:ASAHIINDIA,company,ASAHIINDIA,Asahi India Glass Ltd.,company:ARE&M,company,ARE&M,Amara Raja Energy & Mobility Ltd.,direct_competitor,bidirectional,negative,0,180,high,inferred_from_filings,Cross-batch reconciliation found same basic industry between ASAHIINDIA and ARE&M.,"Useful for peer, common-factor, relative-value and event-spillover testing.","NSE classification, annual-report source inventory and v2 profile reconciliation",0.72,True
ind_nifty500,company:ASAHIINDIA,company,ASAHIINDIA,Asahi India Glass Ltd.,company:ENDURANCE,company,ENDURANCE,Endurance Technologies Ltd.,direct_competitor,bidirectional,negative,0,180,high,inferred_from_filings,Cross-batch reconciliation found same basic industry between ASAHIINDIA and ENDURANCE.,"Useful for peer, common-factor, relative-value and event-spillover testing.","NSE classification, annual-report source inventory and v2 profile reconciliation",0.72,True
ind_nifty500,company:ASHOKLEY,company,ASHOKLEY,Ashok Leyland Ltd.,company:ACE,company,ACE,Action Construction Equipment Ltd.,partial_competitor,bidirectional,negative,0,180,medium,inferred_from_filings,Cross-batch reconciliation found same industry between ASHOKLEY and ACE.,"Useful for peer, common-factor, relative-value and event-spillover testing.","NSE classification, annual-report source inventory and v2 profile reconciliation",0.72,True
ind_nifty500,company:ASHOKLEY,company,ASHOKLEY,Ashok Leyland Ltd.,company:BEML,company,BEML,BEML Ltd.,partial_competitor,bidirectional,negative,0,180,medium,inferred_from_filings,Cross-batch reconciliation found same industry between ASHOKLEY and BEML.,"Useful for peer, common-factor, relative-value and event-spillover testing.","NSE classification, annual-report source inventory and v2 profile reconciliation",0.72,True
nifty_50_shariah,company:ASIANPAINT,company,ASIANPAINT,ASIAN PAINTS LTD.,company:ULTRACEMCO,company,ULTRACEMCO,ULTRATECH CEMENT LTD.,complementary_product,bidirectional,positive,0,180,medium,inferred_from_filings,"Housing, repair and construction activity can support both decorative paint and cement demand.","Useful for peer, common-factor, relative-value and event-spillover testing.","NSE classification, annual-report business descriptions and v2 agent curation",0.62,True
nifty_500_shariah,company:ASTERDM,company,ASTERDM,Aster DM Healthcare Ltd.,company:MAXHEALTH,company,MAXHEALTH,MAX HEALTHCARE INSTITUTE LTD,direct_competitor,bidirectional,negative,0,180,high,inferred_from_filings,Cross-batch reconciliation found same basic industry between ASTERDM and MAXHEALTH.,"Useful for peer, common-factor, relative-value and event-spillover testing.","NSE classification, annual-report source inventory and v2 profile reconciliation",0.72,True
nifty_500_shariah,company:ASTERDM,company,ASTERDM,Aster DM Healthcare Ltd.,company:ACUTAAS,company,ACUTAAS,Acutaas Chemicals Ltd.,common_customer_industry,bidirectional,mixed,0,180,medium,inferred_from_filings,Cross-batch reconciliation found shared customer industry between ASTERDM and ACUTAAS.,"Useful for peer, common-factor, relative-value and event-spillover testing.","NSE classification, annual-report source inventory and v2 profile reconciliation",0.6,True
nifty_500_shariah,company:ASTRAL,company,ASTRAL,Astral Ltd.,company:APLAPOLLO,company,APLAPOLLO,APL Apollo Tubes Ltd.,partial_competitor,bidirectional,negative,0,180,medium,inferred_from_filings,Cross-batch reconciliation found same industry between ASTRAL and APLAPOLLO.,"Useful for peer, common-factor, relative-value and event-spillover testing.","NSE classification, annual-report source inventory and v2 profile reconciliation",0.72,True
nifty_500_shariah,company:ASTRAL,company,ASTRAL,Astral Ltd.,company:AFCONS,company,AFCONS,Afcons Infrastructure Ltd.,common_customer_industry,bidirectional,mixed,0,180,medium,inferred_from_filings,Cross-batch reconciliation found shared customer industry between ASTRAL and AFCONS.,"Useful for peer, common-factor, relative-value and event-spillover testing.","NSE classification, annual-report source inventory and v2 profile reconciliation",0.6,True
nifty_500_shariah,company:ATGL,company,ATGL,Adani Total Gas Ltd.,company:AMBER,company,AMBER,Amber Enterprises India Ltd.,common_customer_industry,bidirectional,mixed,0,180,medium,inferred_from_filings,Cross-batch reconciliation found shared customer industry between ATGL and AMBER.,"Useful for peer, common-factor, relative-value and event-spillover testing.","NSE classification, annual-report source inventory and v2 profile reconciliation",0.6,True
nifty_500_shariah,company:ATGL,company,ATGL,Adani Total Gas Ltd.,company:ANANTRAJ,company,ANANTRAJ,Anant Raj Ltd.,common_customer_industry,bidirectional,mixed,0,180,medium,inferred_from_filings,Cross-batch reconciliation found shared customer industry between ATGL and ANANTRAJ.,"Useful for peer, common-factor, relative-value and event-spillover testing.","NSE classification, annual-report source inventory and v2 profile reconciliation",0.6,True
ind_nifty500,company:ATHERENERG,company,ATHERENERG,Ather Energy Ltd.,company:BAJAJ-AUTO,company,BAJAJ-AUTO,Bajaj Auto Ltd.,direct_competitor,bidirectional,negative,0,180,high,inferred_from_filings,Cross-batch reconciliation found same basic industry between ATHERENERG and BAJAJ-AUTO.,"Useful for peer, common-factor, relative-value and event-spillover testing.","NSE classification, annual-report source inventory and v2 profile reconciliation",0.72,True
ind_nifty500,company:ATHERENERG,company,ATHERENERG,Ather Energy Ltd.,company:HEROMOTOCO,company,HEROMOTOCO,Hero MotoCorp Ltd.,direct_competitor,bidirectional,negative,0,180,high,inferred_from_filings,Cross-batch reconciliation found same basic industry between ATHERENERG and HEROMOTOCO.,"Useful for peer, common-factor, relative-value and event-spillover testing.","NSE classification, annual-report source inventory and v2 profile reconciliation",0.72,True
ind_nifty500,company:ATUL,company,ATUL,Atul Ltd.,company:AARTIIND,company,AARTIIND,Aarti Industries Ltd.,direct_competitor,bidirectional,negative,0,180,high,inferred_from_filings,Cross-batch reconciliation found same basic industry between ATUL and AARTIIND.,"Useful for peer, common-factor, relative-value and event-spillover testing.","NSE classification, annual-report source inventory and v2 profile reconciliation",0.72,True
ind_nifty500,company:ATUL,company,ATUL,Atul Ltd.,company:ANURAS,company,ANURAS,Anupam Rasayan India Ltd.,direct_competitor,bidirectional,negative,0,180,high,inferred_from_filings,Cross-batch reconciliation found same basic industry between ATUL and ANURAS.,"Useful for peer, common-factor, relative-value and event-spillover testing.","NSE classification, annual-report source inventory and v2 profile reconciliation",0.72,True
ind_nifty500,company:AUBANK,company,AUBANK,AU Small Finance Bank Ltd.,company:360ONE,company,360ONE,360 ONE WAM Ltd.,common_customer_industry,bidirectional,mixed,0,180,medium,inferred_from_filings,Cross-batch reconciliation found shared customer industry between AUBANK and 360ONE.,"Useful for peer, common-factor, relative-value and event-spillover testing.","NSE classification, annual-report source inventory and v2 profile reconciliation",0.6,True
ind_nifty500,company:AUBANK,company,AUBANK,AU Small Finance Bank Ltd.,company:3MINDIA,company,3MINDIA,3M India Ltd.,common_customer_industry,bidirectional,mixed,0,180,medium,inferred_from_filings,Cross-batch reconciliation found shared customer industry between AUBANK and 3MINDIA.,"Useful for peer, common-factor, relative-value and event-spillover testing.","NSE classification, annual-report source inventory and v2 profile reconciliation",0.6,True
nifty_500_shariah,company:AUROPHARMA,company,AUROPHARMA,Aurobindo Pharma Ltd.,company:ACUTAAS,company,ACUTAAS,Acutaas Chemicals Ltd.,direct_competitor,bidirectional,negative,0,180,high,inferred_from_filings,Cross-batch reconciliation found same basic industry between AUROPHARMA and ACUTAAS.,"Useful for peer, common-factor, relative-value and event-spillover testing.","NSE classification, annual-report source inventory and v2 profile reconciliation",0.72,True
nifty_500_shariah,company:AUROPHARMA,company,AUROPHARMA,Aurobindo Pharma Ltd.,company:AJANTPHARM,company,AJANTPHARM,Ajanta Pharma Ltd.,direct_competitor,bidirectional,negative,0,180,high,inferred_from_filings,Cross-batch reconciliation found same basic industry between AUROPHARMA and AJANTPHARM.,"Useful for peer, common-factor, relative-value and event-spillover testing.","NSE classification, annual-report source inventory and v2 profile reconciliation",0.72,True
ind_nifty500,company:AWL,company,AWL,AWL Agri Business Ltd.,company:MARICO,company,MARICO,Marico Ltd.,direct_competitor,bidirectional,negative,0,180,high,inferred_from_filings,Cross-batch reconciliation found same basic industry between AWL and MARICO.,"Useful for peer, common-factor, relative-value and event-spillover testing.","NSE classification, annual-report source inventory and v2 profile reconciliation",0.72,True
ind_nifty500,company:AWL,company,AWL,AWL Agri Business Ltd.,company:PATANJALI,company,PATANJALI,Patanjali Foods Ltd.,direct_competitor,bidirectional,negative,0,180,high,inferred_from_filings,Cross-batch reconciliation found same basic industry between AWL and PATANJALI.,"Useful for peer, common-factor, relative-value and event-spillover testing.","NSE classification, annual-report source inventory and v2 profile reconciliation",0.72,True
ind_nifty500,company:AXISBANK,company,AXISBANK,Axis Bank Ltd.,company:AUBANK,company,AUBANK,AU Small Finance Bank Ltd.,partial_competitor,bidirectional,negative,0,180,medium,inferred_from_filings,Cross-batch reconciliation found same industry between AXISBANK and AUBANK.,"Useful for peer, common-factor, relative-value and event-spillover testing.","NSE classification, annual-report source inventory and v2 profile reconciliation",0.72,True
ind_nifty500,company:AXISBANK,company,AXISBANK,Axis Bank Ltd.,company:360ONE,company,360ONE,360 ONE WAM Ltd.,common_customer_industry,bidirectional,mixed,0,180,medium,inferred_from_filings,Cross-batch reconciliation found shared customer industry between AXISBANK and 360ONE.,"Useful for peer, common-factor, relative-value and event-spillover testing.","NSE classification, annual-report source inventory and v2 profile reconciliation",0.6,True
ind_nifty500,company:BAJAJ-AUTO,company,BAJAJ-AUTO,Bajaj Auto Ltd.,company:ATHERENERG,company,ATHERENERG,Ather Energy Ltd.,direct_competitor,bidirectional,negative,0,180,high,inferred_from_filings,Cross-batch reconciliation found same basic industry between BAJAJ-AUTO and ATHERENERG.,"Useful for peer, common-factor, relative-value and event-spillover testing.","NSE classification, annual-report source inventory and v2 profile reconciliation",0.72,True
ind_nifty500,company:BAJAJ-AUTO,company,BAJAJ-AUTO,Bajaj Auto Ltd.,company:HEROMOTOCO,company,HEROMOTOCO,Hero MotoCorp Ltd.,direct_competitor,bidirectional,negative,0,180,high,inferred_from_filings,Cross-batch reconciliation found same basic industry between BAJAJ-AUTO and HEROMOTOCO.,"Useful for peer, common-factor, relative-value and event-spillover testing.","NSE classification, annual-report source inventory and v2 profile reconciliation",0.72,True
ind_nifty500,company:BAJAJFINSV,company,BAJAJFINSV,Bajaj Finserv Ltd.,company:BAJAJHLDNG,company,BAJAJHLDNG,Bajaj Holdings & Investment Ltd.,direct_competitor,bidirectional,negative,0,180,high,inferred_from_filings,Cross-batch reconciliation found same basic industry between BAJAJFINSV and BAJAJHLDNG.,"Useful for peer, common-factor, relative-value and event-spillover testing.","NSE classification, annual-report source inventory and v2 profile reconciliation",0.72,True
ind_nifty500,company:BAJAJFINSV,company,BAJAJFINSV,Bajaj Finserv Ltd.,company:AAVAS,company,AAVAS,Aavas Financiers Ltd.,partial_competitor,bidirectional,negative,0,180,medium,inferred_from_filings,Cross-batch reconciliation found same industry between BAJAJFINSV and AAVAS.,"Useful for peer, common-factor, relative-value and event-spillover testing.","NSE classification, annual-report source inventory and v2 profile reconciliation",0.72,True
ind_nifty500,company:BAJAJHFL,company,BAJAJHFL,Bajaj Housing Finance Ltd.,company:AAVAS,company,AAVAS,Aavas Financiers Ltd.,direct_competitor,bidirectional,negative,0,180,high,inferred_from_filings,Cross-batch reconciliation found same basic industry between BAJAJHFL and AAVAS.,"Useful for peer, common-factor, relative-value and event-spillover testing.","NSE classification, annual-report source inventory and v2 profile reconciliation",0.72,True
ind_nifty500,company:BAJAJHFL,company,BAJAJHFL,Bajaj Housing Finance Ltd.,company:APTUS,company,APTUS,Aptus Value Housing Finance India Ltd.,direct_competitor,bidirectional,negative,0,180,high,inferred_from_filings,Cross-batch reconciliation found same basic industry between BAJAJHFL and APTUS.,"Useful for peer, common-factor, relative-value and event-spillover testing.","NSE classification, annual-report source inventory and v2 profile reconciliation",0.72,True
ind_nifty500,company:BAJAJHLDNG,company,BAJAJHLDNG,Bajaj Holdings & Investment Ltd.,company:BAJAJFINSV,company,BAJAJFINSV,Bajaj Finserv Ltd.,direct_competitor,bidirectional,negative,0,180,high,inferred_from_filings,Cross-batch reconciliation found same basic industry between BAJAJHLDNG and BAJAJFINSV.,"Useful for peer, common-factor, relative-value and event-spillover testing.","NSE classification, annual-report source inventory and v2 profile reconciliation",0.72,True
ind_nifty500,company:BAJAJHLDNG,company,BAJAJHLDNG,Bajaj Holdings & Investment Ltd.,company:AAVAS,company,AAVAS,Aavas Financiers Ltd.,partial_competitor,bidirectional,negative,0,180,medium,inferred_from_filings,Cross-batch reconciliation found same industry between BAJAJHLDNG and AAVAS.,"Useful for peer, common-factor, relative-value and event-spillover testing.","NSE classification, annual-report source inventory and v2 profile reconciliation",0.72,True
ind_nifty500,company:BAJFINANCE,company,BAJFINANCE,Bajaj Finance Ltd.,company:AIIL,company,AIIL,Authum Investment & Infrastructure Ltd.,direct_competitor,bidirectional,negative,0,180,high,inferred_from_filings,Cross-batch reconciliation found same basic industry between BAJFINANCE and AIIL.,"Useful for peer, common-factor, relative-value and event-spillover testing.","NSE classification, annual-report source inventory and v2 profile reconciliation",0.72,True
ind_nifty500,company:BAJFINANCE,company,BAJFINANCE,Bajaj Finance Ltd.,company:AAVAS,company,AAVAS,Aavas Financiers Ltd.,partial_competitor,bidirectional,negative,0,180,medium,inferred_from_filings,Cross-batch reconciliation found same industry between BAJFINANCE and AAVAS.,"Useful for peer, common-factor, relative-value and event-spillover testing.","NSE classification, annual-report source inventory and v2 profile reconciliation",0.72,True
nifty_500_shariah,company:BALKRISIND,company,BALKRISIND,Balkrishna Industries Ltd.,company:APOLLOTYRE,company,APOLLOTYRE,Apollo Tyres Ltd.,direct_competitor,bidirectional,negative,0,180,high,inferred_from_filings,Cross-batch reconciliation found same basic industry between BALKRISIND and APOLLOTYRE.,"Useful for peer, common-factor, relative-value and event-spillover testing.","NSE classification, annual-report source inventory and v2 profile reconciliation",0.72,True
nifty_500_shariah,company:BALKRISIND,company,BALKRISIND,Balkrishna Industries Ltd.,company:ARE&M,company,ARE&M,Amara Raja Energy & Mobility Ltd.,partial_competitor,bidirectional,negative,0,180,medium,inferred_from_filings,Cross-batch reconciliation found same industry between BALKRISIND and ARE&M.,"Useful for peer, common-factor, relative-value and event-spillover testing.","NSE classification, annual-report source inventory and v2 profile reconciliation",0.72,True
ind_nifty500,company:BALRAMCHIN,company,BALRAMCHIN,Balrampur Chini Mills Ltd.,company:AWL,company,AWL,AWL Agri Business Ltd.,partial_competitor,bidirectional,negative,0,180,medium,inferred_from_filings,Cross-batch reconciliation found same industry between BALRAMCHIN and AWL.,"Useful for peer, common-factor, relative-value and event-spillover testing.","NSE classification, annual-report source inventory and v2 profile reconciliation",0.72,True
ind_nifty500,company:BALRAMCHIN,company,BALRAMCHIN,Balrampur Chini Mills Ltd.,company:LTFOODS,company,LTFOODS,LT Foods Ltd.,partial_competitor,bidirectional,negative,0,180,medium,inferred_from_filings,Cross-batch reconciliation found same industry between BALRAMCHIN and LTFOODS.,"Useful for peer, common-factor, relative-value and event-spillover testing.","NSE classification, annual-report source inventory and v2 profile reconciliation",0.72,True
ind_nifty500,company:BANDHANBNK,company,BANDHANBNK,Bandhan Bank Ltd.,company:AXISBANK,company,AXISBANK,Axis Bank Ltd.,direct_competitor,bidirectional,negative,0,180,high,inferred_from_filings,Cross-batch reconciliation found same basic industry between BANDHANBNK and AXISBANK.,"Useful for peer, common-factor, relative-value and event-spillover testing.","NSE classification, annual-report source inventory and v2 profile reconciliation",0.72,True
ind_nifty500,company:BANDHANBNK,company,BANDHANBNK,Bandhan Bank Ltd.,company:AUBANK,company,AUBANK,AU Small Finance Bank Ltd.,partial_competitor,bidirectional,negative,0,180,medium,inferred_from_filings,Cross-batch reconciliation found same industry between BANDHANBNK and AUBANK.,"Useful for peer, common-factor, relative-value and event-spillover testing.","NSE classification, annual-report source inventory and v2 profile reconciliation",0.72,True
ind_nifty500,company:BANKBARODA,company,BANKBARODA,Bank of Baroda,company:BANKINDIA,company,BANKINDIA,Bank of India,direct_competitor,bidirectional,negative,0,180,high,inferred_from_filings,Cross-batch reconciliation found same basic industry between BANKBARODA and BANKINDIA.,"Useful for peer, common-factor, relative-value and event-spillover testing.","NSE classification, annual-report source inventory and v2 profile reconciliation",0.72,True
ind_nifty500,company:BANKBARODA,company,BANKBARODA,Bank of Baroda,company:MAHABANK,company,MAHABANK,Bank of Maharashtra,direct_competitor,bidirectional,negative,0,180,high,inferred_from_filings,Cross-batch reconciliation found same basic industry between BANKBARODA and MAHABANK.,"Useful for peer, common-factor, relative-value and event-spillover testing.","NSE classification, annual-report source inventory and v2 profile reconciliation",0.72,True
ind_nifty500,company:BANKINDIA,company,BANKINDIA,Bank of India,company:BANKBARODA,company,BANKBARODA,Bank of Baroda,direct_competitor,bidirectional,negative,0,180,high,inferred_from_filings,Cross-batch reconciliation found same basic industry between BANKINDIA and BANKBARODA.,"Useful for peer, common-factor, relative-value and event-spillover testing.","NSE classification, annual-report source inventory and v2 profile reconciliation",0.72,True
ind_nifty500,company:BANKINDIA,company,BANKINDIA,Bank of India,company:MAHABANK,company,MAHABANK,Bank of Maharashtra,direct_competitor,bidirectional,negative,0,180,high,inferred_from_filings,Cross-batch reconciliation found same basic industry between BANKINDIA and MAHABANK.,"Useful for peer, common-factor, relative-value and event-spillover testing.","NSE classification, annual-report source inventory and v2 profile reconciliation",0.72,True
nifty_500_shariah,company:BATAINDIA,company,BATAINDIA,Bata India Ltd.,company:AMBER,company,AMBER,Amber Enterprises India Ltd.,partial_competitor,bidirectional,negative,0,180,medium,inferred_from_filings,Cross-batch reconciliation found same industry between BATAINDIA and AMBER.,"Useful for peer, common-factor, relative-value and event-spillover testing.","NSE classification, annual-report source inventory and v2 profile reconciliation",0.72,True
nifty_500_shariah,company:BATAINDIA,company,BATAINDIA,Bata India Ltd.,company:ASIANPAINT,company,ASIANPAINT,ASIAN PAINTS LTD.,partial_competitor,bidirectional,negative,0,180,medium,inferred_from_filings,Cross-batch reconciliation found same industry between BATAINDIA and ASIANPAINT.,"Useful for peer, common-factor, relative-value and event-spillover testing.","NSE classification, annual-report source inventory and v2 profile reconciliation",0.72,True
nifty_500_shariah,company:BAYERCROP,company,BAYERCROP,Bayer Cropscience Ltd.,company:ABFRL,company,ABFRL,Aditya Birla Fashion and Retail Ltd.,common_customer_industry,bidirectional,mixed,0,180,medium,inferred_from_filings,Cross-batch reconciliation found shared customer industry between BAYERCROP and ABFRL.,"Useful for peer, common-factor, relative-value and event-spillover testing.","NSE classification, annual-report source inventory and v2 profile reconciliation",0.6,True
nifty_500_shariah,company:BAYERCROP,company,BAYERCROP,Bayer Cropscience Ltd.,company:ABLBL,company,ABLBL,Aditya Birla Lifestyle Brands Ltd.,common_customer_industry,bidirectional,mixed,0,180,medium,inferred_from_filings,Cross-batch reconciliation found shared customer industry between BAYERCROP and ABLBL.,"Useful for peer, common-factor, relative-value and event-spillover testing.","NSE classification, annual-report source inventory and v2 profile reconciliation",0.6,True
nifty_500_shariah,company:BBTC,company,BBTC,The Bombay Burmah Trading Corporation Ltd.,company:BIKAJI,company,BIKAJI,Bikaji Foods International Ltd.,direct_competitor,bidirectional,negative,0,180,high,inferred_from_filings,Cross-batch reconciliation found same basic industry between BBTC and BIKAJI.,"Useful for peer, common-factor, relative-value and event-spillover testing.","NSE classification, annual-report source inventory and v2 profile reconciliation",0.72,True
nifty_500_shariah,company:BBTC,company,BBTC,The Bombay Burmah Trading Corporation Ltd.,company:NESTLEIND,company,NESTLEIND,NESTLE INDIA LTD.,direct_competitor,bidirectional,negative,0,180,high,inferred_from_filings,Cross-batch reconciliation found same basic industry between BBTC and NESTLEIND.,"Useful for peer, common-factor, relative-value and event-spillover testing.","NSE classification, annual-report source inventory and v2 profile reconciliation",0.72,True
ind_nifty500,company:BDL,company,BDL,Bharat Dynamics Ltd.,company:BEL,company,BEL,Bharat Electronics Ltd.,direct_competitor,bidirectional,negative,0,180,high,inferred_from_filings,Cross-batch reconciliation found same basic industry between BDL and BEL.,"Useful for peer, common-factor, relative-value and event-spillover testing.","NSE classification, annual-report source inventory and v2 profile reconciliation",0.72,True
ind_nifty500,company:BDL,company,BDL,Bharat Dynamics Ltd.,company:ABB,company,ABB,ABB India Ltd.,common_customer_industry,bidirectional,mixed,0,180,medium,inferred_from_filings,Cross-batch reconciliation found shared customer industry between BDL and ABB.,"Useful for peer, common-factor, relative-value and event-spillover testing.","NSE classification, annual-report source inventory and v2 profile reconciliation",0.6,True
ind_nifty500,company:BEL,company,BEL,Bharat Electronics Ltd.,company:BDL,company,BDL,Bharat Dynamics Ltd.,direct_competitor,bidirectional,negative,0,180,high,inferred_from_filings,Cross-batch reconciliation found same basic industry between BEL and BDL.,"Useful for peer, common-factor, relative-value and event-spillover testing.","NSE classification, annual-report source inventory and v2 profile reconciliation",0.72,True
ind_nifty500,company:BEL,company,BEL,Bharat Electronics Ltd.,company:ABB,company,ABB,ABB India Ltd.,common_customer_industry,bidirectional,mixed,0,180,medium,inferred_from_filings,Cross-batch reconciliation found shared customer industry between BEL and ABB.,"Useful for peer, common-factor, relative-value and event-spillover testing.","NSE classification, annual-report source inventory and v2 profile reconciliation",0.6,True
ind_nifty500,company:BELRISE,company,BELRISE,Belrise Industries Ltd.,company:ARE&M,company,ARE&M,Amara Raja Energy & Mobility Ltd.,direct_competitor,bidirectional,negative,0,180,high,inferred_from_filings,Cross-batch reconciliation found same basic industry between BELRISE and ARE&M.,"Useful for peer, common-factor, relative-value and event-spillover testing.","NSE classification, annual-report source inventory and v2 profile reconciliation",0.72,True
ind_nifty500,company:BELRISE,company,BELRISE,Belrise Industries Ltd.,company:ASAHIINDIA,company,ASAHIINDIA,Asahi India Glass Ltd.,direct_competitor,bidirectional,negative,0,180,high,inferred_from_filings,Cross-batch reconciliation found same basic industry between BELRISE and ASAHIINDIA.,"Useful for peer, common-factor, relative-value and event-spillover testing.","NSE classification, annual-report source inventory and v2 profile reconciliation",0.72,True
ind_nifty500,company:BEML,company,BEML,BEML Ltd.,company:ACE,company,ACE,Action Construction Equipment Ltd.,direct_competitor,bidirectional,negative,0,180,high,inferred_from_filings,Cross-batch reconciliation found same basic industry between BEML and ACE.,"Useful for peer, common-factor, relative-value and event-spillover testing.","NSE classification, annual-report source inventory and v2 profile reconciliation",0.72,True
ind_nifty500,company:BEML,company,BEML,BEML Ltd.,company:ASHOKLEY,company,ASHOKLEY,Ashok Leyland Ltd.,partial_competitor,bidirectional,negative,0,180,medium,inferred_from_filings,Cross-batch reconciliation found same industry between BEML and ASHOKLEY.,"Useful for peer, common-factor, relative-value and event-spillover testing.","NSE classification, annual-report source inventory and v2 profile reconciliation",0.72,True
nifty_500_shariah,company:BERGEPAINT,company,BERGEPAINT,Berger Paints (India) Ltd.,company:ASIANPAINT,company,ASIANPAINT,ASIAN PAINTS LTD.,direct_competitor,bidirectional,negative,0,180,high,inferred_from_filings,Cross-batch reconciliation found same basic industry between BERGEPAINT and ASIANPAINT.,"Useful for peer, common-factor, relative-value and event-spillover testing.","NSE classification, annual-report source inventory and v2 profile reconciliation",0.72,True
nifty_500_shariah,company:BERGEPAINT,company,BERGEPAINT,Berger Paints (India) Ltd.,company:AMBER,company,AMBER,Amber Enterprises India Ltd.,partial_competitor,bidirectional,negative,0,180,medium,inferred_from_filings,Cross-batch reconciliation found same industry between BERGEPAINT and AMBER.,"Useful for peer, common-factor, relative-value and event-spillover testing.","NSE classification, annual-report source inventory and v2 profile reconciliation",0.72,True
ind_nifty500,company:BHARATFORG,company,BHARATFORG,Bharat Forge Ltd.,company:ARE&M,company,ARE&M,Amara Raja Energy & Mobility Ltd.,direct_competitor,bidirectional,negative,0,180,high,inferred_from_filings,Cross-batch reconciliation found same basic industry between BHARATFORG and ARE&M.,"Useful for peer, common-factor, relative-value and event-spillover testing.","NSE classification, annual-report source inventory and v2 profile reconciliation",0.72,True
ind_nifty500,company:BHARATFORG,company,BHARATFORG,Bharat Forge Ltd.,company:ASAHIINDIA,company,ASAHIINDIA,Asahi India Glass Ltd.,direct_competitor,bidirectional,negative,0,180,high,inferred_from_filings,Cross-batch reconciliation found same basic industry between BHARATFORG and ASAHIINDIA.,"Useful for peer, common-factor, relative-value and event-spillover testing.","NSE classification, annual-report source inventory and v2 profile reconciliation",0.72,True
ind_nifty500,company:BHARTIARTL,company,BHARTIARTL,Bharti Airtel Ltd.,company:BHARTIHEXA,company,BHARTIHEXA,Bharti Hexacom Ltd.,direct_competitor,bidirectional,negative,0,180,high,inferred_from_filings,Cross-batch reconciliation found same basic industry between BHARTIARTL and BHARTIHEXA.,"Useful for peer, common-factor, relative-value and event-spillover testing.","NSE classification, annual-report source inventory and v2 profile reconciliation",0.72,True
ind_nifty500,company:BHARTIARTL,company,BHARTIARTL,Bharti Airtel Ltd.,company:HFCL,company,HFCL,HFCL Ltd.,partial_competitor,bidirectional,negative,0,180,medium,inferred_from_filings,Cross-batch reconciliation found same industry between BHARTIARTL and HFCL.,"Useful for peer, common-factor, relative-value and event-spillover testing.","NSE classification, annual-report source inventory and v2 profile reconciliation",0.72,True
ind_nifty500,company:BHARTIHEXA,company,BHARTIHEXA,Bharti Hexacom Ltd.,company:BHARTIARTL,company,BHARTIARTL,Bharti Airtel Ltd.,direct_competitor,bidirectional,negative,0,180,high,inferred_from_filings,Cross-batch reconciliation found same basic industry between BHARTIHEXA and BHARTIARTL.,"Useful for peer, common-factor, relative-value and event-spillover testing.","NSE classification, annual-report source inventory and v2 profile reconciliation",0.72,True
ind_nifty500,company:BHARTIHEXA,company,BHARTIHEXA,Bharti Hexacom Ltd.,company:HFCL,company,HFCL,HFCL Ltd.,partial_competitor,bidirectional,negative,0,180,medium,inferred_from_filings,Cross-batch reconciliation found same industry between BHARTIHEXA and HFCL.,"Useful for peer, common-factor, relative-value and event-spillover testing.","NSE classification, annual-report source inventory and v2 profile reconciliation",0.72,True
nifty_500_shariah,company:BHEL,company,BHEL,Bharat Heavy Electricals Ltd.,company:APARINDS,company,APARINDS,Apar Industries Ltd.,partial_competitor,bidirectional,negative,0,180,medium,inferred_from_filings,Cross-batch reconciliation found same industry between BHEL and APARINDS.,"Useful for peer, common-factor, relative-value and event-spillover testing.","NSE classification, annual-report source inventory and v2 profile reconciliation",0.72,True
nifty_500_shariah,company:BHEL,company,BHEL,Bharat Heavy Electricals Ltd.,company:AFCONS,company,AFCONS,Afcons Infrastructure Ltd.,common_customer_industry,bidirectional,mixed,0,180,medium,inferred_from_filings,Cross-batch reconciliation found shared customer industry between BHEL and AFCONS.,"Useful for peer, common-factor, relative-value and event-spillover testing.","NSE classification, annual-report source inventory and v2 profile reconciliation",0.6,True
nifty_500_shariah,company:BIKAJI,company,BIKAJI,Bikaji Foods International Ltd.,company:BBTC,company,BBTC,The Bombay Burmah Trading Corporation Ltd.,direct_competitor,bidirectional,negative,0,180,high,inferred_from_filings,Cross-batch reconciliation found same basic industry between BIKAJI and BBTC.,"Useful for peer, common-factor, relative-value and event-spillover testing.","NSE classification, annual-report source inventory and v2 profile reconciliation",0.72,True
nifty_500_shariah,company:BIKAJI,company,BIKAJI,Bikaji Foods International Ltd.,company:NESTLEIND,company,NESTLEIND,NESTLE INDIA LTD.,direct_competitor,bidirectional,negative,0,180,high,inferred_from_filings,Cross-batch reconciliation found same basic industry between BIKAJI and NESTLEIND.,"Useful for peer, common-factor, relative-value and event-spillover testing.","NSE classification, annual-report source inventory and v2 profile reconciliation",0.72,True
ind_nifty500,company:BIOCON,company,BIOCON,Biocon Ltd.,company:ABBOTINDIA,company,ABBOTINDIA,Abbott India Ltd.,direct_competitor,bidirectional,negative,0,180,high,inferred_from_filings,Cross-batch reconciliation found same basic industry between BIOCON and ABBOTINDIA.,"Useful for peer, common-factor, relative-value and event-spillover testing.","NSE classification, annual-report source inventory and v2 profile reconciliation",0.72,True
ind_nifty500,company:BIOCON,company,BIOCON,Biocon Ltd.,company:ACUTAAS,company,ACUTAAS,Acutaas Chemicals Ltd.,direct_competitor,bidirectional,negative,0,180,high,inferred_from_filings,Cross-batch reconciliation found same basic industry between BIOCON and ACUTAAS.,"Useful for peer, common-factor, relative-value and event-spillover testing.","NSE classification, annual-report source inventory and v2 profile reconciliation",0.72,True
ind_nifty500,company:BLS,company,BLS,BLS International Services Ltd.,company:TBOTEK,company,TBOTEK,TBO Tek Ltd.,direct_competitor,bidirectional,negative,0,180,high,inferred_from_filings,Cross-batch reconciliation found same basic industry between BLS and TBOTEK.,"Useful for peer, common-factor, relative-value and event-spillover testing.","NSE classification, annual-report source inventory and v2 profile reconciliation",0.72,True
ind_nifty500,company:BLS,company,BLS,BLS International Services Ltd.,company:ABDL,company,ABDL,Allied Blenders and Distillers Ltd.,common_customer_industry,bidirectional,mixed,0,180,medium,inferred_from_filings,Cross-batch reconciliation found shared customer industry between BLS and ABDL.,"Useful for peer, common-factor, relative-value and event-spillover testing.","NSE classification, annual-report source inventory and v2 profile reconciliation",0.6,True
nifty_500_shariah,company:BLUEDART,company,BLUEDART,Blue Dart Express Ltd.,company:3MINDIA,company,3MINDIA,3M India Ltd.,common_customer_industry,bidirectional,mixed,0,180,medium,inferred_from_filings,Cross-batch reconciliation found shared customer industry between BLUEDART and 3MINDIA.,"Useful for peer, common-factor, relative-value and event-spillover testing.","NSE classification, annual-report source inventory and v2 profile reconciliation",0.6,True
nifty_500_shariah,company:BLUEJET,company,BLUEJET,Blue Jet Healthcare Ltd,company:ACUTAAS,company,ACUTAAS,Acutaas Chemicals Ltd.,direct_competitor,bidirectional,negative,0,180,high,inferred_from_filings,Cross-batch reconciliation found same basic industry between BLUEJET and ACUTAAS.,"Useful for peer, common-factor, relative-value and event-spillover testing.","NSE classification, annual-report source inventory and v2 profile reconciliation",0.72,True
nifty_500_shariah,company:BLUEJET,company,BLUEJET,Blue Jet Healthcare Ltd,company:AJANTPHARM,company,AJANTPHARM,Ajanta Pharma Ltd.,direct_competitor,bidirectional,negative,0,180,high,inferred_from_filings,Cross-batch reconciliation found same basic industry between BLUEJET and AJANTPHARM.,"Useful for peer, common-factor, relative-value and event-spillover testing.","NSE classification, annual-report source inventory and v2 profile reconciliation",0.72,True
nifty_500_shariah,company:BLUESTARCO,company,BLUESTARCO,Blue Star Ltd.,company:AMBER,company,AMBER,Amber Enterprises India Ltd.,direct_competitor,bidirectional,negative,0,180,high,inferred_from_filings,Cross-batch reconciliation found same basic industry between BLUESTARCO and AMBER.,"Useful for peer, common-factor, relative-value and event-spillover testing.","NSE classification, annual-report source inventory and v2 profile reconciliation",0.72,True
nifty_500_shariah,company:BLUESTARCO,company,BLUESTARCO,Blue Star Ltd.,company:ASIANPAINT,company,ASIANPAINT,ASIAN PAINTS LTD.,partial_competitor,bidirectional,negative,0,180,medium,inferred_from_filings,Cross-batch reconciliation found same industry between BLUESTARCO and ASIANPAINT.,"Useful for peer, common-factor, relative-value and event-spillover testing.","NSE classification, annual-report source inventory and v2 profile reconciliation",0.72,True
ind_nifty500,company:BOSCHLTD,company,BOSCHLTD,Bosch Ltd.,company:ARE&M,company,ARE&M,Amara Raja Energy & Mobility Ltd.,direct_competitor,bidirectional,negative,0,180,high,inferred_from_filings,Cross-batch reconciliation found same basic industry between BOSCHLTD and ARE&M.,"Useful for peer, common-factor, relative-value and event-spillover testing.","NSE classification, annual-report source inventory and v2 profile reconciliation",0.72,True
ind_nifty500,company:BOSCHLTD,company,BOSCHLTD,Bosch Ltd.,company:ASAHIINDIA,company,ASAHIINDIA,Asahi India Glass Ltd.,direct_competitor,bidirectional,negative,0,180,high,inferred_from_filings,Cross-batch reconciliation found same basic industry between BOSCHLTD and ASAHIINDIA.,"Useful for peer, common-factor, relative-value and event-spillover testing.","NSE classification, annual-report source inventory and v2 profile reconciliation",0.72,True
nifty_500_shariah,company:BPCL,company,BPCL,Bharat Petroleum Corporation Ltd.,company:AMBER,company,AMBER,Amber Enterprises India Ltd.,common_customer_industry,bidirectional,mixed,0,180,medium,inferred_from_filings,Cross-batch reconciliation found shared customer industry between BPCL and AMBER.,"Useful for peer, common-factor, relative-value and event-spillover testing.","NSE classification, annual-report source inventory and v2 profile reconciliation",0.6,True
nifty_500_shariah,company:BPCL,company,BPCL,Bharat Petroleum Corporation Ltd.,company:ANANTRAJ,company,ANANTRAJ,Anant Raj Ltd.,common_customer_industry,bidirectional,mixed,0,180,medium,inferred_from_filings,Cross-batch reconciliation found shared customer industry between BPCL and ANANTRAJ.,"Useful for peer, common-factor, relative-value and event-spillover testing.","NSE classification, annual-report source inventory and v2 profile reconciliation",0.6,True
ind_nifty500,company:BRIGADE,company,BRIGADE,Brigade Enterprises Ltd.,company:ANANTRAJ,company,ANANTRAJ,Anant Raj Ltd.,direct_competitor,bidirectional,negative,0,180,high,inferred_from_filings,Cross-batch reconciliation found same basic industry between BRIGADE and ANANTRAJ.,"Useful for peer, common-factor, relative-value and event-spillover testing.","NSE classification, annual-report source inventory and v2 profile reconciliation",0.72,True
ind_nifty500,company:BRIGADE,company,BRIGADE,Brigade Enterprises Ltd.,company:DLF,company,DLF,DLF Ltd.,direct_competitor,bidirectional,negative,0,180,high,inferred_from_filings,Cross-batch reconciliation found same basic industry between BRIGADE and DLF.,"Useful for peer, common-factor, relative-value and event-spillover testing.","NSE classification, annual-report source inventory and v2 profile reconciliation",0.72,True
nifty_500_shariah,company:BRITANNIA,company,BRITANNIA,Britannia Industries Ltd.,company:BBTC,company,BBTC,The Bombay Burmah Trading Corporation Ltd.,direct_competitor,bidirectional,negative,0,180,high,inferred_from_filings,Cross-batch reconciliation found same basic industry between BRITANNIA and BBTC.,"Useful for peer, common-factor, relative-value and event-spillover testing.","NSE classification, annual-report source inventory and v2 profile reconciliation",0.72,True
nifty_500_shariah,company:BRITANNIA,company,BRITANNIA,Britannia Industries Ltd.,company:BIKAJI,company,BIKAJI,Bikaji Foods International Ltd.,direct_competitor,bidirectional,negative,0,180,high,inferred_from_filings,Cross-batch reconciliation found same basic industry between BRITANNIA and BIKAJI.,"Useful for peer, common-factor, relative-value and event-spillover testing.","NSE classification, annual-report source inventory and v2 profile reconciliation",0.72,True
ind_nifty500,company:BSE,company,BSE,BSE Ltd.,company:360ONE,company,360ONE,360 ONE WAM Ltd.,partial_competitor,bidirectional,negative,0,180,medium,inferred_from_filings,Cross-batch reconciliation found same industry between BSE and 360ONE.,"Useful for peer, common-factor, relative-value and event-spillover testing.","NSE classification, annual-report source inventory and v2 profile reconciliation",0.72,True
ind_nifty500,company:BSE,company,BSE,BSE Ltd.,company:ABSLAMC,company,ABSLAMC,Aditya Birla Sun Life AMC Ltd.,partial_competitor,bidirectional,negative,0,180,medium,inferred_from_filings,Cross-batch reconciliation found same industry between BSE and ABSLAMC.,"Useful for peer, common-factor, relative-value and event-spillover testing.","NSE classification, annual-report source inventory and v2 profile reconciliation",0.72,True
nifty_500_shariah,company:BSOFT,company,BSOFT,Birlasoft Ltd.,company:COFORGE,company,COFORGE,Coforge Ltd.,direct_competitor,bidirectional,negative,0,180,high,inferred_from_filings,Cross-batch reconciliation found same basic industry between BSOFT and COFORGE.,"Useful for peer, common-factor, relative-value and event-spillover testing.","NSE classification, annual-report source inventory and v2 profile reconciliation",0.72,True
nifty_500_shariah,company:BSOFT,company,BSOFT,Birlasoft Ltd.,company:HCLTECH,company,HCLTECH,HCL TECHNOLOGIES LTD.,direct_competitor,bidirectional,negative,0,180,high,inferred_from_filings,Cross-batch reconciliation found same basic industry between BSOFT and HCLTECH.,"Useful for peer, common-factor, relative-value and event-spillover testing.","NSE classification, annual-report source inventory and v2 profile reconciliation",0.72,True
ind_nifty500,company:CAMS,company,CAMS,Computer Age Management Services Ltd.,company:CDSL,company,CDSL,Central Depository Services (India) Ltd.,direct_competitor,bidirectional,negative,0,180,high,inferred_from_filings,Cross-batch reconciliation found same basic industry between CAMS and CDSL.,"Useful for peer, common-factor, relative-value and event-spillover testing.","NSE classification, annual-report source inventory and v2 profile reconciliation",0.72,True
ind_nifty500,company:CAMS,company,CAMS,Computer Age Management Services Ltd.,company:360ONE,company,360ONE,360 ONE WAM Ltd.,partial_competitor,bidirectional,negative,0,180,medium,inferred_from_filings,Cross-batch reconciliation found same industry between CAMS and 360ONE.,"Useful for peer, common-factor, relative-value and event-spillover testing.","NSE classification, annual-report source inventory and v2 profile reconciliation",0.72,True
ind_nifty500,company:CANBK,company,CANBK,Canara Bank,company:BANKBARODA,company,BANKBARODA,Bank of Baroda,direct_competitor,bidirectional,negative,0,180,high,inferred_from_filings,Cross-batch reconciliation found same basic industry between CANBK and BANKBARODA.,"Useful for peer, common-factor, relative-value and event-spillover testing.","NSE classification, annual-report source inventory and v2 profile reconciliation",0.72,True
ind_nifty500,company:CANBK,company,CANBK,Canara Bank,company:BANKINDIA,company,BANKINDIA,Bank of India,direct_competitor,bidirectional,negative,0,180,high,inferred_from_filings,Cross-batch reconciliation found same basic industry between CANBK and BANKINDIA.,"Useful for peer, common-factor, relative-value and event-spillover testing.","NSE classification, annual-report source inventory and v2 profile reconciliation",0.72,True
ind_nifty500,company:CANFINHOME,company,CANFINHOME,Can Fin Homes Ltd.,company:AAVAS,company,AAVAS,Aavas Financiers Ltd.,direct_competitor,bidirectional,negative,0,180,high,inferred_from_filings,Cross-batch reconciliation found same basic industry between CANFINHOME and AAVAS.,"Useful for peer, common-factor, relative-value and event-spillover testing.","NSE classification, annual-report source inventory and v2 profile reconciliation",0.72,True
ind_nifty500,company:CANFINHOME,company,CANFINHOME,Can Fin Homes Ltd.,company:APTUS,company,APTUS,Aptus Value Housing Finance India Ltd.,direct_competitor,bidirectional,negative,0,180,high,inferred_from_filings,Cross-batch reconciliation found same basic industry between CANFINHOME and APTUS.,"Useful for peer, common-factor, relative-value and event-spillover testing.","NSE classification, annual-report source inventory and v2 profile reconciliation",0.72,True
ind_nifty500,company:CANHLIFE,company,CANHLIFE,Canara HSBC Life Insurance Company Ltd.,company:HDFCLIFE,company,HDFCLIFE,HDFC Life Insurance Company Ltd.,direct_competitor,bidirectional,negative,0,180,high,inferred_from_filings,Cross-batch reconciliation found same basic industry between CANHLIFE and HDFCLIFE.,"Useful for peer, common-factor, relative-value and event-spillover testing.","NSE classification, annual-report source inventory and v2 profile reconciliation",0.72,True
ind_nifty500,company:CANHLIFE,company,CANHLIFE,Canara HSBC Life Insurance Company Ltd.,company:ICICIPRULI,company,ICICIPRULI,ICICI Prudential Life Insurance Company Ltd.,direct_competitor,bidirectional,negative,0,180,high,inferred_from_filings,Cross-batch reconciliation found same basic industry between CANHLIFE and ICICIPRULI.,"Useful for peer, common-factor, relative-value and event-spillover testing.","NSE classification, annual-report source inventory and v2 profile reconciliation",0.72,True
ind_nifty500,company:CAPLIPOINT,company,CAPLIPOINT,Caplin Point Laboratories Ltd.,company:ABBOTINDIA,company,ABBOTINDIA,Abbott India Ltd.,direct_competitor,bidirectional,negative,0,180,high,inferred_from_filings,Cross-batch reconciliation found same basic industry between CAPLIPOINT and ABBOTINDIA.,"Useful for peer, common-factor, relative-value and event-spillover testing.","NSE classification, annual-report source inventory and v2 profile reconciliation",0.72,True
ind_nifty500,company:CAPLIPOINT,company,CAPLIPOINT,Caplin Point Laboratories Ltd.,company:ACUTAAS,company,ACUTAAS,Acutaas Chemicals Ltd.,direct_competitor,bidirectional,negative,0,180,high,inferred_from_filings,Cross-batch reconciliation found same basic industry between CAPLIPOINT and ACUTAAS.,"Useful for peer, common-factor, relative-value and event-spillover testing.","NSE classification, annual-report source inventory and v2 profile reconciliation",0.72,True
nifty_500_shariah,company:CARBORUNIV,company,CARBORUNIV,Carborundum Universal Ltd.,company:APLAPOLLO,company,APLAPOLLO,APL Apollo Tubes Ltd.,partial_competitor,bidirectional,negative,0,180,medium,inferred_from_filings,Cross-batch reconciliation found same industry between CARBORUNIV and APLAPOLLO.,"Useful for peer, common-factor, relative-value and event-spillover testing.","NSE classification, annual-report source inventory and v2 profile reconciliation",0.72,True
nifty_500_shariah,company:CARBORUNIV,company,CARBORUNIV,Carborundum Universal Ltd.,company:ASTRAL,company,ASTRAL,Astral Ltd.,partial_competitor,bidirectional,negative,0,180,medium,inferred_from_filings,Cross-batch reconciliation found same industry between CARBORUNIV and ASTRAL.,"Useful for peer, common-factor, relative-value and event-spillover testing.","NSE classification, annual-report source inventory and v2 profile reconciliation",0.72,True
ind_nifty500,company:CARTRADE,company,CARTRADE,Cartrade Tech Ltd.,company:ETERNAL,company,ETERNAL,Eternal Ltd.,direct_competitor,bidirectional,negative,0,180,high,inferred_from_filings,Cross-batch reconciliation found same basic industry between CARTRADE and ETERNAL.,"Useful for peer, common-factor, relative-value and event-spillover testing.","NSE classification, annual-report source inventory and v2 profile reconciliation",0.72,True
ind_nifty500,company:CARTRADE,company,CARTRADE,Cartrade Tech Ltd.,company:FIRSTCRY,company,FIRSTCRY,Brainbees Solutions Ltd.,direct_competitor,bidirectional,negative,0,180,high,inferred_from_filings,Cross-batch reconciliation found same basic industry between CARTRADE and FIRSTCRY.,"Useful for peer, common-factor, relative-value and event-spillover testing.","NSE classification, annual-report source inventory and v2 profile reconciliation",0.72,True
nifty_500_shariah,company:CASTROLIND,company,CASTROLIND,Castrol India Ltd.,company:BPCL,company,BPCL,Bharat Petroleum Corporation Ltd.,partial_competitor,bidirectional,negative,0,180,medium,inferred_from_filings,Cross-batch reconciliation found same industry between CASTROLIND and BPCL.,"Useful for peer, common-factor, relative-value and event-spillover testing.","NSE classification, annual-report source inventory and v2 profile reconciliation",0.72,True
nifty_500_shariah,company:CASTROLIND,company,CASTROLIND,Castrol India Ltd.,company:CHENNPETRO,company,CHENNPETRO,Chennai Petroleum Corporation Ltd.,partial_competitor,bidirectional,negative,0,180,medium,inferred_from_filings,Cross-batch reconciliation found same industry between CASTROLIND and CHENNPETRO.,"Useful for peer, common-factor, relative-value and event-spillover testing.","NSE classification, annual-report source inventory and v2 profile reconciliation",0.72,True
ind_nifty500,company:CCL,company,CCL,CCL Products (I) Ltd.,company:TATACONSUM,company,TATACONSUM,TATA CONSUMER PRODUCTS LTD,direct_competitor,bidirectional,negative,0,180,high,inferred_from_filings,Cross-batch reconciliation found same basic industry between CCL and TATACONSUM.,"Useful for peer, common-factor, relative-value and event-spillover testing.","NSE classification, annual-report source inventory and v2 profile reconciliation",0.72,True
ind_nifty500,company:CCL,company,CCL,CCL Products (I) Ltd.,company:AWL,company,AWL,AWL Agri Business Ltd.,partial_competitor,bidirectional,negative,0,180,medium,inferred_from_filings,Cross-batch reconciliation found same industry between CCL and AWL.,"Useful for peer, common-factor, relative-value and event-spillover testing.","NSE classification, annual-report source inventory and v2 profile reconciliation",0.72,True
ind_nifty500,company:CDSL,company,CDSL,Central Depository Services (India) Ltd.,company:CAMS,company,CAMS,Computer Age Management Services Ltd.,direct_competitor,bidirectional,negative,0,180,high,inferred_from_filings,Cross-batch reconciliation found same basic industry between CDSL and CAMS.,"Useful for peer, common-factor, relative-value and event-spillover testing.","NSE classification, annual-report source inventory and v2 profile reconciliation",0.72,True
ind_nifty500,company:CDSL,company,CDSL,Central Depository Services (India) Ltd.,company:360ONE,company,360ONE,360 ONE WAM Ltd.,partial_competitor,bidirectional,negative,0,180,medium,inferred_from_filings,Cross-batch reconciliation found same industry between CDSL and 360ONE.,"Useful for peer, common-factor, relative-value and event-spillover testing.","NSE classification, annual-report source inventory and v2 profile reconciliation",0.72,True
nifty_500_shariah,company:CEATLTD,company,CEATLTD,Ceat Ltd.,company:APOLLOTYRE,company,APOLLOTYRE,Apollo Tyres Ltd.,direct_competitor,bidirectional,negative,0,180,high,inferred_from_filings,Cross-batch reconciliation found same basic industry between CEATLTD and APOLLOTYRE.,"Useful for peer, common-factor, relative-value and event-spillover testing.","NSE classification, annual-report source inventory and v2 profile reconciliation",0.72,True
nifty_500_shariah,company:CEATLTD,company,CEATLTD,Ceat Ltd.,company:BALKRISIND,company,BALKRISIND,Balkrishna Industries Ltd.,direct_competitor,bidirectional,negative,0,180,high,inferred_from_filings,Cross-batch reconciliation found same basic industry between CEATLTD and BALKRISIND.,"Useful for peer, common-factor, relative-value and event-spillover testing.","NSE classification, annual-report source inventory and v2 profile reconciliation",0.72,True
nifty_500_shariah,company:CEMPRO,company,CEMPRO,Cemindia Projects Ltd.,company:AFCONS,company,AFCONS,Afcons Infrastructure Ltd.,direct_competitor,bidirectional,negative,0,180,high,inferred_from_filings,Cross-batch reconciliation found same basic industry between CEMPRO and AFCONS.,"Useful for peer, common-factor, relative-value and event-spillover testing.","NSE classification, annual-report source inventory and v2 profile reconciliation",0.72,True
nifty_500_shariah,company:CEMPRO,company,CEMPRO,Cemindia Projects Ltd.,company:APARINDS,company,APARINDS,Apar Industries Ltd.,common_customer_industry,bidirectional,mixed,0,180,medium,inferred_from_filings,Cross-batch reconciliation found shared customer industry between CEMPRO and APARINDS.,"Useful for peer, common-factor, relative-value and event-spillover testing.","NSE classification, annual-report source inventory and v2 profile reconciliation",0.6,True
ind_nifty500,company:CENTRALBK,company,CENTRALBK,Central Bank of India,company:BANKBARODA,company,BANKBARODA,Bank of Baroda,direct_competitor,bidirectional,negative,0,180,high,inferred_from_filings,Cross-batch reconciliation found same basic industry between CENTRALBK and BANKBARODA.,"Useful for peer, common-factor, relative-value and event-spillover testing.","NSE classification, annual-report source inventory and v2 profile reconciliation",0.72,True
ind_nifty500,company:CENTRALBK,company,CENTRALBK,Central Bank of India,company:BANKINDIA,company,BANKINDIA,Bank of India,direct_competitor,bidirectional,negative,0,180,high,inferred_from_filings,Cross-batch reconciliation found same basic industry between CENTRALBK and BANKINDIA.,"Useful for peer, common-factor, relative-value and event-spillover testing.","NSE classification, annual-report source inventory and v2 profile reconciliation",0.72,True
ind_nifty500,company:CESC,company,CESC,CESC Ltd.,company:ADANIPOWER,company,ADANIPOWER,Adani Power Ltd.,direct_competitor,bidirectional,negative,0,180,high,inferred_from_filings,Cross-batch reconciliation found same basic industry between CESC and ADANIPOWER.,"Useful for peer, common-factor, relative-value and event-spillover testing.","NSE classification, annual-report source inventory and v2 profile reconciliation",0.72,True
ind_nifty500,company:CESC,company,CESC,CESC Ltd.,company:ACMESOLAR,company,ACMESOLAR,ACME Solar Holdings Ltd.,partial_competitor,bidirectional,negative,0,180,medium,inferred_from_filings,Cross-batch reconciliation found same industry between CESC and ACMESOLAR.,"Useful for peer, common-factor, relative-value and event-spillover testing.","NSE classification, annual-report source inventory and v2 profile reconciliation",0.72,True
ind_nifty500,company:CGCL,company,CGCL,Capri Global Capital Ltd.,company:AIIL,company,AIIL,Authum Investment & Infrastructure Ltd.,direct_competitor,bidirectional,negative,0,180,high,inferred_from_filings,Cross-batch reconciliation found same basic industry between CGCL and AIIL.,"Useful for peer, common-factor, relative-value and event-spillover testing.","NSE classification, annual-report source inventory and v2 profile reconciliation",0.72,True
ind_nifty500,company:CGCL,company,CGCL,Capri Global Capital Ltd.,company:BAJFINANCE,company,BAJFINANCE,Bajaj Finance Ltd.,direct_competitor,bidirectional,negative,0,180,high,inferred_from_filings,Cross-batch reconciliation found same basic industry between CGCL and BAJFINANCE.,"Useful for peer, common-factor, relative-value and event-spillover testing.","NSE classification, annual-report source inventory and v2 profile reconciliation",0.72,True
nifty_500_shariah,company:CGPOWER,company,CGPOWER,CG Power and Industrial Solutions Ltd.,company:BHEL,company,BHEL,Bharat Heavy Electricals Ltd.,direct_competitor,bidirectional,negative,0,180,high,inferred_from_filings,Cross-batch reconciliation found same basic industry between CGPOWER and BHEL.,"Useful for peer, common-factor, relative-value and event-spillover testing.","NSE classification, annual-report source inventory and v2 profile reconciliation",0.72,True
nifty_500_shariah,company:CGPOWER,company,CGPOWER,CG Power and Industrial Solutions Ltd.,company:APARINDS,company,APARINDS,Apar Industries Ltd.,partial_competitor,bidirectional,negative,0,180,medium,inferred_from_filings,Cross-batch reconciliation found same industry between CGPOWER and APARINDS.,"Useful for peer, common-factor, relative-value and event-spillover testing.","NSE classification, annual-report source inventory and v2 profile reconciliation",0.72,True
ind_nifty500,company:CHALET,company,CHALET,Chalet Hotels Ltd.,company:EIHOTEL,company,EIHOTEL,EIH Ltd.,direct_competitor,bidirectional,negative,0,180,high,inferred_from_filings,Cross-batch reconciliation found same basic industry between CHALET and EIHOTEL.,"Useful for peer, common-factor, relative-value and event-spillover testing.","NSE classification, annual-report source inventory and v2 profile reconciliation",0.72,True
ind_nifty500,company:CHALET,company,CHALET,Chalet Hotels Ltd.,company:INDHOTEL,company,INDHOTEL,Indian Hotels Co. Ltd.,direct_competitor,bidirectional,negative,0,180,high,inferred_from_filings,Cross-batch reconciliation found same basic industry between CHALET and INDHOTEL.,"Useful for peer, common-factor, relative-value and event-spillover testing.","NSE classification, annual-report source inventory and v2 profile reconciliation",0.72,True
nifty_500_shariah,company:CHAMBLFERT,company,CHAMBLFERT,Chambal Fertilisers & Chemicals Ltd.,company:COROMANDEL,company,COROMANDEL,Coromandel International Ltd.,direct_competitor,bidirectional,negative,0,180,high,inferred_from_filings,Cross-batch reconciliation found same basic industry between CHAMBLFERT and COROMANDEL.,"Useful for peer, common-factor, relative-value and event-spillover testing.","NSE classification, annual-report source inventory and v2 profile reconciliation",0.72,True
nifty_500_shariah,company:CHAMBLFERT,company,CHAMBLFERT,Chambal Fertilisers & Chemicals Ltd.,company:BAYERCROP,company,BAYERCROP,Bayer Cropscience Ltd.,partial_competitor,bidirectional,negative,0,180,medium,inferred_from_filings,Cross-batch reconciliation found same industry between CHAMBLFERT and BAYERCROP.,"Useful for peer, common-factor, relative-value and event-spillover testing.","NSE classification, annual-report source inventory and v2 profile reconciliation",0.72,True
nifty_500_shariah,company:CHENNPETRO,company,CHENNPETRO,Chennai Petroleum Corporation Ltd.,company:BPCL,company,BPCL,Bharat Petroleum Corporation Ltd.,direct_competitor,bidirectional,negative,0,180,high,inferred_from_filings,Cross-batch reconciliation found same basic industry between CHENNPETRO and BPCL.,"Useful for peer, common-factor, relative-value and event-spillover testing.","NSE classification, annual-report source inventory and v2 profile reconciliation",0.72,True
nifty_500_shariah,company:CHENNPETRO,company,CHENNPETRO,Chennai Petroleum Corporation Ltd.,company:CASTROLIND,company,CASTROLIND,Castrol India Ltd.,partial_competitor,bidirectional,negative,0,180,medium,inferred_from_filings,Cross-batch reconciliation found same industry between CHENNPETRO and CASTROLIND.,"Useful for peer, common-factor, relative-value and event-spillover testing.","NSE classification, annual-report source inventory and v2 profile reconciliation",0.72,True
ind_nifty500,company:CHOICEIN,company,CHOICEIN,Choice International Ltd.,company:BAJAJFINSV,company,BAJAJFINSV,Bajaj Finserv Ltd.,direct_competitor,bidirectional,negative,0,180,high,inferred_from_filings,Cross-batch reconciliation found same basic industry between CHOICEIN and BAJAJFINSV.,"Useful for peer, common-factor, relative-value and event-spillover testing.","NSE classification, annual-report source inventory and v2 profile reconciliation",0.72,True
ind_nifty500,company:CHOICEIN,company,CHOICEIN,Choice International Ltd.,company:BAJAJHLDNG,company,BAJAJHLDNG,Bajaj Holdings & Investment Ltd.,direct_competitor,bidirectional,negative,0,180,high,inferred_from_filings,Cross-batch reconciliation found same basic industry between CHOICEIN and BAJAJHLDNG.,"Useful for peer, common-factor, relative-value and event-spillover testing.","NSE classification, annual-report source inventory and v2 profile reconciliation",0.72,True
ind_nifty500,company:CHOLAFIN,company,CHOLAFIN,Cholamandalam Investment and Finance Company Ltd.,company:AIIL,company,AIIL,Authum Investment & Infrastructure Ltd.,direct_competitor,bidirectional,negative,0,180,high,inferred_from_filings,Cross-batch reconciliation found same basic industry between CHOLAFIN and AIIL.,"Useful for peer, common-factor, relative-value and event-spillover testing.","NSE classification, annual-report source inventory and v2 profile reconciliation",0.72,True
ind_nifty500,company:CHOLAFIN,company,CHOLAFIN,Cholamandalam Investment and Finance Company Ltd.,company:BAJFINANCE,company,BAJFINANCE,Bajaj Finance Ltd.,direct_competitor,bidirectional,negative,0,180,high,inferred_from_filings,Cross-batch reconciliation found same basic industry between CHOLAFIN and BAJFINANCE.,"Useful for peer, common-factor, relative-value and event-spillover testing.","NSE classification, annual-report source inventory and v2 profile reconciliation",0.72,True
ind_nifty500,company:CHOLAHLDNG,company,CHOLAHLDNG,Cholamandalam Financial Holdings Ltd.,company:ABCAPITAL,company,ABCAPITAL,Aditya Birla Capital Ltd.,direct_competitor,bidirectional,negative,0,180,high,inferred_from_filings,Cross-batch reconciliation found same basic industry between CHOLAHLDNG and ABCAPITAL.,"Useful for peer, common-factor, relative-value and event-spillover testing.","NSE classification, annual-report source inventory and v2 profile reconciliation",0.72,True
ind_nifty500,company:CHOLAHLDNG,company,CHOLAHLDNG,Cholamandalam Financial Holdings Ltd.,company:AAVAS,company,AAVAS,Aavas Financiers Ltd.,partial_competitor,bidirectional,negative,0,180,medium,inferred_from_filings,Cross-batch reconciliation found same industry between CHOLAHLDNG and AAVAS.,"Useful for peer, common-factor, relative-value and event-spillover testing.","NSE classification, annual-report source inventory and v2 profile reconciliation",0.72,True
ind_nifty500,company:CIEINDIA,company,CIEINDIA,CIE Automotive India Ltd.,company:ARE&M,company,ARE&M,Amara Raja Energy & Mobility Ltd.,direct_competitor,bidirectional,negative,0,180,high,inferred_from_filings,Cross-batch reconciliation found same basic industry between CIEINDIA and ARE&M.,"Useful for peer, common-factor, relative-value and event-spillover testing.","NSE classification, annual-report source inventory and v2 profile reconciliation",0.72,True
ind_nifty500,company:CIEINDIA,company,CIEINDIA,CIE Automotive India Ltd.,company:ASAHIINDIA,company,ASAHIINDIA,Asahi India Glass Ltd.,direct_competitor,bidirectional,negative,0,180,high,inferred_from_filings,Cross-batch reconciliation found same basic industry between CIEINDIA and ASAHIINDIA.,"Useful for peer, common-factor, relative-value and event-spillover testing.","NSE classification, annual-report source inventory and v2 profile reconciliation",0.72,True
nifty_50_shariah,company:CIPLA,company,CIPLA,CIPLA LTD.,company:DRREDDY,company,DRREDDY,DR.REDDY'S LABORATORIES LTD.,direct_competitor,bidirectional,negative,0,180,high,inferred_from_filings,Both compete in global generics and regulated-market launches.,"Useful for peer, common-factor, relative-value and event-spillover testing.","NSE classification, annual-report business descriptions and v2 agent curation",0.74,True
nifty_50_shariah,company:CIPLA,company,CIPLA,CIPLA LTD.,company:SUNPHARMA,company,SUNPHARMA,SUN PHARMACEUTICAL INDUSTRIES LTD.,direct_competitor,bidirectional,negative,0,180,high,inferred_from_filings,Both have India formulations and global pharma exposure.,"Useful for peer, common-factor, relative-value and event-spillover testing.","NSE classification, annual-report business descriptions and v2 agent curation",0.74,True
ind_nifty500,company:CLEAN,company,CLEAN,Clean Science and Technology Ltd.,company:AARTIIND,company,AARTIIND,Aarti Industries Ltd.,direct_competitor,bidirectional,negative,0,180,high,inferred_from_filings,Cross-batch reconciliation found same basic industry between CLEAN and AARTIIND.,"Useful for peer, common-factor, relative-value and event-spillover testing.","NSE classification, annual-report source inventory and v2 profile reconciliation",0.72,True
ind_nifty500,company:CLEAN,company,CLEAN,Clean Science and Technology Ltd.,company:ANURAS,company,ANURAS,Anupam Rasayan India Ltd.,direct_competitor,bidirectional,negative,0,180,high,inferred_from_filings,Cross-batch reconciliation found same basic industry between CLEAN and ANURAS.,"Useful for peer, common-factor, relative-value and event-spillover testing.","NSE classification, annual-report source inventory and v2 profile reconciliation",0.72,True
ind_nifty500,company:COALINDIA,company,COALINDIA,Coal India Ltd.,company:ABDL,company,ABDL,Allied Blenders and Distillers Ltd.,common_customer_industry,bidirectional,mixed,0,180,medium,inferred_from_filings,Cross-batch reconciliation found shared customer industry between COALINDIA and ABDL.,"Useful for peer, common-factor, relative-value and event-spillover testing.","NSE classification, annual-report source inventory and v2 profile reconciliation",0.6,True
ind_nifty500,company:COALINDIA,company,COALINDIA,Coal India Ltd.,company:ACMESOLAR,company,ACMESOLAR,ACME Solar Holdings Ltd.,common_customer_industry,bidirectional,mixed,0,180,medium,inferred_from_filings,Cross-batch reconciliation found shared customer industry between COALINDIA and ACMESOLAR.,"Useful for peer, common-factor, relative-value and event-spillover testing.","NSE classification, annual-report source inventory and v2 profile reconciliation",0.6,True
ind_nifty500,company:COCHINSHIP,company,COCHINSHIP,Cochin Shipyard Ltd.,company:CPPLUS,company,CPPLUS,Aditya Infotech Ltd.,partial_competitor,bidirectional,negative,0,180,medium,inferred_from_filings,Cross-batch reconciliation found same industry between COCHINSHIP and CPPLUS.,"Useful for peer, common-factor, relative-value and event-spillover testing.","NSE classification, annual-report source inventory and v2 profile reconciliation",0.72,True
ind_nifty500,company:COCHINSHIP,company,COCHINSHIP,Cochin Shipyard Ltd.,company:HONAUT,company,HONAUT,Honeywell Automation India Ltd.,partial_competitor,bidirectional,negative,0,180,medium,inferred_from_filings,Cross-batch reconciliation found same industry between COCHINSHIP and HONAUT.,"Useful for peer, common-factor, relative-value and event-spillover testing.","NSE classification, annual-report source inventory and v2 profile reconciliation",0.72,True
nifty_500_shariah,company:COFORGE,company,COFORGE,Coforge Ltd.,company:BSOFT,company,BSOFT,Birlasoft Ltd.,direct_competitor,bidirectional,negative,0,180,high,inferred_from_filings,Cross-batch reconciliation found same basic industry between COFORGE and BSOFT.,"Useful for peer, common-factor, relative-value and event-spillover testing.","NSE classification, annual-report source inventory and v2 profile reconciliation",0.72,True
nifty_500_shariah,company:COFORGE,company,COFORGE,Coforge Ltd.,company:HCLTECH,company,HCLTECH,HCL TECHNOLOGIES LTD.,direct_competitor,bidirectional,negative,0,180,high,inferred_from_filings,Cross-batch reconciliation found same basic industry between COFORGE and HCLTECH.,"Useful for peer, common-factor, relative-value and event-spillover testing.","NSE classification, annual-report source inventory and v2 profile reconciliation",0.72,True
nifty_500_shariah,company:COHANCE,company,COHANCE,Cohance Lifesciences Ltd.,company:ACUTAAS,company,ACUTAAS,Acutaas Chemicals Ltd.,direct_competitor,bidirectional,negative,0,180,high,inferred_from_filings,Cross-batch reconciliation found same basic industry between COHANCE and ACUTAAS.,"Useful for peer, common-factor, relative-value and event-spillover testing.","NSE classification, annual-report source inventory and v2 profile reconciliation",0.72,True
nifty_500_shariah,company:COHANCE,company,COHANCE,Cohance Lifesciences Ltd.,company:AJANTPHARM,company,AJANTPHARM,Ajanta Pharma Ltd.,direct_competitor,bidirectional,negative,0,180,high,inferred_from_filings,Cross-batch reconciliation found same basic industry between COHANCE and AJANTPHARM.,"Useful for peer, common-factor, relative-value and event-spillover testing.","NSE classification, annual-report source inventory and v2 profile reconciliation",0.72,True
ind_nifty500,company:COLPAL,company,COLPAL,Colgate Palmolive (India) Ltd.,company:DABUR,company,DABUR,Dabur India Ltd.,direct_competitor,bidirectional,negative,0,180,high,inferred_from_filings,Cross-batch reconciliation found same basic industry between COLPAL and DABUR.,"Useful for peer, common-factor, relative-value and event-spillover testing.","NSE classification, annual-report source inventory and v2 profile reconciliation",0.72,True
ind_nifty500,company:COLPAL,company,COLPAL,Colgate Palmolive (India) Ltd.,company:EMAMILTD,company,EMAMILTD,Emami Ltd.,direct_competitor,bidirectional,negative,0,180,high,inferred_from_filings,Cross-batch reconciliation found same basic industry between COLPAL and EMAMILTD.,"Useful for peer, common-factor, relative-value and event-spillover testing.","NSE classification, annual-report source inventory and v2 profile reconciliation",0.72,True
ind_nifty500,company:CONCOR,company,CONCOR,Container Corporation of India Ltd.,company:BLUEDART,company,BLUEDART,Blue Dart Express Ltd.,direct_competitor,bidirectional,negative,0,180,high,inferred_from_filings,Cross-batch reconciliation found same basic industry between CONCOR and BLUEDART.,"Useful for peer, common-factor, relative-value and event-spillover testing.","NSE classification, annual-report source inventory and v2 profile reconciliation",0.72,True
ind_nifty500,company:CONCOR,company,CONCOR,Container Corporation of India Ltd.,company:DELHIVERY,company,DELHIVERY,Delhivery Ltd.,direct_competitor,bidirectional,negative,0,180,high,inferred_from_filings,Cross-batch reconciliation found same basic industry between CONCOR and DELHIVERY.,"Useful for peer, common-factor, relative-value and event-spillover testing.","NSE classification, annual-report source inventory and v2 profile reconciliation",0.72,True
nifty_500_shariah,company:CONCORDBIO,company,CONCORDBIO,Concord Biotech Ltd.,company:ACUTAAS,company,ACUTAAS,Acutaas Chemicals Ltd.,direct_competitor,bidirectional,negative,0,180,high,inferred_from_filings,Cross-batch reconciliation found same basic industry between CONCORDBIO and ACUTAAS.,"Useful for peer, common-factor, relative-value and event-spillover testing.","NSE classification, annual-report source inventory and v2 profile reconciliation",0.72,True
nifty_500_shariah,company:CONCORDBIO,company,CONCORDBIO,Concord Biotech Ltd.,company:AJANTPHARM,company,AJANTPHARM,Ajanta Pharma Ltd.,direct_competitor,bidirectional,negative,0,180,high,inferred_from_filings,Cross-batch reconciliation found same basic industry between CONCORDBIO and AJANTPHARM.,"Useful for peer, common-factor, relative-value and event-spillover testing.","NSE classification, annual-report source inventory and v2 profile reconciliation",0.72,True
ind_nifty500,company:COROMANDEL,company,COROMANDEL,Coromandel International Ltd.,company:CHAMBLFERT,company,CHAMBLFERT,Chambal Fertilisers & Chemicals Ltd.,direct_competitor,bidirectional,negative,0,180,high,inferred_from_filings,Cross-batch reconciliation found same basic industry between COROMANDEL and CHAMBLFERT.,"Useful for peer, common-factor, relative-value and event-spillover testing.","NSE classification, annual-report source inventory and v2 profile reconciliation",0.72,True
ind_nifty500,company:COROMANDEL,company,COROMANDEL,Coromandel International Ltd.,company:FACT,company,FACT,Fertilisers and Chemicals Travancore Ltd.,direct_competitor,bidirectional,negative,0,180,high,inferred_from_filings,Cross-batch reconciliation found same basic industry between COROMANDEL and FACT.,"Useful for peer, common-factor, relative-value and event-spillover testing.","NSE classification, annual-report source inventory and v2 profile reconciliation",0.72,True
nifty_500_shariah,company:CPPLUS,company,CPPLUS,Aditya Infotech Ltd.,company:AFCONS,company,AFCONS,Afcons Infrastructure Ltd.,common_customer_industry,bidirectional,mixed,0,180,medium,inferred_from_filings,Cross-batch reconciliation found shared customer industry between CPPLUS and AFCONS.,"Useful for peer, common-factor, relative-value and event-spillover testing.","NSE classification, annual-report source inventory and v2 profile reconciliation",0.6,True
nifty_500_shariah,company:CPPLUS,company,CPPLUS,Aditya Infotech Ltd.,company:APARINDS,company,APARINDS,Apar Industries Ltd.,common_customer_industry,bidirectional,mixed,0,180,medium,inferred_from_filings,Cross-batch reconciliation found shared customer industry between CPPLUS and APARINDS.,"Useful for peer, common-factor, relative-value and event-spillover testing.","NSE classification, annual-report source inventory and v2 profile reconciliation",0.6,True
ind_nifty500,company:CRAFTSMAN,company,CRAFTSMAN,Craftsman Automation Ltd.,company:ARE&M,company,ARE&M,Amara Raja Energy & Mobility Ltd.,direct_competitor,bidirectional,negative,0,180,high,inferred_from_filings,Cross-batch reconciliation found same basic industry between CRAFTSMAN and ARE&M.,"Useful for peer, common-factor, relative-value and event-spillover testing.","NSE classification, annual-report source inventory and v2 profile reconciliation",0.72,True
ind_nifty500,company:CRAFTSMAN,company,CRAFTSMAN,Craftsman Automation Ltd.,company:ASAHIINDIA,company,ASAHIINDIA,Asahi India Glass Ltd.,direct_competitor,bidirectional,negative,0,180,high,inferred_from_filings,Cross-batch reconciliation found same basic industry between CRAFTSMAN and ASAHIINDIA.,"Useful for peer, common-factor, relative-value and event-spillover testing.","NSE classification, annual-report source inventory and v2 profile reconciliation",0.72,True
ind_nifty500,company:CREDITACC,company,CREDITACC,CreditAccess Grameen Ltd.,company:AAVAS,company,AAVAS,Aavas Financiers Ltd.,partial_competitor,bidirectional,negative,0,180,medium,inferred_from_filings,Cross-batch reconciliation found same industry between CREDITACC and AAVAS.,"Useful for peer, common-factor, relative-value and event-spillover testing.","NSE classification, annual-report source inventory and v2 profile reconciliation",0.72,True
ind_nifty500,company:CREDITACC,company,CREDITACC,CreditAccess Grameen Ltd.,company:ABCAPITAL,company,ABCAPITAL,Aditya Birla Capital Ltd.,partial_competitor,bidirectional,negative,0,180,medium,inferred_from_filings,Cross-batch reconciliation found same industry between CREDITACC and ABCAPITAL.,"Useful for peer, common-factor, relative-value and event-spillover testing.","NSE classification, annual-report source inventory and v2 profile reconciliation",0.72,True
nifty_500_shariah,company:CRISIL,company,CRISIL,Crisil Ltd.,company:3MINDIA,company,3MINDIA,3M India Ltd.,common_customer_industry,bidirectional,mixed,0,180,medium,inferred_from_filings,Cross-batch reconciliation found shared customer industry between CRISIL and 3MINDIA.,"Useful for peer, common-factor, relative-value and event-spillover testing.","NSE classification, annual-report source inventory and v2 profile reconciliation",0.6,True
nifty_500_shariah,company:CRISIL,company,CRISIL,Crisil Ltd.,company:BLUEDART,company,BLUEDART,Blue Dart Express Ltd.,common_customer_industry,bidirectional,mixed,0,180,medium,inferred_from_filings,Cross-batch reconciliation found shared customer industry between CRISIL and BLUEDART.,"Useful for peer, common-factor, relative-value and event-spillover testing.","NSE classification, annual-report source inventory and v2 profile reconciliation",0.6,True
ind_nifty500,company:CROMPTON,company,CROMPTON,Crompton Greaves Consumer Electricals Ltd.,company:AMBER,company,AMBER,Amber Enterprises India Ltd.,direct_competitor,bidirectional,negative,0,180,high,inferred_from_filings,Cross-batch reconciliation found same basic industry between CROMPTON and AMBER.,"Useful for peer, common-factor, relative-value and event-spillover testing.","NSE classification, annual-report source inventory and v2 profile reconciliation",0.72,True
ind_nifty500,company:CROMPTON,company,CROMPTON,Crompton Greaves Consumer Electricals Ltd.,company:BLUESTARCO,company,BLUESTARCO,Blue Star Ltd.,direct_competitor,bidirectional,negative,0,180,high,inferred_from_filings,Cross-batch reconciliation found same basic industry between CROMPTON and BLUESTARCO.,"Useful for peer, common-factor, relative-value and event-spillover testing.","NSE classification, annual-report source inventory and v2 profile reconciliation",0.72,True
ind_nifty500,company:CUB,company,CUB,City Union Bank Ltd.,company:AXISBANK,company,AXISBANK,Axis Bank Ltd.,direct_competitor,bidirectional,negative,0,180,high,inferred_from_filings,Cross-batch reconciliation found same basic industry between CUB and AXISBANK.,"Useful for peer, common-factor, relative-value and event-spillover testing.","NSE classification, annual-report source inventory and v2 profile reconciliation",0.72,True
ind_nifty500,company:CUB,company,CUB,City Union Bank Ltd.,company:BANDHANBNK,company,BANDHANBNK,Bandhan Bank Ltd.,direct_competitor,bidirectional,negative,0,180,high,inferred_from_filings,Cross-batch reconciliation found same basic industry between CUB and BANDHANBNK.,"Useful for peer, common-factor, relative-value and event-spillover testing.","NSE classification, annual-report source inventory and v2 profile reconciliation",0.72,True
nifty_500_shariah,company:CUMMINSIND,company,CUMMINSIND,Cummins India Ltd.,company:ELGIEQUIP,company,ELGIEQUIP,Elgi Equipments Ltd.,direct_competitor,bidirectional,negative,0,180,high,inferred_from_filings,Cross-batch reconciliation found same basic industry between CUMMINSIND and ELGIEQUIP.,"Useful for peer, common-factor, relative-value and event-spillover testing.","NSE classification, annual-report source inventory and v2 profile reconciliation",0.72,True
nifty_500_shariah,company:CUMMINSIND,company,CUMMINSIND,Cummins India Ltd.,company:APLAPOLLO,company,APLAPOLLO,APL Apollo Tubes Ltd.,partial_competitor,bidirectional,negative,0,180,medium,inferred_from_filings,Cross-batch reconciliation found same industry between CUMMINSIND and APLAPOLLO.,"Useful for peer, common-factor, relative-value and event-spillover testing.","NSE classification, annual-report source inventory and v2 profile reconciliation",0.72,True
ind_nifty500,company:CYIENT,company,CYIENT,Cyient Ltd.,company:AFFLE,company,AFFLE,Affle 3i Ltd.,direct_competitor,bidirectional,negative,0,180,high,inferred_from_filings,Cross-batch reconciliation found same basic industry between CYIENT and AFFLE.,"Useful for peer, common-factor, relative-value and event-spillover testing.","NSE classification, annual-report source inventory and v2 profile reconciliation",0.72,True
ind_nifty500,company:CYIENT,company,CYIENT,Cyient Ltd.,company:LTTS,company,LTTS,L&T Technology Services Ltd.,direct_competitor,bidirectional,negative,0,180,high,inferred_from_filings,Cross-batch reconciliation found same basic industry between CYIENT and LTTS.,"Useful for peer, common-factor, relative-value and event-spillover testing.","NSE classification, annual-report source inventory and v2 profile reconciliation",0.72,True
ind_nifty500,company:DABUR,company,DABUR,Dabur India Ltd.,company:COLPAL,company,COLPAL,Colgate Palmolive (India) Ltd.,direct_competitor,bidirectional,negative,0,180,high,inferred_from_filings,Cross-batch reconciliation found same basic industry between DABUR and COLPAL.,"Useful for peer, common-factor, relative-value and event-spillover testing.","NSE classification, annual-report source inventory and v2 profile reconciliation",0.72,True
ind_nifty500,company:DABUR,company,DABUR,Dabur India Ltd.,company:EMAMILTD,company,EMAMILTD,Emami Ltd.,direct_competitor,bidirectional,negative,0,180,high,inferred_from_filings,Cross-batch reconciliation found same basic industry between DABUR and EMAMILTD.,"Useful for peer, common-factor, relative-value and event-spillover testing.","NSE classification, annual-report source inventory and v2 profile reconciliation",0.72,True
nifty_500_shariah,company:DALBHARAT,company,DALBHARAT,Dalmia Bharat Ltd.,company:ULTRACEMCO,company,ULTRACEMCO,ULTRATECH CEMENT LTD.,direct_competitor,bidirectional,negative,0,180,high,inferred_from_filings,Cross-batch reconciliation found same basic industry between DALBHARAT and ULTRACEMCO.,"Useful for peer, common-factor, relative-value and event-spillover testing.","NSE classification, annual-report source inventory and v2 profile reconciliation",0.72,True
nifty_500_shariah,company:DALBHARAT,company,DALBHARAT,Dalmia Bharat Ltd.,company:AFCONS,company,AFCONS,Afcons Infrastructure Ltd.,common_customer_industry,bidirectional,mixed,0,180,medium,inferred_from_filings,Cross-batch reconciliation found shared customer industry between DALBHARAT and AFCONS.,"Useful for peer, common-factor, relative-value and event-spillover testing.","NSE classification, annual-report source inventory and v2 profile reconciliation",0.6,True
ind_nifty500,company:DATAPATTNS,company,DATAPATTNS,Data Patterns (India) Ltd.,company:BDL,company,BDL,Bharat Dynamics Ltd.,direct_competitor,bidirectional,negative,0,180,high,inferred_from_filings,Cross-batch reconciliation found same basic industry between DATAPATTNS and BDL.,"Useful for peer, common-factor, relative-value and event-spillover testing.","NSE classification, annual-report source inventory and v2 profile reconciliation",0.72,True
ind_nifty500,company:DATAPATTNS,company,DATAPATTNS,Data Patterns (India) Ltd.,company:BEL,company,BEL,Bharat Electronics Ltd.,direct_competitor,bidirectional,negative,0,180,high,inferred_from_filings,Cross-batch reconciliation found same basic industry between DATAPATTNS and BEL.,"Useful for peer, common-factor, relative-value and event-spillover testing.","NSE classification, annual-report source inventory and v2 profile reconciliation",0.72,True
ind_nifty500,company:DCMSHRIRAM,company,DCMSHRIRAM,DCM Shriram Ltd.,company:3MINDIA,company,3MINDIA,3M India Ltd.,direct_competitor,bidirectional,negative,0,180,high,inferred_from_filings,Cross-batch reconciliation found same basic industry between DCMSHRIRAM and 3MINDIA.,"Useful for peer, common-factor, relative-value and event-spillover testing.","NSE classification, annual-report source inventory and v2 profile reconciliation",0.72,True
ind_nifty500,company:DCMSHRIRAM,company,DCMSHRIRAM,DCM Shriram Ltd.,company:GODREJIND,company,GODREJIND,Godrej Industries Ltd.,direct_competitor,bidirectional,negative,0,180,high,inferred_from_filings,Cross-batch reconciliation found same basic industry between DCMSHRIRAM and GODREJIND.,"Useful for peer, common-factor, relative-value and event-spillover testing.","NSE classification, annual-report source inventory and v2 profile reconciliation",0.72,True
ind_nifty500,company:DEEPAKFERT,company,DEEPAKFERT,Deepak Fertilisers & Petrochemicals Corp. Ltd.,company:TATACHEM,company,TATACHEM,Tata Chemicals Ltd.,direct_competitor,bidirectional,negative,0,180,high,inferred_from_filings,Cross-batch reconciliation found same basic industry between DEEPAKFERT and TATACHEM.,"Useful for peer, common-factor, relative-value and event-spillover testing.","NSE classification, annual-report source inventory and v2 profile reconciliation",0.72,True
ind_nifty500,company:DEEPAKFERT,company,DEEPAKFERT,Deepak Fertilisers & Petrochemicals Corp. Ltd.,company:AARTIIND,company,AARTIIND,Aarti Industries Ltd.,partial_competitor,bidirectional,negative,0,180,medium,inferred_from_filings,Cross-batch reconciliation found same industry between DEEPAKFERT and AARTIIND.,"Useful for peer, common-factor, relative-value and event-spillover testing.","NSE classification, annual-report source inventory and v2 profile reconciliation",0.72,True
nifty_500_shariah,company:DEEPAKNTR,company,DEEPAKNTR,Deepak Nitrite Ltd.,company:ATUL,company,ATUL,Atul Ltd.,direct_competitor,bidirectional,negative,0,180,high,inferred_from_filings,Cross-batch reconciliation found same basic industry between DEEPAKNTR and ATUL.,"Useful for peer, common-factor, relative-value and event-spillover testing.","NSE classification, annual-report source inventory and v2 profile reconciliation",0.72,True
nifty_500_shariah,company:DEEPAKNTR,company,DEEPAKNTR,Deepak Nitrite Ltd.,company:ABFRL,company,ABFRL,Aditya Birla Fashion and Retail Ltd.,common_customer_industry,bidirectional,mixed,0,180,medium,inferred_from_filings,Cross-batch reconciliation found shared customer industry between DEEPAKNTR and ABFRL.,"Useful for peer, common-factor, relative-value and event-spillover testing.","NSE classification, annual-report source inventory and v2 profile reconciliation",0.6,True
ind_nifty500,company:DELHIVERY,company,DELHIVERY,Delhivery Ltd.,company:BLUEDART,company,BLUEDART,Blue Dart Express Ltd.,direct_competitor,bidirectional,negative,0,180,high,inferred_from_filings,Cross-batch reconciliation found same basic industry between DELHIVERY and BLUEDART.,"Useful for peer, common-factor, relative-value and event-spillover testing.","NSE classification, annual-report source inventory and v2 profile reconciliation",0.72,True
ind_nifty500,company:DELHIVERY,company,DELHIVERY,Delhivery Ltd.,company:CONCOR,company,CONCOR,Container Corporation of India Ltd.,direct_competitor,bidirectional,negative,0,180,high,inferred_from_filings,Cross-batch reconciliation found same basic industry between DELHIVERY and CONCOR.,"Useful for peer, common-factor, relative-value and event-spillover testing.","NSE classification, annual-report source inventory and v2 profile reconciliation",0.72,True
ind_nifty500,company:DEVYANI,company,DEVYANI,Devyani International Ltd.,company:BLS,company,BLS,BLS International Services Ltd.,partial_competitor,bidirectional,negative,0,180,medium,inferred_from_filings,Cross-batch reconciliation found same industry between DEVYANI and BLS.,"Useful for peer, common-factor, relative-value and event-spillover testing.","NSE classification, annual-report source inventory and v2 profile reconciliation",0.72,True
ind_nifty500,company:DEVYANI,company,DEVYANI,Devyani International Ltd.,company:CHALET,company,CHALET,Chalet Hotels Ltd.,partial_competitor,bidirectional,negative,0,180,medium,inferred_from_filings,Cross-batch reconciliation found same industry between DEVYANI and CHALET.,"Useful for peer, common-factor, relative-value and event-spillover testing.","NSE classification, annual-report source inventory and v2 profile reconciliation",0.72,True
ind_nifty500,company:DIVISLAB,company,DIVISLAB,Divi's Laboratories Ltd.,company:ABBOTINDIA,company,ABBOTINDIA,Abbott India Ltd.,direct_competitor,bidirectional,negative,0,180,high,inferred_from_filings,Cross-batch reconciliation found same basic industry between DIVISLAB and ABBOTINDIA.,"Useful for peer, common-factor, relative-value and event-spillover testing.","NSE classification, annual-report source inventory and v2 profile reconciliation",0.72,True
ind_nifty500,company:DIVISLAB,company,DIVISLAB,Divi's Laboratories Ltd.,company:ACUTAAS,company,ACUTAAS,Acutaas Chemicals Ltd.,direct_competitor,bidirectional,negative,0,180,high,inferred_from_filings,Cross-batch reconciliation found same basic industry between DIVISLAB and ACUTAAS.,"Useful for peer, common-factor, relative-value and event-spillover testing.","NSE classification, annual-report source inventory and v2 profile reconciliation",0.72,True
nifty_500_shariah,company:DIXON,company,DIXON,Dixon Technologies (India) Ltd.,company:AMBER,company,AMBER,Amber Enterprises India Ltd.,partial_competitor,bidirectional,negative,0,180,medium,inferred_from_filings,Cross-batch reconciliation found same industry between DIXON and AMBER.,"Useful for peer, common-factor, relative-value and event-spillover testing.","NSE classification, annual-report source inventory and v2 profile reconciliation",0.72,True
nifty_500_shariah,company:DIXON,company,DIXON,Dixon Technologies (India) Ltd.,company:ASIANPAINT,company,ASIANPAINT,ASIAN PAINTS LTD.,partial_competitor,bidirectional,negative,0,180,medium,inferred_from_filings,Cross-batch reconciliation found same industry between DIXON and ASIANPAINT.,"Useful for peer, common-factor, relative-value and event-spillover testing.","NSE classification, annual-report source inventory and v2 profile reconciliation",0.72,True
ind_nifty500,company:DLF,company,DLF,DLF Ltd.,company:ANANTRAJ,company,ANANTRAJ,Anant Raj Ltd.,direct_competitor,bidirectional,negative,0,180,high,inferred_from_filings,Cross-batch reconciliation found same basic industry between DLF and ANANTRAJ.,"Useful for peer, common-factor, relative-value and event-spillover testing.","NSE classification, annual-report source inventory and v2 profile reconciliation",0.72,True
ind_nifty500,company:DLF,company,DLF,DLF Ltd.,company:BRIGADE,company,BRIGADE,Brigade Enterprises Ltd.,direct_competitor,bidirectional,negative,0,180,high,inferred_from_filings,Cross-batch reconciliation found same basic industry between DLF and BRIGADE.,"Useful for peer, common-factor, relative-value and event-spillover testing.","NSE classification, annual-report source inventory and v2 profile reconciliation",0.72,True
nifty_500_shariah,company:DMART,company,DMART,Avenue Supermarts Ltd.,company:ABFRL,company,ABFRL,Aditya Birla Fashion and Retail Ltd.,partial_competitor,bidirectional,negative,0,180,medium,inferred_from_filings,Cross-batch reconciliation found same industry between DMART and ABFRL.,"Useful for peer, common-factor, relative-value and event-spillover testing.","NSE classification, annual-report source inventory and v2 profile reconciliation",0.72,True
nifty_500_shariah,company:DMART,company,DMART,Avenue Supermarts Ltd.,company:ABLBL,company,ABLBL,Aditya Birla Lifestyle Brands Ltd.,partial_competitor,bidirectional,negative,0,180,medium,inferred_from_filings,Cross-batch reconciliation found same industry between DMART and ABLBL.,"Useful for peer, common-factor, relative-value and event-spillover testing.","NSE classification, annual-report source inventory and v2 profile reconciliation",0.72,True
nifty_500_shariah,company:DOMS,company,DOMS,DOMS Industries Ltd.,company:AMBER,company,AMBER,Amber Enterprises India Ltd.,common_customer_industry,bidirectional,mixed,0,180,medium,inferred_from_filings,Cross-batch reconciliation found shared customer industry between DOMS and AMBER.,"Useful for peer, common-factor, relative-value and event-spillover testing.","NSE classification, annual-report source inventory and v2 profile reconciliation",0.6,True
nifty_500_shariah,company:DOMS,company,DOMS,DOMS Industries Ltd.,company:ANANTRAJ,company,ANANTRAJ,Anant Raj Ltd.,common_customer_industry,bidirectional,mixed,0,180,medium,inferred_from_filings,Cross-batch reconciliation found shared customer industry between DOMS and ANANTRAJ.,"Useful for peer, common-factor, relative-value and event-spillover testing.","NSE classification, annual-report source inventory and v2 profile reconciliation",0.6,True
nifty_50_shariah,company:DRREDDY,company,DRREDDY,DR.REDDY'S LABORATORIES LTD.,company:SUNPHARMA,company,SUNPHARMA,SUN PHARMACEUTICAL INDUSTRIES LTD.,direct_competitor,bidirectional,negative,0,180,high,inferred_from_filings,Both are large Indian pharma companies with global generics and regulatory exposure.,"Useful for peer, common-factor, relative-value and event-spillover testing.","NSE classification, annual-report business descriptions and v2 agent curation",0.74,True
nifty_500_shariah,company:ECLERX,company,ECLERX,eClerx Services Ltd.,company:3MINDIA,company,3MINDIA,3M India Ltd.,common_customer_industry,bidirectional,mixed,0,180,medium,inferred_from_filings,Cross-batch reconciliation found shared customer industry between ECLERX and 3MINDIA.,"Useful for peer, common-factor, relative-value and event-spillover testing.","NSE classification, annual-report source inventory and v2 profile reconciliation",0.6,True
nifty_500_shariah,company:ECLERX,company,ECLERX,eClerx Services Ltd.,company:BLUEDART,company,BLUEDART,Blue Dart Express Ltd.,common_customer_industry,bidirectional,mixed,0,180,medium,inferred_from_filings,Cross-batch reconciliation found shared customer industry between ECLERX and BLUEDART.,"Useful for peer, common-factor, relative-value and event-spillover testing.","NSE classification, annual-report source inventory and v2 profile reconciliation",0.6,True
ind_nifty500,company:EICHERMOT,company,EICHERMOT,Eicher Motors Ltd.,company:ATHERENERG,company,ATHERENERG,Ather Energy Ltd.,direct_competitor,bidirectional,negative,0,180,high,inferred_from_filings,Cross-batch reconciliation found same basic industry between EICHERMOT and ATHERENERG.,"Useful for peer, common-factor, relative-value and event-spillover testing.","NSE classification, annual-report source inventory and v2 profile reconciliation",0.72,True
ind_nifty500,company:EICHERMOT,company,EICHERMOT,Eicher Motors Ltd.,company:BAJAJ-AUTO,company,BAJAJ-AUTO,Bajaj Auto Ltd.,direct_competitor,bidirectional,negative,0,180,high,inferred_from_filings,Cross-batch reconciliation found same basic industry between EICHERMOT and BAJAJ-AUTO.,"Useful for peer, common-factor, relative-value and event-spillover testing.","NSE classification, annual-report source inventory and v2 profile reconciliation",0.72,True
ind_nifty500,company:EIDPARRY,company,EIDPARRY,E.I.D. Parry (India) Ltd.,company:BBTC,company,BBTC,The Bombay Burmah Trading Corporation Ltd.,partial_competitor,bidirectional,negative,0,180,medium,inferred_from_filings,Cross-batch reconciliation found same industry between EIDPARRY and BBTC.,"Useful for peer, common-factor, relative-value and event-spillover testing.","NSE classification, annual-report source inventory and v2 profile reconciliation",0.72,True
ind_nifty500,company:EIDPARRY,company,EIDPARRY,E.I.D. Parry (India) Ltd.,company:BIKAJI,company,BIKAJI,Bikaji Foods International Ltd.,partial_competitor,bidirectional,negative,0,180,medium,inferred_from_filings,Cross-batch reconciliation found same industry between EIDPARRY and BIKAJI.,"Useful for peer, common-factor, relative-value and event-spillover testing.","NSE classification, annual-report source inventory and v2 profile reconciliation",0.72,True
ind_nifty500,company:EIHOTEL,company,EIHOTEL,EIH Ltd.,company:CHALET,company,CHALET,Chalet Hotels Ltd.,direct_competitor,bidirectional,negative,0,180,high,inferred_from_filings,Cross-batch reconciliation found same basic industry between EIHOTEL and CHALET.,"Useful for peer, common-factor, relative-value and event-spillover testing.","NSE classification, annual-report source inventory and v2 profile reconciliation",0.72,True
ind_nifty500,company:EIHOTEL,company,EIHOTEL,EIH Ltd.,company:INDHOTEL,company,INDHOTEL,Indian Hotels Co. Ltd.,direct_competitor,bidirectional,negative,0,180,high,inferred_from_filings,Cross-batch reconciliation found same basic industry between EIHOTEL and INDHOTEL.,"Useful for peer, common-factor, relative-value and event-spillover testing.","NSE classification, annual-report source inventory and v2 profile reconciliation",0.72,True
nifty_500_shariah,company:ELECON,company,ELECON,Elecon Engineering Company Ltd.,company:BHEL,company,BHEL,Bharat Heavy Electricals Ltd.,direct_competitor,bidirectional,negative,0,180,high,inferred_from_filings,Cross-batch reconciliation found same basic industry between ELECON and BHEL.,"Useful for peer, common-factor, relative-value and event-spillover testing.","NSE classification, annual-report source inventory and v2 profile reconciliation",0.72,True
nifty_500_shariah,company:ELECON,company,ELECON,Elecon Engineering Company Ltd.,company:CGPOWER,company,CGPOWER,CG Power and Industrial Solutions Ltd.,direct_competitor,bidirectional,negative,0,180,high,inferred_from_filings,Cross-batch reconciliation found same basic industry between ELECON and CGPOWER.,"Useful for peer, common-factor, relative-value and event-spillover testing.","NSE classification, annual-report source inventory and v2 profile reconciliation",0.72,True
nifty_500_shariah,company:ELGIEQUIP,company,ELGIEQUIP,Elgi Equipments Ltd.,company:CUMMINSIND,company,CUMMINSIND,Cummins India Ltd.,direct_competitor,bidirectional,negative,0,180,high,inferred_from_filings,Cross-batch reconciliation found same basic industry between ELGIEQUIP and CUMMINSIND.,"Useful for peer, common-factor, relative-value and event-spillover testing.","NSE classification, annual-report source inventory and v2 profile reconciliation",0.72,True
nifty_500_shariah,company:ELGIEQUIP,company,ELGIEQUIP,Elgi Equipments Ltd.,company:APLAPOLLO,company,APLAPOLLO,APL Apollo Tubes Ltd.,partial_competitor,bidirectional,negative,0,180,medium,inferred_from_filings,Cross-batch reconciliation found same industry between ELGIEQUIP and APLAPOLLO.,"Useful for peer, common-factor, relative-value and event-spillover testing.","NSE classification, annual-report source inventory and v2 profile reconciliation",0.72,True
nifty_500_shariah,company:EMAMILTD,company,EMAMILTD,Emami Ltd.,company:COLPAL,company,COLPAL,Colgate-Palmolive (India) Ltd.,direct_competitor,bidirectional,negative,0,180,high,inferred_from_filings,Cross-batch reconciliation found same basic industry between EMAMILTD and COLPAL.,"Useful for peer, common-factor, relative-value and event-spillover testing.","NSE classification, annual-report source inventory and v2 profile reconciliation",0.72,True
nifty_500_shariah,company:EMAMILTD,company,EMAMILTD,Emami Ltd.,company:AMBER,company,AMBER,Amber Enterprises India Ltd.,common_customer_industry,bidirectional,mixed,0,180,medium,inferred_from_filings,Cross-batch reconciliation found shared customer industry between EMAMILTD and AMBER.,"Useful for peer, common-factor, relative-value and event-spillover testing.","NSE classification, annual-report source inventory and v2 profile reconciliation",0.6,True
nifty_500_shariah,company:EMCURE,company,EMCURE,Emcure Pharmaceuticals Ltd.,company:ACUTAAS,company,ACUTAAS,Acutaas Chemicals Ltd.,direct_competitor,bidirectional,negative,0,180,high,inferred_from_filings,Cross-batch reconciliation found same basic industry between EMCURE and ACUTAAS.,"Useful for peer, common-factor, relative-value and event-spillover testing.","NSE classification, annual-report source inventory and v2 profile reconciliation",0.72,True
nifty_500_shariah,company:EMCURE,company,EMCURE,Emcure Pharmaceuticals Ltd.,company:AJANTPHARM,company,AJANTPHARM,Ajanta Pharma Ltd.,direct_competitor,bidirectional,negative,0,180,high,inferred_from_filings,Cross-batch reconciliation found same basic industry between EMCURE and AJANTPHARM.,"Useful for peer, common-factor, relative-value and event-spillover testing.","NSE classification, annual-report source inventory and v2 profile reconciliation",0.72,True
ind_nifty500,company:EMMVEE,company,EMMVEE,Emmvee Photovoltaic Power Ltd.,company:APARINDS,company,APARINDS,Apar Industries Ltd.,direct_competitor,bidirectional,negative,0,180,high,inferred_from_filings,Cross-batch reconciliation found same basic industry between EMMVEE and APARINDS.,"Useful for peer, common-factor, relative-value and event-spillover testing.","NSE classification, annual-report source inventory and v2 profile reconciliation",0.72,True
ind_nifty500,company:EMMVEE,company,EMMVEE,Emmvee Photovoltaic Power Ltd.,company:ABB,company,ABB,ABB India Ltd.,partial_competitor,bidirectional,negative,0,180,medium,inferred_from_filings,Cross-batch reconciliation found same industry between EMMVEE and ABB.,"Useful for peer, common-factor, relative-value and event-spillover testing.","NSE classification, annual-report source inventory and v2 profile reconciliation",0.72,True
nifty_500_shariah,company:ENDURANCE,company,ENDURANCE,Endurance Technologies Ltd.,company:ARE&M,company,ARE&M,Amara Raja Energy & Mobility Ltd.,direct_competitor,bidirectional,negative,0,180,high,inferred_from_filings,Cross-batch reconciliation found same basic industry between ENDURANCE and ARE&M.,"Useful for peer, common-factor, relative-value and event-spillover testing.","NSE classification, annual-report source inventory and v2 profile reconciliation",0.72,True
nifty_500_shariah,company:ENDURANCE,company,ENDURANCE,Endurance Technologies Ltd.,company:APOLLOTYRE,company,APOLLOTYRE,Apollo Tyres Ltd.,partial_competitor,bidirectional,negative,0,180,medium,inferred_from_filings,Cross-batch reconciliation found same industry between ENDURANCE and APOLLOTYRE.,"Useful for peer, common-factor, relative-value and event-spillover testing.","NSE classification, annual-report source inventory and v2 profile reconciliation",0.72,True
ind_nifty500,company:ENGINERSIN,company,ENGINERSIN,Engineers India Ltd.,company:CEMPRO,company,CEMPRO,Cemindia Projects Ltd.,direct_competitor,bidirectional,negative,0,180,high,inferred_from_filings,Cross-batch reconciliation found same basic industry between ENGINERSIN and CEMPRO.,"Useful for peer, common-factor, relative-value and event-spillover testing.","NSE classification, annual-report source inventory and v2 profile reconciliation",0.72,True
ind_nifty500,company:ENGINERSIN,company,ENGINERSIN,Engineers India Ltd.,company:IRB,company,IRB,IRB Infrastructure Developers Ltd.,direct_competitor,bidirectional,negative,0,180,high,inferred_from_filings,Cross-batch reconciliation found same basic industry between ENGINERSIN and IRB.,"Useful for peer, common-factor, relative-value and event-spillover testing.","NSE classification, annual-report source inventory and v2 profile reconciliation",0.72,True
nifty_500_shariah,company:ENRIN,company,ENRIN,Siemens Energy India Ltd.,company:BHEL,company,BHEL,Bharat Heavy Electricals Ltd.,direct_competitor,bidirectional,negative,0,180,high,inferred_from_filings,Cross-batch reconciliation found same basic industry between ENRIN and BHEL.,"Useful for peer, common-factor, relative-value and event-spillover testing.","NSE classification, annual-report source inventory and v2 profile reconciliation",0.72,True
nifty_500_shariah,company:ENRIN,company,ENRIN,Siemens Energy India Ltd.,company:CGPOWER,company,CGPOWER,CG Power and Industrial Solutions Ltd.,direct_competitor,bidirectional,negative,0,180,high,inferred_from_filings,Cross-batch reconciliation found same basic industry between ENRIN and CGPOWER.,"Useful for peer, common-factor, relative-value and event-spillover testing.","NSE classification, annual-report source inventory and v2 profile reconciliation",0.72,True
ind_nifty500,company:ERIS,company,ERIS,Eris Lifesciences Ltd.,company:ABBOTINDIA,company,ABBOTINDIA,Abbott India Ltd.,direct_competitor,bidirectional,negative,0,180,high,inferred_from_filings,Cross-batch reconciliation found same basic industry between ERIS and ABBOTINDIA.,"Useful for peer, common-factor, relative-value and event-spillover testing.","NSE classification, annual-report source inventory and v2 profile reconciliation",0.72,True
ind_nifty500,company:ERIS,company,ERIS,Eris Lifesciences Ltd.,company:ACUTAAS,company,ACUTAAS,Acutaas Chemicals Ltd.,direct_competitor,bidirectional,negative,0,180,high,inferred_from_filings,Cross-batch reconciliation found same basic industry between ERIS and ACUTAAS.,"Useful for peer, common-factor, relative-value and event-spillover testing.","NSE classification, annual-report source inventory and v2 profile reconciliation",0.72,True
ind_nifty500,company:ESCORTS,company,ESCORTS,Escorts Kubota Ltd.,company:ACE,company,ACE,Action Construction Equipment Ltd.,partial_competitor,bidirectional,negative,0,180,medium,inferred_from_filings,Cross-batch reconciliation found same industry between ESCORTS and ACE.,"Useful for peer, common-factor, relative-value and event-spillover testing.","NSE classification, annual-report source inventory and v2 profile reconciliation",0.72,True
ind_nifty500,company:ESCORTS,company,ESCORTS,Escorts Kubota Ltd.,company:ASHOKLEY,company,ASHOKLEY,Ashok Leyland Ltd.,partial_competitor,bidirectional,negative,0,180,medium,inferred_from_filings,Cross-batch reconciliation found same industry between ESCORTS and ASHOKLEY.,"Useful for peer, common-factor, relative-value and event-spillover testing.","NSE classification, annual-report source inventory and v2 profile reconciliation",0.72,True
ind_nifty500,company:ETERNAL,company,ETERNAL,Eternal Ltd.,company:CARTRADE,company,CARTRADE,Cartrade Tech Ltd.,direct_competitor,bidirectional,negative,0,180,high,inferred_from_filings,Cross-batch reconciliation found same basic industry between ETERNAL and CARTRADE.,"Useful for peer, common-factor, relative-value and event-spillover testing.","NSE classification, annual-report source inventory and v2 profile reconciliation",0.72,True
ind_nifty500,company:ETERNAL,company,ETERNAL,Eternal Ltd.,company:FIRSTCRY,company,FIRSTCRY,Brainbees Solutions Ltd.,direct_competitor,bidirectional,negative,0,180,high,inferred_from_filings,Cross-batch reconciliation found same basic industry between ETERNAL and FIRSTCRY.,"Useful for peer, common-factor, relative-value and event-spillover testing.","NSE classification, annual-report source inventory and v2 profile reconciliation",0.72,True
nifty_500_shariah,company:EXIDEIND,company,EXIDEIND,Exide Industries Ltd.,company:ARE&M,company,ARE&M,Amara Raja Energy & Mobility Ltd.,direct_competitor,bidirectional,negative,0,180,high,inferred_from_filings,Cross-batch reconciliation found same basic industry between EXIDEIND and ARE&M.,"Useful for peer, common-factor, relative-value and event-spillover testing.","NSE classification, annual-report source inventory and v2 profile reconciliation",0.72,True
nifty_500_shariah,company:EXIDEIND,company,EXIDEIND,Exide Industries Ltd.,company:ENDURANCE,company,ENDURANCE,Endurance Technologies Ltd.,direct_competitor,bidirectional,negative,0,180,high,inferred_from_filings,Cross-batch reconciliation found same basic industry between EXIDEIND and ENDURANCE.,"Useful for peer, common-factor, relative-value and event-spillover testing.","NSE classification, annual-report source inventory and v2 profile reconciliation",0.72,True
ind_nifty500,company:FACT,company,FACT,Fertilisers and Chemicals Travancore Ltd.,company:CHAMBLFERT,company,CHAMBLFERT,Chambal Fertilisers & Chemicals Ltd.,direct_competitor,bidirectional,negative,0,180,high,inferred_from_filings,Cross-batch reconciliation found same basic industry between FACT and CHAMBLFERT.,"Useful for peer, common-factor, relative-value and event-spillover testing.","NSE classification, annual-report source inventory and v2 profile reconciliation",0.72,True
ind_nifty500,company:FACT,company,FACT,Fertilisers and Chemicals Travancore Ltd.,company:COROMANDEL,company,COROMANDEL,Coromandel International Ltd.,direct_competitor,bidirectional,negative,0,180,high,inferred_from_filings,Cross-batch reconciliation found same basic industry between FACT and COROMANDEL.,"Useful for peer, common-factor, relative-value and event-spillover testing.","NSE classification, annual-report source inventory and v2 profile reconciliation",0.72,True
ind_nifty500,company:FEDERALBNK,company,FEDERALBNK,Federal Bank Ltd.,company:AXISBANK,company,AXISBANK,Axis Bank Ltd.,direct_competitor,bidirectional,negative,0,180,high,inferred_from_filings,Cross-batch reconciliation found same basic industry between FEDERALBNK and AXISBANK.,"Useful for peer, common-factor, relative-value and event-spillover testing.","NSE classification, annual-report source inventory and v2 profile reconciliation",0.72,True
ind_nifty500,company:FEDERALBNK,company,FEDERALBNK,Federal Bank Ltd.,company:BANDHANBNK,company,BANDHANBNK,Bandhan Bank Ltd.,direct_competitor,bidirectional,negative,0,180,high,inferred_from_filings,Cross-batch reconciliation found same basic industry between FEDERALBNK and BANDHANBNK.,"Useful for peer, common-factor, relative-value and event-spillover testing.","NSE classification, annual-report source inventory and v2 profile reconciliation",0.72,True
nifty_500_shariah,company:FINCABLES,company,FINCABLES,Finolex Cables Ltd.,company:APLAPOLLO,company,APLAPOLLO,APL Apollo Tubes Ltd.,partial_competitor,bidirectional,negative,0,180,medium,inferred_from_filings,Cross-batch reconciliation found same industry between FINCABLES and APLAPOLLO.,"Useful for peer, common-factor, relative-value and event-spillover testing.","NSE classification, annual-report source inventory and v2 profile reconciliation",0.72,True
nifty_500_shariah,company:FINCABLES,company,FINCABLES,Finolex Cables Ltd.,company:ASTRAL,company,ASTRAL,Astral Ltd.,partial_competitor,bidirectional,negative,0,180,medium,inferred_from_filings,Cross-batch reconciliation found same industry between FINCABLES and ASTRAL.,"Useful for peer, common-factor, relative-value and event-spillover testing.","NSE classification, annual-report source inventory and v2 profile reconciliation",0.72,True
nifty_500_shariah,company:FIRSTCRY,company,FIRSTCRY,Brainbees Solutions Ltd.,company:ABFRL,company,ABFRL,Aditya Birla Fashion and Retail Ltd.,partial_competitor,bidirectional,negative,0,180,medium,inferred_from_filings,Cross-batch reconciliation found same industry between FIRSTCRY and ABFRL.,"Useful for peer, common-factor, relative-value and event-spillover testing.","NSE classification, annual-report source inventory and v2 profile reconciliation",0.72,True
nifty_500_shariah,company:FIRSTCRY,company,FIRSTCRY,Brainbees Solutions Ltd.,company:ABLBL,company,ABLBL,Aditya Birla Lifestyle Brands Ltd.,partial_competitor,bidirectional,negative,0,180,medium,inferred_from_filings,Cross-batch reconciliation found same industry between FIRSTCRY and ABLBL.,"Useful for peer, common-factor, relative-value and event-spillover testing.","NSE classification, annual-report source inventory and v2 profile reconciliation",0.72,True
ind_nifty500,company:FIVESTAR,company,FIVESTAR,Five-Star Business Finance Ltd.,company:AIIL,company,AIIL,Authum Investment & Infrastructure Ltd.,direct_competitor,bidirectional,negative,0,180,high,inferred_from_filings,Cross-batch reconciliation found same basic industry between FIVESTAR and AIIL.,"Useful for peer, common-factor, relative-value and event-spillover testing.","NSE classification, annual-report source inventory and v2 profile reconciliation",0.72,True
ind_nifty500,company:FIVESTAR,company,FIVESTAR,Five-Star Business Finance Ltd.,company:BAJFINANCE,company,BAJFINANCE,Bajaj Finance Ltd.,direct_competitor,bidirectional,negative,0,180,high,inferred_from_filings,Cross-batch reconciliation found same basic industry between FIVESTAR and BAJFINANCE.,"Useful for peer, common-factor, relative-value and event-spillover testing.","NSE classification, annual-report source inventory and v2 profile reconciliation",0.72,True
nifty_500_shariah,company:FLUOROCHEM,company,FLUOROCHEM,Gujarat Fluorochemicals Ltd.,company:ATUL,company,ATUL,Atul Ltd.,direct_competitor,bidirectional,negative,0,180,high,inferred_from_filings,Cross-batch reconciliation found same basic industry between FLUOROCHEM and ATUL.,"Useful for peer, common-factor, relative-value and event-spillover testing.","NSE classification, annual-report source inventory and v2 profile reconciliation",0.72,True
nifty_500_shariah,company:FLUOROCHEM,company,FLUOROCHEM,Gujarat Fluorochemicals Ltd.,company:DEEPAKNTR,company,DEEPAKNTR,Deepak Nitrite Ltd.,direct_competitor,bidirectional,negative,0,180,high,inferred_from_filings,Cross-batch reconciliation found same basic industry between FLUOROCHEM and DEEPAKNTR.,"Useful for peer, common-factor, relative-value and event-spillover testing.","NSE classification, annual-report source inventory and v2 profile reconciliation",0.72,True
nifty_500_shariah,company:FORCEMOT,company,FORCEMOT,Force Motors Ltd.,company:TMPV,company,TMPV,Tata Motors Passenger Vehicles Limited,direct_competitor,bidirectional,negative,0,180,high,inferred_from_filings,Cross-batch reconciliation found same basic industry between FORCEMOT and TMPV.,"Useful for peer, common-factor, relative-value and event-spillover testing.","NSE classification, annual-report source inventory and v2 profile reconciliation",0.72,True
nifty_500_shariah,company:FORCEMOT,company,FORCEMOT,Force Motors Ltd.,company:ACE,company,ACE,Action Construction Equipment Ltd.,common_customer_industry,bidirectional,mixed,0,180,medium,inferred_from_filings,Cross-batch reconciliation found shared customer industry between FORCEMOT and ACE.,"Useful for peer, common-factor, relative-value and event-spillover testing.","NSE classification, annual-report source inventory and v2 profile reconciliation",0.6,True
nifty_500_shariah,company:FORTIS,company,FORTIS,Fortis Healthcare Ltd.,company:ASTERDM,company,ASTERDM,Aster DM Healthcare Ltd.,direct_competitor,bidirectional,negative,0,180,high,inferred_from_filings,Cross-batch reconciliation found same basic industry between FORTIS and ASTERDM.,"Useful for peer, common-factor, relative-value and event-spillover testing.","NSE classification, annual-report source inventory and v2 profile reconciliation",0.72,True
nifty_500_shariah,company:FORTIS,company,FORTIS,Fortis Healthcare Ltd.,company:MAXHEALTH,company,MAXHEALTH,MAX HEALTHCARE INSTITUTE LTD,direct_competitor,bidirectional,negative,0,180,high,inferred_from_filings,Cross-batch reconciliation found same basic industry between FORTIS and MAXHEALTH.,"Useful for peer, common-factor, relative-value and event-spillover testing.","NSE classification, annual-report source inventory and v2 profile reconciliation",0.72,True
nifty_500_shariah,company:FSL,company,FSL,Firstsource Solutions Ltd.,company:ECLERX,company,ECLERX,eClerx Services Ltd.,direct_competitor,bidirectional,negative,0,180,high,inferred_from_filings,Cross-batch reconciliation found same basic industry between FSL and ECLERX.,"Useful for peer, common-factor, relative-value and event-spillover testing.","NSE classification, annual-report source inventory and v2 profile reconciliation",0.72,True
nifty_500_shariah,company:FSL,company,FSL,Firstsource Solutions Ltd.,company:3MINDIA,company,3MINDIA,3M India Ltd.,common_customer_industry,bidirectional,mixed,0,180,medium,inferred_from_filings,Cross-batch reconciliation found shared customer industry between FSL and 3MINDIA.,"Useful for peer, common-factor, relative-value and event-spillover testing.","NSE classification, annual-report source inventory and v2 profile reconciliation",0.6,True
nifty_500_shariah,company:GABRIEL,company,GABRIEL,Gabriel India Ltd.,company:ARE&M,company,ARE&M,Amara Raja Energy & Mobility Ltd.,direct_competitor,bidirectional,negative,0,180,high,inferred_from_filings,Cross-batch reconciliation found same basic industry between GABRIEL and ARE&M.,"Useful for peer, common-factor, relative-value and event-spillover testing.","NSE classification, annual-report source inventory and v2 profile reconciliation",0.72,True
nifty_500_shariah,company:GABRIEL,company,GABRIEL,Gabriel India Ltd.,company:ENDURANCE,company,ENDURANCE,Endurance Technologies Ltd.,direct_competitor,bidirectional,negative,0,180,high,inferred_from_filings,Cross-batch reconciliation found same basic industry between GABRIEL and ENDURANCE.,"Useful for peer, common-factor, relative-value and event-spillover testing.","NSE classification, annual-report source inventory and v2 profile reconciliation",0.72,True
nifty_500_shariah,company:GAIL,company,GAIL,GAIL (India) Ltd.,company:ATGL,company,ATGL,Adani Total Gas Ltd.,partial_competitor,bidirectional,negative,0,180,medium,inferred_from_filings,Cross-batch reconciliation found same industry between GAIL and ATGL.,"Useful for peer, common-factor, relative-value and event-spillover testing.","NSE classification, annual-report source inventory and v2 profile reconciliation",0.72,True
nifty_500_shariah,company:GAIL,company,GAIL,GAIL (India) Ltd.,company:AMBER,company,AMBER,Amber Enterprises India Ltd.,common_customer_industry,bidirectional,mixed,0,180,medium,inferred_from_filings,Cross-batch reconciliation found shared customer industry between GAIL and AMBER.,"Useful for peer, common-factor, relative-value and event-spillover testing.","NSE classification, annual-report source inventory and v2 profile reconciliation",0.6,True
nifty_500_shariah,company:GALLANTT,company,GALLANTT,Gallantt Ispat Ltd.,company:APLAPOLLO,company,APLAPOLLO,APL Apollo Tubes Ltd.,direct_competitor,bidirectional,negative,0,180,high,inferred_from_filings,Cross-batch reconciliation found same basic industry between GALLANTT and APLAPOLLO.,"Useful for peer, common-factor, relative-value and event-spillover testing.","NSE classification, annual-report source inventory and v2 profile reconciliation",0.72,True
nifty_500_shariah,company:GALLANTT,company,GALLANTT,Gallantt Ispat Ltd.,company:GPIL,company,GPIL,Godawari Power & Ispat Ltd.,direct_competitor,bidirectional,negative,0,180,high,inferred_from_filings,Cross-batch reconciliation found same basic industry between GALLANTT and GPIL.,"Useful for peer, common-factor, relative-value and event-spillover testing.","NSE classification, annual-report source inventory and v2 profile reconciliation",0.72,True
ind_nifty500,company:GESHIP,company,GESHIP,Great Eastern Shipping Co. Ltd.,company:SCI,company,SCI,Shipping Corporation of India Ltd.,direct_competitor,bidirectional,negative,0,180,high,inferred_from_filings,Cross-batch reconciliation found same basic industry between GESHIP and SCI.,"Useful for peer, common-factor, relative-value and event-spillover testing.","NSE classification, annual-report source inventory and v2 profile reconciliation",0.72,True
ind_nifty500,company:GESHIP,company,GESHIP,Great Eastern Shipping Co. Ltd.,company:BLUEDART,company,BLUEDART,Blue Dart Express Ltd.,partial_competitor,bidirectional,negative,0,180,medium,inferred_from_filings,Cross-batch reconciliation found same industry between GESHIP and BLUEDART.,"Useful for peer, common-factor, relative-value and event-spillover testing.","NSE classification, annual-report source inventory and v2 profile reconciliation",0.72,True
ind_nifty500,company:GICRE,company,GICRE,General Insurance Corporation of India,company:GODIGIT,company,GODIGIT,Go Digit General Insurance Ltd.,direct_competitor,bidirectional,negative,0,180,high,inferred_from_filings,Cross-batch reconciliation found same basic industry between GICRE and GODIGIT.,"Useful for peer, common-factor, relative-value and event-spillover testing.","NSE classification, annual-report source inventory and v2 profile reconciliation",0.72,True
ind_nifty500,company:GICRE,company,GICRE,General Insurance Corporation of India,company:ICICIGI,company,ICICIGI,ICICI Lombard General Insurance Company Ltd.,direct_competitor,bidirectional,negative,0,180,high,inferred_from_filings,Cross-batch reconciliation found same basic industry between GICRE and ICICIGI.,"Useful for peer, common-factor, relative-value and event-spillover testing.","NSE classification, annual-report source inventory and v2 profile reconciliation",0.72,True
nifty_500_shariah,company:GILLETTE,company,GILLETTE,Gillette India Ltd.,company:COLPAL,company,COLPAL,Colgate-Palmolive (India) Ltd.,direct_competitor,bidirectional,negative,0,180,high,inferred_from_filings,Cross-batch reconciliation found same basic industry between GILLETTE and COLPAL.,"Useful for peer, common-factor, relative-value and event-spillover testing.","NSE classification, annual-report source inventory and v2 profile reconciliation",0.72,True
nifty_500_shariah,company:GILLETTE,company,GILLETTE,Gillette India Ltd.,company:EMAMILTD,company,EMAMILTD,Emami Ltd.,direct_competitor,bidirectional,negative,0,180,high,inferred_from_filings,Cross-batch reconciliation found same basic industry between GILLETTE and EMAMILTD.,"Useful for peer, common-factor, relative-value and event-spillover testing.","NSE classification, annual-report source inventory and v2 profile reconciliation",0.72,True
ind_nifty500,company:GLAND,company,GLAND,Gland Pharma Ltd.,company:ABBOTINDIA,company,ABBOTINDIA,Abbott India Ltd.,direct_competitor,bidirectional,negative,0,180,high,inferred_from_filings,Cross-batch reconciliation found same basic industry between GLAND and ABBOTINDIA.,"Useful for peer, common-factor, relative-value and event-spillover testing.","NSE classification, annual-report source inventory and v2 profile reconciliation",0.72,True
ind_nifty500,company:GLAND,company,GLAND,Gland Pharma Ltd.,company:ACUTAAS,company,ACUTAAS,Acutaas Chemicals Ltd.,direct_competitor,bidirectional,negative,0,180,high,inferred_from_filings,Cross-batch reconciliation found same basic industry between GLAND and ACUTAAS.,"Useful for peer, common-factor, relative-value and event-spillover testing.","NSE classification, annual-report source inventory and v2 profile reconciliation",0.72,True
ind_nifty500,company:GLAXO,company,GLAXO,Glaxosmithkline Pharmaceuticals Ltd.,company:ABBOTINDIA,company,ABBOTINDIA,Abbott India Ltd.,direct_competitor,bidirectional,negative,0,180,high,inferred_from_filings,Cross-batch reconciliation found same basic industry between GLAXO and ABBOTINDIA.,"Useful for peer, common-factor, relative-value and event-spillover testing.","NSE classification, annual-report source inventory and v2 profile reconciliation",0.72,True
ind_nifty500,company:GLAXO,company,GLAXO,Glaxosmithkline Pharmaceuticals Ltd.,company:ACUTAAS,company,ACUTAAS,Acutaas Chemicals Ltd.,direct_competitor,bidirectional,negative,0,180,high,inferred_from_filings,Cross-batch reconciliation found same basic industry between GLAXO and ACUTAAS.,"Useful for peer, common-factor, relative-value and event-spillover testing.","NSE classification, annual-report source inventory and v2 profile reconciliation",0.72,True
nifty_500_shariah,company:GLENMARK,company,GLENMARK,Glenmark Pharmaceuticals Ltd.,company:ACUTAAS,company,ACUTAAS,Acutaas Chemicals Ltd.,direct_competitor,bidirectional,negative,0,180,high,inferred_from_filings,Cross-batch reconciliation found same basic industry between GLENMARK and ACUTAAS.,"Useful for peer, common-factor, relative-value and event-spillover testing.","NSE classification, annual-report source inventory and v2 profile reconciliation",0.72,True
nifty_500_shariah,company:GLENMARK,company,GLENMARK,Glenmark Pharmaceuticals Ltd.,company:AJANTPHARM,company,AJANTPHARM,Ajanta Pharma Ltd.,direct_competitor,bidirectional,negative,0,180,high,inferred_from_filings,Cross-batch reconciliation found same basic industry between GLENMARK and AJANTPHARM.,"Useful for peer, common-factor, relative-value and event-spillover testing.","NSE classification, annual-report source inventory and v2 profile reconciliation",0.72,True
ind_nifty500,company:GMDCLTD,company,GMDCLTD,Gujarat Mineral Development Corporation Ltd.,company:GRAVITA,company,GRAVITA,Gravita India Ltd.,direct_competitor,bidirectional,negative,0,180,high,inferred_from_filings,Cross-batch reconciliation found same basic industry between GMDCLTD and GRAVITA.,"Useful for peer, common-factor, relative-value and event-spillover testing.","NSE classification, annual-report source inventory and v2 profile reconciliation",0.72,True
ind_nifty500,company:GMDCLTD,company,GMDCLTD,Gujarat Mineral Development Corporation Ltd.,company:LLOYDSME,company,LLOYDSME,Lloyds Metals & Energy Ltd.,direct_competitor,bidirectional,negative,0,180,high,inferred_from_filings,Cross-batch reconciliation found same basic industry between GMDCLTD and LLOYDSME.,"Useful for peer, common-factor, relative-value and event-spillover testing.","NSE classification, annual-report source inventory and v2 profile reconciliation",0.72,True
ind_nifty500,company:GMRAIRPORT,company,GMRAIRPORT,GMR Airports Ltd.,company:ADANIPORTS,company,ADANIPORTS,Adani Ports and Special Economic Zone Ltd.,partial_competitor,bidirectional,negative,0,180,medium,inferred_from_filings,Cross-batch reconciliation found same industry between GMRAIRPORT and ADANIPORTS.,"Useful for peer, common-factor, relative-value and event-spillover testing.","NSE classification, annual-report source inventory and v2 profile reconciliation",0.72,True
ind_nifty500,company:GMRAIRPORT,company,GMRAIRPORT,GMR Airports Ltd.,company:ABB,company,ABB,ABB India Ltd.,common_customer_industry,bidirectional,mixed,0,180,medium,inferred_from_filings,Cross-batch reconciliation found shared customer industry between GMRAIRPORT and ABB.,"Useful for peer, common-factor, relative-value and event-spillover testing.","NSE classification, annual-report source inventory and v2 profile reconciliation",0.6,True
ind_nifty500,company:GODFRYPHLP,company,GODFRYPHLP,Godfrey Phillips India Ltd.,company:ABDL,company,ABDL,Allied Blenders and Distillers Ltd.,common_customer_industry,bidirectional,mixed,0,180,medium,inferred_from_filings,Cross-batch reconciliation found shared customer industry between GODFRYPHLP and ABDL.,"Useful for peer, common-factor, relative-value and event-spillover testing.","NSE classification, annual-report source inventory and v2 profile reconciliation",0.6,True
ind_nifty500,company:GODFRYPHLP,company,GODFRYPHLP,Godfrey Phillips India Ltd.,company:ACMESOLAR,company,ACMESOLAR,ACME Solar Holdings Ltd.,common_customer_industry,bidirectional,mixed,0,180,medium,inferred_from_filings,Cross-batch reconciliation found shared customer industry between GODFRYPHLP and ACMESOLAR.,"Useful for peer, common-factor, relative-value and event-spillover testing.","NSE classification, annual-report source inventory and v2 profile reconciliation",0.6,True
ind_nifty500,company:GODIGIT,company,GODIGIT,Go Digit General Insurance Ltd.,company:GICRE,company,GICRE,General Insurance Corporation of India,direct_competitor,bidirectional,negative,0,180,high,inferred_from_filings,Cross-batch reconciliation found same basic industry between GODIGIT and GICRE.,"Useful for peer, common-factor, relative-value and event-spillover testing.","NSE classification, annual-report source inventory and v2 profile reconciliation",0.72,True
ind_nifty500,company:GODIGIT,company,GODIGIT,Go Digit General Insurance Ltd.,company:ICICIGI,company,ICICIGI,ICICI Lombard General Insurance Company Ltd.,direct_competitor,bidirectional,negative,0,180,high,inferred_from_filings,Cross-batch reconciliation found same basic industry between GODIGIT and ICICIGI.,"Useful for peer, common-factor, relative-value and event-spillover testing.","NSE classification, annual-report source inventory and v2 profile reconciliation",0.72,True
nifty_500_shariah,company:GODREJCP,company,GODREJCP,Godrej Consumer Products Ltd.,company:COLPAL,company,COLPAL,Colgate-Palmolive (India) Ltd.,direct_competitor,bidirectional,negative,0,180,high,inferred_from_filings,Cross-batch reconciliation found same basic industry between GODREJCP and COLPAL.,"Useful for peer, common-factor, relative-value and event-spillover testing.","NSE classification, annual-report source inventory and v2 profile reconciliation",0.72,True
nifty_500_shariah,company:GODREJCP,company,GODREJCP,Godrej Consumer Products Ltd.,company:EMAMILTD,company,EMAMILTD,Emami Ltd.,direct_competitor,bidirectional,negative,0,180,high,inferred_from_filings,Cross-batch reconciliation found same basic industry between GODREJCP and EMAMILTD.,"Useful for peer, common-factor, relative-value and event-spillover testing.","NSE classification, annual-report source inventory and v2 profile reconciliation",0.72,True
ind_nifty500,company:GODREJIND,company,GODREJIND,Godrej Industries Ltd.,company:3MINDIA,company,3MINDIA,3M India Ltd.,direct_competitor,bidirectional,negative,0,180,high,inferred_from_filings,Cross-batch reconciliation found same basic industry between GODREJIND and 3MINDIA.,"Useful for peer, common-factor, relative-value and event-spillover testing.","NSE classification, annual-report source inventory and v2 profile reconciliation",0.72,True
ind_nifty500,company:GODREJIND,company,GODREJIND,Godrej Industries Ltd.,company:DCMSHRIRAM,company,DCMSHRIRAM,DCM Shriram Ltd.,direct_competitor,bidirectional,negative,0,180,high,inferred_from_filings,Cross-batch reconciliation found same basic industry between GODREJIND and DCMSHRIRAM.,"Useful for peer, common-factor, relative-value and event-spillover testing.","NSE classification, annual-report source inventory and v2 profile reconciliation",0.72,True
ind_nifty500,company:GODREJPROP,company,GODREJPROP,Godrej Properties Ltd.,company:ANANTRAJ,company,ANANTRAJ,Anant Raj Ltd.,direct_competitor,bidirectional,negative,0,180,high,inferred_from_filings,Cross-batch reconciliation found same basic industry between GODREJPROP and ANANTRAJ.,"Useful for peer, common-factor, relative-value and event-spillover testing.","NSE classification, annual-report source inventory and v2 profile reconciliation",0.72,True
ind_nifty500,company:GODREJPROP,company,GODREJPROP,Godrej Properties Ltd.,company:BRIGADE,company,BRIGADE,Brigade Enterprises Ltd.,direct_competitor,bidirectional,negative,0,180,high,inferred_from_filings,Cross-batch reconciliation found same basic industry between GODREJPROP and BRIGADE.,"Useful for peer, common-factor, relative-value and event-spillover testing.","NSE classification, annual-report source inventory and v2 profile reconciliation",0.72,True
nifty_500_shariah,company:GPIL,company,GPIL,Godawari Power & Ispat Ltd.,company:APLAPOLLO,company,APLAPOLLO,APL Apollo Tubes Ltd.,direct_competitor,bidirectional,negative,0,180,high,inferred_from_filings,Cross-batch reconciliation found same basic industry between GPIL and APLAPOLLO.,"Useful for peer, common-factor, relative-value and event-spillover testing.","NSE classification, annual-report source inventory and v2 profile reconciliation",0.72,True
nifty_500_shariah,company:GPIL,company,GPIL,Godawari Power & Ispat Ltd.,company:GALLANTT,company,GALLANTT,Gallantt Ispat Ltd.,direct_competitor,bidirectional,negative,0,180,high,inferred_from_filings,Cross-batch reconciliation found same basic industry between GPIL and GALLANTT.,"Useful for peer, common-factor, relative-value and event-spillover testing.","NSE classification, annual-report source inventory and v2 profile reconciliation",0.72,True
nifty_500_shariah,company:GRANULES,company,GRANULES,Granules India Ltd.,company:ACUTAAS,company,ACUTAAS,Acutaas Chemicals Ltd.,direct_competitor,bidirectional,negative,0,180,high,inferred_from_filings,Cross-batch reconciliation found same basic industry between GRANULES and ACUTAAS.,"Useful for peer, common-factor, relative-value and event-spillover testing.","NSE classification, annual-report source inventory and v2 profile reconciliation",0.72,True
nifty_500_shariah,company:GRANULES,company,GRANULES,Granules India Ltd.,company:AJANTPHARM,company,AJANTPHARM,Ajanta Pharma Ltd.,direct_competitor,bidirectional,negative,0,180,high,inferred_from_filings,Cross-batch reconciliation found same basic industry between GRANULES and AJANTPHARM.,"Useful for peer, common-factor, relative-value and event-spillover testing.","NSE classification, annual-report source inventory and v2 profile reconciliation",0.72,True
ind_nifty500,company:GRAPHITE,company,GRAPHITE,Graphite India Ltd.,company:HEG,company,HEG,HEG Ltd.,direct_competitor,bidirectional,negative,0,180,high,inferred_from_filings,Cross-batch reconciliation found same basic industry between GRAPHITE and HEG.,"Useful for peer, common-factor, relative-value and event-spillover testing.","NSE classification, annual-report source inventory and v2 profile reconciliation",0.72,True
ind_nifty500,company:GRAPHITE,company,GRAPHITE,Graphite India Ltd.,company:RHIM,company,RHIM,RHI Magnesita India Ltd.,direct_competitor,bidirectional,negative,0,180,high,inferred_from_filings,Cross-batch reconciliation found same basic industry between GRAPHITE and RHIM.,"Useful for peer, common-factor, relative-value and event-spillover testing.","NSE classification, annual-report source inventory and v2 profile reconciliation",0.72,True
ind_nifty500,company:GRASIM,company,GRASIM,Grasim Industries Ltd.,company:ACC,company,ACC,ACC Ltd.,direct_competitor,bidirectional,negative,0,180,high,inferred_from_filings,Cross-batch reconciliation found same basic industry between GRASIM and ACC.,"Useful for peer, common-factor, relative-value and event-spillover testing.","NSE classification, annual-report source inventory and v2 profile reconciliation",0.72,True
ind_nifty500,company:GRASIM,company,GRASIM,Grasim Industries Ltd.,company:AMBUJACEM,company,AMBUJACEM,Ambuja Cements Ltd.,direct_competitor,bidirectional,negative,0,180,high,inferred_from_filings,Cross-batch reconciliation found same basic industry between GRASIM and AMBUJACEM.,"Useful for peer, common-factor, relative-value and event-spillover testing.","NSE classification, annual-report source inventory and v2 profile reconciliation",0.72,True
nifty_500_shariah,company:GRAVITA,company,GRAVITA,Gravita India Ltd.,company:ABFRL,company,ABFRL,Aditya Birla Fashion and Retail Ltd.,common_customer_industry,bidirectional,mixed,0,180,medium,inferred_from_filings,Cross-batch reconciliation found shared customer industry between GRAVITA and ABFRL.,"Useful for peer, common-factor, relative-value and event-spillover testing.","NSE classification, annual-report source inventory and v2 profile reconciliation",0.6,True
nifty_500_shariah,company:GRAVITA,company,GRAVITA,Gravita India Ltd.,company:ABLBL,company,ABLBL,Aditya Birla Lifestyle Brands Ltd.,common_customer_industry,bidirectional,mixed,0,180,medium,inferred_from_filings,Cross-batch reconciliation found shared customer industry between GRAVITA and ABLBL.,"Useful for peer, common-factor, relative-value and event-spillover testing.","NSE classification, annual-report source inventory and v2 profile reconciliation",0.6,True
ind_nifty500,company:GROWW,company,GROWW,Billionbrains Garage Ventures Ltd.,company:360ONE,company,360ONE,360 ONE WAM Ltd.,direct_competitor,bidirectional,negative,0,180,high,inferred_from_filings,Cross-batch reconciliation found same basic industry between GROWW and 360ONE.,"Useful for peer, common-factor, relative-value and event-spillover testing.","NSE classification, annual-report source inventory and v2 profile reconciliation",0.72,True
ind_nifty500,company:GROWW,company,GROWW,Billionbrains Garage Ventures Ltd.,company:ANGELONE,company,ANGELONE,Angel One Ltd.,direct_competitor,bidirectional,negative,0,180,high,inferred_from_filings,Cross-batch reconciliation found same basic industry between GROWW and ANGELONE.,"Useful for peer, common-factor, relative-value and event-spillover testing.","NSE classification, annual-report source inventory and v2 profile reconciliation",0.72,True
ind_nifty500,company:GRSE,company,GRSE,Garden Reach Shipbuilders & Engineers Ltd.,company:BDL,company,BDL,Bharat Dynamics Ltd.,direct_competitor,bidirectional,negative,0,180,high,inferred_from_filings,Cross-batch reconciliation found same basic industry between GRSE and BDL.,"Useful for peer, common-factor, relative-value and event-spillover testing.","NSE classification, annual-report source inventory and v2 profile reconciliation",0.72,True
ind_nifty500,company:GRSE,company,GRSE,Garden Reach Shipbuilders & Engineers Ltd.,company:BEL,company,BEL,Bharat Electronics Ltd.,direct_competitor,bidirectional,negative,0,180,high,inferred_from_filings,Cross-batch reconciliation found same basic industry between GRSE and BEL.,"Useful for peer, common-factor, relative-value and event-spillover testing.","NSE classification, annual-report source inventory and v2 profile reconciliation",0.72,True
nifty_500_shariah,company:GVT&D,company,GVT&D,GE Vernova T&D India Ltd.,company:BHEL,company,BHEL,Bharat Heavy Electricals Ltd.,direct_competitor,bidirectional,negative,0,180,high,inferred_from_filings,Cross-batch reconciliation found same basic industry between GVT&D and BHEL.,"Useful for peer, common-factor, relative-value and event-spillover testing.","NSE classification, annual-report source inventory and v2 profile reconciliation",0.72,True
nifty_500_shariah,company:GVT&D,company,GVT&D,GE Vernova T&D India Ltd.,company:CGPOWER,company,CGPOWER,CG Power and Industrial Solutions Ltd.,direct_competitor,bidirectional,negative,0,180,high,inferred_from_filings,Cross-batch reconciliation found same basic industry between GVT&D and CGPOWER.,"Useful for peer, common-factor, relative-value and event-spillover testing.","NSE classification, annual-report source inventory and v2 profile reconciliation",0.72,True
ind_nifty500,company:HAL,company,HAL,Hindustan Aeronautics Ltd.,company:BDL,company,BDL,Bharat Dynamics Ltd.,direct_competitor,bidirectional,negative,0,180,high,inferred_from_filings,Cross-batch reconciliation found same basic industry between HAL and BDL.,"Useful for peer, common-factor, relative-value and event-spillover testing.","NSE classification, annual-report source inventory and v2 profile reconciliation",0.72,True
ind_nifty500,company:HAL,company,HAL,Hindustan Aeronautics Ltd.,company:BEL,company,BEL,Bharat Electronics Ltd.,direct_competitor,bidirectional,negative,0,180,high,inferred_from_filings,Cross-batch reconciliation found same basic industry between HAL and BEL.,"Useful for peer, common-factor, relative-value and event-spillover testing.","NSE classification, annual-report source inventory and v2 profile reconciliation",0.72,True
nifty_500_shariah,company:HAVELLS,company,HAVELLS,Havells India Ltd.,company:DIXON,company,DIXON,Dixon Technologies (India) Ltd.,direct_competitor,bidirectional,negative,0,180,high,inferred_from_filings,Cross-batch reconciliation found same basic industry between HAVELLS and DIXON.,"Useful for peer, common-factor, relative-value and event-spillover testing.","NSE classification, annual-report source inventory and v2 profile reconciliation",0.72,True
nifty_500_shariah,company:HAVELLS,company,HAVELLS,Havells India Ltd.,company:AMBER,company,AMBER,Amber Enterprises India Ltd.,partial_competitor,bidirectional,negative,0,180,medium,inferred_from_filings,Cross-batch reconciliation found same industry between HAVELLS and AMBER.,"Useful for peer, common-factor, relative-value and event-spillover testing.","NSE classification, annual-report source inventory and v2 profile reconciliation",0.72,True
ind_nifty500,company:HBLENGINE,company,HBLENGINE,HBL Engineering Ltd.,company:AIAENG,company,AIAENG,AIA Engineering Ltd.,partial_competitor,bidirectional,negative,0,180,medium,inferred_from_filings,Cross-batch reconciliation found same industry between HBLENGINE and AIAENG.,"Useful for peer, common-factor, relative-value and event-spillover testing.","NSE classification, annual-report source inventory and v2 profile reconciliation",0.72,True
ind_nifty500,company:HBLENGINE,company,HBLENGINE,HBL Engineering Ltd.,company:APLAPOLLO,company,APLAPOLLO,APL Apollo Tubes Ltd.,partial_competitor,bidirectional,negative,0,180,medium,inferred_from_filings,Cross-batch reconciliation found same industry between HBLENGINE and APLAPOLLO.,"Useful for peer, common-factor, relative-value and event-spillover testing.","NSE classification, annual-report source inventory and v2 profile reconciliation",0.72,True
ind_nifty500,company:HDBFS,company,HDBFS,HDB Financial Services Ltd.,company:AIIL,company,AIIL,Authum Investment & Infrastructure Ltd.,direct_competitor,bidirectional,negative,0,180,high,inferred_from_filings,Cross-batch reconciliation found same basic industry between HDBFS and AIIL.,"Useful for peer, common-factor, relative-value and event-spillover testing.","NSE classification, annual-report source inventory and v2 profile reconciliation",0.72,True
ind_nifty500,company:HDBFS,company,HDBFS,HDB Financial Services Ltd.,company:BAJFINANCE,company,BAJFINANCE,Bajaj Finance Ltd.,direct_competitor,bidirectional,negative,0,180,high,inferred_from_filings,Cross-batch reconciliation found same basic industry between HDBFS and BAJFINANCE.,"Useful for peer, common-factor, relative-value and event-spillover testing.","NSE classification, annual-report source inventory and v2 profile reconciliation",0.72,True
ind_nifty500,company:HDFCAMC,company,HDFCAMC,HDFC Asset Management Company Ltd.,company:ABSLAMC,company,ABSLAMC,Aditya Birla Sun Life AMC Ltd.,direct_competitor,bidirectional,negative,0,180,high,inferred_from_filings,Cross-batch reconciliation found same basic industry between HDFCAMC and ABSLAMC.,"Useful for peer, common-factor, relative-value and event-spillover testing.","NSE classification, annual-report source inventory and v2 profile reconciliation",0.72,True
ind_nifty500,company:HDFCAMC,company,HDFCAMC,HDFC Asset Management Company Ltd.,company:ICICIAMC,company,ICICIAMC,ICICI Prudential Asset Management Company Ltd.,direct_competitor,bidirectional,negative,0,180,high,inferred_from_filings,Cross-batch reconciliation found same basic industry between HDFCAMC and ICICIAMC.,"Useful for peer, common-factor, relative-value and event-spillover testing.","NSE classification, annual-report source inventory and v2 profile reconciliation",0.72,True
ind_nifty500,company:HDFCBANK,company,HDFCBANK,HDFC Bank Ltd.,company:AXISBANK,company,AXISBANK,Axis Bank Ltd.,direct_competitor,bidirectional,negative,0,180,high,inferred_from_filings,Cross-batch reconciliation found same basic industry between HDFCBANK and AXISBANK.,"Useful for peer, common-factor, relative-value and event-spillover testing.","NSE classification, annual-report source inventory and v2 profile reconciliation",0.72,True
ind_nifty500,company:HDFCBANK,company,HDFCBANK,HDFC Bank Ltd.,company:BANDHANBNK,company,BANDHANBNK,Bandhan Bank Ltd.,direct_competitor,bidirectional,negative,0,180,high,inferred_from_filings,Cross-batch reconciliation found same basic industry between HDFCBANK and BANDHANBNK.,"Useful for peer, common-factor, relative-value and event-spillover testing.","NSE classification, annual-report source inventory and v2 profile reconciliation",0.72,True
ind_nifty500,company:HDFCLIFE,company,HDFCLIFE,HDFC Life Insurance Company Ltd.,company:CANHLIFE,company,CANHLIFE,Canara HSBC Life Insurance Company Ltd.,direct_competitor,bidirectional,negative,0,180,high,inferred_from_filings,Cross-batch reconciliation found same basic industry between HDFCLIFE and CANHLIFE.,"Useful for peer, common-factor, relative-value and event-spillover testing.","NSE classification, annual-report source inventory and v2 profile reconciliation",0.72,True
ind_nifty500,company:HDFCLIFE,company,HDFCLIFE,HDFC Life Insurance Company Ltd.,company:ICICIPRULI,company,ICICIPRULI,ICICI Prudential Life Insurance Company Ltd.,direct_competitor,bidirectional,negative,0,180,high,inferred_from_filings,Cross-batch reconciliation found same basic industry between HDFCLIFE and ICICIPRULI.,"Useful for peer, common-factor, relative-value and event-spillover testing.","NSE classification, annual-report source inventory and v2 profile reconciliation",0.72,True
nifty_500_shariah,company:HEG,company,HEG,HEG Ltd.,company:APLAPOLLO,company,APLAPOLLO,APL Apollo Tubes Ltd.,partial_competitor,bidirectional,negative,0,180,medium,inferred_from_filings,Cross-batch reconciliation found same industry between HEG and APLAPOLLO.,"Useful for peer, common-factor, relative-value and event-spillover testing.","NSE classification, annual-report source inventory and v2 profile reconciliation",0.72,True
nifty_500_shariah,company:HEG,company,HEG,HEG Ltd.,company:ASTRAL,company,ASTRAL,Astral Ltd.,partial_competitor,bidirectional,negative,0,180,medium,inferred_from_filings,Cross-batch reconciliation found same industry between HEG and ASTRAL.,"Useful for peer, common-factor, relative-value and event-spillover testing.","NSE classification, annual-report source inventory and v2 profile reconciliation",0.72,True
nifty_500_shariah,company:HEROMOTOCO,company,HEROMOTOCO,Hero MotoCorp Ltd.,company:FORCEMOT,company,FORCEMOT,Force Motors Ltd.,partial_competitor,bidirectional,negative,0,180,medium,inferred_from_filings,Cross-batch reconciliation found same industry between HEROMOTOCO and FORCEMOT.,"Useful for peer, common-factor, relative-value and event-spillover testing.","NSE classification, annual-report source inventory and v2 profile reconciliation",0.72,True
nifty_500_shariah,company:HEROMOTOCO,company,HEROMOTOCO,Hero MotoCorp Ltd.,company:HYUNDAI,company,HYUNDAI,Hyundai Motor India Ltd.,partial_competitor,bidirectional,negative,0,180,medium,inferred_from_filings,Cross-batch reconciliation found same industry between HEROMOTOCO and HYUNDAI.,"Useful for peer, common-factor, relative-value and event-spillover testing.","NSE classification, annual-report source inventory and v2 profile reconciliation",0.72,True
nifty_500_shariah,company:HEXT,company,HEXT,Hexaware Technologies Ltd.,company:BSOFT,company,BSOFT,Birlasoft Ltd.,direct_competitor,bidirectional,negative,0,180,high,inferred_from_filings,Cross-batch reconciliation found same basic industry between HEXT and BSOFT.,"Useful for peer, common-factor, relative-value and event-spillover testing.","NSE classification, annual-report source inventory and v2 profile reconciliation",0.72,True
nifty_500_shariah,company:HEXT,company,HEXT,Hexaware Technologies Ltd.,company:COFORGE,company,COFORGE,Coforge Ltd.,direct_competitor,bidirectional,negative,0,180,high,inferred_from_filings,Cross-batch reconciliation found same basic industry between HEXT and COFORGE.,"Useful for peer, common-factor, relative-value and event-spillover testing.","NSE classification, annual-report source inventory and v2 profile reconciliation",0.72,True
nifty_500_shariah,company:HFCL,company,HFCL,HFCL Ltd.,company:INDUSTOWER,company,INDUSTOWER,Indus Towers Ltd.,direct_competitor,bidirectional,negative,0,180,high,inferred_from_filings,Cross-batch reconciliation found same basic industry between HFCL and INDUSTOWER.,"Useful for peer, common-factor, relative-value and event-spillover testing.","NSE classification, annual-report source inventory and v2 profile reconciliation",0.72,True
nifty_500_shariah,company:HFCL,company,HFCL,HFCL Ltd.,company:AFCONS,company,AFCONS,Afcons Infrastructure Ltd.,common_customer_industry,bidirectional,mixed,0,180,medium,inferred_from_filings,Cross-batch reconciliation found shared customer industry between HFCL and AFCONS.,"Useful for peer, common-factor, relative-value and event-spillover testing.","NSE classification, annual-report source inventory and v2 profile reconciliation",0.6,True
nifty_50_shariah,company:HINDALCO,company,HINDALCO,Hindalco Industries,company:TMPV,company,TMPV,Tata Motors Passenger Vehicles Limited,common_customer_industry,bidirectional,positive,0,180,medium,inferred_from_filings,Auto production drives aluminium downstream demand and passenger vehicle OEM volume.,"Useful for peer, common-factor, relative-value and event-spillover testing.","NSE classification, annual-report business descriptions and v2 agent curation",0.62,True
nifty_50_shariah,company:HINDALCO,company,HINDALCO,Hindalco Industries,company:ULTRACEMCO,company,ULTRACEMCO,ULTRATECH CEMENT LTD.,common_raw_material_exposure,bidirectional,mixed,0,180,medium,inferred_from_filings,Both are energy-intensive and exposed to coal/power/freight cost cycles.,"Useful for peer, common-factor, relative-value and event-spillover testing.","NSE classification, annual-report business descriptions and v2 agent curation",0.62,True
nifty_500_shariah,company:HINDCOPPER,company,HINDCOPPER,Hindustan Copper Ltd.,company:HINDALCO,company,HINDALCO,Hindalco Industries,partial_competitor,bidirectional,negative,0,180,medium,inferred_from_filings,Cross-batch reconciliation found same industry between HINDCOPPER and HINDALCO.,"Useful for peer, common-factor, relative-value and event-spillover testing.","NSE classification, annual-report source inventory and v2 profile reconciliation",0.72,True
nifty_500_shariah,company:HINDCOPPER,company,HINDCOPPER,Hindustan Copper Ltd.,company:ABFRL,company,ABFRL,Aditya Birla Fashion and Retail Ltd.,common_customer_industry,bidirectional,mixed,0,180,medium,inferred_from_filings,Cross-batch reconciliation found shared customer industry between HINDCOPPER and ABFRL.,"Useful for peer, common-factor, relative-value and event-spillover testing.","NSE classification, annual-report source inventory and v2 profile reconciliation",0.6,True
ind_nifty500,company:HINDPETRO,company,HINDPETRO,Hindustan Petroleum Corporation Ltd.,company:BPCL,company,BPCL,Bharat Petroleum Corporation Ltd.,direct_competitor,bidirectional,negative,0,180,high,inferred_from_filings,Cross-batch reconciliation found same basic industry between HINDPETRO and BPCL.,"Useful for peer, common-factor, relative-value and event-spillover testing.","NSE classification, annual-report source inventory and v2 profile reconciliation",0.72,True
ind_nifty500,company:HINDPETRO,company,HINDPETRO,Hindustan Petroleum Corporation Ltd.,company:CHENNPETRO,company,CHENNPETRO,Chennai Petroleum Corporation Ltd.,direct_competitor,bidirectional,negative,0,180,high,inferred_from_filings,Cross-batch reconciliation found same basic industry between HINDPETRO and CHENNPETRO.,"Useful for peer, common-factor, relative-value and event-spillover testing.","NSE classification, annual-report source inventory and v2 profile reconciliation",0.72,True
nifty_50_shariah,company:HINDUNILVR,company,HINDUNILVR,HINDUSTAN UNILEVER LTD.,company:NESTLEIND,company,NESTLEIND,NESTLE INDIA LTD.,same_basic_industry,bidirectional,mixed,0,180,medium,inferred_from_filings,Both track FMCG consumption and branded packaged goods demand.,"Useful for peer, common-factor, relative-value and event-spillover testing.","NSE classification, annual-report business descriptions and v2 agent curation",0.62,True
nifty_50_shariah,company:HINDUNILVR,company,HINDUNILVR,HINDUSTAN UNILEVER LTD.,company:TATACONSUM,company,TATACONSUM,TATA CONSUMER PRODUCTS LTD,same_basic_industry,bidirectional,mixed,0,180,medium,inferred_from_filings,"Both share FMCG consumption, rural demand and commodity-cost exposures.","Useful for peer, common-factor, relative-value and event-spillover testing.","NSE classification, annual-report business descriptions and v2 agent curation",0.62,True
ind_nifty500,company:HINDZINC,company,HINDZINC,Hindustan Zinc Ltd.,company:HINDALCO,company,HINDALCO,Hindalco Industries,partial_competitor,bidirectional,negative,0,180,medium,inferred_from_filings,Cross-batch reconciliation found same industry between HINDZINC and HINDALCO.,"Useful for peer, common-factor, relative-value and event-spillover testing.","NSE classification, annual-report source inventory and v2 profile reconciliation",0.72,True
ind_nifty500,company:HINDZINC,company,HINDZINC,Hindustan Zinc Ltd.,company:HINDCOPPER,company,HINDCOPPER,Hindustan Copper Ltd.,partial_competitor,bidirectional,negative,0,180,medium,inferred_from_filings,Cross-batch reconciliation found same industry between HINDZINC and HINDCOPPER.,"Useful for peer, common-factor, relative-value and event-spillover testing.","NSE classification, annual-report source inventory and v2 profile reconciliation",0.72,True
ind_nifty500,company:HOMEFIRST,company,HOMEFIRST,Home First Finance Company India Ltd.,company:AAVAS,company,AAVAS,Aavas Financiers Ltd.,direct_competitor,bidirectional,negative,0,180,high,inferred_from_filings,Cross-batch reconciliation found same basic industry between HOMEFIRST and AAVAS.,"Useful for peer, common-factor, relative-value and event-spillover testing.","NSE classification, annual-report source inventory and v2 profile reconciliation",0.72,True
ind_nifty500,company:HOMEFIRST,company,HOMEFIRST,Home First Finance Company India Ltd.,company:APTUS,company,APTUS,Aptus Value Housing Finance India Ltd.,direct_competitor,bidirectional,negative,0,180,high,inferred_from_filings,Cross-batch reconciliation found same basic industry between HOMEFIRST and APTUS.,"Useful for peer, common-factor, relative-value and event-spillover testing.","NSE classification, annual-report source inventory and v2 profile reconciliation",0.72,True
ind_nifty500,company:HONASA,company,HONASA,Honasa Consumer Ltd.,company:COLPAL,company,COLPAL,Colgate Palmolive (India) Ltd.,direct_competitor,bidirectional,negative,0,180,high,inferred_from_filings,Cross-batch reconciliation found same basic industry between HONASA and COLPAL.,"Useful for peer, common-factor, relative-value and event-spillover testing.","NSE classification, annual-report source inventory and v2 profile reconciliation",0.72,True
ind_nifty500,company:HONASA,company,HONASA,Honasa Consumer Ltd.,company:DABUR,company,DABUR,Dabur India Ltd.,direct_competitor,bidirectional,negative,0,180,high,inferred_from_filings,Cross-batch reconciliation found same basic industry between HONASA and DABUR.,"Useful for peer, common-factor, relative-value and event-spillover testing.","NSE classification, annual-report source inventory and v2 profile reconciliation",0.72,True
ind_nifty500,company:HONAUT,company,HONAUT,Honeywell Automation India Ltd.,company:CPPLUS,company,CPPLUS,Aditya Infotech Ltd.,direct_competitor,bidirectional,negative,0,180,high,inferred_from_filings,Cross-batch reconciliation found same basic industry between HONAUT and CPPLUS.,"Useful for peer, common-factor, relative-value and event-spillover testing.","NSE classification, annual-report source inventory and v2 profile reconciliation",0.72,True
ind_nifty500,company:HONAUT,company,HONAUT,Honeywell Automation India Ltd.,company:JYOTICNC,company,JYOTICNC,Jyoti CNC Automation Ltd.,direct_competitor,bidirectional,negative,0,180,high,inferred_from_filings,Cross-batch reconciliation found same basic industry between HONAUT and JYOTICNC.,"Useful for peer, common-factor, relative-value and event-spillover testing.","NSE classification, annual-report source inventory and v2 profile reconciliation",0.72,True
nifty_500_shariah,company:HSCL,company,HSCL,Himadri Speciality Chemical Ltd.,company:ATUL,company,ATUL,Atul Ltd.,partial_competitor,bidirectional,negative,0,180,medium,inferred_from_filings,Cross-batch reconciliation found same industry between HSCL and ATUL.,"Useful for peer, common-factor, relative-value and event-spillover testing.","NSE classification, annual-report source inventory and v2 profile reconciliation",0.72,True
nifty_500_shariah,company:HSCL,company,HSCL,Himadri Speciality Chemical Ltd.,company:DEEPAKNTR,company,DEEPAKNTR,Deepak Nitrite Ltd.,partial_competitor,bidirectional,negative,0,180,medium,inferred_from_filings,Cross-batch reconciliation found same industry between HSCL and DEEPAKNTR.,"Useful for peer, common-factor, relative-value and event-spillover testing.","NSE classification, annual-report source inventory and v2 profile reconciliation",0.72,True
ind_nifty500,company:HUDCO,company,HUDCO,Housing & Urban Development Corporation Ltd.,company:IFCI,company,IFCI,IFCI Ltd.,direct_competitor,bidirectional,negative,0,180,high,inferred_from_filings,Cross-batch reconciliation found same basic industry between HUDCO and IFCI.,"Useful for peer, common-factor, relative-value and event-spillover testing.","NSE classification, annual-report source inventory and v2 profile reconciliation",0.72,True
ind_nifty500,company:HUDCO,company,HUDCO,Housing & Urban Development Corporation Ltd.,company:IRFC,company,IRFC,Indian Railway Finance Corporation Ltd.,direct_competitor,bidirectional,negative,0,180,high,inferred_from_filings,Cross-batch reconciliation found same basic industry between HUDCO and IRFC.,"Useful for peer, common-factor, relative-value and event-spillover testing.","NSE classification, annual-report source inventory and v2 profile reconciliation",0.72,True
nifty_500_shariah,company:HYUNDAI,company,HYUNDAI,Hyundai Motor India Ltd.,company:FORCEMOT,company,FORCEMOT,Force Motors Ltd.,direct_competitor,bidirectional,negative,0,180,high,inferred_from_filings,Cross-batch reconciliation found same basic industry between HYUNDAI and FORCEMOT.,"Useful for peer, common-factor, relative-value and event-spillover testing.","NSE classification, annual-report source inventory and v2 profile reconciliation",0.72,True
nifty_500_shariah,company:HYUNDAI,company,HYUNDAI,Hyundai Motor India Ltd.,company:TMPV,company,TMPV,Tata Motors Passenger Vehicles Limited,direct_competitor,bidirectional,negative,0,180,high,inferred_from_filings,Cross-batch reconciliation found same basic industry between HYUNDAI and TMPV.,"Useful for peer, common-factor, relative-value and event-spillover testing.","NSE classification, annual-report source inventory and v2 profile reconciliation",0.72,True
ind_nifty500,company:ICICIAMC,company,ICICIAMC,ICICI Prudential Asset Management Company Ltd.,company:ABSLAMC,company,ABSLAMC,Aditya Birla Sun Life AMC Ltd.,direct_competitor,bidirectional,negative,0,180,high,inferred_from_filings,Cross-batch reconciliation found same basic industry between ICICIAMC and ABSLAMC.,"Useful for peer, common-factor, relative-value and event-spillover testing.","NSE classification, annual-report source inventory and v2 profile reconciliation",0.72,True
ind_nifty500,company:ICICIAMC,company,ICICIAMC,ICICI Prudential Asset Management Company Ltd.,company:HDFCAMC,company,HDFCAMC,HDFC Asset Management Company Ltd.,direct_competitor,bidirectional,negative,0,180,high,inferred_from_filings,Cross-batch reconciliation found same basic industry between ICICIAMC and HDFCAMC.,"Useful for peer, common-factor, relative-value and event-spillover testing.","NSE classification, annual-report source inventory and v2 profile reconciliation",0.72,True
ind_nifty500,company:ICICIBANK,company,ICICIBANK,ICICI Bank Ltd.,company:AXISBANK,company,AXISBANK,Axis Bank Ltd.,direct_competitor,bidirectional,negative,0,180,high,inferred_from_filings,Cross-batch reconciliation found same basic industry between ICICIBANK and AXISBANK.,"Useful for peer, common-factor, relative-value and event-spillover testing.","NSE classification, annual-report source inventory and v2 profile reconciliation",0.72,True
ind_nifty500,company:ICICIBANK,company,ICICIBANK,ICICI Bank Ltd.,company:BANDHANBNK,company,BANDHANBNK,Bandhan Bank Ltd.,direct_competitor,bidirectional,negative,0,180,high,inferred_from_filings,Cross-batch reconciliation found same basic industry between ICICIBANK and BANDHANBNK.,"Useful for peer, common-factor, relative-value and event-spillover testing.","NSE classification, annual-report source inventory and v2 profile reconciliation",0.72,True
ind_nifty500,company:ICICIGI,company,ICICIGI,ICICI Lombard General Insurance Company Ltd.,company:GICRE,company,GICRE,General Insurance Corporation of India,direct_competitor,bidirectional,negative,0,180,high,inferred_from_filings,Cross-batch reconciliation found same basic industry between ICICIGI and GICRE.,"Useful for peer, common-factor, relative-value and event-spillover testing.","NSE classification, annual-report source inventory and v2 profile reconciliation",0.72,True
ind_nifty500,company:ICICIGI,company,ICICIGI,ICICI Lombard General Insurance Company Ltd.,company:GODIGIT,company,GODIGIT,Go Digit General Insurance Ltd.,direct_competitor,bidirectional,negative,0,180,high,inferred_from_filings,Cross-batch reconciliation found same basic industry between ICICIGI and GODIGIT.,"Useful for peer, common-factor, relative-value and event-spillover testing.","NSE classification, annual-report source inventory and v2 profile reconciliation",0.72,True
ind_nifty500,company:ICICIPRULI,company,ICICIPRULI,ICICI Prudential Life Insurance Company Ltd.,company:CANHLIFE,company,CANHLIFE,Canara HSBC Life Insurance Company Ltd.,direct_competitor,bidirectional,negative,0,180,high,inferred_from_filings,Cross-batch reconciliation found same basic industry between ICICIPRULI and CANHLIFE.,"Useful for peer, common-factor, relative-value and event-spillover testing.","NSE classification, annual-report source inventory and v2 profile reconciliation",0.72,True
ind_nifty500,company:ICICIPRULI,company,ICICIPRULI,ICICI Prudential Life Insurance Company Ltd.,company:HDFCLIFE,company,HDFCLIFE,HDFC Life Insurance Company Ltd.,direct_competitor,bidirectional,negative,0,180,high,inferred_from_filings,Cross-batch reconciliation found same basic industry between ICICIPRULI and HDFCLIFE.,"Useful for peer, common-factor, relative-value and event-spillover testing.","NSE classification, annual-report source inventory and v2 profile reconciliation",0.72,True
ind_nifty500,company:IDBI,company,IDBI,IDBI Bank Ltd.,company:AXISBANK,company,AXISBANK,Axis Bank Ltd.,direct_competitor,bidirectional,negative,0,180,high,inferred_from_filings,Cross-batch reconciliation found same basic industry between IDBI and AXISBANK.,"Useful for peer, common-factor, relative-value and event-spillover testing.","NSE classification, annual-report source inventory and v2 profile reconciliation",0.72,True
ind_nifty500,company:IDBI,company,IDBI,IDBI Bank Ltd.,company:BANDHANBNK,company,BANDHANBNK,Bandhan Bank Ltd.,direct_competitor,bidirectional,negative,0,180,high,inferred_from_filings,Cross-batch reconciliation found same basic industry between IDBI and BANDHANBNK.,"Useful for peer, common-factor, relative-value and event-spillover testing.","NSE classification, annual-report source inventory and v2 profile reconciliation",0.72,True
ind_nifty500,company:IDFCFIRSTB,company,IDFCFIRSTB,IDFC First Bank Ltd.,company:AXISBANK,company,AXISBANK,Axis Bank Ltd.,direct_competitor,bidirectional,negative,0,180,high,inferred_from_filings,Cross-batch reconciliation found same basic industry between IDFCFIRSTB and AXISBANK.,"Useful for peer, common-factor, relative-value and event-spillover testing.","NSE classification, annual-report source inventory and v2 profile reconciliation",0.72,True
ind_nifty500,company:IDFCFIRSTB,company,IDFCFIRSTB,IDFC First Bank Ltd.,company:BANDHANBNK,company,BANDHANBNK,Bandhan Bank Ltd.,direct_competitor,bidirectional,negative,0,180,high,inferred_from_filings,Cross-batch reconciliation found same basic industry between IDFCFIRSTB and BANDHANBNK.,"Useful for peer, common-factor, relative-value and event-spillover testing.","NSE classification, annual-report source inventory and v2 profile reconciliation",0.72,True
ind_nifty500,company:IEX,company,IEX,Indian Energy Exchange Ltd.,company:BSE,company,BSE,BSE Ltd.,direct_competitor,bidirectional,negative,0,180,high,inferred_from_filings,Cross-batch reconciliation found same basic industry between IEX and BSE.,"Useful for peer, common-factor, relative-value and event-spillover testing.","NSE classification, annual-report source inventory and v2 profile reconciliation",0.72,True
ind_nifty500,company:IEX,company,IEX,Indian Energy Exchange Ltd.,company:360ONE,company,360ONE,360 ONE WAM Ltd.,partial_competitor,bidirectional,negative,0,180,medium,inferred_from_filings,Cross-batch reconciliation found same industry between IEX and 360ONE.,"Useful for peer, common-factor, relative-value and event-spillover testing.","NSE classification, annual-report source inventory and v2 profile reconciliation",0.72,True
ind_nifty500,company:IFCI,company,IFCI,IFCI Ltd.,company:HUDCO,company,HUDCO,Housing & Urban Development Corporation Ltd.,direct_competitor,bidirectional,negative,0,180,high,inferred_from_filings,Cross-batch reconciliation found same basic industry between IFCI and HUDCO.,"Useful for peer, common-factor, relative-value and event-spillover testing.","NSE classification, annual-report source inventory and v2 profile reconciliation",0.72,True
ind_nifty500,company:IFCI,company,IFCI,IFCI Ltd.,company:IRFC,company,IRFC,Indian Railway Finance Corporation Ltd.,direct_competitor,bidirectional,negative,0,180,high,inferred_from_filings,Cross-batch reconciliation found same basic industry between IFCI and IRFC.,"Useful for peer, common-factor, relative-value and event-spillover testing.","NSE classification, annual-report source inventory and v2 profile reconciliation",0.72,True
ind_nifty500,company:IGIL,company,IGIL,International Gemological Institute Ltd.,company:ECLERX,company,ECLERX,eClerx Services Ltd.,partial_competitor,bidirectional,negative,0,180,medium,inferred_from_filings,Cross-batch reconciliation found same industry between IGIL and ECLERX.,"Useful for peer, common-factor, relative-value and event-spillover testing.","NSE classification, annual-report source inventory and v2 profile reconciliation",0.72,True
ind_nifty500,company:IGIL,company,IGIL,International Gemological Institute Ltd.,company:FSL,company,FSL,Firstsource Solutions Ltd.,partial_competitor,bidirectional,negative,0,180,medium,inferred_from_filings,Cross-batch reconciliation found same industry between IGIL and FSL.,"Useful for peer, common-factor, relative-value and event-spillover testing.","NSE classification, annual-report source inventory and v2 profile reconciliation",0.72,True
nifty_500_shariah,company:IGL,company,IGL,Indraprastha Gas Ltd.,company:ATGL,company,ATGL,Adani Total Gas Ltd.,direct_competitor,bidirectional,negative,0,180,high,inferred_from_filings,Cross-batch reconciliation found same basic industry between IGL and ATGL.,"Useful for peer, common-factor, relative-value and event-spillover testing.","NSE classification, annual-report source inventory and v2 profile reconciliation",0.72,True
nifty_500_shariah,company:IGL,company,IGL,Indraprastha Gas Ltd.,company:GAIL,company,GAIL,GAIL (India) Ltd.,partial_competitor,bidirectional,negative,0,180,medium,inferred_from_filings,Cross-batch reconciliation found same industry between IGL and GAIL.,"Useful for peer, common-factor, relative-value and event-spillover testing.","NSE classification, annual-report source inventory and v2 profile reconciliation",0.72,True
ind_nifty500,company:IIFL,company,IIFL,IIFL Finance Ltd.,company:AIIL,company,AIIL,Authum Investment & Infrastructure Ltd.,direct_competitor,bidirectional,negative,0,180,high,inferred_from_filings,Cross-batch reconciliation found same basic industry between IIFL and AIIL.,"Useful for peer, common-factor, relative-value and event-spillover testing.","NSE classification, annual-report source inventory and v2 profile reconciliation",0.72,True
ind_nifty500,company:IIFL,company,IIFL,IIFL Finance Ltd.,company:BAJFINANCE,company,BAJFINANCE,Bajaj Finance Ltd.,direct_competitor,bidirectional,negative,0,180,high,inferred_from_filings,Cross-batch reconciliation found same basic industry between IIFL and BAJFINANCE.,"Useful for peer, common-factor, relative-value and event-spillover testing.","NSE classification, annual-report source inventory and v2 profile reconciliation",0.72,True
ind_nifty500,company:IKS,company,IKS,Inventurus Knowledge Solutions Ltd.,company:AFFLE,company,AFFLE,Affle 3i Ltd.,direct_competitor,bidirectional,negative,0,180,high,inferred_from_filings,Cross-batch reconciliation found same basic industry between IKS and AFFLE.,"Useful for peer, common-factor, relative-value and event-spillover testing.","NSE classification, annual-report source inventory and v2 profile reconciliation",0.72,True
ind_nifty500,company:IKS,company,IKS,Inventurus Knowledge Solutions Ltd.,company:CYIENT,company,CYIENT,Cyient Ltd.,direct_competitor,bidirectional,negative,0,180,high,inferred_from_filings,Cross-batch reconciliation found same basic industry between IKS and CYIENT.,"Useful for peer, common-factor, relative-value and event-spillover testing.","NSE classification, annual-report source inventory and v2 profile reconciliation",0.72,True
ind_nifty500,company:INDGN,company,INDGN,Indegene Ltd.,company:SYNGENE,company,SYNGENE,Syngene International Ltd.,direct_competitor,bidirectional,negative,0,180,high,inferred_from_filings,Cross-batch reconciliation found same basic industry between INDGN and SYNGENE.,"Useful for peer, common-factor, relative-value and event-spillover testing.","NSE classification, annual-report source inventory and v2 profile reconciliation",0.72,True
ind_nifty500,company:INDGN,company,INDGN,Indegene Ltd.,company:APOLLOHOSP,company,APOLLOHOSP,Apollo Hospitals Enterprise Ltd.,partial_competitor,bidirectional,negative,0,180,medium,inferred_from_filings,Cross-batch reconciliation found same industry between INDGN and APOLLOHOSP.,"Useful for peer, common-factor, relative-value and event-spillover testing.","NSE classification, annual-report source inventory and v2 profile reconciliation",0.72,True
ind_nifty500,company:INDHOTEL,company,INDHOTEL,Indian Hotels Co. Ltd.,company:CHALET,company,CHALET,Chalet Hotels Ltd.,direct_competitor,bidirectional,negative,0,180,high,inferred_from_filings,Cross-batch reconciliation found same basic industry between INDHOTEL and CHALET.,"Useful for peer, common-factor, relative-value and event-spillover testing.","NSE classification, annual-report source inventory and v2 profile reconciliation",0.72,True
ind_nifty500,company:INDHOTEL,company,INDHOTEL,Indian Hotels Co. Ltd.,company:EIHOTEL,company,EIHOTEL,EIH Ltd.,direct_competitor,bidirectional,negative,0,180,high,inferred_from_filings,Cross-batch reconciliation found same basic industry between INDHOTEL and EIHOTEL.,"Useful for peer, common-factor, relative-value and event-spillover testing.","NSE classification, annual-report source inventory and v2 profile reconciliation",0.72,True
ind_nifty500,company:INDIACEM,company,INDIACEM,India Cements Ltd.,company:ACC,company,ACC,ACC Ltd.,direct_competitor,bidirectional,negative,0,180,high,inferred_from_filings,Cross-batch reconciliation found same basic industry between INDIACEM and ACC.,"Useful for peer, common-factor, relative-value and event-spillover testing.","NSE classification, annual-report source inventory and v2 profile reconciliation",0.72,True
ind_nifty500,company:INDIACEM,company,INDIACEM,India Cements Ltd.,company:AMBUJACEM,company,AMBUJACEM,Ambuja Cements Ltd.,direct_competitor,bidirectional,negative,0,180,high,inferred_from_filings,Cross-batch reconciliation found same basic industry between INDIACEM and AMBUJACEM.,"Useful for peer, common-factor, relative-value and event-spillover testing.","NSE classification, annual-report source inventory and v2 profile reconciliation",0.72,True
ind_nifty500,company:INDIAMART,company,INDIAMART,Indiamart Intermesh Ltd.,company:ABFRL,company,ABFRL,Aditya Birla Fashion and Retail Ltd.,partial_competitor,bidirectional,negative,0,180,medium,inferred_from_filings,Cross-batch reconciliation found same industry between INDIAMART and ABFRL.,"Useful for peer, common-factor, relative-value and event-spillover testing.","NSE classification, annual-report source inventory and v2 profile reconciliation",0.72,True
ind_nifty500,company:INDIAMART,company,INDIAMART,Indiamart Intermesh Ltd.,company:ABLBL,company,ABLBL,Aditya Birla Lifestyle Brands Ltd.,partial_competitor,bidirectional,negative,0,180,medium,inferred_from_filings,Cross-batch reconciliation found same industry between INDIAMART and ABLBL.,"Useful for peer, common-factor, relative-value and event-spillover testing.","NSE classification, annual-report source inventory and v2 profile reconciliation",0.72,True
ind_nifty500,company:INDIANB,company,INDIANB,Indian Bank,company:BANKBARODA,company,BANKBARODA,Bank of Baroda,direct_competitor,bidirectional,negative,0,180,high,inferred_from_filings,Cross-batch reconciliation found same basic industry between INDIANB and BANKBARODA.,"Useful for peer, common-factor, relative-value and event-spillover testing.","NSE classification, annual-report source inventory and v2 profile reconciliation",0.72,True
ind_nifty500,company:INDIANB,company,INDIANB,Indian Bank,company:BANKINDIA,company,BANKINDIA,Bank of India,direct_competitor,bidirectional,negative,0,180,high,inferred_from_filings,Cross-batch reconciliation found same basic industry between INDIANB and BANKINDIA.,"Useful for peer, common-factor, relative-value and event-spillover testing.","NSE classification, annual-report source inventory and v2 profile reconciliation",0.72,True
ind_nifty500,company:INDIGO,company,INDIGO,InterGlobe Aviation Ltd.,company:BLUEDART,company,BLUEDART,Blue Dart Express Ltd.,partial_competitor,bidirectional,negative,0,180,medium,inferred_from_filings,Cross-batch reconciliation found same industry between INDIGO and BLUEDART.,"Useful for peer, common-factor, relative-value and event-spillover testing.","NSE classification, annual-report source inventory and v2 profile reconciliation",0.72,True
ind_nifty500,company:INDIGO,company,INDIGO,InterGlobe Aviation Ltd.,company:CONCOR,company,CONCOR,Container Corporation of India Ltd.,partial_competitor,bidirectional,negative,0,180,medium,inferred_from_filings,Cross-batch reconciliation found same industry between INDIGO and CONCOR.,"Useful for peer, common-factor, relative-value and event-spillover testing.","NSE classification, annual-report source inventory and v2 profile reconciliation",0.72,True
ind_nifty500,company:INDUSINDBK,company,INDUSINDBK,IndusInd Bank Ltd.,company:AXISBANK,company,AXISBANK,Axis Bank Ltd.,direct_competitor,bidirectional,negative,0,180,high,inferred_from_filings,Cross-batch reconciliation found same basic industry between INDUSINDBK and AXISBANK.,"Useful for peer, common-factor, relative-value and event-spillover testing.","NSE classification, annual-report source inventory and v2 profile reconciliation",0.72,True
ind_nifty500,company:INDUSINDBK,company,INDUSINDBK,IndusInd Bank Ltd.,company:BANDHANBNK,company,BANDHANBNK,Bandhan Bank Ltd.,direct_competitor,bidirectional,negative,0,180,high,inferred_from_filings,Cross-batch reconciliation found same basic industry between INDUSINDBK and BANDHANBNK.,"Useful for peer, common-factor, relative-value and event-spillover testing.","NSE classification, annual-report source inventory and v2 profile reconciliation",0.72,True
nifty_500_shariah,company:INDUSTOWER,company,INDUSTOWER,Indus Towers Ltd.,company:HFCL,company,HFCL,HFCL Ltd.,direct_competitor,bidirectional,negative,0,180,high,inferred_from_filings,Cross-batch reconciliation found same basic industry between INDUSTOWER and HFCL.,"Useful for peer, common-factor, relative-value and event-spillover testing.","NSE classification, annual-report source inventory and v2 profile reconciliation",0.72,True
nifty_500_shariah,company:INDUSTOWER,company,INDUSTOWER,Indus Towers Ltd.,company:AFCONS,company,AFCONS,Afcons Infrastructure Ltd.,common_customer_industry,bidirectional,mixed,0,180,medium,inferred_from_filings,Cross-batch reconciliation found shared customer industry between INDUSTOWER and AFCONS.,"Useful for peer, common-factor, relative-value and event-spillover testing.","NSE classification, annual-report source inventory and v2 profile reconciliation",0.6,True
nifty_50_shariah,company:INFY,company,INFY,INFOSYS LTD.,company:HCLTECH,company,HCLTECH,HCL TECHNOLOGIES LTD.,direct_competitor,bidirectional,negative,0,180,high,inferred_from_filings,Both are export-led IT-services peers with common enterprise customer budgets.,"Useful for peer, common-factor, relative-value and event-spillover testing.","NSE classification, annual-report business descriptions and v2 agent curation",0.74,True
nifty_500_shariah,company:INOXWIND,company,INOXWIND,Inox Wind Ltd.,company:BHEL,company,BHEL,Bharat Heavy Electricals Ltd.,direct_competitor,bidirectional,negative,0,180,high,inferred_from_filings,Cross-batch reconciliation found same basic industry between INOXWIND and BHEL.,"Useful for peer, common-factor, relative-value and event-spillover testing.","NSE classification, annual-report source inventory and v2 profile reconciliation",0.72,True
nifty_500_shariah,company:INOXWIND,company,INOXWIND,Inox Wind Ltd.,company:CGPOWER,company,CGPOWER,CG Power and Industrial Solutions Ltd.,direct_competitor,bidirectional,negative,0,180,high,inferred_from_filings,Cross-batch reconciliation found same basic industry between INOXWIND and CGPOWER.,"Useful for peer, common-factor, relative-value and event-spillover testing.","NSE classification, annual-report source inventory and v2 profile reconciliation",0.72,True
ind_nifty500,company:INTELLECT,company,INTELLECT,Intellect Design Arena Ltd.,company:BSOFT,company,BSOFT,Birlasoft Ltd.,direct_competitor,bidirectional,negative,0,180,high,inferred_from_filings,Cross-batch reconciliation found same basic industry between INTELLECT and BSOFT.,"Useful for peer, common-factor, relative-value and event-spillover testing.","NSE classification, annual-report source inventory and v2 profile reconciliation",0.72,True
ind_nifty500,company:INTELLECT,company,INTELLECT,Intellect Design Arena Ltd.,company:COFORGE,company,COFORGE,Coforge Ltd.,direct_competitor,bidirectional,negative,0,180,high,inferred_from_filings,Cross-batch reconciliation found same basic industry between INTELLECT and COFORGE.,"Useful for peer, common-factor, relative-value and event-spillover testing.","NSE classification, annual-report source inventory and v2 profile reconciliation",0.72,True
ind_nifty500,company:IOB,company,IOB,Indian Overseas Bank,company:BANKBARODA,company,BANKBARODA,Bank of Baroda,direct_competitor,bidirectional,negative,0,180,high,inferred_from_filings,Cross-batch reconciliation found same basic industry between IOB and BANKBARODA.,"Useful for peer, common-factor, relative-value and event-spillover testing.","NSE classification, annual-report source inventory and v2 profile reconciliation",0.72,True
ind_nifty500,company:IOB,company,IOB,Indian Overseas Bank,company:BANKINDIA,company,BANKINDIA,Bank of India,direct_competitor,bidirectional,negative,0,180,high,inferred_from_filings,Cross-batch reconciliation found same basic industry between IOB and BANKINDIA.,"Useful for peer, common-factor, relative-value and event-spillover testing.","NSE classification, annual-report source inventory and v2 profile reconciliation",0.72,True
ind_nifty500,company:IOC,company,IOC,Indian Oil Corporation Ltd.,company:BPCL,company,BPCL,Bharat Petroleum Corporation Ltd.,direct_competitor,bidirectional,negative,0,180,high,inferred_from_filings,Cross-batch reconciliation found same basic industry between IOC and BPCL.,"Useful for peer, common-factor, relative-value and event-spillover testing.","NSE classification, annual-report source inventory and v2 profile reconciliation",0.72,True
ind_nifty500,company:IOC,company,IOC,Indian Oil Corporation Ltd.,company:CHENNPETRO,company,CHENNPETRO,Chennai Petroleum Corporation Ltd.,direct_competitor,bidirectional,negative,0,180,high,inferred_from_filings,Cross-batch reconciliation found same basic industry between IOC and CHENNPETRO.,"Useful for peer, common-factor, relative-value and event-spillover testing.","NSE classification, annual-report source inventory and v2 profile reconciliation",0.72,True
nifty_500_shariah,company:IPCALAB,company,IPCALAB,Ipca Laboratories Ltd.,company:ACUTAAS,company,ACUTAAS,Acutaas Chemicals Ltd.,direct_competitor,bidirectional,negative,0,180,high,inferred_from_filings,Cross-batch reconciliation found same basic industry between IPCALAB and ACUTAAS.,"Useful for peer, common-factor, relative-value and event-spillover testing.","NSE classification, annual-report source inventory and v2 profile reconciliation",0.72,True
nifty_500_shariah,company:IPCALAB,company,IPCALAB,Ipca Laboratories Ltd.,company:AJANTPHARM,company,AJANTPHARM,Ajanta Pharma Ltd.,direct_competitor,bidirectional,negative,0,180,high,inferred_from_filings,Cross-batch reconciliation found same basic industry between IPCALAB and AJANTPHARM.,"Useful for peer, common-factor, relative-value and event-spillover testing.","NSE classification, annual-report source inventory and v2 profile reconciliation",0.72,True
ind_nifty500,company:IRB,company,IRB,IRB Infrastructure Developers Ltd.,company:CEMPRO,company,CEMPRO,Cemindia Projects Ltd.,direct_competitor,bidirectional,negative,0,180,high,inferred_from_filings,Cross-batch reconciliation found same basic industry between IRB and CEMPRO.,"Useful for peer, common-factor, relative-value and event-spillover testing.","NSE classification, annual-report source inventory and v2 profile reconciliation",0.72,True
ind_nifty500,company:IRB,company,IRB,IRB Infrastructure Developers Ltd.,company:ENGINERSIN,company,ENGINERSIN,Engineers India Ltd.,direct_competitor,bidirectional,negative,0,180,high,inferred_from_filings,Cross-batch reconciliation found same basic industry between IRB and ENGINERSIN.,"Useful for peer, common-factor, relative-value and event-spillover testing.","NSE classification, annual-report source inventory and v2 profile reconciliation",0.72,True
ind_nifty500,company:IRCON,company,IRCON,IRCON International Ltd.,company:CEMPRO,company,CEMPRO,Cemindia Projects Ltd.,direct_competitor,bidirectional,negative,0,180,high,inferred_from_filings,Cross-batch reconciliation found same basic industry between IRCON and CEMPRO.,"Useful for peer, common-factor, relative-value and event-spillover testing.","NSE classification, annual-report source inventory and v2 profile reconciliation",0.72,True
ind_nifty500,company:IRCON,company,IRCON,IRCON International Ltd.,company:ENGINERSIN,company,ENGINERSIN,Engineers India Ltd.,direct_competitor,bidirectional,negative,0,180,high,inferred_from_filings,Cross-batch reconciliation found same basic industry between IRCON and ENGINERSIN.,"Useful for peer, common-factor, relative-value and event-spillover testing.","NSE classification, annual-report source inventory and v2 profile reconciliation",0.72,True
ind_nifty500,company:IRCTC,company,IRCTC,Indian Railway Catering And Tourism Corporation Ltd.,company:BLS,company,BLS,BLS International Services Ltd.,direct_competitor,bidirectional,negative,0,180,high,inferred_from_filings,Cross-batch reconciliation found same basic industry between IRCTC and BLS.,"Useful for peer, common-factor, relative-value and event-spillover testing.","NSE classification, annual-report source inventory and v2 profile reconciliation",0.72,True
ind_nifty500,company:IRCTC,company,IRCTC,Indian Railway Catering And Tourism Corporation Ltd.,company:TBOTEK,company,TBOTEK,TBO Tek Ltd.,direct_competitor,bidirectional,negative,0,180,high,inferred_from_filings,Cross-batch reconciliation found same basic industry between IRCTC and TBOTEK.,"Useful for peer, common-factor, relative-value and event-spillover testing.","NSE classification, annual-report source inventory and v2 profile reconciliation",0.72,True
ind_nifty500,company:IREDA,company,IREDA,Indian Renewable Energy Development Agency Ltd.,company:HUDCO,company,HUDCO,Housing & Urban Development Corporation Ltd.,direct_competitor,bidirectional,negative,0,180,high,inferred_from_filings,Cross-batch reconciliation found same basic industry between IREDA and HUDCO.,"Useful for peer, common-factor, relative-value and event-spillover testing.","NSE classification, annual-report source inventory and v2 profile reconciliation",0.72,True
ind_nifty500,company:IREDA,company,IREDA,Indian Renewable Energy Development Agency Ltd.,company:IFCI,company,IFCI,IFCI Ltd.,direct_competitor,bidirectional,negative,0,180,high,inferred_from_filings,Cross-batch reconciliation found same basic industry between IREDA and IFCI.,"Useful for peer, common-factor, relative-value and event-spillover testing.","NSE classification, annual-report source inventory and v2 profile reconciliation",0.72,True
ind_nifty500,company:IRFC,company,IRFC,Indian Railway Finance Corporation Ltd.,company:HUDCO,company,HUDCO,Housing & Urban Development Corporation Ltd.,direct_competitor,bidirectional,negative,0,180,high,inferred_from_filings,Cross-batch reconciliation found same basic industry between IRFC and HUDCO.,"Useful for peer, common-factor, relative-value and event-spillover testing.","NSE classification, annual-report source inventory and v2 profile reconciliation",0.72,True
ind_nifty500,company:IRFC,company,IRFC,Indian Railway Finance Corporation Ltd.,company:IFCI,company,IFCI,IFCI Ltd.,direct_competitor,bidirectional,negative,0,180,high,inferred_from_filings,Cross-batch reconciliation found same basic industry between IRFC and IFCI.,"Useful for peer, common-factor, relative-value and event-spillover testing.","NSE classification, annual-report source inventory and v2 profile reconciliation",0.72,True
ind_nifty500,company:ITC,company,ITC,ITC Ltd.,company:HINDUNILVR,company,HINDUNILVR,HINDUSTAN UNILEVER LTD.,direct_competitor,bidirectional,negative,0,180,high,inferred_from_filings,Cross-batch reconciliation found same basic industry between ITC and HINDUNILVR.,"Useful for peer, common-factor, relative-value and event-spillover testing.","NSE classification, annual-report source inventory and v2 profile reconciliation",0.72,True
ind_nifty500,company:ITC,company,ITC,ITC Ltd.,company:ABDL,company,ABDL,Allied Blenders and Distillers Ltd.,common_customer_industry,bidirectional,mixed,0,180,medium,inferred_from_filings,Cross-batch reconciliation found shared customer industry between ITC and ABDL.,"Useful for peer, common-factor, relative-value and event-spillover testing.","NSE classification, annual-report source inventory and v2 profile reconciliation",0.6,True
ind_nifty500,company:ITCHOTELS,company,ITCHOTELS,ITC Hotels Ltd.,company:CHALET,company,CHALET,Chalet Hotels Ltd.,direct_competitor,bidirectional,negative,0,180,high,inferred_from_filings,Cross-batch reconciliation found same basic industry between ITCHOTELS and CHALET.,"Useful for peer, common-factor, relative-value and event-spillover testing.","NSE classification, annual-report source inventory and v2 profile reconciliation",0.72,True
ind_nifty500,company:ITCHOTELS,company,ITCHOTELS,ITC Hotels Ltd.,company:EIHOTEL,company,EIHOTEL,EIH Ltd.,direct_competitor,bidirectional,negative,0,180,high,inferred_from_filings,Cross-batch reconciliation found same basic industry between ITCHOTELS and EIHOTEL.,"Useful for peer, common-factor, relative-value and event-spillover testing.","NSE classification, annual-report source inventory and v2 profile reconciliation",0.72,True
nifty_500_shariah,company:ITI,company,ITI,ITI Ltd.,company:AFCONS,company,AFCONS,Afcons Infrastructure Ltd.,common_customer_industry,bidirectional,mixed,0,180,medium,inferred_from_filings,Cross-batch reconciliation found shared customer industry between ITI and AFCONS.,"Useful for peer, common-factor, relative-value and event-spillover testing.","NSE classification, annual-report source inventory and v2 profile reconciliation",0.6,True
nifty_500_shariah,company:ITI,company,ITI,ITI Ltd.,company:APARINDS,company,APARINDS,Apar Industries Ltd.,common_customer_industry,bidirectional,mixed,0,180,medium,inferred_from_filings,Cross-batch reconciliation found shared customer industry between ITI and APARINDS.,"Useful for peer, common-factor, relative-value and event-spillover testing.","NSE classification, annual-report source inventory and v2 profile reconciliation",0.6,True
ind_nifty500,company:J&KBANK,company,J&KBANK,Jammu & Kashmir Bank Ltd.,company:AXISBANK,company,AXISBANK,Axis Bank Ltd.,direct_competitor,bidirectional,negative,0,180,high,inferred_from_filings,Cross-batch reconciliation found same basic industry between J&KBANK and AXISBANK.,"Useful for peer, common-factor, relative-value and event-spillover testing.","NSE classification, annual-report source inventory and v2 profile reconciliation",0.72,True
ind_nifty500,company:J&KBANK,company,J&KBANK,Jammu & Kashmir Bank Ltd.,company:BANDHANBNK,company,BANDHANBNK,Bandhan Bank Ltd.,direct_competitor,bidirectional,negative,0,180,high,inferred_from_filings,Cross-batch reconciliation found same basic industry between J&KBANK and BANDHANBNK.,"Useful for peer, common-factor, relative-value and event-spillover testing.","NSE classification, annual-report source inventory and v2 profile reconciliation",0.72,True
ind_nifty500,company:JAINREC,company,JAINREC,Jain Resource Recycling Ltd.,company:AARTIIND,company,AARTIIND,Aarti Industries Ltd.,common_customer_industry,bidirectional,mixed,0,180,medium,inferred_from_filings,Cross-batch reconciliation found shared customer industry between JAINREC and AARTIIND.,"Useful for peer, common-factor, relative-value and event-spillover testing.","NSE classification, annual-report source inventory and v2 profile reconciliation",0.6,True
ind_nifty500,company:JAINREC,company,JAINREC,Jain Resource Recycling Ltd.,company:ABB,company,ABB,ABB India Ltd.,common_customer_industry,bidirectional,mixed,0,180,medium,inferred_from_filings,Cross-batch reconciliation found shared customer industry between JAINREC and ABB.,"Useful for peer, common-factor, relative-value and event-spillover testing.","NSE classification, annual-report source inventory and v2 profile reconciliation",0.6,True
nifty_500_shariah,company:JBCHEPHARM,company,JBCHEPHARM,J B Chemicals & Pharmaceuticals Ltd.,company:ACUTAAS,company,ACUTAAS,Acutaas Chemicals Ltd.,direct_competitor,bidirectional,negative,0,180,high,inferred_from_filings,Cross-batch reconciliation found same basic industry between JBCHEPHARM and ACUTAAS.,"Useful for peer, common-factor, relative-value and event-spillover testing.","NSE classification, annual-report source inventory and v2 profile reconciliation",0.72,True
nifty_500_shariah,company:JBCHEPHARM,company,JBCHEPHARM,J B Chemicals & Pharmaceuticals Ltd.,company:AJANTPHARM,company,AJANTPHARM,Ajanta Pharma Ltd.,direct_competitor,bidirectional,negative,0,180,high,inferred_from_filings,Cross-batch reconciliation found same basic industry between JBCHEPHARM and AJANTPHARM.,"Useful for peer, common-factor, relative-value and event-spillover testing.","NSE classification, annual-report source inventory and v2 profile reconciliation",0.72,True
ind_nifty500,company:JBMA,company,JBMA,JBM Auto Ltd.,company:ARE&M,company,ARE&M,Amara Raja Energy & Mobility Ltd.,direct_competitor,bidirectional,negative,0,180,high,inferred_from_filings,Cross-batch reconciliation found same basic industry between JBMA and ARE&M.,"Useful for peer, common-factor, relative-value and event-spillover testing.","NSE classification, annual-report source inventory and v2 profile reconciliation",0.72,True
ind_nifty500,company:JBMA,company,JBMA,JBM Auto Ltd.,company:ASAHIINDIA,company,ASAHIINDIA,Asahi India Glass Ltd.,direct_competitor,bidirectional,negative,0,180,high,inferred_from_filings,Cross-batch reconciliation found same basic industry between JBMA and ASAHIINDIA.,"Useful for peer, common-factor, relative-value and event-spillover testing.","NSE classification, annual-report source inventory and v2 profile reconciliation",0.72,True
nifty_500_shariah,company:JINDALSAW,company,JINDALSAW,Jindal Saw Ltd.,company:APLAPOLLO,company,APLAPOLLO,APL Apollo Tubes Ltd.,direct_competitor,bidirectional,negative,0,180,high,inferred_from_filings,Cross-batch reconciliation found same basic industry between JINDALSAW and APLAPOLLO.,"Useful for peer, common-factor, relative-value and event-spillover testing.","NSE classification, annual-report source inventory and v2 profile reconciliation",0.72,True
nifty_500_shariah,company:JINDALSAW,company,JINDALSAW,Jindal Saw Ltd.,company:GALLANTT,company,GALLANTT,Gallantt Ispat Ltd.,direct_competitor,bidirectional,negative,0,180,high,inferred_from_filings,Cross-batch reconciliation found same basic industry between JINDALSAW and GALLANTT.,"Useful for peer, common-factor, relative-value and event-spillover testing.","NSE classification, annual-report source inventory and v2 profile reconciliation",0.72,True
nifty_500_shariah,company:JINDALSTEL,company,JINDALSTEL,Jindal Steel Ltd.,company:JSL,company,JSL,Jindal Stainless Ltd.,direct_competitor,bidirectional,negative,0,180,high,inferred_from_filings,Cross-batch reconciliation found same basic industry between JINDALSTEL and JSL.,"Useful for peer, common-factor, relative-value and event-spillover testing.","NSE classification, annual-report source inventory and v2 profile reconciliation",0.72,True
nifty_500_shariah,company:JINDALSTEL,company,JINDALSTEL,Jindal Steel Ltd.,company:ABFRL,company,ABFRL,Aditya Birla Fashion and Retail Ltd.,common_customer_industry,bidirectional,mixed,0,180,medium,inferred_from_filings,Cross-batch reconciliation found shared customer industry between JINDALSTEL and ABFRL.,"Useful for peer, common-factor, relative-value and event-spillover testing.","NSE classification, annual-report source inventory and v2 profile reconciliation",0.6,True
ind_nifty500,company:JIOFIN,company,JIOFIN,Jio Financial Services Ltd.,company:ABCAPITAL,company,ABCAPITAL,Aditya Birla Capital Ltd.,direct_competitor,bidirectional,negative,0,180,high,inferred_from_filings,Cross-batch reconciliation found same basic industry between JIOFIN and ABCAPITAL.,"Useful for peer, common-factor, relative-value and event-spillover testing.","NSE classification, annual-report source inventory and v2 profile reconciliation",0.72,True
ind_nifty500,company:JIOFIN,company,JIOFIN,Jio Financial Services Ltd.,company:CHOLAHLDNG,company,CHOLAHLDNG,Cholamandalam Financial Holdings Ltd.,direct_competitor,bidirectional,negative,0,180,high,inferred_from_filings,Cross-batch reconciliation found same basic industry between JIOFIN and CHOLAHLDNG.,"Useful for peer, common-factor, relative-value and event-spillover testing.","NSE classification, annual-report source inventory and v2 profile reconciliation",0.72,True
ind_nifty500,company:JKCEMENT,company,JKCEMENT,J.K. Cement Ltd.,company:ACC,company,ACC,ACC Ltd.,direct_competitor,bidirectional,negative,0,180,high,inferred_from_filings,Cross-batch reconciliation found same basic industry between JKCEMENT and ACC.,"Useful for peer, common-factor, relative-value and event-spillover testing.","NSE classification, annual-report source inventory and v2 profile reconciliation",0.72,True
ind_nifty500,company:JKCEMENT,company,JKCEMENT,J.K. Cement Ltd.,company:AMBUJACEM,company,AMBUJACEM,Ambuja Cements Ltd.,direct_competitor,bidirectional,negative,0,180,high,inferred_from_filings,Cross-batch reconciliation found same basic industry between JKCEMENT and AMBUJACEM.,"Useful for peer, common-factor, relative-value and event-spillover testing.","NSE classification, annual-report source inventory and v2 profile reconciliation",0.72,True
ind_nifty500,company:JKTYRE,company,JKTYRE,JK Tyre & Industries Ltd.,company:APOLLOTYRE,company,APOLLOTYRE,Apollo Tyres Ltd.,direct_competitor,bidirectional,negative,0,180,high,inferred_from_filings,Cross-batch reconciliation found same basic industry between JKTYRE and APOLLOTYRE.,"Useful for peer, common-factor, relative-value and event-spillover testing.","NSE classification, annual-report source inventory and v2 profile reconciliation",0.72,True
ind_nifty500,company:JKTYRE,company,JKTYRE,JK Tyre & Industries Ltd.,company:BALKRISIND,company,BALKRISIND,Balkrishna Industries Ltd.,direct_competitor,bidirectional,negative,0,180,high,inferred_from_filings,Cross-batch reconciliation found same basic industry between JKTYRE and BALKRISIND.,"Useful for peer, common-factor, relative-value and event-spillover testing.","NSE classification, annual-report source inventory and v2 profile reconciliation",0.72,True
ind_nifty500,company:JMFINANCIL,company,JMFINANCIL,JM Financial Ltd.,company:BAJAJFINSV,company,BAJAJFINSV,Bajaj Finserv Ltd.,direct_competitor,bidirectional,negative,0,180,high,inferred_from_filings,Cross-batch reconciliation found same basic industry between JMFINANCIL and BAJAJFINSV.,"Useful for peer, common-factor, relative-value and event-spillover testing.","NSE classification, annual-report source inventory and v2 profile reconciliation",0.72,True
ind_nifty500,company:JMFINANCIL,company,JMFINANCIL,JM Financial Ltd.,company:BAJAJHLDNG,company,BAJAJHLDNG,Bajaj Holdings & Investment Ltd.,direct_competitor,bidirectional,negative,0,180,high,inferred_from_filings,Cross-batch reconciliation found same basic industry between JMFINANCIL and BAJAJHLDNG.,"Useful for peer, common-factor, relative-value and event-spillover testing.","NSE classification, annual-report source inventory and v2 profile reconciliation",0.72,True
ind_nifty500,company:JPPOWER,company,JPPOWER,Jaiprakash Power Ventures Ltd.,company:ACMESOLAR,company,ACMESOLAR,ACME Solar Holdings Ltd.,direct_competitor,bidirectional,negative,0,180,high,inferred_from_filings,Cross-batch reconciliation found same basic industry between JPPOWER and ACMESOLAR.,"Useful for peer, common-factor, relative-value and event-spillover testing.","NSE classification, annual-report source inventory and v2 profile reconciliation",0.72,True
ind_nifty500,company:JPPOWER,company,JPPOWER,Jaiprakash Power Ventures Ltd.,company:ADANIGREEN,company,ADANIGREEN,Adani Green Energy Ltd.,direct_competitor,bidirectional,negative,0,180,high,inferred_from_filings,Cross-batch reconciliation found same basic industry between JPPOWER and ADANIGREEN.,"Useful for peer, common-factor, relative-value and event-spillover testing.","NSE classification, annual-report source inventory and v2 profile reconciliation",0.72,True
nifty_500_shariah,company:JSL,company,JSL,Jindal Stainless Ltd.,company:JINDALSTEL,company,JINDALSTEL,Jindal Steel Ltd.,direct_competitor,bidirectional,negative,0,180,high,inferred_from_filings,Cross-batch reconciliation found same basic industry between JSL and JINDALSTEL.,"Useful for peer, common-factor, relative-value and event-spillover testing.","NSE classification, annual-report source inventory and v2 profile reconciliation",0.72,True
nifty_500_shariah,company:JSL,company,JSL,Jindal Stainless Ltd.,company:ABFRL,company,ABFRL,Aditya Birla Fashion and Retail Ltd.,common_customer_industry,bidirectional,mixed,0,180,medium,inferred_from_filings,Cross-batch reconciliation found shared customer industry between JSL and ABFRL.,"Useful for peer, common-factor, relative-value and event-spillover testing.","NSE classification, annual-report source inventory and v2 profile reconciliation",0.6,True
ind_nifty500,company:JSWCEMENT,company,JSWCEMENT,JSW Cement Ltd.,company:ACC,company,ACC,ACC Ltd.,direct_competitor,bidirectional,negative,0,180,high,inferred_from_filings,Cross-batch reconciliation found same basic industry between JSWCEMENT and ACC.,"Useful for peer, common-factor, relative-value and event-spillover testing.","NSE classification, annual-report source inventory and v2 profile reconciliation",0.72,True
ind_nifty500,company:JSWCEMENT,company,JSWCEMENT,JSW Cement Ltd.,company:AMBUJACEM,company,AMBUJACEM,Ambuja Cements Ltd.,direct_competitor,bidirectional,negative,0,180,high,inferred_from_filings,Cross-batch reconciliation found same basic industry between JSWCEMENT and AMBUJACEM.,"Useful for peer, common-factor, relative-value and event-spillover testing.","NSE classification, annual-report source inventory and v2 profile reconciliation",0.72,True
ind_nifty500,company:JSWDULUX,company,JSWDULUX,JSW Dulux Ltd.,company:ASIANPAINT,company,ASIANPAINT,ASIAN PAINTS LTD.,direct_competitor,bidirectional,negative,0,180,high,inferred_from_filings,Cross-batch reconciliation found same basic industry between JSWDULUX and ASIANPAINT.,"Useful for peer, common-factor, relative-value and event-spillover testing.","NSE classification, annual-report source inventory and v2 profile reconciliation",0.72,True
ind_nifty500,company:JSWDULUX,company,JSWDULUX,JSW Dulux Ltd.,company:BERGEPAINT,company,BERGEPAINT,Berger Paints (India) Ltd.,direct_competitor,bidirectional,negative,0,180,high,inferred_from_filings,Cross-batch reconciliation found same basic industry between JSWDULUX and BERGEPAINT.,"Useful for peer, common-factor, relative-value and event-spillover testing.","NSE classification, annual-report source inventory and v2 profile reconciliation",0.72,True
ind_nifty500,company:JSWENERGY,company,JSWENERGY,JSW Energy Ltd.,company:ACMESOLAR,company,ACMESOLAR,ACME Solar Holdings Ltd.,direct_competitor,bidirectional,negative,0,180,high,inferred_from_filings,Cross-batch reconciliation found same basic industry between JSWENERGY and ACMESOLAR.,"Useful for peer, common-factor, relative-value and event-spillover testing.","NSE classification, annual-report source inventory and v2 profile reconciliation",0.72,True
ind_nifty500,company:JSWENERGY,company,JSWENERGY,JSW Energy Ltd.,company:ADANIGREEN,company,ADANIGREEN,Adani Green Energy Ltd.,direct_competitor,bidirectional,negative,0,180,high,inferred_from_filings,Cross-batch reconciliation found same basic industry between JSWENERGY and ADANIGREEN.,"Useful for peer, common-factor, relative-value and event-spillover testing.","NSE classification, annual-report source inventory and v2 profile reconciliation",0.72,True
ind_nifty500,company:JSWINFRA,company,JSWINFRA,JSW Infrastructure Ltd.,company:ADANIPORTS,company,ADANIPORTS,Adani Ports and Special Economic Zone Ltd.,direct_competitor,bidirectional,negative,0,180,high,inferred_from_filings,Cross-batch reconciliation found same basic industry between JSWINFRA and ADANIPORTS.,"Useful for peer, common-factor, relative-value and event-spillover testing.","NSE classification, annual-report source inventory and v2 profile reconciliation",0.72,True
ind_nifty500,company:JSWINFRA,company,JSWINFRA,JSW Infrastructure Ltd.,company:GMRAIRPORT,company,GMRAIRPORT,GMR Airports Ltd.,partial_competitor,bidirectional,negative,0,180,medium,inferred_from_filings,Cross-batch reconciliation found same industry between JSWINFRA and GMRAIRPORT.,"Useful for peer, common-factor, relative-value and event-spillover testing.","NSE classification, annual-report source inventory and v2 profile reconciliation",0.72,True
ind_nifty500,company:JSWSTEEL,company,JSWSTEEL,JSW Steel Ltd.,company:JINDALSTEL,company,JINDALSTEL,Jindal Steel Ltd.,direct_competitor,bidirectional,negative,0,180,high,inferred_from_filings,Cross-batch reconciliation found same basic industry between JSWSTEEL and JINDALSTEL.,"Useful for peer, common-factor, relative-value and event-spillover testing.","NSE classification, annual-report source inventory and v2 profile reconciliation",0.72,True
ind_nifty500,company:JSWSTEEL,company,JSWSTEEL,JSW Steel Ltd.,company:JSL,company,JSL,Jindal Stainless Ltd.,direct_competitor,bidirectional,negative,0,180,high,inferred_from_filings,Cross-batch reconciliation found same basic industry between JSWSTEEL and JSL.,"Useful for peer, common-factor, relative-value and event-spillover testing.","NSE classification, annual-report source inventory and v2 profile reconciliation",0.72,True
ind_nifty500,company:JUBLFOOD,company,JUBLFOOD,Jubilant Foodworks Ltd.,company:DEVYANI,company,DEVYANI,Devyani International Ltd.,direct_competitor,bidirectional,negative,0,180,high,inferred_from_filings,Cross-batch reconciliation found same basic industry between JUBLFOOD and DEVYANI.,"Useful for peer, common-factor, relative-value and event-spillover testing.","NSE classification, annual-report source inventory and v2 profile reconciliation",0.72,True
ind_nifty500,company:JUBLFOOD,company,JUBLFOOD,Jubilant Foodworks Ltd.,company:SAPPHIRE,company,SAPPHIRE,Sapphire Foods India Ltd.,direct_competitor,bidirectional,negative,0,180,high,inferred_from_filings,Cross-batch reconciliation found same basic industry between JUBLFOOD and SAPPHIRE.,"Useful for peer, common-factor, relative-value and event-spillover testing.","NSE classification, annual-report source inventory and v2 profile reconciliation",0.72,True
nifty_500_shariah,company:JUBLINGREA,company,JUBLINGREA,Jubilant Ingrevia Ltd.,company:ATUL,company,ATUL,Atul Ltd.,direct_competitor,bidirectional,negative,0,180,high,inferred_from_filings,Cross-batch reconciliation found same basic industry between JUBLINGREA and ATUL.,"Useful for peer, common-factor, relative-value and event-spillover testing.","NSE classification, annual-report source inventory and v2 profile reconciliation",0.72,True
nifty_500_shariah,company:JUBLINGREA,company,JUBLINGREA,Jubilant Ingrevia Ltd.,company:DEEPAKNTR,company,DEEPAKNTR,Deepak Nitrite Ltd.,direct_competitor,bidirectional,negative,0,180,high,inferred_from_filings,Cross-batch reconciliation found same basic industry between JUBLINGREA and DEEPAKNTR.,"Useful for peer, common-factor, relative-value and event-spillover testing.","NSE classification, annual-report source inventory and v2 profile reconciliation",0.72,True
nifty_500_shariah,company:JUBLPHARMA,company,JUBLPHARMA,Jubilant Pharmova Ltd.,company:ACUTAAS,company,ACUTAAS,Acutaas Chemicals Ltd.,direct_competitor,bidirectional,negative,0,180,high,inferred_from_filings,Cross-batch reconciliation found same basic industry between JUBLPHARMA and ACUTAAS.,"Useful for peer, common-factor, relative-value and event-spillover testing.","NSE classification, annual-report source inventory and v2 profile reconciliation",0.72,True
nifty_500_shariah,company:JUBLPHARMA,company,JUBLPHARMA,Jubilant Pharmova Ltd.,company:AJANTPHARM,company,AJANTPHARM,Ajanta Pharma Ltd.,direct_competitor,bidirectional,negative,0,180,high,inferred_from_filings,Cross-batch reconciliation found same basic industry between JUBLPHARMA and AJANTPHARM.,"Useful for peer, common-factor, relative-value and event-spillover testing.","NSE classification, annual-report source inventory and v2 profile reconciliation",0.72,True
nifty_500_shariah,company:JWL,company,JWL,Jupiter Wagons Ltd.,company:CPPLUS,company,CPPLUS,Aditya Infotech Ltd.,partial_competitor,bidirectional,negative,0,180,medium,inferred_from_filings,Cross-batch reconciliation found same industry between JWL and CPPLUS.,"Useful for peer, common-factor, relative-value and event-spillover testing.","NSE classification, annual-report source inventory and v2 profile reconciliation",0.72,True
nifty_500_shariah,company:JWL,company,JWL,Jupiter Wagons Ltd.,company:JYOTICNC,company,JYOTICNC,Jyoti CNC Automation Ltd.,partial_competitor,bidirectional,negative,0,180,medium,inferred_from_filings,Cross-batch reconciliation found same industry between JWL and JYOTICNC.,"Useful for peer, common-factor, relative-value and event-spillover testing.","NSE classification, annual-report source inventory and v2 profile reconciliation",0.72,True
nifty_500_shariah,company:JYOTICNC,company,JYOTICNC,Jyoti CNC Automation Ltd.,company:CPPLUS,company,CPPLUS,Aditya Infotech Ltd.,direct_competitor,bidirectional,negative,0,180,high,inferred_from_filings,Cross-batch reconciliation found same basic industry between JYOTICNC and CPPLUS.,"Useful for peer, common-factor, relative-value and event-spillover testing.","NSE classification, annual-report source inventory and v2 profile reconciliation",0.72,True
nifty_500_shariah,company:JYOTICNC,company,JYOTICNC,Jyoti CNC Automation Ltd.,company:JWL,company,JWL,Jupiter Wagons Ltd.,partial_competitor,bidirectional,negative,0,180,medium,inferred_from_filings,Cross-batch reconciliation found same industry between JYOTICNC and JWL.,"Useful for peer, common-factor, relative-value and event-spillover testing.","NSE classification, annual-report source inventory and v2 profile reconciliation",0.72,True
nifty_500_shariah,company:KAJARIACER,company,KAJARIACER,Kajaria Ceramics Ltd.,company:AMBER,company,AMBER,Amber Enterprises India Ltd.,partial_competitor,bidirectional,negative,0,180,medium,inferred_from_filings,Cross-batch reconciliation found same industry between KAJARIACER and AMBER.,"Useful for peer, common-factor, relative-value and event-spillover testing.","NSE classification, annual-report source inventory and v2 profile reconciliation",0.72,True
nifty_500_shariah,company:KAJARIACER,company,KAJARIACER,Kajaria Ceramics Ltd.,company:ASIANPAINT,company,ASIANPAINT,ASIAN PAINTS LTD.,partial_competitor,bidirectional,negative,0,180,medium,inferred_from_filings,Cross-batch reconciliation found same industry between KAJARIACER and ASIANPAINT.,"Useful for peer, common-factor, relative-value and event-spillover testing.","NSE classification, annual-report source inventory and v2 profile reconciliation",0.72,True
ind_nifty500,company:KALYANKJIL,company,KALYANKJIL,Kalyan Jewellers India Ltd.,company:TITAN,company,TITAN,Titan Company Ltd.,direct_competitor,bidirectional,negative,0,180,high,inferred_from_filings,Cross-batch reconciliation found same basic industry between KALYANKJIL and TITAN.,"Useful for peer, common-factor, relative-value and event-spillover testing.","NSE classification, annual-report source inventory and v2 profile reconciliation",0.72,True
ind_nifty500,company:KALYANKJIL,company,KALYANKJIL,Kalyan Jewellers India Ltd.,company:AMBER,company,AMBER,Amber Enterprises India Ltd.,partial_competitor,bidirectional,negative,0,180,medium,inferred_from_filings,Cross-batch reconciliation found same industry between KALYANKJIL and AMBER.,"Useful for peer, common-factor, relative-value and event-spillover testing.","NSE classification, annual-report source inventory and v2 profile reconciliation",0.72,True
ind_nifty500,company:KARURVYSYA,company,KARURVYSYA,Karur Vysya Bank Ltd.,company:AXISBANK,company,AXISBANK,Axis Bank Ltd.,direct_competitor,bidirectional,negative,0,180,high,inferred_from_filings,Cross-batch reconciliation found same basic industry between KARURVYSYA and AXISBANK.,"Useful for peer, common-factor, relative-value and event-spillover testing.","NSE classification, annual-report source inventory and v2 profile reconciliation",0.72,True
ind_nifty500,company:KARURVYSYA,company,KARURVYSYA,Karur Vysya Bank Ltd.,company:BANDHANBNK,company,BANDHANBNK,Bandhan Bank Ltd.,direct_competitor,bidirectional,negative,0,180,high,inferred_from_filings,Cross-batch reconciliation found same basic industry between KARURVYSYA and BANDHANBNK.,"Useful for peer, common-factor, relative-value and event-spillover testing.","NSE classification, annual-report source inventory and v2 profile reconciliation",0.72,True
ind_nifty500,company:KAYNES,company,KAYNES,Kaynes Technology India Ltd.,company:CPPLUS,company,CPPLUS,Aditya Infotech Ltd.,direct_competitor,bidirectional,negative,0,180,high,inferred_from_filings,Cross-batch reconciliation found same basic industry between KAYNES and CPPLUS.,"Useful for peer, common-factor, relative-value and event-spillover testing.","NSE classification, annual-report source inventory and v2 profile reconciliation",0.72,True
ind_nifty500,company:KAYNES,company,KAYNES,Kaynes Technology India Ltd.,company:HONAUT,company,HONAUT,Honeywell Automation India Ltd.,direct_competitor,bidirectional,negative,0,180,high,inferred_from_filings,Cross-batch reconciliation found same basic industry between KAYNES and HONAUT.,"Useful for peer, common-factor, relative-value and event-spillover testing.","NSE classification, annual-report source inventory and v2 profile reconciliation",0.72,True
nifty_500_shariah,company:KEC,company,KEC,KEC International Ltd.,company:AFCONS,company,AFCONS,Afcons Infrastructure Ltd.,direct_competitor,bidirectional,negative,0,180,high,inferred_from_filings,Cross-batch reconciliation found same basic industry between KEC and AFCONS.,"Useful for peer, common-factor, relative-value and event-spillover testing.","NSE classification, annual-report source inventory and v2 profile reconciliation",0.72,True
nifty_500_shariah,company:KEC,company,KEC,KEC International Ltd.,company:CEMPRO,company,CEMPRO,Cemindia Projects Ltd.,direct_competitor,bidirectional,negative,0,180,high,inferred_from_filings,Cross-batch reconciliation found same basic industry between KEC and CEMPRO.,"Useful for peer, common-factor, relative-value and event-spillover testing.","NSE classification, annual-report source inventory and v2 profile reconciliation",0.72,True
nifty_500_shariah,company:KEI,company,KEI,KEI Industries Ltd.,company:FINCABLES,company,FINCABLES,Finolex Cables Ltd.,direct_competitor,bidirectional,negative,0,180,high,inferred_from_filings,Cross-batch reconciliation found same basic industry between KEI and FINCABLES.,"Useful for peer, common-factor, relative-value and event-spillover testing.","NSE classification, annual-report source inventory and v2 profile reconciliation",0.72,True
nifty_500_shariah,company:KEI,company,KEI,KEI Industries Ltd.,company:APLAPOLLO,company,APLAPOLLO,APL Apollo Tubes Ltd.,partial_competitor,bidirectional,negative,0,180,medium,inferred_from_filings,Cross-batch reconciliation found same industry between KEI and APLAPOLLO.,"Useful for peer, common-factor, relative-value and event-spillover testing.","NSE classification, annual-report source inventory and v2 profile reconciliation",0.72,True
ind_nifty500,company:KFINTECH,company,KFINTECH,Kfin Technologies Ltd.,company:CAMS,company,CAMS,Computer Age Management Services Ltd.,direct_competitor,bidirectional,negative,0,180,high,inferred_from_filings,Cross-batch reconciliation found same basic industry between KFINTECH and CAMS.,"Useful for peer, common-factor, relative-value and event-spillover testing.","NSE classification, annual-report source inventory and v2 profile reconciliation",0.72,True
ind_nifty500,company:KFINTECH,company,KFINTECH,Kfin Technologies Ltd.,company:CDSL,company,CDSL,Central Depository Services (India) Ltd.,direct_competitor,bidirectional,negative,0,180,high,inferred_from_filings,Cross-batch reconciliation found same basic industry between KFINTECH and CDSL.,"Useful for peer, common-factor, relative-value and event-spillover testing.","NSE classification, annual-report source inventory and v2 profile reconciliation",0.72,True
ind_nifty500,company:KIMS,company,KIMS,Krishna Institute of Medical Sciences Ltd.,company:APOLLOHOSP,company,APOLLOHOSP,Apollo Hospitals Enterprise Ltd.,direct_competitor,bidirectional,negative,0,180,high,inferred_from_filings,Cross-batch reconciliation found same basic industry between KIMS and APOLLOHOSP.,"Useful for peer, common-factor, relative-value and event-spillover testing.","NSE classification, annual-report source inventory and v2 profile reconciliation",0.72,True
ind_nifty500,company:KIMS,company,KIMS,Krishna Institute of Medical Sciences Ltd.,company:ASTERDM,company,ASTERDM,Aster DM Healthcare Ltd.,direct_competitor,bidirectional,negative,0,180,high,inferred_from_filings,Cross-batch reconciliation found same basic industry between KIMS and ASTERDM.,"Useful for peer, common-factor, relative-value and event-spillover testing.","NSE classification, annual-report source inventory and v2 profile reconciliation",0.72,True
ind_nifty500,company:KIRLOSENG,company,KIRLOSENG,Kirloskar Oil Eng Ltd.,company:CUMMINSIND,company,CUMMINSIND,Cummins India Ltd.,direct_competitor,bidirectional,negative,0,180,high,inferred_from_filings,Cross-batch reconciliation found same basic industry between KIRLOSENG and CUMMINSIND.,"Useful for peer, common-factor, relative-value and event-spillover testing.","NSE classification, annual-report source inventory and v2 profile reconciliation",0.72,True
ind_nifty500,company:KIRLOSENG,company,KIRLOSENG,Kirloskar Oil Eng Ltd.,company:ELGIEQUIP,company,ELGIEQUIP,Elgi Equipments Ltd.,direct_competitor,bidirectional,negative,0,180,high,inferred_from_filings,Cross-batch reconciliation found same basic industry between KIRLOSENG and ELGIEQUIP.,"Useful for peer, common-factor, relative-value and event-spillover testing.","NSE classification, annual-report source inventory and v2 profile reconciliation",0.72,True
ind_nifty500,company:KOTAKBANK,company,KOTAKBANK,Kotak Mahindra Bank Ltd.,company:AXISBANK,company,AXISBANK,Axis Bank Ltd.,direct_competitor,bidirectional,negative,0,180,high,inferred_from_filings,Cross-batch reconciliation found same basic industry between KOTAKBANK and AXISBANK.,"Useful for peer, common-factor, relative-value and event-spillover testing.","NSE classification, annual-report source inventory and v2 profile reconciliation",0.72,True
ind_nifty500,company:KOTAKBANK,company,KOTAKBANK,Kotak Mahindra Bank Ltd.,company:BANDHANBNK,company,BANDHANBNK,Bandhan Bank Ltd.,direct_competitor,bidirectional,negative,0,180,high,inferred_from_filings,Cross-batch reconciliation found same basic industry between KOTAKBANK and BANDHANBNK.,"Useful for peer, common-factor, relative-value and event-spillover testing.","NSE classification, annual-report source inventory and v2 profile reconciliation",0.72,True
nifty_500_shariah,company:KPIL,company,KPIL,Kalpataru Projects International Ltd.,company:AFCONS,company,AFCONS,Afcons Infrastructure Ltd.,direct_competitor,bidirectional,negative,0,180,high,inferred_from_filings,Cross-batch reconciliation found same basic industry between KPIL and AFCONS.,"Useful for peer, common-factor, relative-value and event-spillover testing.","NSE classification, annual-report source inventory and v2 profile reconciliation",0.72,True
nifty_500_shariah,company:KPIL,company,KPIL,Kalpataru Projects International Ltd.,company:CEMPRO,company,CEMPRO,Cemindia Projects Ltd.,direct_competitor,bidirectional,negative,0,180,high,inferred_from_filings,Cross-batch reconciliation found same basic industry between KPIL and CEMPRO.,"Useful for peer, common-factor, relative-value and event-spillover testing.","NSE classification, annual-report source inventory and v2 profile reconciliation",0.72,True
nifty_500_shariah,company:KPITTECH,company,KPITTECH,KPIT Technologies Ltd.,company:BSOFT,company,BSOFT,Birlasoft Ltd.,direct_competitor,bidirectional,negative,0,180,high,inferred_from_filings,Cross-batch reconciliation found same basic industry between KPITTECH and BSOFT.,"Useful for peer, common-factor, relative-value and event-spillover testing.","NSE classification, annual-report source inventory and v2 profile reconciliation",0.72,True
nifty_500_shariah,company:KPITTECH,company,KPITTECH,KPIT Technologies Ltd.,company:COFORGE,company,COFORGE,Coforge Ltd.,direct_competitor,bidirectional,negative,0,180,high,inferred_from_filings,Cross-batch reconciliation found same basic industry between KPITTECH and COFORGE.,"Useful for peer, common-factor, relative-value and event-spillover testing.","NSE classification, annual-report source inventory and v2 profile reconciliation",0.72,True
ind_nifty500,company:KPRMILL,company,KPRMILL,K.P.R. Mill Ltd.,company:TRIDENT,company,TRIDENT,Trident Ltd.,direct_competitor,bidirectional,negative,0,180,high,inferred_from_filings,Cross-batch reconciliation found same basic industry between KPRMILL and TRIDENT.,"Useful for peer, common-factor, relative-value and event-spillover testing.","NSE classification, annual-report source inventory and v2 profile reconciliation",0.72,True
ind_nifty500,company:KPRMILL,company,KPRMILL,K.P.R. Mill Ltd.,company:VTL,company,VTL,Vardhman Textiles Ltd.,direct_competitor,bidirectional,negative,0,180,high,inferred_from_filings,Cross-batch reconciliation found same basic industry between KPRMILL and VTL.,"Useful for peer, common-factor, relative-value and event-spillover testing.","NSE classification, annual-report source inventory and v2 profile reconciliation",0.72,True
ind_nifty500,company:LALPATHLAB,company,LALPATHLAB,Dr. Lal Path Labs Ltd.,company:APOLLOHOSP,company,APOLLOHOSP,Apollo Hospitals Enterprise Ltd.,partial_competitor,bidirectional,negative,0,180,medium,inferred_from_filings,Cross-batch reconciliation found same industry between LALPATHLAB and APOLLOHOSP.,"Useful for peer, common-factor, relative-value and event-spillover testing.","NSE classification, annual-report source inventory and v2 profile reconciliation",0.72,True
ind_nifty500,company:LALPATHLAB,company,LALPATHLAB,Dr. Lal Path Labs Ltd.,company:ASTERDM,company,ASTERDM,Aster DM Healthcare Ltd.,partial_competitor,bidirectional,negative,0,180,medium,inferred_from_filings,Cross-batch reconciliation found same industry between LALPATHLAB and ASTERDM.,"Useful for peer, common-factor, relative-value and event-spillover testing.","NSE classification, annual-report source inventory and v2 profile reconciliation",0.72,True
ind_nifty500,company:LATENTVIEW,company,LATENTVIEW,Latent View Analytics Ltd.,company:BSOFT,company,BSOFT,Birlasoft Ltd.,direct_competitor,bidirectional,negative,0,180,high,inferred_from_filings,Cross-batch reconciliation found same basic industry between LATENTVIEW and BSOFT.,"Useful for peer, common-factor, relative-value and event-spillover testing.","NSE classification, annual-report source inventory and v2 profile reconciliation",0.72,True
ind_nifty500,company:LATENTVIEW,company,LATENTVIEW,Latent View Analytics Ltd.,company:COFORGE,company,COFORGE,Coforge Ltd.,direct_competitor,bidirectional,negative,0,180,high,inferred_from_filings,Cross-batch reconciliation found same basic industry between LATENTVIEW and COFORGE.,"Useful for peer, common-factor, relative-value and event-spillover testing.","NSE classification, annual-report source inventory and v2 profile reconciliation",0.72,True
ind_nifty500,company:LAURUSLABS,company,LAURUSLABS,Laurus Labs Ltd.,company:ABBOTINDIA,company,ABBOTINDIA,Abbott India Ltd.,direct_competitor,bidirectional,negative,0,180,high,inferred_from_filings,Cross-batch reconciliation found same basic industry between LAURUSLABS and ABBOTINDIA.,"Useful for peer, common-factor, relative-value and event-spillover testing.","NSE classification, annual-report source inventory and v2 profile reconciliation",0.72,True
ind_nifty500,company:LAURUSLABS,company,LAURUSLABS,Laurus Labs Ltd.,company:ACUTAAS,company,ACUTAAS,Acutaas Chemicals Ltd.,direct_competitor,bidirectional,negative,0,180,high,inferred_from_filings,Cross-batch reconciliation found same basic industry between LAURUSLABS and ACUTAAS.,"Useful for peer, common-factor, relative-value and event-spillover testing.","NSE classification, annual-report source inventory and v2 profile reconciliation",0.72,True
ind_nifty500,company:LEMONTREE,company,LEMONTREE,Lemon Tree Hotels Ltd.,company:CHALET,company,CHALET,Chalet Hotels Ltd.,direct_competitor,bidirectional,negative,0,180,high,inferred_from_filings,Cross-batch reconciliation found same basic industry between LEMONTREE and CHALET.,"Useful for peer, common-factor, relative-value and event-spillover testing.","NSE classification, annual-report source inventory and v2 profile reconciliation",0.72,True
ind_nifty500,company:LEMONTREE,company,LEMONTREE,Lemon Tree Hotels Ltd.,company:EIHOTEL,company,EIHOTEL,EIH Ltd.,direct_competitor,bidirectional,negative,0,180,high,inferred_from_filings,Cross-batch reconciliation found same basic industry between LEMONTREE and EIHOTEL.,"Useful for peer, common-factor, relative-value and event-spillover testing.","NSE classification, annual-report source inventory and v2 profile reconciliation",0.72,True
ind_nifty500,company:LENSKART,company,LENSKART,Lenskart Solutions Ltd.,company:ABFRL,company,ABFRL,Aditya Birla Fashion and Retail Ltd.,direct_competitor,bidirectional,negative,0,180,high,inferred_from_filings,Cross-batch reconciliation found same basic industry between LENSKART and ABFRL.,"Useful for peer, common-factor, relative-value and event-spillover testing.","NSE classification, annual-report source inventory and v2 profile reconciliation",0.72,True
ind_nifty500,company:LENSKART,company,LENSKART,Lenskart Solutions Ltd.,company:ABLBL,company,ABLBL,Aditya Birla Lifestyle Brands Ltd.,direct_competitor,bidirectional,negative,0,180,high,inferred_from_filings,Cross-batch reconciliation found same basic industry between LENSKART and ABLBL.,"Useful for peer, common-factor, relative-value and event-spillover testing.","NSE classification, annual-report source inventory and v2 profile reconciliation",0.72,True
ind_nifty500,company:LGEINDIA,company,LGEINDIA,LG Electronics India Ltd.,company:AMBER,company,AMBER,Amber Enterprises India Ltd.,direct_competitor,bidirectional,negative,0,180,high,inferred_from_filings,Cross-batch reconciliation found same basic industry between LGEINDIA and AMBER.,"Useful for peer, common-factor, relative-value and event-spillover testing.","NSE classification, annual-report source inventory and v2 profile reconciliation",0.72,True
ind_nifty500,company:LGEINDIA,company,LGEINDIA,LG Electronics India Ltd.,company:BLUESTARCO,company,BLUESTARCO,Blue Star Ltd.,direct_competitor,bidirectional,negative,0,180,high,inferred_from_filings,Cross-batch reconciliation found same basic industry between LGEINDIA and BLUESTARCO.,"Useful for peer, common-factor, relative-value and event-spillover testing.","NSE classification, annual-report source inventory and v2 profile reconciliation",0.72,True
ind_nifty500,company:LICHSGFIN,company,LICHSGFIN,LIC Housing Finance Ltd.,company:AAVAS,company,AAVAS,Aavas Financiers Ltd.,direct_competitor,bidirectional,negative,0,180,high,inferred_from_filings,Cross-batch reconciliation found same basic industry between LICHSGFIN and AAVAS.,"Useful for peer, common-factor, relative-value and event-spillover testing.","NSE classification, annual-report source inventory and v2 profile reconciliation",0.72,True
ind_nifty500,company:LICHSGFIN,company,LICHSGFIN,LIC Housing Finance Ltd.,company:APTUS,company,APTUS,Aptus Value Housing Finance India Ltd.,direct_competitor,bidirectional,negative,0,180,high,inferred_from_filings,Cross-batch reconciliation found same basic industry between LICHSGFIN and APTUS.,"Useful for peer, common-factor, relative-value and event-spillover testing.","NSE classification, annual-report source inventory and v2 profile reconciliation",0.72,True
ind_nifty500,company:LICI,company,LICI,Life Insurance Corporation of India,company:CANHLIFE,company,CANHLIFE,Canara HSBC Life Insurance Company Ltd.,direct_competitor,bidirectional,negative,0,180,high,inferred_from_filings,Cross-batch reconciliation found same basic industry between LICI and CANHLIFE.,"Useful for peer, common-factor, relative-value and event-spillover testing.","NSE classification, annual-report source inventory and v2 profile reconciliation",0.72,True
ind_nifty500,company:LICI,company,LICI,Life Insurance Corporation of India,company:HDFCLIFE,company,HDFCLIFE,HDFC Life Insurance Company Ltd.,direct_competitor,bidirectional,negative,0,180,high,inferred_from_filings,Cross-batch reconciliation found same basic industry between LICI and HDFCLIFE.,"Useful for peer, common-factor, relative-value and event-spillover testing.","NSE classification, annual-report source inventory and v2 profile reconciliation",0.72,True
nifty_500_shariah,company:LINDEINDIA,company,LINDEINDIA,Linde India Ltd.,company:ATUL,company,ATUL,Atul Ltd.,partial_competitor,bidirectional,negative,0,180,medium,inferred_from_filings,Cross-batch reconciliation found same industry between LINDEINDIA and ATUL.,"Useful for peer, common-factor, relative-value and event-spillover testing.","NSE classification, annual-report source inventory and v2 profile reconciliation",0.72,True
nifty_500_shariah,company:LINDEINDIA,company,LINDEINDIA,Linde India Ltd.,company:DEEPAKNTR,company,DEEPAKNTR,Deepak Nitrite Ltd.,partial_competitor,bidirectional,negative,0,180,medium,inferred_from_filings,Cross-batch reconciliation found same industry between LINDEINDIA and DEEPAKNTR.,"Useful for peer, common-factor, relative-value and event-spillover testing.","NSE classification, annual-report source inventory and v2 profile reconciliation",0.72,True
nifty_500_shariah,company:LLOYDSME,company,LLOYDSME,Lloyds Metals & Energy Ltd.,company:GRAVITA,company,GRAVITA,Gravita India Ltd.,direct_competitor,bidirectional,negative,0,180,high,inferred_from_filings,Cross-batch reconciliation found same basic industry between LLOYDSME and GRAVITA.,"Useful for peer, common-factor, relative-value and event-spillover testing.","NSE classification, annual-report source inventory and v2 profile reconciliation",0.72,True
nifty_500_shariah,company:LLOYDSME,company,LLOYDSME,Lloyds Metals & Energy Ltd.,company:ABFRL,company,ABFRL,Aditya Birla Fashion and Retail Ltd.,common_customer_industry,bidirectional,mixed,0,180,medium,inferred_from_filings,Cross-batch reconciliation found shared customer industry between LLOYDSME and ABFRL.,"Useful for peer, common-factor, relative-value and event-spillover testing.","NSE classification, annual-report source inventory and v2 profile reconciliation",0.6,True
nifty_500_shariah,company:LODHA,company,LODHA,Lodha Developers Ltd.,company:ANANTRAJ,company,ANANTRAJ,Anant Raj Ltd.,direct_competitor,bidirectional,negative,0,180,high,inferred_from_filings,Cross-batch reconciliation found same basic industry between LODHA and ANANTRAJ.,"Useful for peer, common-factor, relative-value and event-spillover testing.","NSE classification, annual-report source inventory and v2 profile reconciliation",0.72,True
nifty_500_shariah,company:LODHA,company,LODHA,Lodha Developers Ltd.,company:AMBER,company,AMBER,Amber Enterprises India Ltd.,common_customer_industry,bidirectional,mixed,0,180,medium,inferred_from_filings,Cross-batch reconciliation found shared customer industry between LODHA and AMBER.,"Useful for peer, common-factor, relative-value and event-spillover testing.","NSE classification, annual-report source inventory and v2 profile reconciliation",0.6,True
ind_nifty500,company:LT,company,LT,Larsen & Toubro Ltd.,company:CEMPRO,company,CEMPRO,Cemindia Projects Ltd.,direct_competitor,bidirectional,negative,0,180,high,inferred_from_filings,Cross-batch reconciliation found same basic industry between LT and CEMPRO.,"Useful for peer, common-factor, relative-value and event-spillover testing.","NSE classification, annual-report source inventory and v2 profile reconciliation",0.72,True
ind_nifty500,company:LT,company,LT,Larsen & Toubro Ltd.,company:ENGINERSIN,company,ENGINERSIN,Engineers India Ltd.,direct_competitor,bidirectional,negative,0,180,high,inferred_from_filings,Cross-batch reconciliation found same basic industry between LT and ENGINERSIN.,"Useful for peer, common-factor, relative-value and event-spillover testing.","NSE classification, annual-report source inventory and v2 profile reconciliation",0.72,True
ind_nifty500,company:LTF,company,LTF,L&T Finance Ltd.,company:ABCAPITAL,company,ABCAPITAL,Aditya Birla Capital Ltd.,direct_competitor,bidirectional,negative,0,180,high,inferred_from_filings,Cross-batch reconciliation found same basic industry between LTF and ABCAPITAL.,"Useful for peer, common-factor, relative-value and event-spillover testing.","NSE classification, annual-report source inventory and v2 profile reconciliation",0.72,True
ind_nifty500,company:LTF,company,LTF,L&T Finance Ltd.,company:CHOLAHLDNG,company,CHOLAHLDNG,Cholamandalam Financial Holdings Ltd.,direct_competitor,bidirectional,negative,0,180,high,inferred_from_filings,Cross-batch reconciliation found same basic industry between LTF and CHOLAHLDNG.,"Useful for peer, common-factor, relative-value and event-spillover testing.","NSE classification, annual-report source inventory and v2 profile reconciliation",0.72,True
nifty_500_shariah,company:LTFOODS,company,LTFOODS,LT Foods Ltd.,company:MARICO,company,MARICO,Marico Ltd.,partial_competitor,bidirectional,negative,0,180,medium,inferred_from_filings,Cross-batch reconciliation found same industry between LTFOODS and MARICO.,"Useful for peer, common-factor, relative-value and event-spillover testing.","NSE classification, annual-report source inventory and v2 profile reconciliation",0.72,True
nifty_500_shariah,company:LTFOODS,company,LTFOODS,LT Foods Ltd.,company:TATACONSUM,company,TATACONSUM,TATA CONSUMER PRODUCTS LTD,partial_competitor,bidirectional,negative,0,180,medium,inferred_from_filings,Cross-batch reconciliation found same industry between LTFOODS and TATACONSUM.,"Useful for peer, common-factor, relative-value and event-spillover testing.","NSE classification, annual-report source inventory and v2 profile reconciliation",0.72,True
nifty_500_shariah,company:LTM,company,LTM,LTM Ltd.,company:BSOFT,company,BSOFT,Birlasoft Ltd.,direct_competitor,bidirectional,negative,0,180,high,inferred_from_filings,Cross-batch reconciliation found same basic industry between LTM and BSOFT.,"Useful for peer, common-factor, relative-value and event-spillover testing.","NSE classification, annual-report source inventory and v2 profile reconciliation",0.72,True
nifty_500_shariah,company:LTM,company,LTM,LTM Ltd.,company:COFORGE,company,COFORGE,Coforge Ltd.,direct_competitor,bidirectional,negative,0,180,high,inferred_from_filings,Cross-batch reconciliation found same basic industry between LTM and COFORGE.,"Useful for peer, common-factor, relative-value and event-spillover testing.","NSE classification, annual-report source inventory and v2 profile reconciliation",0.72,True
nifty_500_shariah,company:LTTS,company,LTTS,L&T Technology Services Ltd.,company:CYIENT,company,CYIENT,Cyient Ltd.,direct_competitor,bidirectional,negative,0,180,high,inferred_from_filings,Cross-batch reconciliation found same basic industry between LTTS and CYIENT.,"Useful for peer, common-factor, relative-value and event-spillover testing.","NSE classification, annual-report source inventory and v2 profile reconciliation",0.72,True
nifty_500_shariah,company:LTTS,company,LTTS,L&T Technology Services Ltd.,company:BSOFT,company,BSOFT,Birlasoft Ltd.,common_customer_industry,bidirectional,mixed,0,180,medium,inferred_from_filings,Cross-batch reconciliation found shared customer industry between LTTS and BSOFT.,"Useful for peer, common-factor, relative-value and event-spillover testing.","NSE classification, annual-report source inventory and v2 profile reconciliation",0.6,True
nifty_500_shariah,company:LUPIN,company,LUPIN,Lupin Ltd.,company:ACUTAAS,company,ACUTAAS,Acutaas Chemicals Ltd.,direct_competitor,bidirectional,negative,0,180,high,inferred_from_filings,Cross-batch reconciliation found same basic industry between LUPIN and ACUTAAS.,"Useful for peer, common-factor, relative-value and event-spillover testing.","NSE classification, annual-report source inventory and v2 profile reconciliation",0.72,True
nifty_500_shariah,company:LUPIN,company,LUPIN,Lupin Ltd.,company:AJANTPHARM,company,AJANTPHARM,Ajanta Pharma Ltd.,direct_competitor,bidirectional,negative,0,180,high,inferred_from_filings,Cross-batch reconciliation found same basic industry between LUPIN and AJANTPHARM.,"Useful for peer, common-factor, relative-value and event-spillover testing.","NSE classification, annual-report source inventory and v2 profile reconciliation",0.72,True
ind_nifty500,company:M&M,company,M&M,Mahindra & Mahindra Ltd.,company:FORCEMOT,company,FORCEMOT,Force Motors Ltd.,direct_competitor,bidirectional,negative,0,180,high,inferred_from_filings,Cross-batch reconciliation found same basic industry between M&M and FORCEMOT.,"Useful for peer, common-factor, relative-value and event-spillover testing.","NSE classification, annual-report source inventory and v2 profile reconciliation",0.72,True
ind_nifty500,company:M&M,company,M&M,Mahindra & Mahindra Ltd.,company:HYUNDAI,company,HYUNDAI,Hyundai Motor India Ltd.,direct_competitor,bidirectional,negative,0,180,high,inferred_from_filings,Cross-batch reconciliation found same basic industry between M&M and HYUNDAI.,"Useful for peer, common-factor, relative-value and event-spillover testing.","NSE classification, annual-report source inventory and v2 profile reconciliation",0.72,True
ind_nifty500,company:M&MFIN,company,M&MFIN,Mahindra & Mahindra Financial Services Ltd.,company:AIIL,company,AIIL,Authum Investment & Infrastructure Ltd.,direct_competitor,bidirectional,negative,0,180,high,inferred_from_filings,Cross-batch reconciliation found same basic industry between M&MFIN and AIIL.,"Useful for peer, common-factor, relative-value and event-spillover testing.","NSE classification, annual-report source inventory and v2 profile reconciliation",0.72,True
ind_nifty500,company:M&MFIN,company,M&MFIN,Mahindra & Mahindra Financial Services Ltd.,company:BAJFINANCE,company,BAJFINANCE,Bajaj Finance Ltd.,direct_competitor,bidirectional,negative,0,180,high,inferred_from_filings,Cross-batch reconciliation found same basic industry between M&MFIN and BAJFINANCE.,"Useful for peer, common-factor, relative-value and event-spillover testing.","NSE classification, annual-report source inventory and v2 profile reconciliation",0.72,True
ind_nifty500,company:MAHABANK,company,MAHABANK,Bank of Maharashtra,company:BANKBARODA,company,BANKBARODA,Bank of Baroda,direct_competitor,bidirectional,negative,0,180,high,inferred_from_filings,Cross-batch reconciliation found same basic industry between MAHABANK and BANKBARODA.,"Useful for peer, common-factor, relative-value and event-spillover testing.","NSE classification, annual-report source inventory and v2 profile reconciliation",0.72,True
ind_nifty500,company:MAHABANK,company,MAHABANK,Bank of Maharashtra,company:BANKINDIA,company,BANKINDIA,Bank of India,direct_competitor,bidirectional,negative,0,180,high,inferred_from_filings,Cross-batch reconciliation found same basic industry between MAHABANK and BANKINDIA.,"Useful for peer, common-factor, relative-value and event-spillover testing.","NSE classification, annual-report source inventory and v2 profile reconciliation",0.72,True
ind_nifty500,company:MANAPPURAM,company,MANAPPURAM,Manappuram Finance Ltd.,company:AIIL,company,AIIL,Authum Investment & Infrastructure Ltd.,direct_competitor,bidirectional,negative,0,180,high,inferred_from_filings,Cross-batch reconciliation found same basic industry between MANAPPURAM and AIIL.,"Useful for peer, common-factor, relative-value and event-spillover testing.","NSE classification, annual-report source inventory and v2 profile reconciliation",0.72,True
ind_nifty500,company:MANAPPURAM,company,MANAPPURAM,Manappuram Finance Ltd.,company:BAJFINANCE,company,BAJFINANCE,Bajaj Finance Ltd.,direct_competitor,bidirectional,negative,0,180,high,inferred_from_filings,Cross-batch reconciliation found same basic industry between MANAPPURAM and BAJFINANCE.,"Useful for peer, common-factor, relative-value and event-spillover testing.","NSE classification, annual-report source inventory and v2 profile reconciliation",0.72,True
ind_nifty500,company:MANKIND,company,MANKIND,Mankind Pharma Ltd.,company:ABBOTINDIA,company,ABBOTINDIA,Abbott India Ltd.,direct_competitor,bidirectional,negative,0,180,high,inferred_from_filings,Cross-batch reconciliation found same basic industry between MANKIND and ABBOTINDIA.,"Useful for peer, common-factor, relative-value and event-spillover testing.","NSE classification, annual-report source inventory and v2 profile reconciliation",0.72,True
ind_nifty500,company:MANKIND,company,MANKIND,Mankind Pharma Ltd.,company:ACUTAAS,company,ACUTAAS,Acutaas Chemicals Ltd.,direct_competitor,bidirectional,negative,0,180,high,inferred_from_filings,Cross-batch reconciliation found same basic industry between MANKIND and ACUTAAS.,"Useful for peer, common-factor, relative-value and event-spillover testing.","NSE classification, annual-report source inventory and v2 profile reconciliation",0.72,True
ind_nifty500,company:MAPMYINDIA,company,MAPMYINDIA,C.E. Info Systems Ltd.,company:BSOFT,company,BSOFT,Birlasoft Ltd.,partial_competitor,bidirectional,negative,0,180,medium,inferred_from_filings,Cross-batch reconciliation found same industry between MAPMYINDIA and BSOFT.,"Useful for peer, common-factor, relative-value and event-spillover testing.","NSE classification, annual-report source inventory and v2 profile reconciliation",0.72,True
ind_nifty500,company:MAPMYINDIA,company,MAPMYINDIA,C.E. Info Systems Ltd.,company:COFORGE,company,COFORGE,Coforge Ltd.,partial_competitor,bidirectional,negative,0,180,medium,inferred_from_filings,Cross-batch reconciliation found same industry between MAPMYINDIA and COFORGE.,"Useful for peer, common-factor, relative-value and event-spillover testing.","NSE classification, annual-report source inventory and v2 profile reconciliation",0.72,True
nifty_500_shariah,company:MARICO,company,MARICO,Marico Ltd.,company:LTFOODS,company,LTFOODS,LT Foods Ltd.,partial_competitor,bidirectional,negative,0,180,medium,inferred_from_filings,Cross-batch reconciliation found same industry between MARICO and LTFOODS.,"Useful for peer, common-factor, relative-value and event-spillover testing.","NSE classification, annual-report source inventory and v2 profile reconciliation",0.72,True
nifty_500_shariah,company:MARICO,company,MARICO,Marico Ltd.,company:TATACONSUM,company,TATACONSUM,TATA CONSUMER PRODUCTS LTD,partial_competitor,bidirectional,negative,0,180,medium,inferred_from_filings,Cross-batch reconciliation found same industry between MARICO and TATACONSUM.,"Useful for peer, common-factor, relative-value and event-spillover testing.","NSE classification, annual-report source inventory and v2 profile reconciliation",0.72,True
ind_nifty500,company:MARUTI,company,MARUTI,Maruti Suzuki India Ltd.,company:FORCEMOT,company,FORCEMOT,Force Motors Ltd.,direct_competitor,bidirectional,negative,0,180,high,inferred_from_filings,Cross-batch reconciliation found same basic industry between MARUTI and FORCEMOT.,"Useful for peer, common-factor, relative-value and event-spillover testing.","NSE classification, annual-report source inventory and v2 profile reconciliation",0.72,True
ind_nifty500,company:MARUTI,company,MARUTI,Maruti Suzuki India Ltd.,company:HYUNDAI,company,HYUNDAI,Hyundai Motor India Ltd.,direct_competitor,bidirectional,negative,0,180,high,inferred_from_filings,Cross-batch reconciliation found same basic industry between MARUTI and HYUNDAI.,"Useful for peer, common-factor, relative-value and event-spillover testing.","NSE classification, annual-report source inventory and v2 profile reconciliation",0.72,True
ind_nifty500,company:MAZDOCK,company,MAZDOCK,Mazagoan Dock Shipbuilders Ltd.,company:COCHINSHIP,company,COCHINSHIP,Cochin Shipyard Ltd.,direct_competitor,bidirectional,negative,0,180,high,inferred_from_filings,Cross-batch reconciliation found same basic industry between MAZDOCK and COCHINSHIP.,"Useful for peer, common-factor, relative-value and event-spillover testing.","NSE classification, annual-report source inventory and v2 profile reconciliation",0.72,True
ind_nifty500,company:MAZDOCK,company,MAZDOCK,Mazagoan Dock Shipbuilders Ltd.,company:CPPLUS,company,CPPLUS,Aditya Infotech Ltd.,partial_competitor,bidirectional,negative,0,180,medium,inferred_from_filings,Cross-batch reconciliation found same industry between MAZDOCK and CPPLUS.,"Useful for peer, common-factor, relative-value and event-spillover testing.","NSE classification, annual-report source inventory and v2 profile reconciliation",0.72,True
ind_nifty500,company:MCX,company,MCX,Multi Commodity Exchange of India Ltd.,company:BSE,company,BSE,BSE Ltd.,direct_competitor,bidirectional,negative,0,180,high,inferred_from_filings,Cross-batch reconciliation found same basic industry between MCX and BSE.,"Useful for peer, common-factor, relative-value and event-spillover testing.","NSE classification, annual-report source inventory and v2 profile reconciliation",0.72,True
ind_nifty500,company:MCX,company,MCX,Multi Commodity Exchange of India Ltd.,company:IEX,company,IEX,Indian Energy Exchange Ltd.,direct_competitor,bidirectional,negative,0,180,high,inferred_from_filings,Cross-batch reconciliation found same basic industry between MCX and IEX.,"Useful for peer, common-factor, relative-value and event-spillover testing.","NSE classification, annual-report source inventory and v2 profile reconciliation",0.72,True
nifty_500_shariah,company:MEDANTA,company,MEDANTA,Global Health Ltd.,company:ASTERDM,company,ASTERDM,Aster DM Healthcare Ltd.,direct_competitor,bidirectional,negative,0,180,high,inferred_from_filings,Cross-batch reconciliation found same basic industry between MEDANTA and ASTERDM.,"Useful for peer, common-factor, relative-value and event-spillover testing.","NSE classification, annual-report source inventory and v2 profile reconciliation",0.72,True
nifty_500_shariah,company:MEDANTA,company,MEDANTA,Global Health Ltd.,company:FORTIS,company,FORTIS,Fortis Healthcare Ltd.,direct_competitor,bidirectional,negative,0,180,high,inferred_from_filings,Cross-batch reconciliation found same basic industry between MEDANTA and FORTIS.,"Useful for peer, common-factor, relative-value and event-spillover testing.","NSE classification, annual-report source inventory and v2 profile reconciliation",0.72,True
ind_nifty500,company:MEESHO,company,MEESHO,Meesho Ltd.,company:CARTRADE,company,CARTRADE,Cartrade Tech Ltd.,direct_competitor,bidirectional,negative,0,180,high,inferred_from_filings,Cross-batch reconciliation found same basic industry between MEESHO and CARTRADE.,"Useful for peer, common-factor, relative-value and event-spillover testing.","NSE classification, annual-report source inventory and v2 profile reconciliation",0.72,True
ind_nifty500,company:MEESHO,company,MEESHO,Meesho Ltd.,company:ETERNAL,company,ETERNAL,Eternal Ltd.,direct_competitor,bidirectional,negative,0,180,high,inferred_from_filings,Cross-batch reconciliation found same basic industry between MEESHO and ETERNAL.,"Useful for peer, common-factor, relative-value and event-spillover testing.","NSE classification, annual-report source inventory and v2 profile reconciliation",0.72,True
ind_nifty500,company:MFSL,company,MFSL,Max Financial Services Ltd.,company:CANHLIFE,company,CANHLIFE,Canara HSBC Life Insurance Company Ltd.,direct_competitor,bidirectional,negative,0,180,high,inferred_from_filings,Cross-batch reconciliation found same basic industry between MFSL and CANHLIFE.,"Useful for peer, common-factor, relative-value and event-spillover testing.","NSE classification, annual-report source inventory and v2 profile reconciliation",0.72,True
ind_nifty500,company:MFSL,company,MFSL,Max Financial Services Ltd.,company:HDFCLIFE,company,HDFCLIFE,HDFC Life Insurance Company Ltd.,direct_competitor,bidirectional,negative,0,180,high,inferred_from_filings,Cross-batch reconciliation found same basic industry between MFSL and HDFCLIFE.,"Useful for peer, common-factor, relative-value and event-spillover testing.","NSE classification, annual-report source inventory and v2 profile reconciliation",0.72,True
nifty_500_shariah,company:MGL,company,MGL,Mahanagar Gas Ltd.,company:ATGL,company,ATGL,Adani Total Gas Ltd.,direct_competitor,bidirectional,negative,0,180,high,inferred_from_filings,Cross-batch reconciliation found same basic industry between MGL and ATGL.,"Useful for peer, common-factor, relative-value and event-spillover testing.","NSE classification, annual-report source inventory and v2 profile reconciliation",0.72,True
nifty_500_shariah,company:MGL,company,MGL,Mahanagar Gas Ltd.,company:IGL,company,IGL,Indraprastha Gas Ltd.,direct_competitor,bidirectional,negative,0,180,high,inferred_from_filings,Cross-batch reconciliation found same basic industry between MGL and IGL.,"Useful for peer, common-factor, relative-value and event-spillover testing.","NSE classification, annual-report source inventory and v2 profile reconciliation",0.72,True
ind_nifty500,company:MINDACORP,company,MINDACORP,Minda Corporation Ltd.,company:ARE&M,company,ARE&M,Amara Raja Energy & Mobility Ltd.,direct_competitor,bidirectional,negative,0,180,high,inferred_from_filings,Cross-batch reconciliation found same basic industry between MINDACORP and ARE&M.,"Useful for peer, common-factor, relative-value and event-spillover testing.","NSE classification, annual-report source inventory and v2 profile reconciliation",0.72,True
ind_nifty500,company:MINDACORP,company,MINDACORP,Minda Corporation Ltd.,company:ASAHIINDIA,company,ASAHIINDIA,Asahi India Glass Ltd.,direct_competitor,bidirectional,negative,0,180,high,inferred_from_filings,Cross-batch reconciliation found same basic industry between MINDACORP and ASAHIINDIA.,"Useful for peer, common-factor, relative-value and event-spillover testing.","NSE classification, annual-report source inventory and v2 profile reconciliation",0.72,True
ind_nifty500,company:MMTC,company,MMTC,MMTC Ltd.,company:REDINGTON,company,REDINGTON,Redington Ltd.,direct_competitor,bidirectional,negative,0,180,high,inferred_from_filings,Cross-batch reconciliation found same basic industry between MMTC and REDINGTON.,"Useful for peer, common-factor, relative-value and event-spillover testing.","NSE classification, annual-report source inventory and v2 profile reconciliation",0.72,True
ind_nifty500,company:MMTC,company,MMTC,MMTC Ltd.,company:ECLERX,company,ECLERX,eClerx Services Ltd.,partial_competitor,bidirectional,negative,0,180,medium,inferred_from_filings,Cross-batch reconciliation found same industry between MMTC and ECLERX.,"Useful for peer, common-factor, relative-value and event-spillover testing.","NSE classification, annual-report source inventory and v2 profile reconciliation",0.72,True
nifty_500_shariah,company:MOTHERSON,company,MOTHERSON,Samvardhana Motherson International Ltd.,company:ARE&M,company,ARE&M,Amara Raja Energy & Mobility Ltd.,direct_competitor,bidirectional,negative,0,180,high,inferred_from_filings,Cross-batch reconciliation found same basic industry between MOTHERSON and ARE&M.,"Useful for peer, common-factor, relative-value and event-spillover testing.","NSE classification, annual-report source inventory and v2 profile reconciliation",0.72,True
nifty_500_shariah,company:MOTHERSON,company,MOTHERSON,Samvardhana Motherson International Ltd.,company:ENDURANCE,company,ENDURANCE,Endurance Technologies Ltd.,direct_competitor,bidirectional,negative,0,180,high,inferred_from_filings,Cross-batch reconciliation found same basic industry between MOTHERSON and ENDURANCE.,"Useful for peer, common-factor, relative-value and event-spillover testing.","NSE classification, annual-report source inventory and v2 profile reconciliation",0.72,True
ind_nifty500,company:MOTILALOFS,company,MOTILALOFS,Motilal Oswal Financial Services Ltd.,company:360ONE,company,360ONE,360 ONE WAM Ltd.,direct_competitor,bidirectional,negative,0,180,high,inferred_from_filings,Cross-batch reconciliation found same basic industry between MOTILALOFS and 360ONE.,"Useful for peer, common-factor, relative-value and event-spillover testing.","NSE classification, annual-report source inventory and v2 profile reconciliation",0.72,True
ind_nifty500,company:MOTILALOFS,company,MOTILALOFS,Motilal Oswal Financial Services Ltd.,company:ANGELONE,company,ANGELONE,Angel One Ltd.,direct_competitor,bidirectional,negative,0,180,high,inferred_from_filings,Cross-batch reconciliation found same basic industry between MOTILALOFS and ANGELONE.,"Useful for peer, common-factor, relative-value and event-spillover testing.","NSE classification, annual-report source inventory and v2 profile reconciliation",0.72,True
nifty_500_shariah,company:MPHASIS,company,MPHASIS,MphasiS Ltd.,company:BSOFT,company,BSOFT,Birlasoft Ltd.,direct_competitor,bidirectional,negative,0,180,high,inferred_from_filings,Cross-batch reconciliation found same basic industry between MPHASIS and BSOFT.,"Useful for peer, common-factor, relative-value and event-spillover testing.","NSE classification, annual-report source inventory and v2 profile reconciliation",0.72,True
nifty_500_shariah,company:MPHASIS,company,MPHASIS,MphasiS Ltd.,company:COFORGE,company,COFORGE,Coforge Ltd.,direct_competitor,bidirectional,negative,0,180,high,inferred_from_filings,Cross-batch reconciliation found same basic industry between MPHASIS and COFORGE.,"Useful for peer, common-factor, relative-value and event-spillover testing.","NSE classification, annual-report source inventory and v2 profile reconciliation",0.72,True
nifty_500_shariah,company:MRF,company,MRF,MRF Ltd.,company:APOLLOTYRE,company,APOLLOTYRE,Apollo Tyres Ltd.,direct_competitor,bidirectional,negative,0,180,high,inferred_from_filings,Cross-batch reconciliation found same basic industry between MRF and APOLLOTYRE.,"Useful for peer, common-factor, relative-value and event-spillover testing.","NSE classification, annual-report source inventory and v2 profile reconciliation",0.72,True
nifty_500_shariah,company:MRF,company,MRF,MRF Ltd.,company:BALKRISIND,company,BALKRISIND,Balkrishna Industries Ltd.,direct_competitor,bidirectional,negative,0,180,high,inferred_from_filings,Cross-batch reconciliation found same basic industry between MRF and BALKRISIND.,"Useful for peer, common-factor, relative-value and event-spillover testing.","NSE classification, annual-report source inventory and v2 profile reconciliation",0.72,True
ind_nifty500,company:MRPL,company,MRPL,Mangalore Refinery & Petrochemicals Ltd.,company:BPCL,company,BPCL,Bharat Petroleum Corporation Ltd.,direct_competitor,bidirectional,negative,0,180,high,inferred_from_filings,Cross-batch reconciliation found same basic industry between MRPL and BPCL.,"Useful for peer, common-factor, relative-value and event-spillover testing.","NSE classification, annual-report source inventory and v2 profile reconciliation",0.72,True
ind_nifty500,company:MRPL,company,MRPL,Mangalore Refinery & Petrochemicals Ltd.,company:CHENNPETRO,company,CHENNPETRO,Chennai Petroleum Corporation Ltd.,direct_competitor,bidirectional,negative,0,180,high,inferred_from_filings,Cross-batch reconciliation found same basic industry between MRPL and CHENNPETRO.,"Useful for peer, common-factor, relative-value and event-spillover testing.","NSE classification, annual-report source inventory and v2 profile reconciliation",0.72,True
nifty_500_shariah,company:MSUMI,company,MSUMI,Motherson Sumi Wiring India Ltd.,company:ARE&M,company,ARE&M,Amara Raja Energy & Mobility Ltd.,direct_competitor,bidirectional,negative,0,180,high,inferred_from_filings,Cross-batch reconciliation found same basic industry between MSUMI and ARE&M.,"Useful for peer, common-factor, relative-value and event-spillover testing.","NSE classification, annual-report source inventory and v2 profile reconciliation",0.72,True
nifty_500_shariah,company:MSUMI,company,MSUMI,Motherson Sumi Wiring India Ltd.,company:ENDURANCE,company,ENDURANCE,Endurance Technologies Ltd.,direct_competitor,bidirectional,negative,0,180,high,inferred_from_filings,Cross-batch reconciliation found same basic industry between MSUMI and ENDURANCE.,"Useful for peer, common-factor, relative-value and event-spillover testing.","NSE classification, annual-report source inventory and v2 profile reconciliation",0.72,True
ind_nifty500,company:MUTHOOTFIN,company,MUTHOOTFIN,Muthoot Finance Ltd.,company:AIIL,company,AIIL,Authum Investment & Infrastructure Ltd.,direct_competitor,bidirectional,negative,0,180,high,inferred_from_filings,Cross-batch reconciliation found same basic industry between MUTHOOTFIN and AIIL.,"Useful for peer, common-factor, relative-value and event-spillover testing.","NSE classification, annual-report source inventory and v2 profile reconciliation",0.72,True
ind_nifty500,company:MUTHOOTFIN,company,MUTHOOTFIN,Muthoot Finance Ltd.,company:BAJFINANCE,company,BAJFINANCE,Bajaj Finance Ltd.,direct_competitor,bidirectional,negative,0,180,high,inferred_from_filings,Cross-batch reconciliation found same basic industry between MUTHOOTFIN and BAJFINANCE.,"Useful for peer, common-factor, relative-value and event-spillover testing.","NSE classification, annual-report source inventory and v2 profile reconciliation",0.72,True
ind_nifty500,company:NAM-INDIA,company,NAM-INDIA,Nippon Life India Asset Management Ltd.,company:ABSLAMC,company,ABSLAMC,Aditya Birla Sun Life AMC Ltd.,direct_competitor,bidirectional,negative,0,180,high,inferred_from_filings,Cross-batch reconciliation found same basic industry between NAM-INDIA and ABSLAMC.,"Useful for peer, common-factor, relative-value and event-spillover testing.","NSE classification, annual-report source inventory and v2 profile reconciliation",0.72,True
ind_nifty500,company:NAM-INDIA,company,NAM-INDIA,Nippon Life India Asset Management Ltd.,company:HDFCAMC,company,HDFCAMC,HDFC Asset Management Company Ltd.,direct_competitor,bidirectional,negative,0,180,high,inferred_from_filings,Cross-batch reconciliation found same basic industry between NAM-INDIA and HDFCAMC.,"Useful for peer, common-factor, relative-value and event-spillover testing.","NSE classification, annual-report source inventory and v2 profile reconciliation",0.72,True
ind_nifty500,company:NATCOPHARM,company,NATCOPHARM,NATCO Pharma Ltd.,company:ABBOTINDIA,company,ABBOTINDIA,Abbott India Ltd.,direct_competitor,bidirectional,negative,0,180,high,inferred_from_filings,Cross-batch reconciliation found same basic industry between NATCOPHARM and ABBOTINDIA.,"Useful for peer, common-factor, relative-value and event-spillover testing.","NSE classification, annual-report source inventory and v2 profile reconciliation",0.72,True
ind_nifty500,company:NATCOPHARM,company,NATCOPHARM,NATCO Pharma Ltd.,company:ACUTAAS,company,ACUTAAS,Acutaas Chemicals Ltd.,direct_competitor,bidirectional,negative,0,180,high,inferred_from_filings,Cross-batch reconciliation found same basic industry between NATCOPHARM and ACUTAAS.,"Useful for peer, common-factor, relative-value and event-spillover testing.","NSE classification, annual-report source inventory and v2 profile reconciliation",0.72,True
nifty_500_shariah,company:NATIONALUM,company,NATIONALUM,National Aluminium Company Ltd.,company:HINDALCO,company,HINDALCO,Hindalco Industries,direct_competitor,bidirectional,negative,0,180,high,inferred_from_filings,Cross-batch reconciliation found same basic industry between NATIONALUM and HINDALCO.,"Useful for peer, common-factor, relative-value and event-spillover testing.","NSE classification, annual-report source inventory and v2 profile reconciliation",0.72,True
nifty_500_shariah,company:NATIONALUM,company,NATIONALUM,National Aluminium Company Ltd.,company:HINDCOPPER,company,HINDCOPPER,Hindustan Copper Ltd.,partial_competitor,bidirectional,negative,0,180,medium,inferred_from_filings,Cross-batch reconciliation found same industry between NATIONALUM and HINDCOPPER.,"Useful for peer, common-factor, relative-value and event-spillover testing.","NSE classification, annual-report source inventory and v2 profile reconciliation",0.72,True
ind_nifty500,company:NAUKRI,company,NAUKRI,Info Edge (India) Ltd.,company:INDIAMART,company,INDIAMART,Indiamart Intermesh Ltd.,direct_competitor,bidirectional,negative,0,180,high,inferred_from_filings,Cross-batch reconciliation found same basic industry between NAUKRI and INDIAMART.,"Useful for peer, common-factor, relative-value and event-spillover testing.","NSE classification, annual-report source inventory and v2 profile reconciliation",0.72,True
ind_nifty500,company:NAUKRI,company,NAUKRI,Info Edge (India) Ltd.,company:ABFRL,company,ABFRL,Aditya Birla Fashion and Retail Ltd.,partial_competitor,bidirectional,negative,0,180,medium,inferred_from_filings,Cross-batch reconciliation found same industry between NAUKRI and ABFRL.,"Useful for peer, common-factor, relative-value and event-spillover testing.","NSE classification, annual-report source inventory and v2 profile reconciliation",0.72,True
nifty_500_shariah,company:NAVA,company,NAVA,NAVA Ltd.,company:AMBER,company,AMBER,Amber Enterprises India Ltd.,common_customer_industry,bidirectional,mixed,0,180,medium,inferred_from_filings,Cross-batch reconciliation found shared customer industry between NAVA and AMBER.,"Useful for peer, common-factor, relative-value and event-spillover testing.","NSE classification, annual-report source inventory and v2 profile reconciliation",0.6,True
nifty_500_shariah,company:NAVA,company,NAVA,NAVA Ltd.,company:ANANTRAJ,company,ANANTRAJ,Anant Raj Ltd.,common_customer_industry,bidirectional,mixed,0,180,medium,inferred_from_filings,Cross-batch reconciliation found shared customer industry between NAVA and ANANTRAJ.,"Useful for peer, common-factor, relative-value and event-spillover testing.","NSE classification, annual-report source inventory and v2 profile reconciliation",0.6,True
ind_nifty500,company:NAVINFLUOR,company,NAVINFLUOR,Navin Fluorine International Ltd.,company:AARTIIND,company,AARTIIND,Aarti Industries Ltd.,direct_competitor,bidirectional,negative,0,180,high,inferred_from_filings,Cross-batch reconciliation found same basic industry between NAVINFLUOR and AARTIIND.,"Useful for peer, common-factor, relative-value and event-spillover testing.","NSE classification, annual-report source inventory and v2 profile reconciliation",0.72,True
ind_nifty500,company:NAVINFLUOR,company,NAVINFLUOR,Navin Fluorine International Ltd.,company:ANURAS,company,ANURAS,Anupam Rasayan India Ltd.,direct_competitor,bidirectional,negative,0,180,high,inferred_from_filings,Cross-batch reconciliation found same basic industry between NAVINFLUOR and ANURAS.,"Useful for peer, common-factor, relative-value and event-spillover testing.","NSE classification, annual-report source inventory and v2 profile reconciliation",0.72,True
nifty_500_shariah,company:NBCC,company,NBCC,NBCC (India) Ltd.,company:AFCONS,company,AFCONS,Afcons Infrastructure Ltd.,direct_competitor,bidirectional,negative,0,180,high,inferred_from_filings,Cross-batch reconciliation found same basic industry between NBCC and AFCONS.,"Useful for peer, common-factor, relative-value and event-spillover testing.","NSE classification, annual-report source inventory and v2 profile reconciliation",0.72,True
nifty_500_shariah,company:NBCC,company,NBCC,NBCC (India) Ltd.,company:CEMPRO,company,CEMPRO,Cemindia Projects Ltd.,direct_competitor,bidirectional,negative,0,180,high,inferred_from_filings,Cross-batch reconciliation found same basic industry between NBCC and CEMPRO.,"Useful for peer, common-factor, relative-value and event-spillover testing.","NSE classification, annual-report source inventory and v2 profile reconciliation",0.72,True
nifty_500_shariah,company:NCC,company,NCC,NCC Ltd.,company:AFCONS,company,AFCONS,Afcons Infrastructure Ltd.,direct_competitor,bidirectional,negative,0,180,high,inferred_from_filings,Cross-batch reconciliation found same basic industry between NCC and AFCONS.,"Useful for peer, common-factor, relative-value and event-spillover testing.","NSE classification, annual-report source inventory and v2 profile reconciliation",0.72,True
nifty_500_shariah,company:NCC,company,NCC,NCC Ltd.,company:CEMPRO,company,CEMPRO,Cemindia Projects Ltd.,direct_competitor,bidirectional,negative,0,180,high,inferred_from_filings,Cross-batch reconciliation found same basic industry between NCC and CEMPRO.,"Useful for peer, common-factor, relative-value and event-spillover testing.","NSE classification, annual-report source inventory and v2 profile reconciliation",0.72,True
nifty_50_shariah,company:NESTLEIND,company,NESTLEIND,NESTLE INDIA LTD.,company:TATACONSUM,company,TATACONSUM,TATA CONSUMER PRODUCTS LTD,partial_competitor,bidirectional,negative,0,180,medium,inferred_from_filings,Both sell branded foods and beverages to Indian households.,"Useful for peer, common-factor, relative-value and event-spillover testing.","NSE classification, annual-report business descriptions and v2 agent curation",0.62,True
nifty_500_shariah,company:NETWEB,company,NETWEB,Netweb Technologies India Ltd.,company:CYIENT,company,CYIENT,Cyient Ltd.,direct_competitor,bidirectional,negative,0,180,high,inferred_from_filings,Cross-batch reconciliation found same basic industry between NETWEB and CYIENT.,"Useful for peer, common-factor, relative-value and event-spillover testing.","NSE classification, annual-report source inventory and v2 profile reconciliation",0.72,True
nifty_500_shariah,company:NETWEB,company,NETWEB,Netweb Technologies India Ltd.,company:LTTS,company,LTTS,L&T Technology Services Ltd.,direct_competitor,bidirectional,negative,0,180,high,inferred_from_filings,Cross-batch reconciliation found same basic industry between NETWEB and LTTS.,"Useful for peer, common-factor, relative-value and event-spillover testing.","NSE classification, annual-report source inventory and v2 profile reconciliation",0.72,True
nifty_500_shariah,company:NEULANDLAB,company,NEULANDLAB,Neuland Laboratories Ltd.,company:ACUTAAS,company,ACUTAAS,Acutaas Chemicals Ltd.,direct_competitor,bidirectional,negative,0,180,high,inferred_from_filings,Cross-batch reconciliation found same basic industry between NEULANDLAB and ACUTAAS.,"Useful for peer, common-factor, relative-value and event-spillover testing.","NSE classification, annual-report source inventory and v2 profile reconciliation",0.72,True
nifty_500_shariah,company:NEULANDLAB,company,NEULANDLAB,Neuland Laboratories Ltd.,company:AJANTPHARM,company,AJANTPHARM,Ajanta Pharma Ltd.,direct_competitor,bidirectional,negative,0,180,high,inferred_from_filings,Cross-batch reconciliation found same basic industry between NEULANDLAB and AJANTPHARM.,"Useful for peer, common-factor, relative-value and event-spillover testing.","NSE classification, annual-report source inventory and v2 profile reconciliation",0.72,True
ind_nifty500,company:NEWGEN,company,NEWGEN,Newgen Software Technologies Ltd.,company:BSOFT,company,BSOFT,Birlasoft Ltd.,direct_competitor,bidirectional,negative,0,180,high,inferred_from_filings,Cross-batch reconciliation found same basic industry between NEWGEN and BSOFT.,"Useful for peer, common-factor, relative-value and event-spillover testing.","NSE classification, annual-report source inventory and v2 profile reconciliation",0.72,True
ind_nifty500,company:NEWGEN,company,NEWGEN,Newgen Software Technologies Ltd.,company:COFORGE,company,COFORGE,Coforge Ltd.,direct_competitor,bidirectional,negative,0,180,high,inferred_from_filings,Cross-batch reconciliation found same basic industry between NEWGEN and COFORGE.,"Useful for peer, common-factor, relative-value and event-spillover testing.","NSE classification, annual-report source inventory and v2 profile reconciliation",0.72,True
ind_nifty500,company:NH,company,NH,Narayana Hrudayalaya Ltd.,company:APOLLOHOSP,company,APOLLOHOSP,Apollo Hospitals Enterprise Ltd.,direct_competitor,bidirectional,negative,0,180,high,inferred_from_filings,Cross-batch reconciliation found same basic industry between NH and APOLLOHOSP.,"Useful for peer, common-factor, relative-value and event-spillover testing.","NSE classification, annual-report source inventory and v2 profile reconciliation",0.72,True
ind_nifty500,company:NH,company,NH,Narayana Hrudayalaya Ltd.,company:ASTERDM,company,ASTERDM,Aster DM Healthcare Ltd.,direct_competitor,bidirectional,negative,0,180,high,inferred_from_filings,Cross-batch reconciliation found same basic industry between NH and ASTERDM.,"Useful for peer, common-factor, relative-value and event-spillover testing.","NSE classification, annual-report source inventory and v2 profile reconciliation",0.72,True
ind_nifty500,company:NHPC,company,NHPC,NHPC Ltd.,company:ACMESOLAR,company,ACMESOLAR,ACME Solar Holdings Ltd.,direct_competitor,bidirectional,negative,0,180,high,inferred_from_filings,Cross-batch reconciliation found same basic industry between NHPC and ACMESOLAR.,"Useful for peer, common-factor, relative-value and event-spillover testing.","NSE classification, annual-report source inventory and v2 profile reconciliation",0.72,True
ind_nifty500,company:NHPC,company,NHPC,NHPC Ltd.,company:ADANIGREEN,company,ADANIGREEN,Adani Green Energy Ltd.,direct_competitor,bidirectional,negative,0,180,high,inferred_from_filings,Cross-batch reconciliation found same basic industry between NHPC and ADANIGREEN.,"Useful for peer, common-factor, relative-value and event-spillover testing.","NSE classification, annual-report source inventory and v2 profile reconciliation",0.72,True
ind_nifty500,company:NIACL,company,NIACL,The New India Assurance Company Ltd.,company:GICRE,company,GICRE,General Insurance Corporation of India,direct_competitor,bidirectional,negative,0,180,high,inferred_from_filings,Cross-batch reconciliation found same basic industry between NIACL and GICRE.,"Useful for peer, common-factor, relative-value and event-spillover testing.","NSE classification, annual-report source inventory and v2 profile reconciliation",0.72,True
ind_nifty500,company:NIACL,company,NIACL,The New India Assurance Company Ltd.,company:GODIGIT,company,GODIGIT,Go Digit General Insurance Ltd.,direct_competitor,bidirectional,negative,0,180,high,inferred_from_filings,Cross-batch reconciliation found same basic industry between NIACL and GODIGIT.,"Useful for peer, common-factor, relative-value and event-spillover testing.","NSE classification, annual-report source inventory and v2 profile reconciliation",0.72,True
ind_nifty500,company:NIVABUPA,company,NIVABUPA,Niva Bupa Health Insurance Company Ltd.,company:GICRE,company,GICRE,General Insurance Corporation of India,direct_competitor,bidirectional,negative,0,180,high,inferred_from_filings,Cross-batch reconciliation found same basic industry between NIVABUPA and GICRE.,"Useful for peer, common-factor, relative-value and event-spillover testing.","NSE classification, annual-report source inventory and v2 profile reconciliation",0.72,True
ind_nifty500,company:NIVABUPA,company,NIVABUPA,Niva Bupa Health Insurance Company Ltd.,company:GODIGIT,company,GODIGIT,Go Digit General Insurance Ltd.,direct_competitor,bidirectional,negative,0,180,high,inferred_from_filings,Cross-batch reconciliation found same basic industry between NIVABUPA and GODIGIT.,"Useful for peer, common-factor, relative-value and event-spillover testing.","NSE classification, annual-report source inventory and v2 profile reconciliation",0.72,True
ind_nifty500,company:NLCINDIA,company,NLCINDIA,NLC India Ltd.,company:ACMESOLAR,company,ACMESOLAR,ACME Solar Holdings Ltd.,direct_competitor,bidirectional,negative,0,180,high,inferred_from_filings,Cross-batch reconciliation found same basic industry between NLCINDIA and ACMESOLAR.,"Useful for peer, common-factor, relative-value and event-spillover testing.","NSE classification, annual-report source inventory and v2 profile reconciliation",0.72,True
ind_nifty500,company:NLCINDIA,company,NLCINDIA,NLC India Ltd.,company:ADANIGREEN,company,ADANIGREEN,Adani Green Energy Ltd.,direct_competitor,bidirectional,negative,0,180,high,inferred_from_filings,Cross-batch reconciliation found same basic industry between NLCINDIA and ADANIGREEN.,"Useful for peer, common-factor, relative-value and event-spillover testing.","NSE classification, annual-report source inventory and v2 profile reconciliation",0.72,True
ind_nifty500,company:NMDC,company,NMDC,NMDC Ltd.,company:GMDCLTD,company,GMDCLTD,Gujarat Mineral Development Corporation Ltd.,direct_competitor,bidirectional,negative,0,180,high,inferred_from_filings,Cross-batch reconciliation found same basic industry between NMDC and GMDCLTD.,"Useful for peer, common-factor, relative-value and event-spillover testing.","NSE classification, annual-report source inventory and v2 profile reconciliation",0.72,True
ind_nifty500,company:NMDC,company,NMDC,NMDC Ltd.,company:GRAVITA,company,GRAVITA,Gravita India Ltd.,direct_competitor,bidirectional,negative,0,180,high,inferred_from_filings,Cross-batch reconciliation found same basic industry between NMDC and GRAVITA.,"Useful for peer, common-factor, relative-value and event-spillover testing.","NSE classification, annual-report source inventory and v2 profile reconciliation",0.72,True
nifty_500_shariah,company:NSLNISP,company,NSLNISP,NMDC Steel Ltd.,company:JINDALSTEL,company,JINDALSTEL,Jindal Steel Ltd.,direct_competitor,bidirectional,negative,0,180,high,inferred_from_filings,Cross-batch reconciliation found same basic industry between NSLNISP and JINDALSTEL.,"Useful for peer, common-factor, relative-value and event-spillover testing.","NSE classification, annual-report source inventory and v2 profile reconciliation",0.72,True
nifty_500_shariah,company:NSLNISP,company,NSLNISP,NMDC Steel Ltd.,company:JSL,company,JSL,Jindal Stainless Ltd.,direct_competitor,bidirectional,negative,0,180,high,inferred_from_filings,Cross-batch reconciliation found same basic industry between NSLNISP and JSL.,"Useful for peer, common-factor, relative-value and event-spillover testing.","NSE classification, annual-report source inventory and v2 profile reconciliation",0.72,True
ind_nifty500,company:NTPC,company,NTPC,NTPC Ltd.,company:ACMESOLAR,company,ACMESOLAR,ACME Solar Holdings Ltd.,direct_competitor,bidirectional,negative,0,180,high,inferred_from_filings,Cross-batch reconciliation found same basic industry between NTPC and ACMESOLAR.,"Useful for peer, common-factor, relative-value and event-spillover testing.","NSE classification, annual-report source inventory and v2 profile reconciliation",0.72,True
ind_nifty500,company:NTPC,company,NTPC,NTPC Ltd.,company:ADANIGREEN,company,ADANIGREEN,Adani Green Energy Ltd.,direct_competitor,bidirectional,negative,0,180,high,inferred_from_filings,Cross-batch reconciliation found same basic industry between NTPC and ADANIGREEN.,"Useful for peer, common-factor, relative-value and event-spillover testing.","NSE classification, annual-report source inventory and v2 profile reconciliation",0.72,True
ind_nifty500,company:NTPCGREEN,company,NTPCGREEN,NTPC Green Energy Ltd.,company:ACMESOLAR,company,ACMESOLAR,ACME Solar Holdings Ltd.,direct_competitor,bidirectional,negative,0,180,high,inferred_from_filings,Cross-batch reconciliation found same basic industry between NTPCGREEN and ACMESOLAR.,"Useful for peer, common-factor, relative-value and event-spillover testing.","NSE classification, annual-report source inventory and v2 profile reconciliation",0.72,True
ind_nifty500,company:NTPCGREEN,company,NTPCGREEN,NTPC Green Energy Ltd.,company:ADANIGREEN,company,ADANIGREEN,Adani Green Energy Ltd.,direct_competitor,bidirectional,negative,0,180,high,inferred_from_filings,Cross-batch reconciliation found same basic industry between NTPCGREEN and ADANIGREEN.,"Useful for peer, common-factor, relative-value and event-spillover testing.","NSE classification, annual-report source inventory and v2 profile reconciliation",0.72,True
ind_nifty500,company:NUVAMA,company,NUVAMA,Nuvama Wealth Management Ltd.,company:360ONE,company,360ONE,360 ONE WAM Ltd.,direct_competitor,bidirectional,negative,0,180,high,inferred_from_filings,Cross-batch reconciliation found same basic industry between NUVAMA and 360ONE.,"Useful for peer, common-factor, relative-value and event-spillover testing.","NSE classification, annual-report source inventory and v2 profile reconciliation",0.72,True
ind_nifty500,company:NUVAMA,company,NUVAMA,Nuvama Wealth Management Ltd.,company:ANGELONE,company,ANGELONE,Angel One Ltd.,direct_competitor,bidirectional,negative,0,180,high,inferred_from_filings,Cross-batch reconciliation found same basic industry between NUVAMA and ANGELONE.,"Useful for peer, common-factor, relative-value and event-spillover testing.","NSE classification, annual-report source inventory and v2 profile reconciliation",0.72,True
nifty_500_shariah,company:NUVOCO,company,NUVOCO,Nuvoco Vistas Corporation Ltd.,company:DALBHARAT,company,DALBHARAT,Dalmia Bharat Ltd.,direct_competitor,bidirectional,negative,0,180,high,inferred_from_filings,Cross-batch reconciliation found same basic industry between NUVOCO and DALBHARAT.,"Useful for peer, common-factor, relative-value and event-spillover testing.","NSE classification, annual-report source inventory and v2 profile reconciliation",0.72,True
nifty_500_shariah,company:NUVOCO,company,NUVOCO,Nuvoco Vistas Corporation Ltd.,company:ULTRACEMCO,company,ULTRACEMCO,ULTRATECH CEMENT LTD.,direct_competitor,bidirectional,negative,0,180,high,inferred_from_filings,Cross-batch reconciliation found same basic industry between NUVOCO and ULTRACEMCO.,"Useful for peer, common-factor, relative-value and event-spillover testing.","NSE classification, annual-report source inventory and v2 profile reconciliation",0.72,True
ind_nifty500,company:NYKAA,company,NYKAA,FSN E-Commerce Ventures Ltd.,company:CARTRADE,company,CARTRADE,Cartrade Tech Ltd.,direct_competitor,bidirectional,negative,0,180,high,inferred_from_filings,Cross-batch reconciliation found same basic industry between NYKAA and CARTRADE.,"Useful for peer, common-factor, relative-value and event-spillover testing.","NSE classification, annual-report source inventory and v2 profile reconciliation",0.72,True
ind_nifty500,company:NYKAA,company,NYKAA,FSN E-Commerce Ventures Ltd.,company:ETERNAL,company,ETERNAL,Eternal Ltd.,direct_competitor,bidirectional,negative,0,180,high,inferred_from_filings,Cross-batch reconciliation found same basic industry between NYKAA and ETERNAL.,"Useful for peer, common-factor, relative-value and event-spillover testing.","NSE classification, annual-report source inventory and v2 profile reconciliation",0.72,True
ind_nifty500,company:OBEROIRLTY,company,OBEROIRLTY,Oberoi Realty Ltd.,company:ANANTRAJ,company,ANANTRAJ,Anant Raj Ltd.,direct_competitor,bidirectional,negative,0,180,high,inferred_from_filings,Cross-batch reconciliation found same basic industry between OBEROIRLTY and ANANTRAJ.,"Useful for peer, common-factor, relative-value and event-spillover testing.","NSE classification, annual-report source inventory and v2 profile reconciliation",0.72,True
ind_nifty500,company:OBEROIRLTY,company,OBEROIRLTY,Oberoi Realty Ltd.,company:BRIGADE,company,BRIGADE,Brigade Enterprises Ltd.,direct_competitor,bidirectional,negative,0,180,high,inferred_from_filings,Cross-batch reconciliation found same basic industry between OBEROIRLTY and BRIGADE.,"Useful for peer, common-factor, relative-value and event-spillover testing.","NSE classification, annual-report source inventory and v2 profile reconciliation",0.72,True
ind_nifty500,company:OFSS,company,OFSS,Oracle Financial Services Software Ltd.,company:MAPMYINDIA,company,MAPMYINDIA,C.E. Info Systems Ltd.,direct_competitor,bidirectional,negative,0,180,high,inferred_from_filings,Cross-batch reconciliation found same basic industry between OFSS and MAPMYINDIA.,"Useful for peer, common-factor, relative-value and event-spillover testing.","NSE classification, annual-report source inventory and v2 profile reconciliation",0.72,True
ind_nifty500,company:OFSS,company,OFSS,Oracle Financial Services Software Ltd.,company:BSOFT,company,BSOFT,Birlasoft Ltd.,partial_competitor,bidirectional,negative,0,180,medium,inferred_from_filings,Cross-batch reconciliation found same industry between OFSS and BSOFT.,"Useful for peer, common-factor, relative-value and event-spillover testing.","NSE classification, annual-report source inventory and v2 profile reconciliation",0.72,True
ind_nifty500,company:OIL,company,OIL,Oil India Ltd.,company:ONGC,company,ONGC,Oil & Natural Gas Corporation,direct_competitor,bidirectional,negative,0,180,high,inferred_from_filings,Cross-batch reconciliation found same basic industry between OIL and ONGC.,"Useful for peer, common-factor, relative-value and event-spillover testing.","NSE classification, annual-report source inventory and v2 profile reconciliation",0.72,True
ind_nifty500,company:OIL,company,OIL,Oil India Ltd.,company:AEGISVOPAK,company,AEGISVOPAK,Aegis Vopak Terminals Ltd.,partial_competitor,bidirectional,negative,0,180,medium,inferred_from_filings,Cross-batch reconciliation found same industry between OIL and AEGISVOPAK.,"Useful for peer, common-factor, relative-value and event-spillover testing.","NSE classification, annual-report source inventory and v2 profile reconciliation",0.72,True
ind_nifty500,company:OLAELEC,company,OLAELEC,Ola Electric Mobility Ltd.,company:ATHERENERG,company,ATHERENERG,Ather Energy Ltd.,direct_competitor,bidirectional,negative,0,180,high,inferred_from_filings,Cross-batch reconciliation found same basic industry between OLAELEC and ATHERENERG.,"Useful for peer, common-factor, relative-value and event-spillover testing.","NSE classification, annual-report source inventory and v2 profile reconciliation",0.72,True
ind_nifty500,company:OLAELEC,company,OLAELEC,Ola Electric Mobility Ltd.,company:BAJAJ-AUTO,company,BAJAJ-AUTO,Bajaj Auto Ltd.,direct_competitor,bidirectional,negative,0,180,high,inferred_from_filings,Cross-batch reconciliation found same basic industry between OLAELEC and BAJAJ-AUTO.,"Useful for peer, common-factor, relative-value and event-spillover testing.","NSE classification, annual-report source inventory and v2 profile reconciliation",0.72,True
nifty_500_shariah,company:OLECTRA,company,OLECTRA,Olectra Greentech Ltd.,company:FORCEMOT,company,FORCEMOT,Force Motors Ltd.,direct_competitor,bidirectional,negative,0,180,high,inferred_from_filings,Cross-batch reconciliation found same basic industry between OLECTRA and FORCEMOT.,"Useful for peer, common-factor, relative-value and event-spillover testing.","NSE classification, annual-report source inventory and v2 profile reconciliation",0.72,True
nifty_500_shariah,company:OLECTRA,company,OLECTRA,Olectra Greentech Ltd.,company:HYUNDAI,company,HYUNDAI,Hyundai Motor India Ltd.,direct_competitor,bidirectional,negative,0,180,high,inferred_from_filings,Cross-batch reconciliation found same basic industry between OLECTRA and HYUNDAI.,"Useful for peer, common-factor, relative-value and event-spillover testing.","NSE classification, annual-report source inventory and v2 profile reconciliation",0.72,True
ind_nifty500,company:ONESOURCE,company,ONESOURCE,Onesource Specialty Pharma Ltd.,company:ABBOTINDIA,company,ABBOTINDIA,Abbott India Ltd.,direct_competitor,bidirectional,negative,0,180,high,inferred_from_filings,Cross-batch reconciliation found same basic industry between ONESOURCE and ABBOTINDIA.,"Useful for peer, common-factor, relative-value and event-spillover testing.","NSE classification, annual-report source inventory and v2 profile reconciliation",0.72,True
ind_nifty500,company:ONESOURCE,company,ONESOURCE,Onesource Specialty Pharma Ltd.,company:ACUTAAS,company,ACUTAAS,Acutaas Chemicals Ltd.,direct_competitor,bidirectional,negative,0,180,high,inferred_from_filings,Cross-batch reconciliation found same basic industry between ONESOURCE and ACUTAAS.,"Useful for peer, common-factor, relative-value and event-spillover testing.","NSE classification, annual-report source inventory and v2 profile reconciliation",0.72,True
nifty_500_shariah,company:PAGEIND,company,PAGEIND,Page Industries Ltd.,company:AMBER,company,AMBER,Amber Enterprises India Ltd.,common_customer_industry,bidirectional,mixed,0,180,medium,inferred_from_filings,Cross-batch reconciliation found shared customer industry between PAGEIND and AMBER.,"Useful for peer, common-factor, relative-value and event-spillover testing.","NSE classification, annual-report source inventory and v2 profile reconciliation",0.6,True
nifty_500_shariah,company:PAGEIND,company,PAGEIND,Page Industries Ltd.,company:ANANTRAJ,company,ANANTRAJ,Anant Raj Ltd.,common_customer_industry,bidirectional,mixed,0,180,medium,inferred_from_filings,Cross-batch reconciliation found shared customer industry between PAGEIND and ANANTRAJ.,"Useful for peer, common-factor, relative-value and event-spillover testing.","NSE classification, annual-report source inventory and v2 profile reconciliation",0.6,True
ind_nifty500,company:PARADEEP,company,PARADEEP,Paradeep Phosphates Ltd.,company:CHAMBLFERT,company,CHAMBLFERT,Chambal Fertilisers & Chemicals Ltd.,direct_competitor,bidirectional,negative,0,180,high,inferred_from_filings,Cross-batch reconciliation found same basic industry between PARADEEP and CHAMBLFERT.,"Useful for peer, common-factor, relative-value and event-spillover testing.","NSE classification, annual-report source inventory and v2 profile reconciliation",0.72,True
ind_nifty500,company:PARADEEP,company,PARADEEP,Paradeep Phosphates Ltd.,company:COROMANDEL,company,COROMANDEL,Coromandel International Ltd.,direct_competitor,bidirectional,negative,0,180,high,inferred_from_filings,Cross-batch reconciliation found same basic industry between PARADEEP and COROMANDEL.,"Useful for peer, common-factor, relative-value and event-spillover testing.","NSE classification, annual-report source inventory and v2 profile reconciliation",0.72,True
nifty_500_shariah,company:PATANJALI,company,PATANJALI,Patanjali Foods Ltd.,company:MARICO,company,MARICO,Marico Ltd.,direct_competitor,bidirectional,negative,0,180,high,inferred_from_filings,Cross-batch reconciliation found same basic industry between PATANJALI and MARICO.,"Useful for peer, common-factor, relative-value and event-spillover testing.","NSE classification, annual-report source inventory and v2 profile reconciliation",0.72,True
nifty_500_shariah,company:PATANJALI,company,PATANJALI,Patanjali Foods Ltd.,company:LTFOODS,company,LTFOODS,LT Foods Ltd.,partial_competitor,bidirectional,negative,0,180,medium,inferred_from_filings,Cross-batch reconciliation found same industry between PATANJALI and LTFOODS.,"Useful for peer, common-factor, relative-value and event-spillover testing.","NSE classification, annual-report source inventory and v2 profile reconciliation",0.72,True
ind_nifty500,company:PAYTM,company,PAYTM,One 97 Communications Ltd.,company:PINELABS,company,PINELABS,Pine Labs Ltd.,direct_competitor,bidirectional,negative,0,180,high,inferred_from_filings,Cross-batch reconciliation found same basic industry between PAYTM and PINELABS.,"Useful for peer, common-factor, relative-value and event-spillover testing.","NSE classification, annual-report source inventory and v2 profile reconciliation",0.72,True
ind_nifty500,company:PAYTM,company,PAYTM,One 97 Communications Ltd.,company:POLICYBZR,company,POLICYBZR,PB Fintech Ltd.,direct_competitor,bidirectional,negative,0,180,high,inferred_from_filings,Cross-batch reconciliation found same basic industry between PAYTM and POLICYBZR.,"Useful for peer, common-factor, relative-value and event-spillover testing.","NSE classification, annual-report source inventory and v2 profile reconciliation",0.72,True
ind_nifty500,company:PCBL,company,PCBL,PCBL Chemical Ltd.,company:HSCL,company,HSCL,Himadri Speciality Chemical Ltd.,direct_competitor,bidirectional,negative,0,180,high,inferred_from_filings,Cross-batch reconciliation found same basic industry between PCBL and HSCL.,"Useful for peer, common-factor, relative-value and event-spillover testing.","NSE classification, annual-report source inventory and v2 profile reconciliation",0.72,True
ind_nifty500,company:PCBL,company,PCBL,PCBL Chemical Ltd.,company:AARTIIND,company,AARTIIND,Aarti Industries Ltd.,partial_competitor,bidirectional,negative,0,180,medium,inferred_from_filings,Cross-batch reconciliation found same industry between PCBL and AARTIIND.,"Useful for peer, common-factor, relative-value and event-spillover testing.","NSE classification, annual-report source inventory and v2 profile reconciliation",0.72,True
nifty_500_shariah,company:PERSISTENT,company,PERSISTENT,Persistent Systems Ltd.,company:BSOFT,company,BSOFT,Birlasoft Ltd.,direct_competitor,bidirectional,negative,0,180,high,inferred_from_filings,Cross-batch reconciliation found same basic industry between PERSISTENT and BSOFT.,"Useful for peer, common-factor, relative-value and event-spillover testing.","NSE classification, annual-report source inventory and v2 profile reconciliation",0.72,True
nifty_500_shariah,company:PERSISTENT,company,PERSISTENT,Persistent Systems Ltd.,company:COFORGE,company,COFORGE,Coforge Ltd.,direct_competitor,bidirectional,negative,0,180,high,inferred_from_filings,Cross-batch reconciliation found same basic industry between PERSISTENT and COFORGE.,"Useful for peer, common-factor, relative-value and event-spillover testing.","NSE classification, annual-report source inventory and v2 profile reconciliation",0.72,True
nifty_500_shariah,company:PETRONET,company,PETRONET,Petronet LNG Ltd.,company:ATGL,company,ATGL,Adani Total Gas Ltd.,direct_competitor,bidirectional,negative,0,180,high,inferred_from_filings,Cross-batch reconciliation found same basic industry between PETRONET and ATGL.,"Useful for peer, common-factor, relative-value and event-spillover testing.","NSE classification, annual-report source inventory and v2 profile reconciliation",0.72,True
nifty_500_shariah,company:PETRONET,company,PETRONET,Petronet LNG Ltd.,company:IGL,company,IGL,Indraprastha Gas Ltd.,direct_competitor,bidirectional,negative,0,180,high,inferred_from_filings,Cross-batch reconciliation found same basic industry between PETRONET and IGL.,"Useful for peer, common-factor, relative-value and event-spillover testing.","NSE classification, annual-report source inventory and v2 profile reconciliation",0.72,True
ind_nifty500,company:PFC,company,PFC,Power Finance Corporation Ltd.,company:HUDCO,company,HUDCO,Housing & Urban Development Corporation Ltd.,direct_competitor,bidirectional,negative,0,180,high,inferred_from_filings,Cross-batch reconciliation found same basic industry between PFC and HUDCO.,"Useful for peer, common-factor, relative-value and event-spillover testing.","NSE classification, annual-report source inventory and v2 profile reconciliation",0.72,True
ind_nifty500,company:PFC,company,PFC,Power Finance Corporation Ltd.,company:IFCI,company,IFCI,IFCI Ltd.,direct_competitor,bidirectional,negative,0,180,high,inferred_from_filings,Cross-batch reconciliation found same basic industry between PFC and IFCI.,"Useful for peer, common-factor, relative-value and event-spillover testing.","NSE classification, annual-report source inventory and v2 profile reconciliation",0.72,True
ind_nifty500,company:PFIZER,company,PFIZER,Pfizer Ltd.,company:ABBOTINDIA,company,ABBOTINDIA,Abbott India Ltd.,direct_competitor,bidirectional,negative,0,180,high,inferred_from_filings,Cross-batch reconciliation found same basic industry between PFIZER and ABBOTINDIA.,"Useful for peer, common-factor, relative-value and event-spillover testing.","NSE classification, annual-report source inventory and v2 profile reconciliation",0.72,True
ind_nifty500,company:PFIZER,company,PFIZER,Pfizer Ltd.,company:ACUTAAS,company,ACUTAAS,Acutaas Chemicals Ltd.,direct_competitor,bidirectional,negative,0,180,high,inferred_from_filings,Cross-batch reconciliation found same basic industry between PFIZER and ACUTAAS.,"Useful for peer, common-factor, relative-value and event-spillover testing.","NSE classification, annual-report source inventory and v2 profile reconciliation",0.72,True
nifty_500_shariah,company:PGEL,company,PGEL,PG Electroplast Ltd.,company:DIXON,company,DIXON,Dixon Technologies (India) Ltd.,direct_competitor,bidirectional,negative,0,180,high,inferred_from_filings,Cross-batch reconciliation found same basic industry between PGEL and DIXON.,"Useful for peer, common-factor, relative-value and event-spillover testing.","NSE classification, annual-report source inventory and v2 profile reconciliation",0.72,True
nifty_500_shariah,company:PGEL,company,PGEL,PG Electroplast Ltd.,company:HAVELLS,company,HAVELLS,Havells India Ltd.,direct_competitor,bidirectional,negative,0,180,high,inferred_from_filings,Cross-batch reconciliation found same basic industry between PGEL and HAVELLS.,"Useful for peer, common-factor, relative-value and event-spillover testing.","NSE classification, annual-report source inventory and v2 profile reconciliation",0.72,True
ind_nifty500,company:PHOENIXLTD,company,PHOENIXLTD,Phoenix Mills Ltd.,company:ANANTRAJ,company,ANANTRAJ,Anant Raj Ltd.,direct_competitor,bidirectional,negative,0,180,high,inferred_from_filings,Cross-batch reconciliation found same basic industry between PHOENIXLTD and ANANTRAJ.,"Useful for peer, common-factor, relative-value and event-spillover testing.","NSE classification, annual-report source inventory and v2 profile reconciliation",0.72,True
ind_nifty500,company:PHOENIXLTD,company,PHOENIXLTD,Phoenix Mills Ltd.,company:BRIGADE,company,BRIGADE,Brigade Enterprises Ltd.,direct_competitor,bidirectional,negative,0,180,high,inferred_from_filings,Cross-batch reconciliation found same basic industry between PHOENIXLTD and BRIGADE.,"Useful for peer, common-factor, relative-value and event-spillover testing.","NSE classification, annual-report source inventory and v2 profile reconciliation",0.72,True
nifty_500_shariah,company:PIDILITIND,company,PIDILITIND,Pidilite Industries Ltd.,company:ATUL,company,ATUL,Atul Ltd.,direct_competitor,bidirectional,negative,0,180,high,inferred_from_filings,Cross-batch reconciliation found same basic industry between PIDILITIND and ATUL.,"Useful for peer, common-factor, relative-value and event-spillover testing.","NSE classification, annual-report source inventory and v2 profile reconciliation",0.72,True
nifty_500_shariah,company:PIDILITIND,company,PIDILITIND,Pidilite Industries Ltd.,company:DEEPAKNTR,company,DEEPAKNTR,Deepak Nitrite Ltd.,direct_competitor,bidirectional,negative,0,180,high,inferred_from_filings,Cross-batch reconciliation found same basic industry between PIDILITIND and DEEPAKNTR.,"Useful for peer, common-factor, relative-value and event-spillover testing.","NSE classification, annual-report source inventory and v2 profile reconciliation",0.72,True
ind_nifty500,company:PIIND,company,PIIND,PI Industries Ltd.,company:BAYERCROP,company,BAYERCROP,Bayer Cropscience Ltd.,direct_competitor,bidirectional,negative,0,180,high,inferred_from_filings,Cross-batch reconciliation found same basic industry between PIIND and BAYERCROP.,"Useful for peer, common-factor, relative-value and event-spillover testing.","NSE classification, annual-report source inventory and v2 profile reconciliation",0.72,True
ind_nifty500,company:PIIND,company,PIIND,PI Industries Ltd.,company:SUMICHEM,company,SUMICHEM,Sumitomo Chemical India Ltd.,direct_competitor,bidirectional,negative,0,180,high,inferred_from_filings,Cross-batch reconciliation found same basic industry between PIIND and SUMICHEM.,"Useful for peer, common-factor, relative-value and event-spillover testing.","NSE classification, annual-report source inventory and v2 profile reconciliation",0.72,True
ind_nifty500,company:PINELABS,company,PINELABS,Pine Labs Ltd.,company:PAYTM,company,PAYTM,One 97 Communications Ltd.,direct_competitor,bidirectional,negative,0,180,high,inferred_from_filings,Cross-batch reconciliation found same basic industry between PINELABS and PAYTM.,"Useful for peer, common-factor, relative-value and event-spillover testing.","NSE classification, annual-report source inventory and v2 profile reconciliation",0.72,True
ind_nifty500,company:PINELABS,company,PINELABS,Pine Labs Ltd.,company:POLICYBZR,company,POLICYBZR,PB Fintech Ltd.,direct_competitor,bidirectional,negative,0,180,high,inferred_from_filings,Cross-batch reconciliation found same basic industry between PINELABS and POLICYBZR.,"Useful for peer, common-factor, relative-value and event-spillover testing.","NSE classification, annual-report source inventory and v2 profile reconciliation",0.72,True
ind_nifty500,company:PIRAMALFIN,company,PIRAMALFIN,Piramal Finance Ltd.,company:AIIL,company,AIIL,Authum Investment & Infrastructure Ltd.,direct_competitor,bidirectional,negative,0,180,high,inferred_from_filings,Cross-batch reconciliation found same basic industry between PIRAMALFIN and AIIL.,"Useful for peer, common-factor, relative-value and event-spillover testing.","NSE classification, annual-report source inventory and v2 profile reconciliation",0.72,True
ind_nifty500,company:PIRAMALFIN,company,PIRAMALFIN,Piramal Finance Ltd.,company:BAJFINANCE,company,BAJFINANCE,Bajaj Finance Ltd.,direct_competitor,bidirectional,negative,0,180,high,inferred_from_filings,Cross-batch reconciliation found same basic industry between PIRAMALFIN and BAJFINANCE.,"Useful for peer, common-factor, relative-value and event-spillover testing.","NSE classification, annual-report source inventory and v2 profile reconciliation",0.72,True
ind_nifty500,company:PNB,company,PNB,Punjab National Bank,company:BANKBARODA,company,BANKBARODA,Bank of Baroda,direct_competitor,bidirectional,negative,0,180,high,inferred_from_filings,Cross-batch reconciliation found same basic industry between PNB and BANKBARODA.,"Useful for peer, common-factor, relative-value and event-spillover testing.","NSE classification, annual-report source inventory and v2 profile reconciliation",0.72,True
ind_nifty500,company:PNB,company,PNB,Punjab National Bank,company:BANKINDIA,company,BANKINDIA,Bank of India,direct_competitor,bidirectional,negative,0,180,high,inferred_from_filings,Cross-batch reconciliation found same basic industry between PNB and BANKINDIA.,"Useful for peer, common-factor, relative-value and event-spillover testing.","NSE classification, annual-report source inventory and v2 profile reconciliation",0.72,True
ind_nifty500,company:PNBHOUSING,company,PNBHOUSING,PNB Housing Finance Ltd.,company:AAVAS,company,AAVAS,Aavas Financiers Ltd.,direct_competitor,bidirectional,negative,0,180,high,inferred_from_filings,Cross-batch reconciliation found same basic industry between PNBHOUSING and AAVAS.,"Useful for peer, common-factor, relative-value and event-spillover testing.","NSE classification, annual-report source inventory and v2 profile reconciliation",0.72,True
ind_nifty500,company:PNBHOUSING,company,PNBHOUSING,PNB Housing Finance Ltd.,company:APTUS,company,APTUS,Aptus Value Housing Finance India Ltd.,direct_competitor,bidirectional,negative,0,180,high,inferred_from_filings,Cross-batch reconciliation found same basic industry between PNBHOUSING and APTUS.,"Useful for peer, common-factor, relative-value and event-spillover testing.","NSE classification, annual-report source inventory and v2 profile reconciliation",0.72,True
ind_nifty500,company:POLICYBZR,company,POLICYBZR,PB Fintech Ltd.,company:PAYTM,company,PAYTM,One 97 Communications Ltd.,direct_competitor,bidirectional,negative,0,180,high,inferred_from_filings,Cross-batch reconciliation found same basic industry between POLICYBZR and PAYTM.,"Useful for peer, common-factor, relative-value and event-spillover testing.","NSE classification, annual-report source inventory and v2 profile reconciliation",0.72,True
ind_nifty500,company:POLICYBZR,company,POLICYBZR,PB Fintech Ltd.,company:PINELABS,company,PINELABS,Pine Labs Ltd.,direct_competitor,bidirectional,negative,0,180,high,inferred_from_filings,Cross-batch reconciliation found same basic industry between POLICYBZR and PINELABS.,"Useful for peer, common-factor, relative-value and event-spillover testing.","NSE classification, annual-report source inventory and v2 profile reconciliation",0.72,True
nifty_500_shariah,company:POLYCAB,company,POLYCAB,Polycab India Ltd.,company:FINCABLES,company,FINCABLES,Finolex Cables Ltd.,direct_competitor,bidirectional,negative,0,180,high,inferred_from_filings,Cross-batch reconciliation found same basic industry between POLYCAB and FINCABLES.,"Useful for peer, common-factor, relative-value and event-spillover testing.","NSE classification, annual-report source inventory and v2 profile reconciliation",0.72,True
nifty_500_shariah,company:POLYCAB,company,POLYCAB,Polycab India Ltd.,company:KEI,company,KEI,KEI Industries Ltd.,direct_competitor,bidirectional,negative,0,180,high,inferred_from_filings,Cross-batch reconciliation found same basic industry between POLYCAB and KEI.,"Useful for peer, common-factor, relative-value and event-spillover testing.","NSE classification, annual-report source inventory and v2 profile reconciliation",0.72,True
ind_nifty500,company:POLYMED,company,POLYMED,Poly Medicure Ltd.,company:ABBOTINDIA,company,ABBOTINDIA,Abbott India Ltd.,common_customer_industry,bidirectional,mixed,0,180,medium,inferred_from_filings,Cross-batch reconciliation found shared customer industry between POLYMED and ABBOTINDIA.,"Useful for peer, common-factor, relative-value and event-spillover testing.","NSE classification, annual-report source inventory and v2 profile reconciliation",0.6,True
ind_nifty500,company:POLYMED,company,POLYMED,Poly Medicure Ltd.,company:ACUTAAS,company,ACUTAAS,Acutaas Chemicals Ltd.,common_customer_industry,bidirectional,mixed,0,180,medium,inferred_from_filings,Cross-batch reconciliation found shared customer industry between POLYMED and ACUTAAS.,"Useful for peer, common-factor, relative-value and event-spillover testing.","NSE classification, annual-report source inventory and v2 profile reconciliation",0.6,True
ind_nifty500,company:POONAWALLA,company,POONAWALLA,Poonawalla Fincorp Ltd.,company:AIIL,company,AIIL,Authum Investment & Infrastructure Ltd.,direct_competitor,bidirectional,negative,0,180,high,inferred_from_filings,Cross-batch reconciliation found same basic industry between POONAWALLA and AIIL.,"Useful for peer, common-factor, relative-value and event-spillover testing.","NSE classification, annual-report source inventory and v2 profile reconciliation",0.72,True
ind_nifty500,company:POONAWALLA,company,POONAWALLA,Poonawalla Fincorp Ltd.,company:BAJFINANCE,company,BAJFINANCE,Bajaj Finance Ltd.,direct_competitor,bidirectional,negative,0,180,high,inferred_from_filings,Cross-batch reconciliation found same basic industry between POONAWALLA and BAJFINANCE.,"Useful for peer, common-factor, relative-value and event-spillover testing.","NSE classification, annual-report source inventory and v2 profile reconciliation",0.72,True
ind_nifty500,company:POWERGRID,company,POWERGRID,Power Grid Corporation of India Ltd.,company:ACMESOLAR,company,ACMESOLAR,ACME Solar Holdings Ltd.,partial_competitor,bidirectional,negative,0,180,medium,inferred_from_filings,Cross-batch reconciliation found same industry between POWERGRID and ACMESOLAR.,"Useful for peer, common-factor, relative-value and event-spillover testing.","NSE classification, annual-report source inventory and v2 profile reconciliation",0.72,True
ind_nifty500,company:POWERGRID,company,POWERGRID,Power Grid Corporation of India Ltd.,company:ADANIENSOL,company,ADANIENSOL,Adani Energy Solutions Ltd.,partial_competitor,bidirectional,negative,0,180,medium,inferred_from_filings,Cross-batch reconciliation found same industry between POWERGRID and ADANIENSOL.,"Useful for peer, common-factor, relative-value and event-spillover testing.","NSE classification, annual-report source inventory and v2 profile reconciliation",0.72,True
nifty_500_shariah,company:POWERINDIA,company,POWERINDIA,Hitachi Energy India Ltd.,company:BHEL,company,BHEL,Bharat Heavy Electricals Ltd.,direct_competitor,bidirectional,negative,0,180,high,inferred_from_filings,Cross-batch reconciliation found same basic industry between POWERINDIA and BHEL.,"Useful for peer, common-factor, relative-value and event-spillover testing.","NSE classification, annual-report source inventory and v2 profile reconciliation",0.72,True
nifty_500_shariah,company:POWERINDIA,company,POWERINDIA,Hitachi Energy India Ltd.,company:CGPOWER,company,CGPOWER,CG Power and Industrial Solutions Ltd.,direct_competitor,bidirectional,negative,0,180,high,inferred_from_filings,Cross-batch reconciliation found same basic industry between POWERINDIA and CGPOWER.,"Useful for peer, common-factor, relative-value and event-spillover testing.","NSE classification, annual-report source inventory and v2 profile reconciliation",0.72,True
ind_nifty500,company:PPLPHARMA,company,PPLPHARMA,Piramal Pharma Ltd.,company:ABBOTINDIA,company,ABBOTINDIA,Abbott India Ltd.,direct_competitor,bidirectional,negative,0,180,high,inferred_from_filings,Cross-batch reconciliation found same basic industry between PPLPHARMA and ABBOTINDIA.,"Useful for peer, common-factor, relative-value and event-spillover testing.","NSE classification, annual-report source inventory and v2 profile reconciliation",0.72,True
ind_nifty500,company:PPLPHARMA,company,PPLPHARMA,Piramal Pharma Ltd.,company:ACUTAAS,company,ACUTAAS,Acutaas Chemicals Ltd.,direct_competitor,bidirectional,negative,0,180,high,inferred_from_filings,Cross-batch reconciliation found same basic industry between PPLPHARMA and ACUTAAS.,"Useful for peer, common-factor, relative-value and event-spillover testing.","NSE classification, annual-report source inventory and v2 profile reconciliation",0.72,True
ind_nifty500,company:PREMIERENE,company,PREMIERENE,Premier Energies Ltd.,company:APARINDS,company,APARINDS,Apar Industries Ltd.,direct_competitor,bidirectional,negative,0,180,high,inferred_from_filings,Cross-batch reconciliation found same basic industry between PREMIERENE and APARINDS.,"Useful for peer, common-factor, relative-value and event-spillover testing.","NSE classification, annual-report source inventory and v2 profile reconciliation",0.72,True
ind_nifty500,company:PREMIERENE,company,PREMIERENE,Premier Energies Ltd.,company:EMMVEE,company,EMMVEE,Emmvee Photovoltaic Power Ltd.,direct_competitor,bidirectional,negative,0,180,high,inferred_from_filings,Cross-batch reconciliation found same basic industry between PREMIERENE and EMMVEE.,"Useful for peer, common-factor, relative-value and event-spillover testing.","NSE classification, annual-report source inventory and v2 profile reconciliation",0.72,True
ind_nifty500,company:PRESTIGE,company,PRESTIGE,Prestige Estates Projects Ltd.,company:ANANTRAJ,company,ANANTRAJ,Anant Raj Ltd.,direct_competitor,bidirectional,negative,0,180,high,inferred_from_filings,Cross-batch reconciliation found same basic industry between PRESTIGE and ANANTRAJ.,"Useful for peer, common-factor, relative-value and event-spillover testing.","NSE classification, annual-report source inventory and v2 profile reconciliation",0.72,True
ind_nifty500,company:PRESTIGE,company,PRESTIGE,Prestige Estates Projects Ltd.,company:BRIGADE,company,BRIGADE,Brigade Enterprises Ltd.,direct_competitor,bidirectional,negative,0,180,high,inferred_from_filings,Cross-batch reconciliation found same basic industry between PRESTIGE and BRIGADE.,"Useful for peer, common-factor, relative-value and event-spillover testing.","NSE classification, annual-report source inventory and v2 profile reconciliation",0.72,True
ind_nifty500,company:PTCIL,company,PTCIL,PTC Industries Ltd.,company:AIAENG,company,AIAENG,AIA Engineering Ltd.,direct_competitor,bidirectional,negative,0,180,high,inferred_from_filings,Cross-batch reconciliation found same basic industry between PTCIL and AIAENG.,"Useful for peer, common-factor, relative-value and event-spillover testing.","NSE classification, annual-report source inventory and v2 profile reconciliation",0.72,True
ind_nifty500,company:PTCIL,company,PTCIL,PTC Industries Ltd.,company:APLAPOLLO,company,APLAPOLLO,APL Apollo Tubes Ltd.,partial_competitor,bidirectional,negative,0,180,medium,inferred_from_filings,Cross-batch reconciliation found same industry between PTCIL and APLAPOLLO.,"Useful for peer, common-factor, relative-value and event-spillover testing.","NSE classification, annual-report source inventory and v2 profile reconciliation",0.72,True
ind_nifty500,company:PVRINOX,company,PVRINOX,PVR INOX Ltd.,company:SAREGAMA,company,SAREGAMA,Saregama India Ltd,partial_competitor,bidirectional,negative,0,180,medium,inferred_from_filings,Cross-batch reconciliation found same industry between PVRINOX and SAREGAMA.,"Useful for peer, common-factor, relative-value and event-spillover testing.","NSE classification, annual-report source inventory and v2 profile reconciliation",0.72,True
ind_nifty500,company:PVRINOX,company,PVRINOX,PVR INOX Ltd.,company:SUNTV,company,SUNTV,Sun TV Network Ltd.,partial_competitor,bidirectional,negative,0,180,medium,inferred_from_filings,Cross-batch reconciliation found same industry between PVRINOX and SUNTV.,"Useful for peer, common-factor, relative-value and event-spillover testing.","NSE classification, annual-report source inventory and v2 profile reconciliation",0.72,True
ind_nifty500,company:PWL,company,PWL,Physicswallah Ltd.,company:ABDL,company,ABDL,Allied Blenders and Distillers Ltd.,common_customer_industry,bidirectional,mixed,0,180,medium,inferred_from_filings,Cross-batch reconciliation found shared customer industry between PWL and ABDL.,"Useful for peer, common-factor, relative-value and event-spillover testing.","NSE classification, annual-report source inventory and v2 profile reconciliation",0.6,True
ind_nifty500,company:PWL,company,PWL,Physicswallah Ltd.,company:ACMESOLAR,company,ACMESOLAR,ACME Solar Holdings Ltd.,common_customer_industry,bidirectional,mixed,0,180,medium,inferred_from_filings,Cross-batch reconciliation found shared customer industry between PWL and ACMESOLAR.,"Useful for peer, common-factor, relative-value and event-spillover testing.","NSE classification, annual-report source inventory and v2 profile reconciliation",0.6,True
ind_nifty500,company:RADICO,company,RADICO,Radico Khaitan Ltd,company:ABDL,company,ABDL,Allied Blenders and Distillers Ltd.,direct_competitor,bidirectional,negative,0,180,high,inferred_from_filings,Cross-batch reconciliation found same basic industry between RADICO and ABDL.,"Useful for peer, common-factor, relative-value and event-spillover testing.","NSE classification, annual-report source inventory and v2 profile reconciliation",0.72,True
ind_nifty500,company:RADICO,company,RADICO,Radico Khaitan Ltd,company:UBL,company,UBL,United Breweries Ltd.,direct_competitor,bidirectional,negative,0,180,high,inferred_from_filings,Cross-batch reconciliation found same basic industry between RADICO and UBL.,"Useful for peer, common-factor, relative-value and event-spillover testing.","NSE classification, annual-report source inventory and v2 profile reconciliation",0.72,True
nifty_500_shariah,company:RAILTEL,company,RAILTEL,RailTel Corporation of India Ltd.,company:HFCL,company,HFCL,HFCL Ltd.,partial_competitor,bidirectional,negative,0,180,medium,inferred_from_filings,Cross-batch reconciliation found same industry between RAILTEL and HFCL.,"Useful for peer, common-factor, relative-value and event-spillover testing.","NSE classification, annual-report source inventory and v2 profile reconciliation",0.72,True
nifty_500_shariah,company:RAILTEL,company,RAILTEL,RailTel Corporation of India Ltd.,company:INDUSTOWER,company,INDUSTOWER,Indus Towers Ltd.,partial_competitor,bidirectional,negative,0,180,medium,inferred_from_filings,Cross-batch reconciliation found same industry between RAILTEL and INDUSTOWER.,"Useful for peer, common-factor, relative-value and event-spillover testing.","NSE classification, annual-report source inventory and v2 profile reconciliation",0.72,True
ind_nifty500,company:RAINBOW,company,RAINBOW,Rainbow Childrens Medicare Ltd.,company:APOLLOHOSP,company,APOLLOHOSP,Apollo Hospitals Enterprise Ltd.,direct_competitor,bidirectional,negative,0,180,high,inferred_from_filings,Cross-batch reconciliation found same basic industry between RAINBOW and APOLLOHOSP.,"Useful for peer, common-factor, relative-value and event-spillover testing.","NSE classification, annual-report source inventory and v2 profile reconciliation",0.72,True
ind_nifty500,company:RAINBOW,company,RAINBOW,Rainbow Childrens Medicare Ltd.,company:ASTERDM,company,ASTERDM,Aster DM Healthcare Ltd.,direct_competitor,bidirectional,negative,0,180,high,inferred_from_filings,Cross-batch reconciliation found same basic industry between RAINBOW and ASTERDM.,"Useful for peer, common-factor, relative-value and event-spillover testing.","NSE classification, annual-report source inventory and v2 profile reconciliation",0.72,True
ind_nifty500,company:RAMCOCEM,company,RAMCOCEM,The Ramco Cements Ltd.,company:ACC,company,ACC,ACC Ltd.,direct_competitor,bidirectional,negative,0,180,high,inferred_from_filings,Cross-batch reconciliation found same basic industry between RAMCOCEM and ACC.,"Useful for peer, common-factor, relative-value and event-spillover testing.","NSE classification, annual-report source inventory and v2 profile reconciliation",0.72,True
ind_nifty500,company:RAMCOCEM,company,RAMCOCEM,The Ramco Cements Ltd.,company:AMBUJACEM,company,AMBUJACEM,Ambuja Cements Ltd.,direct_competitor,bidirectional,negative,0,180,high,inferred_from_filings,Cross-batch reconciliation found same basic industry between RAMCOCEM and AMBUJACEM.,"Useful for peer, common-factor, relative-value and event-spillover testing.","NSE classification, annual-report source inventory and v2 profile reconciliation",0.72,True
ind_nifty500,company:RBLBANK,company,RBLBANK,RBL Bank Ltd.,company:AXISBANK,company,AXISBANK,Axis Bank Ltd.,direct_competitor,bidirectional,negative,0,180,high,inferred_from_filings,Cross-batch reconciliation found same basic industry between RBLBANK and AXISBANK.,"Useful for peer, common-factor, relative-value and event-spillover testing.","NSE classification, annual-report source inventory and v2 profile reconciliation",0.72,True
ind_nifty500,company:RBLBANK,company,RBLBANK,RBL Bank Ltd.,company:BANDHANBNK,company,BANDHANBNK,Bandhan Bank Ltd.,direct_competitor,bidirectional,negative,0,180,high,inferred_from_filings,Cross-batch reconciliation found same basic industry between RBLBANK and BANDHANBNK.,"Useful for peer, common-factor, relative-value and event-spillover testing.","NSE classification, annual-report source inventory and v2 profile reconciliation",0.72,True
ind_nifty500,company:RECLTD,company,RECLTD,REC Ltd.,company:HUDCO,company,HUDCO,Housing & Urban Development Corporation Ltd.,direct_competitor,bidirectional,negative,0,180,high,inferred_from_filings,Cross-batch reconciliation found same basic industry between RECLTD and HUDCO.,"Useful for peer, common-factor, relative-value and event-spillover testing.","NSE classification, annual-report source inventory and v2 profile reconciliation",0.72,True
ind_nifty500,company:RECLTD,company,RECLTD,REC Ltd.,company:IFCI,company,IFCI,IFCI Ltd.,direct_competitor,bidirectional,negative,0,180,high,inferred_from_filings,Cross-batch reconciliation found same basic industry between RECLTD and IFCI.,"Useful for peer, common-factor, relative-value and event-spillover testing.","NSE classification, annual-report source inventory and v2 profile reconciliation",0.72,True
nifty_500_shariah,company:REDINGTON,company,REDINGTON,Redington Ltd.,company:ECLERX,company,ECLERX,eClerx Services Ltd.,partial_competitor,bidirectional,negative,0,180,medium,inferred_from_filings,Cross-batch reconciliation found same industry between REDINGTON and ECLERX.,"Useful for peer, common-factor, relative-value and event-spillover testing.","NSE classification, annual-report source inventory and v2 profile reconciliation",0.72,True
nifty_500_shariah,company:REDINGTON,company,REDINGTON,Redington Ltd.,company:FSL,company,FSL,Firstsource Solutions Ltd.,partial_competitor,bidirectional,negative,0,180,medium,inferred_from_filings,Cross-batch reconciliation found same industry between REDINGTON and FSL.,"Useful for peer, common-factor, relative-value and event-spillover testing.","NSE classification, annual-report source inventory and v2 profile reconciliation",0.72,True
ind_nifty500,company:RELIANCE,company,RELIANCE,Reliance Industries Ltd.,company:BPCL,company,BPCL,Bharat Petroleum Corporation Ltd.,direct_competitor,bidirectional,negative,0,180,high,inferred_from_filings,Cross-batch reconciliation found same basic industry between RELIANCE and BPCL.,"Useful for peer, common-factor, relative-value and event-spillover testing.","NSE classification, annual-report source inventory and v2 profile reconciliation",0.72,True
ind_nifty500,company:RELIANCE,company,RELIANCE,Reliance Industries Ltd.,company:CHENNPETRO,company,CHENNPETRO,Chennai Petroleum Corporation Ltd.,direct_competitor,bidirectional,negative,0,180,high,inferred_from_filings,Cross-batch reconciliation found same basic industry between RELIANCE and CHENNPETRO.,"Useful for peer, common-factor, relative-value and event-spillover testing.","NSE classification, annual-report source inventory and v2 profile reconciliation",0.72,True
nifty_500_shariah,company:RHIM,company,RHIM,RHI Magnesita India Ltd.,company:HEG,company,HEG,HEG Ltd.,direct_competitor,bidirectional,negative,0,180,high,inferred_from_filings,Cross-batch reconciliation found same basic industry between RHIM and HEG.,"Useful for peer, common-factor, relative-value and event-spillover testing.","NSE classification, annual-report source inventory and v2 profile reconciliation",0.72,True
nifty_500_shariah,company:RHIM,company,RHIM,RHI Magnesita India Ltd.,company:APLAPOLLO,company,APLAPOLLO,APL Apollo Tubes Ltd.,partial_competitor,bidirectional,negative,0,180,medium,inferred_from_filings,Cross-batch reconciliation found same industry between RHIM and APLAPOLLO.,"Useful for peer, common-factor, relative-value and event-spillover testing.","NSE classification, annual-report source inventory and v2 profile reconciliation",0.72,True
ind_nifty500,company:RITES,company,RITES,RITES Ltd.,company:CEMPRO,company,CEMPRO,Cemindia Projects Ltd.,direct_competitor,bidirectional,negative,0,180,high,inferred_from_filings,Cross-batch reconciliation found same basic industry between RITES and CEMPRO.,"Useful for peer, common-factor, relative-value and event-spillover testing.","NSE classification, annual-report source inventory and v2 profile reconciliation",0.72,True
ind_nifty500,company:RITES,company,RITES,RITES Ltd.,company:ENGINERSIN,company,ENGINERSIN,Engineers India Ltd.,direct_competitor,bidirectional,negative,0,180,high,inferred_from_filings,Cross-batch reconciliation found same basic industry between RITES and ENGINERSIN.,"Useful for peer, common-factor, relative-value and event-spillover testing.","NSE classification, annual-report source inventory and v2 profile reconciliation",0.72,True
ind_nifty500,company:RKFORGE,company,RKFORGE,Ramkrishna Forgings Ltd.,company:ARE&M,company,ARE&M,Amara Raja Energy & Mobility Ltd.,direct_competitor,bidirectional,negative,0,180,high,inferred_from_filings,Cross-batch reconciliation found same basic industry between RKFORGE and ARE&M.,"Useful for peer, common-factor, relative-value and event-spillover testing.","NSE classification, annual-report source inventory and v2 profile reconciliation",0.72,True
ind_nifty500,company:RKFORGE,company,RKFORGE,Ramkrishna Forgings Ltd.,company:ASAHIINDIA,company,ASAHIINDIA,Asahi India Glass Ltd.,direct_competitor,bidirectional,negative,0,180,high,inferred_from_filings,Cross-batch reconciliation found same basic industry between RKFORGE and ASAHIINDIA.,"Useful for peer, common-factor, relative-value and event-spillover testing.","NSE classification, annual-report source inventory and v2 profile reconciliation",0.72,True
ind_nifty500,company:RPOWER,company,RPOWER,Reliance Power Ltd.,company:ACMESOLAR,company,ACMESOLAR,ACME Solar Holdings Ltd.,direct_competitor,bidirectional,negative,0,180,high,inferred_from_filings,Cross-batch reconciliation found same basic industry between RPOWER and ACMESOLAR.,"Useful for peer, common-factor, relative-value and event-spillover testing.","NSE classification, annual-report source inventory and v2 profile reconciliation",0.72,True
ind_nifty500,company:RPOWER,company,RPOWER,Reliance Power Ltd.,company:ADANIGREEN,company,ADANIGREEN,Adani Green Energy Ltd.,direct_competitor,bidirectional,negative,0,180,high,inferred_from_filings,Cross-batch reconciliation found same basic industry between RPOWER and ADANIGREEN.,"Useful for peer, common-factor, relative-value and event-spillover testing.","NSE classification, annual-report source inventory and v2 profile reconciliation",0.72,True
nifty_500_shariah,company:RRKABEL,company,RRKABEL,R R Kabel Ltd.,company:FINCABLES,company,FINCABLES,Finolex Cables Ltd.,direct_competitor,bidirectional,negative,0,180,high,inferred_from_filings,Cross-batch reconciliation found same basic industry between RRKABEL and FINCABLES.,"Useful for peer, common-factor, relative-value and event-spillover testing.","NSE classification, annual-report source inventory and v2 profile reconciliation",0.72,True
nifty_500_shariah,company:RRKABEL,company,RRKABEL,R R Kabel Ltd.,company:KEI,company,KEI,KEI Industries Ltd.,direct_competitor,bidirectional,negative,0,180,high,inferred_from_filings,Cross-batch reconciliation found same basic industry between RRKABEL and KEI.,"Useful for peer, common-factor, relative-value and event-spillover testing.","NSE classification, annual-report source inventory and v2 profile reconciliation",0.72,True
nifty_500_shariah,company:RVNL,company,RVNL,Rail Vikas Nigam Ltd.,company:AFCONS,company,AFCONS,Afcons Infrastructure Ltd.,direct_competitor,bidirectional,negative,0,180,high,inferred_from_filings,Cross-batch reconciliation found same basic industry between RVNL and AFCONS.,"Useful for peer, common-factor, relative-value and event-spillover testing.","NSE classification, annual-report source inventory and v2 profile reconciliation",0.72,True
nifty_500_shariah,company:RVNL,company,RVNL,Rail Vikas Nigam Ltd.,company:CEMPRO,company,CEMPRO,Cemindia Projects Ltd.,direct_competitor,bidirectional,negative,0,180,high,inferred_from_filings,Cross-batch reconciliation found same basic industry between RVNL and CEMPRO.,"Useful for peer, common-factor, relative-value and event-spillover testing.","NSE classification, annual-report source inventory and v2 profile reconciliation",0.72,True
nifty_500_shariah,company:SAGILITY,company,SAGILITY,Sagility Ltd.,company:CYIENT,company,CYIENT,Cyient Ltd.,direct_competitor,bidirectional,negative,0,180,high,inferred_from_filings,Cross-batch reconciliation found same basic industry between SAGILITY and CYIENT.,"Useful for peer, common-factor, relative-value and event-spillover testing.","NSE classification, annual-report source inventory and v2 profile reconciliation",0.72,True
nifty_500_shariah,company:SAGILITY,company,SAGILITY,Sagility Ltd.,company:LTTS,company,LTTS,L&T Technology Services Ltd.,direct_competitor,bidirectional,negative,0,180,high,inferred_from_filings,Cross-batch reconciliation found same basic industry between SAGILITY and LTTS.,"Useful for peer, common-factor, relative-value and event-spillover testing.","NSE classification, annual-report source inventory and v2 profile reconciliation",0.72,True
nifty_500_shariah,company:SAIL,company,SAIL,Steel Authority of India (SAIL) Ltd.,company:JINDALSTEL,company,JINDALSTEL,Jindal Steel Ltd.,direct_competitor,bidirectional,negative,0,180,high,inferred_from_filings,Cross-batch reconciliation found same basic industry between SAIL and JINDALSTEL.,"Useful for peer, common-factor, relative-value and event-spillover testing.","NSE classification, annual-report source inventory and v2 profile reconciliation",0.72,True
nifty_500_shariah,company:SAIL,company,SAIL,Steel Authority of India (SAIL) Ltd.,company:JSL,company,JSL,Jindal Stainless Ltd.,direct_competitor,bidirectional,negative,0,180,high,inferred_from_filings,Cross-batch reconciliation found same basic industry between SAIL and JSL.,"Useful for peer, common-factor, relative-value and event-spillover testing.","NSE classification, annual-report source inventory and v2 profile reconciliation",0.72,True
nifty_500_shariah,company:SAILIFE,company,SAILIFE,Sai Life Science Ltd.,company:ACUTAAS,company,ACUTAAS,Acutaas Chemicals Ltd.,direct_competitor,bidirectional,negative,0,180,high,inferred_from_filings,Cross-batch reconciliation found same basic industry between SAILIFE and ACUTAAS.,"Useful for peer, common-factor, relative-value and event-spillover testing.","NSE classification, annual-report source inventory and v2 profile reconciliation",0.72,True
nifty_500_shariah,company:SAILIFE,company,SAILIFE,Sai Life Science Ltd.,company:AJANTPHARM,company,AJANTPHARM,Ajanta Pharma Ltd.,direct_competitor,bidirectional,negative,0,180,high,inferred_from_filings,Cross-batch reconciliation found same basic industry between SAILIFE and AJANTPHARM.,"Useful for peer, common-factor, relative-value and event-spillover testing.","NSE classification, annual-report source inventory and v2 profile reconciliation",0.72,True
ind_nifty500,company:SAMMAANCAP,company,SAMMAANCAP,Sammaan Capital Ltd.,company:AAVAS,company,AAVAS,Aavas Financiers Ltd.,direct_competitor,bidirectional,negative,0,180,high,inferred_from_filings,Cross-batch reconciliation found same basic industry between SAMMAANCAP and AAVAS.,"Useful for peer, common-factor, relative-value and event-spillover testing.","NSE classification, annual-report source inventory and v2 profile reconciliation",0.72,True
ind_nifty500,company:SAMMAANCAP,company,SAMMAANCAP,Sammaan Capital Ltd.,company:APTUS,company,APTUS,Aptus Value Housing Finance India Ltd.,direct_competitor,bidirectional,negative,0,180,high,inferred_from_filings,Cross-batch reconciliation found same basic industry between SAMMAANCAP and APTUS.,"Useful for peer, common-factor, relative-value and event-spillover testing.","NSE classification, annual-report source inventory and v2 profile reconciliation",0.72,True
ind_nifty500,company:SAPPHIRE,company,SAPPHIRE,Sapphire Foods India Ltd.,company:DEVYANI,company,DEVYANI,Devyani International Ltd.,direct_competitor,bidirectional,negative,0,180,high,inferred_from_filings,Cross-batch reconciliation found same basic industry between SAPPHIRE and DEVYANI.,"Useful for peer, common-factor, relative-value and event-spillover testing.","NSE classification, annual-report source inventory and v2 profile reconciliation",0.72,True
ind_nifty500,company:SAPPHIRE,company,SAPPHIRE,Sapphire Foods India Ltd.,company:JUBLFOOD,company,JUBLFOOD,Jubilant Foodworks Ltd.,direct_competitor,bidirectional,negative,0,180,high,inferred_from_filings,Cross-batch reconciliation found same basic industry between SAPPHIRE and JUBLFOOD.,"Useful for peer, common-factor, relative-value and event-spillover testing.","NSE classification, annual-report source inventory and v2 profile reconciliation",0.72,True
ind_nifty500,company:SARDAEN,company,SARDAEN,Sarda Energy and Minerals Ltd.,company:JINDALSTEL,company,JINDALSTEL,Jindal Steel Ltd.,direct_competitor,bidirectional,negative,0,180,high,inferred_from_filings,Cross-batch reconciliation found same basic industry between SARDAEN and JINDALSTEL.,"Useful for peer, common-factor, relative-value and event-spillover testing.","NSE classification, annual-report source inventory and v2 profile reconciliation",0.72,True
ind_nifty500,company:SARDAEN,company,SARDAEN,Sarda Energy and Minerals Ltd.,company:JSL,company,JSL,Jindal Stainless Ltd.,direct_competitor,bidirectional,negative,0,180,high,inferred_from_filings,Cross-batch reconciliation found same basic industry between SARDAEN and JSL.,"Useful for peer, common-factor, relative-value and event-spillover testing.","NSE classification, annual-report source inventory and v2 profile reconciliation",0.72,True
ind_nifty500,company:SAREGAMA,company,SAREGAMA,Saregama India Ltd,company:PVRINOX,company,PVRINOX,PVR INOX Ltd.,partial_competitor,bidirectional,negative,0,180,medium,inferred_from_filings,Cross-batch reconciliation found same industry between SAREGAMA and PVRINOX.,"Useful for peer, common-factor, relative-value and event-spillover testing.","NSE classification, annual-report source inventory and v2 profile reconciliation",0.72,True
ind_nifty500,company:SAREGAMA,company,SAREGAMA,Saregama India Ltd,company:SUNTV,company,SUNTV,Sun TV Network Ltd.,partial_competitor,bidirectional,negative,0,180,medium,inferred_from_filings,Cross-batch reconciliation found same industry between SAREGAMA and SUNTV.,"Useful for peer, common-factor, relative-value and event-spillover testing.","NSE classification, annual-report source inventory and v2 profile reconciliation",0.72,True
ind_nifty500,company:SBFC,company,SBFC,SBFC Finance Ltd.,company:AIIL,company,AIIL,Authum Investment & Infrastructure Ltd.,direct_competitor,bidirectional,negative,0,180,high,inferred_from_filings,Cross-batch reconciliation found same basic industry between SBFC and AIIL.,"Useful for peer, common-factor, relative-value and event-spillover testing.","NSE classification, annual-report source inventory and v2 profile reconciliation",0.72,True
ind_nifty500,company:SBFC,company,SBFC,SBFC Finance Ltd.,company:BAJFINANCE,company,BAJFINANCE,Bajaj Finance Ltd.,direct_competitor,bidirectional,negative,0,180,high,inferred_from_filings,Cross-batch reconciliation found same basic industry between SBFC and BAJFINANCE.,"Useful for peer, common-factor, relative-value and event-spillover testing.","NSE classification, annual-report source inventory and v2 profile reconciliation",0.72,True
ind_nifty500,company:SBICARD,company,SBICARD,SBI Cards and Payment Services Ltd.,company:AIIL,company,AIIL,Authum Investment & Infrastructure Ltd.,direct_competitor,bidirectional,negative,0,180,high,inferred_from_filings,Cross-batch reconciliation found same basic industry between SBICARD and AIIL.,"Useful for peer, common-factor, relative-value and event-spillover testing.","NSE classification, annual-report source inventory and v2 profile reconciliation",0.72,True
ind_nifty500,company:SBICARD,company,SBICARD,SBI Cards and Payment Services Ltd.,company:BAJFINANCE,company,BAJFINANCE,Bajaj Finance Ltd.,direct_competitor,bidirectional,negative,0,180,high,inferred_from_filings,Cross-batch reconciliation found same basic industry between SBICARD and BAJFINANCE.,"Useful for peer, common-factor, relative-value and event-spillover testing.","NSE classification, annual-report source inventory and v2 profile reconciliation",0.72,True
ind_nifty500,company:SBILIFE,company,SBILIFE,SBI Life Insurance Company Ltd.,company:CANHLIFE,company,CANHLIFE,Canara HSBC Life Insurance Company Ltd.,direct_competitor,bidirectional,negative,0,180,high,inferred_from_filings,Cross-batch reconciliation found same basic industry between SBILIFE and CANHLIFE.,"Useful for peer, common-factor, relative-value and event-spillover testing.","NSE classification, annual-report source inventory and v2 profile reconciliation",0.72,True
ind_nifty500,company:SBILIFE,company,SBILIFE,SBI Life Insurance Company Ltd.,company:HDFCLIFE,company,HDFCLIFE,HDFC Life Insurance Company Ltd.,direct_competitor,bidirectional,negative,0,180,high,inferred_from_filings,Cross-batch reconciliation found same basic industry between SBILIFE and HDFCLIFE.,"Useful for peer, common-factor, relative-value and event-spillover testing.","NSE classification, annual-report source inventory and v2 profile reconciliation",0.72,True
ind_nifty500,company:SBIN,company,SBIN,State Bank of India,company:BANKBARODA,company,BANKBARODA,Bank of Baroda,direct_competitor,bidirectional,negative,0,180,high,inferred_from_filings,Cross-batch reconciliation found same basic industry between SBIN and BANKBARODA.,"Useful for peer, common-factor, relative-value and event-spillover testing.","NSE classification, annual-report source inventory and v2 profile reconciliation",0.72,True
ind_nifty500,company:SBIN,company,SBIN,State Bank of India,company:BANKINDIA,company,BANKINDIA,Bank of India,direct_competitor,bidirectional,negative,0,180,high,inferred_from_filings,Cross-batch reconciliation found same basic industry between SBIN and BANKINDIA.,"Useful for peer, common-factor, relative-value and event-spillover testing.","NSE classification, annual-report source inventory and v2 profile reconciliation",0.72,True
nifty_500_shariah,company:SCHAEFFLER,company,SCHAEFFLER,Schaeffler India Ltd.,company:ARE&M,company,ARE&M,Amara Raja Energy & Mobility Ltd.,direct_competitor,bidirectional,negative,0,180,high,inferred_from_filings,Cross-batch reconciliation found same basic industry between SCHAEFFLER and ARE&M.,"Useful for peer, common-factor, relative-value and event-spillover testing.","NSE classification, annual-report source inventory and v2 profile reconciliation",0.72,True
nifty_500_shariah,company:SCHAEFFLER,company,SCHAEFFLER,Schaeffler India Ltd.,company:ENDURANCE,company,ENDURANCE,Endurance Technologies Ltd.,direct_competitor,bidirectional,negative,0,180,high,inferred_from_filings,Cross-batch reconciliation found same basic industry between SCHAEFFLER and ENDURANCE.,"Useful for peer, common-factor, relative-value and event-spillover testing.","NSE classification, annual-report source inventory and v2 profile reconciliation",0.72,True
ind_nifty500,company:SCHNEIDER,company,SCHNEIDER,Schneider Electric Infrastructure Ltd.,company:ABB,company,ABB,ABB India Ltd.,direct_competitor,bidirectional,negative,0,180,high,inferred_from_filings,Cross-batch reconciliation found same basic industry between SCHNEIDER and ABB.,"Useful for peer, common-factor, relative-value and event-spillover testing.","NSE classification, annual-report source inventory and v2 profile reconciliation",0.72,True
ind_nifty500,company:SCHNEIDER,company,SCHNEIDER,Schneider Electric Infrastructure Ltd.,company:BHEL,company,BHEL,Bharat Heavy Electricals Ltd.,direct_competitor,bidirectional,negative,0,180,high,inferred_from_filings,Cross-batch reconciliation found same basic industry between SCHNEIDER and BHEL.,"Useful for peer, common-factor, relative-value and event-spillover testing.","NSE classification, annual-report source inventory and v2 profile reconciliation",0.72,True
nifty_500_shariah,company:SCI,company,SCI,Shipping Corporation of India Ltd.,company:BLUEDART,company,BLUEDART,Blue Dart Express Ltd.,partial_competitor,bidirectional,negative,0,180,medium,inferred_from_filings,Cross-batch reconciliation found same industry between SCI and BLUEDART.,"Useful for peer, common-factor, relative-value and event-spillover testing.","NSE classification, annual-report source inventory and v2 profile reconciliation",0.72,True
nifty_500_shariah,company:SCI,company,SCI,Shipping Corporation of India Ltd.,company:3MINDIA,company,3MINDIA,3M India Ltd.,common_customer_industry,bidirectional,mixed,0,180,medium,inferred_from_filings,Cross-batch reconciliation found shared customer industry between SCI and 3MINDIA.,"Useful for peer, common-factor, relative-value and event-spillover testing.","NSE classification, annual-report source inventory and v2 profile reconciliation",0.6,True
ind_nifty500,company:SHREECEM,company,SHREECEM,Shree Cement Ltd.,company:ACC,company,ACC,ACC Ltd.,direct_competitor,bidirectional,negative,0,180,high,inferred_from_filings,Cross-batch reconciliation found same basic industry between SHREECEM and ACC.,"Useful for peer, common-factor, relative-value and event-spillover testing.","NSE classification, annual-report source inventory and v2 profile reconciliation",0.72,True
ind_nifty500,company:SHREECEM,company,SHREECEM,Shree Cement Ltd.,company:AMBUJACEM,company,AMBUJACEM,Ambuja Cements Ltd.,direct_competitor,bidirectional,negative,0,180,high,inferred_from_filings,Cross-batch reconciliation found same basic industry between SHREECEM and AMBUJACEM.,"Useful for peer, common-factor, relative-value and event-spillover testing.","NSE classification, annual-report source inventory and v2 profile reconciliation",0.72,True
ind_nifty500,company:SHRIRAMFIN,company,SHRIRAMFIN,Shriram Finance Ltd.,company:AIIL,company,AIIL,Authum Investment & Infrastructure Ltd.,direct_competitor,bidirectional,negative,0,180,high,inferred_from_filings,Cross-batch reconciliation found same basic industry between SHRIRAMFIN and AIIL.,"Useful for peer, common-factor, relative-value and event-spillover testing.","NSE classification, annual-report source inventory and v2 profile reconciliation",0.72,True
ind_nifty500,company:SHRIRAMFIN,company,SHRIRAMFIN,Shriram Finance Ltd.,company:BAJFINANCE,company,BAJFINANCE,Bajaj Finance Ltd.,direct_competitor,bidirectional,negative,0,180,high,inferred_from_filings,Cross-batch reconciliation found same basic industry between SHRIRAMFIN and BAJFINANCE.,"Useful for peer, common-factor, relative-value and event-spillover testing.","NSE classification, annual-report source inventory and v2 profile reconciliation",0.72,True
nifty_500_shariah,company:SHYAMMETL,company,SHYAMMETL,Shyam Metalics and Energy Ltd.,company:APLAPOLLO,company,APLAPOLLO,APL Apollo Tubes Ltd.,direct_competitor,bidirectional,negative,0,180,high,inferred_from_filings,Cross-batch reconciliation found same basic industry between SHYAMMETL and APLAPOLLO.,"Useful for peer, common-factor, relative-value and event-spillover testing.","NSE classification, annual-report source inventory and v2 profile reconciliation",0.72,True
nifty_500_shariah,company:SHYAMMETL,company,SHYAMMETL,Shyam Metalics and Energy Ltd.,company:GALLANTT,company,GALLANTT,Gallantt Ispat Ltd.,direct_competitor,bidirectional,negative,0,180,high,inferred_from_filings,Cross-batch reconciliation found same basic industry between SHYAMMETL and GALLANTT.,"Useful for peer, common-factor, relative-value and event-spillover testing.","NSE classification, annual-report source inventory and v2 profile reconciliation",0.72,True
ind_nifty500,company:SIEMENS,company,SIEMENS,Siemens Ltd.,company:ABB,company,ABB,ABB India Ltd.,direct_competitor,bidirectional,negative,0,180,high,inferred_from_filings,Cross-batch reconciliation found same basic industry between SIEMENS and ABB.,"Useful for peer, common-factor, relative-value and event-spillover testing.","NSE classification, annual-report source inventory and v2 profile reconciliation",0.72,True
ind_nifty500,company:SIEMENS,company,SIEMENS,Siemens Ltd.,company:BHEL,company,BHEL,Bharat Heavy Electricals Ltd.,direct_competitor,bidirectional,negative,0,180,high,inferred_from_filings,Cross-batch reconciliation found same basic industry between SIEMENS and BHEL.,"Useful for peer, common-factor, relative-value and event-spillover testing.","NSE classification, annual-report source inventory and v2 profile reconciliation",0.72,True
ind_nifty500,company:SIGNATURE,company,SIGNATURE,Signatureglobal (India) Ltd.,company:ANANTRAJ,company,ANANTRAJ,Anant Raj Ltd.,direct_competitor,bidirectional,negative,0,180,high,inferred_from_filings,Cross-batch reconciliation found same basic industry between SIGNATURE and ANANTRAJ.,"Useful for peer, common-factor, relative-value and event-spillover testing.","NSE classification, annual-report source inventory and v2 profile reconciliation",0.72,True
ind_nifty500,company:SIGNATURE,company,SIGNATURE,Signatureglobal (India) Ltd.,company:BRIGADE,company,BRIGADE,Brigade Enterprises Ltd.,direct_competitor,bidirectional,negative,0,180,high,inferred_from_filings,Cross-batch reconciliation found same basic industry between SIGNATURE and BRIGADE.,"Useful for peer, common-factor, relative-value and event-spillover testing.","NSE classification, annual-report source inventory and v2 profile reconciliation",0.72,True
ind_nifty500,company:SJVN,company,SJVN,SJVN Ltd.,company:ACMESOLAR,company,ACMESOLAR,ACME Solar Holdings Ltd.,direct_competitor,bidirectional,negative,0,180,high,inferred_from_filings,Cross-batch reconciliation found same basic industry between SJVN and ACMESOLAR.,"Useful for peer, common-factor, relative-value and event-spillover testing.","NSE classification, annual-report source inventory and v2 profile reconciliation",0.72,True
ind_nifty500,company:SJVN,company,SJVN,SJVN Ltd.,company:ADANIGREEN,company,ADANIGREEN,Adani Green Energy Ltd.,direct_competitor,bidirectional,negative,0,180,high,inferred_from_filings,Cross-batch reconciliation found same basic industry between SJVN and ADANIGREEN.,"Useful for peer, common-factor, relative-value and event-spillover testing.","NSE classification, annual-report source inventory and v2 profile reconciliation",0.72,True
ind_nifty500,company:SOBHA,company,SOBHA,Sobha Ltd.,company:ANANTRAJ,company,ANANTRAJ,Anant Raj Ltd.,direct_competitor,bidirectional,negative,0,180,high,inferred_from_filings,Cross-batch reconciliation found same basic industry between SOBHA and ANANTRAJ.,"Useful for peer, common-factor, relative-value and event-spillover testing.","NSE classification, annual-report source inventory and v2 profile reconciliation",0.72,True
ind_nifty500,company:SOBHA,company,SOBHA,Sobha Ltd.,company:BRIGADE,company,BRIGADE,Brigade Enterprises Ltd.,direct_competitor,bidirectional,negative,0,180,high,inferred_from_filings,Cross-batch reconciliation found same basic industry between SOBHA and BRIGADE.,"Useful for peer, common-factor, relative-value and event-spillover testing.","NSE classification, annual-report source inventory and v2 profile reconciliation",0.72,True
ind_nifty500,company:SOLARINDS,company,SOLARINDS,Solar Industries India Ltd.,company:AARTIIND,company,AARTIIND,Aarti Industries Ltd.,partial_competitor,bidirectional,negative,0,180,medium,inferred_from_filings,Cross-batch reconciliation found same industry between SOLARINDS and AARTIIND.,"Useful for peer, common-factor, relative-value and event-spillover testing.","NSE classification, annual-report source inventory and v2 profile reconciliation",0.72,True
ind_nifty500,company:SOLARINDS,company,SOLARINDS,Solar Industries India Ltd.,company:ANURAS,company,ANURAS,Anupam Rasayan India Ltd.,partial_competitor,bidirectional,negative,0,180,medium,inferred_from_filings,Cross-batch reconciliation found same industry between SOLARINDS and ANURAS.,"Useful for peer, common-factor, relative-value and event-spillover testing.","NSE classification, annual-report source inventory and v2 profile reconciliation",0.72,True
ind_nifty500,company:SONACOMS,company,SONACOMS,Sona BLW Precision Forgings Ltd.,company:ARE&M,company,ARE&M,Amara Raja Energy & Mobility Ltd.,direct_competitor,bidirectional,negative,0,180,high,inferred_from_filings,Cross-batch reconciliation found same basic industry between SONACOMS and ARE&M.,"Useful for peer, common-factor, relative-value and event-spillover testing.","NSE classification, annual-report source inventory and v2 profile reconciliation",0.72,True
ind_nifty500,company:SONACOMS,company,SONACOMS,Sona BLW Precision Forgings Ltd.,company:ASAHIINDIA,company,ASAHIINDIA,Asahi India Glass Ltd.,direct_competitor,bidirectional,negative,0,180,high,inferred_from_filings,Cross-batch reconciliation found same basic industry between SONACOMS and ASAHIINDIA.,"Useful for peer, common-factor, relative-value and event-spillover testing.","NSE classification, annual-report source inventory and v2 profile reconciliation",0.72,True
ind_nifty500,company:SONATSOFTW,company,SONATSOFTW,Sonata Software Ltd.,company:BSOFT,company,BSOFT,Birlasoft Ltd.,direct_competitor,bidirectional,negative,0,180,high,inferred_from_filings,Cross-batch reconciliation found same basic industry between SONATSOFTW and BSOFT.,"Useful for peer, common-factor, relative-value and event-spillover testing.","NSE classification, annual-report source inventory and v2 profile reconciliation",0.72,True
ind_nifty500,company:SONATSOFTW,company,SONATSOFTW,Sonata Software Ltd.,company:COFORGE,company,COFORGE,Coforge Ltd.,direct_competitor,bidirectional,negative,0,180,high,inferred_from_filings,Cross-batch reconciliation found same basic industry between SONATSOFTW and COFORGE.,"Useful for peer, common-factor, relative-value and event-spillover testing.","NSE classification, annual-report source inventory and v2 profile reconciliation",0.72,True
nifty_500_shariah,company:SPLPETRO,company,SPLPETRO,Supreme Petrochem Ltd.,company:ATUL,company,ATUL,Atul Ltd.,partial_competitor,bidirectional,negative,0,180,medium,inferred_from_filings,Cross-batch reconciliation found same industry between SPLPETRO and ATUL.,"Useful for peer, common-factor, relative-value and event-spillover testing.","NSE classification, annual-report source inventory and v2 profile reconciliation",0.72,True
nifty_500_shariah,company:SPLPETRO,company,SPLPETRO,Supreme Petrochem Ltd.,company:DEEPAKNTR,company,DEEPAKNTR,Deepak Nitrite Ltd.,partial_competitor,bidirectional,negative,0,180,medium,inferred_from_filings,Cross-batch reconciliation found same industry between SPLPETRO and DEEPAKNTR.,"Useful for peer, common-factor, relative-value and event-spillover testing.","NSE classification, annual-report source inventory and v2 profile reconciliation",0.72,True
ind_nifty500,company:SRF,company,SRF,SRF Ltd.,company:AARTIIND,company,AARTIIND,Aarti Industries Ltd.,direct_competitor,bidirectional,negative,0,180,high,inferred_from_filings,Cross-batch reconciliation found same basic industry between SRF and AARTIIND.,"Useful for peer, common-factor, relative-value and event-spillover testing.","NSE classification, annual-report source inventory and v2 profile reconciliation",0.72,True
ind_nifty500,company:SRF,company,SRF,SRF Ltd.,company:ANURAS,company,ANURAS,Anupam Rasayan India Ltd.,direct_competitor,bidirectional,negative,0,180,high,inferred_from_filings,Cross-batch reconciliation found same basic industry between SRF and ANURAS.,"Useful for peer, common-factor, relative-value and event-spillover testing.","NSE classification, annual-report source inventory and v2 profile reconciliation",0.72,True
ind_nifty500,company:STARHEALTH,company,STARHEALTH,Star Health and Allied Insurance Company Ltd.,company:GICRE,company,GICRE,General Insurance Corporation of India,direct_competitor,bidirectional,negative,0,180,high,inferred_from_filings,Cross-batch reconciliation found same basic industry between STARHEALTH and GICRE.,"Useful for peer, common-factor, relative-value and event-spillover testing.","NSE classification, annual-report source inventory and v2 profile reconciliation",0.72,True
ind_nifty500,company:STARHEALTH,company,STARHEALTH,Star Health and Allied Insurance Company Ltd.,company:GODIGIT,company,GODIGIT,Go Digit General Insurance Ltd.,direct_competitor,bidirectional,negative,0,180,high,inferred_from_filings,Cross-batch reconciliation found same basic industry between STARHEALTH and GODIGIT.,"Useful for peer, common-factor, relative-value and event-spillover testing.","NSE classification, annual-report source inventory and v2 profile reconciliation",0.72,True
ind_nifty500,company:SUMICHEM,company,SUMICHEM,Sumitomo Chemical India Ltd.,company:BAYERCROP,company,BAYERCROP,Bayer Cropscience Ltd.,direct_competitor,bidirectional,negative,0,180,high,inferred_from_filings,Cross-batch reconciliation found same basic industry between SUMICHEM and BAYERCROP.,"Useful for peer, common-factor, relative-value and event-spillover testing.","NSE classification, annual-report source inventory and v2 profile reconciliation",0.72,True
ind_nifty500,company:SUMICHEM,company,SUMICHEM,Sumitomo Chemical India Ltd.,company:PIIND,company,PIIND,PI Industries Ltd.,direct_competitor,bidirectional,negative,0,180,high,inferred_from_filings,Cross-batch reconciliation found same basic industry between SUMICHEM and PIIND.,"Useful for peer, common-factor, relative-value and event-spillover testing.","NSE classification, annual-report source inventory and v2 profile reconciliation",0.72,True
ind_nifty500,company:SUNDARMFIN,company,SUNDARMFIN,Sundaram Finance Ltd.,company:AIIL,company,AIIL,Authum Investment & Infrastructure Ltd.,direct_competitor,bidirectional,negative,0,180,high,inferred_from_filings,Cross-batch reconciliation found same basic industry between SUNDARMFIN and AIIL.,"Useful for peer, common-factor, relative-value and event-spillover testing.","NSE classification, annual-report source inventory and v2 profile reconciliation",0.72,True
ind_nifty500,company:SUNDARMFIN,company,SUNDARMFIN,Sundaram Finance Ltd.,company:BAJFINANCE,company,BAJFINANCE,Bajaj Finance Ltd.,direct_competitor,bidirectional,negative,0,180,high,inferred_from_filings,Cross-batch reconciliation found same basic industry between SUNDARMFIN and BAJFINANCE.,"Useful for peer, common-factor, relative-value and event-spillover testing.","NSE classification, annual-report source inventory and v2 profile reconciliation",0.72,True
ind_nifty500,company:SUNTV,company,SUNTV,Sun TV Network Ltd.,company:PVRINOX,company,PVRINOX,PVR INOX Ltd.,partial_competitor,bidirectional,negative,0,180,medium,inferred_from_filings,Cross-batch reconciliation found same industry between SUNTV and PVRINOX.,"Useful for peer, common-factor, relative-value and event-spillover testing.","NSE classification, annual-report source inventory and v2 profile reconciliation",0.72,True
ind_nifty500,company:SUNTV,company,SUNTV,Sun TV Network Ltd.,company:SAREGAMA,company,SAREGAMA,Saregama India Ltd,partial_competitor,bidirectional,negative,0,180,medium,inferred_from_filings,Cross-batch reconciliation found same industry between SUNTV and SAREGAMA.,"Useful for peer, common-factor, relative-value and event-spillover testing.","NSE classification, annual-report source inventory and v2 profile reconciliation",0.72,True
nifty_500_shariah,company:SUPREMEIND,company,SUPREMEIND,Supreme Industries Ltd.,company:ASTRAL,company,ASTRAL,Astral Ltd.,direct_competitor,bidirectional,negative,0,180,high,inferred_from_filings,Cross-batch reconciliation found same basic industry between SUPREMEIND and ASTRAL.,"Useful for peer, common-factor, relative-value and event-spillover testing.","NSE classification, annual-report source inventory and v2 profile reconciliation",0.72,True
nifty_500_shariah,company:SUPREMEIND,company,SUPREMEIND,Supreme Industries Ltd.,company:APLAPOLLO,company,APLAPOLLO,APL Apollo Tubes Ltd.,partial_competitor,bidirectional,negative,0,180,medium,inferred_from_filings,Cross-batch reconciliation found same industry between SUPREMEIND and APLAPOLLO.,"Useful for peer, common-factor, relative-value and event-spillover testing.","NSE classification, annual-report source inventory and v2 profile reconciliation",0.72,True
nifty_500_shariah,company:SUZLON,company,SUZLON,Suzlon Energy Ltd.,company:BHEL,company,BHEL,Bharat Heavy Electricals Ltd.,direct_competitor,bidirectional,negative,0,180,high,inferred_from_filings,Cross-batch reconciliation found same basic industry between SUZLON and BHEL.,"Useful for peer, common-factor, relative-value and event-spillover testing.","NSE classification, annual-report source inventory and v2 profile reconciliation",0.72,True
nifty_500_shariah,company:SUZLON,company,SUZLON,Suzlon Energy Ltd.,company:CGPOWER,company,CGPOWER,CG Power and Industrial Solutions Ltd.,direct_competitor,bidirectional,negative,0,180,high,inferred_from_filings,Cross-batch reconciliation found same basic industry between SUZLON and CGPOWER.,"Useful for peer, common-factor, relative-value and event-spillover testing.","NSE classification, annual-report source inventory and v2 profile reconciliation",0.72,True
nifty_500_shariah,company:SWANCORP,company,SWANCORP,Swan Corp Ltd.,company:SPLPETRO,company,SPLPETRO,Supreme Petrochem Ltd.,direct_competitor,bidirectional,negative,0,180,high,inferred_from_filings,Cross-batch reconciliation found same basic industry between SWANCORP and SPLPETRO.,"Useful for peer, common-factor, relative-value and event-spillover testing.","NSE classification, annual-report source inventory and v2 profile reconciliation",0.72,True
nifty_500_shariah,company:SWANCORP,company,SWANCORP,Swan Corp Ltd.,company:ATUL,company,ATUL,Atul Ltd.,partial_competitor,bidirectional,negative,0,180,medium,inferred_from_filings,Cross-batch reconciliation found same industry between SWANCORP and ATUL.,"Useful for peer, common-factor, relative-value and event-spillover testing.","NSE classification, annual-report source inventory and v2 profile reconciliation",0.72,True
nifty_500_shariah,company:SWIGGY,company,SWIGGY,Swiggy Ltd.,company:FIRSTCRY,company,FIRSTCRY,Brainbees Solutions Ltd.,direct_competitor,bidirectional,negative,0,180,high,inferred_from_filings,Cross-batch reconciliation found same basic industry between SWIGGY and FIRSTCRY.,"Useful for peer, common-factor, relative-value and event-spillover testing.","NSE classification, annual-report source inventory and v2 profile reconciliation",0.72,True
nifty_500_shariah,company:SWIGGY,company,SWIGGY,Swiggy Ltd.,company:ABFRL,company,ABFRL,Aditya Birla Fashion and Retail Ltd.,partial_competitor,bidirectional,negative,0,180,medium,inferred_from_filings,Cross-batch reconciliation found same industry between SWIGGY and ABFRL.,"Useful for peer, common-factor, relative-value and event-spillover testing.","NSE classification, annual-report source inventory and v2 profile reconciliation",0.72,True
nifty_500_shariah,company:SYNGENE,company,SYNGENE,Syngene International Ltd.,company:ASTERDM,company,ASTERDM,Aster DM Healthcare Ltd.,partial_competitor,bidirectional,negative,0,180,medium,inferred_from_filings,Cross-batch reconciliation found same industry between SYNGENE and ASTERDM.,"Useful for peer, common-factor, relative-value and event-spillover testing.","NSE classification, annual-report source inventory and v2 profile reconciliation",0.72,True
nifty_500_shariah,company:SYNGENE,company,SYNGENE,Syngene International Ltd.,company:FORTIS,company,FORTIS,Fortis Healthcare Ltd.,partial_competitor,bidirectional,negative,0,180,medium,inferred_from_filings,Cross-batch reconciliation found same industry between SYNGENE and FORTIS.,"Useful for peer, common-factor, relative-value and event-spillover testing.","NSE classification, annual-report source inventory and v2 profile reconciliation",0.72,True
nifty_500_shariah,company:SYRMA,company,SYRMA,Syrma SGS Technology Ltd.,company:CPPLUS,company,CPPLUS,Aditya Infotech Ltd.,direct_competitor,bidirectional,negative,0,180,high,inferred_from_filings,Cross-batch reconciliation found same basic industry between SYRMA and CPPLUS.,"Useful for peer, common-factor, relative-value and event-spillover testing.","NSE classification, annual-report source inventory and v2 profile reconciliation",0.72,True
nifty_500_shariah,company:SYRMA,company,SYRMA,Syrma SGS Technology Ltd.,company:JYOTICNC,company,JYOTICNC,Jyoti CNC Automation Ltd.,direct_competitor,bidirectional,negative,0,180,high,inferred_from_filings,Cross-batch reconciliation found same basic industry between SYRMA and JYOTICNC.,"Useful for peer, common-factor, relative-value and event-spillover testing.","NSE classification, annual-report source inventory and v2 profile reconciliation",0.72,True
nifty_500_shariah,company:TARIL,company,TARIL,Transformers & Rectifiers (India) Ltd.,company:BHEL,company,BHEL,Bharat Heavy Electricals Ltd.,direct_competitor,bidirectional,negative,0,180,high,inferred_from_filings,Cross-batch reconciliation found same basic industry between TARIL and BHEL.,"Useful for peer, common-factor, relative-value and event-spillover testing.","NSE classification, annual-report source inventory and v2 profile reconciliation",0.72,True
nifty_500_shariah,company:TARIL,company,TARIL,Transformers & Rectifiers (India) Ltd.,company:CGPOWER,company,CGPOWER,CG Power and Industrial Solutions Ltd.,direct_competitor,bidirectional,negative,0,180,high,inferred_from_filings,Cross-batch reconciliation found same basic industry between TARIL and CGPOWER.,"Useful for peer, common-factor, relative-value and event-spillover testing.","NSE classification, annual-report source inventory and v2 profile reconciliation",0.72,True
ind_nifty500,company:TATACAP,company,TATACAP,Tata Capital Ltd.,company:AIIL,company,AIIL,Authum Investment & Infrastructure Ltd.,direct_competitor,bidirectional,negative,0,180,high,inferred_from_filings,Cross-batch reconciliation found same basic industry between TATACAP and AIIL.,"Useful for peer, common-factor, relative-value and event-spillover testing.","NSE classification, annual-report source inventory and v2 profile reconciliation",0.72,True
ind_nifty500,company:TATACAP,company,TATACAP,Tata Capital Ltd.,company:BAJFINANCE,company,BAJFINANCE,Bajaj Finance Ltd.,direct_competitor,bidirectional,negative,0,180,high,inferred_from_filings,Cross-batch reconciliation found same basic industry between TATACAP and BAJFINANCE.,"Useful for peer, common-factor, relative-value and event-spillover testing.","NSE classification, annual-report source inventory and v2 profile reconciliation",0.72,True
nifty_500_shariah,company:TATACHEM,company,TATACHEM,Tata Chemicals Ltd.,company:ATUL,company,ATUL,Atul Ltd.,partial_competitor,bidirectional,negative,0,180,medium,inferred_from_filings,Cross-batch reconciliation found same industry between TATACHEM and ATUL.,"Useful for peer, common-factor, relative-value and event-spillover testing.","NSE classification, annual-report source inventory and v2 profile reconciliation",0.72,True
nifty_500_shariah,company:TATACHEM,company,TATACHEM,Tata Chemicals Ltd.,company:DEEPAKNTR,company,DEEPAKNTR,Deepak Nitrite Ltd.,partial_competitor,bidirectional,negative,0,180,medium,inferred_from_filings,Cross-batch reconciliation found same industry between TATACHEM and DEEPAKNTR.,"Useful for peer, common-factor, relative-value and event-spillover testing.","NSE classification, annual-report source inventory and v2 profile reconciliation",0.72,True
ind_nifty500,company:TATACOMM,company,TATACOMM,Tata Communications Ltd.,company:BHARTIARTL,company,BHARTIARTL,Bharti Airtel Ltd.,direct_competitor,bidirectional,negative,0,180,high,inferred_from_filings,Cross-batch reconciliation found same basic industry between TATACOMM and BHARTIARTL.,"Useful for peer, common-factor, relative-value and event-spillover testing.","NSE classification, annual-report source inventory and v2 profile reconciliation",0.72,True
ind_nifty500,company:TATACOMM,company,TATACOMM,Tata Communications Ltd.,company:BHARTIHEXA,company,BHARTIHEXA,Bharti Hexacom Ltd.,direct_competitor,bidirectional,negative,0,180,high,inferred_from_filings,Cross-batch reconciliation found same basic industry between TATACOMM and BHARTIHEXA.,"Useful for peer, common-factor, relative-value and event-spillover testing.","NSE classification, annual-report source inventory and v2 profile reconciliation",0.72,True
ind_nifty500,company:TATAELXSI,company,TATAELXSI,Tata Elxsi Ltd.,company:BSOFT,company,BSOFT,Birlasoft Ltd.,direct_competitor,bidirectional,negative,0,180,high,inferred_from_filings,Cross-batch reconciliation found same basic industry between TATAELXSI and BSOFT.,"Useful for peer, common-factor, relative-value and event-spillover testing.","NSE classification, annual-report source inventory and v2 profile reconciliation",0.72,True
ind_nifty500,company:TATAELXSI,company,TATAELXSI,Tata Elxsi Ltd.,company:COFORGE,company,COFORGE,Coforge Ltd.,direct_competitor,bidirectional,negative,0,180,high,inferred_from_filings,Cross-batch reconciliation found same basic industry between TATAELXSI and COFORGE.,"Useful for peer, common-factor, relative-value and event-spillover testing.","NSE classification, annual-report source inventory and v2 profile reconciliation",0.72,True
ind_nifty500,company:TATAINVEST,company,TATAINVEST,Tata Investment Corporation Ltd.,company:ABCAPITAL,company,ABCAPITAL,Aditya Birla Capital Ltd.,direct_competitor,bidirectional,negative,0,180,high,inferred_from_filings,Cross-batch reconciliation found same basic industry between TATAINVEST and ABCAPITAL.,"Useful for peer, common-factor, relative-value and event-spillover testing.","NSE classification, annual-report source inventory and v2 profile reconciliation",0.72,True
ind_nifty500,company:TATAINVEST,company,TATAINVEST,Tata Investment Corporation Ltd.,company:CHOLAHLDNG,company,CHOLAHLDNG,Cholamandalam Financial Holdings Ltd.,direct_competitor,bidirectional,negative,0,180,high,inferred_from_filings,Cross-batch reconciliation found same basic industry between TATAINVEST and CHOLAHLDNG.,"Useful for peer, common-factor, relative-value and event-spillover testing.","NSE classification, annual-report source inventory and v2 profile reconciliation",0.72,True
ind_nifty500,company:TATAPOWER,company,TATAPOWER,Tata Power Co. Ltd.,company:ADANIPOWER,company,ADANIPOWER,Adani Power Ltd.,direct_competitor,bidirectional,negative,0,180,high,inferred_from_filings,Cross-batch reconciliation found same basic industry between TATAPOWER and ADANIPOWER.,"Useful for peer, common-factor, relative-value and event-spillover testing.","NSE classification, annual-report source inventory and v2 profile reconciliation",0.72,True
ind_nifty500,company:TATAPOWER,company,TATAPOWER,Tata Power Co. Ltd.,company:CESC,company,CESC,CESC Ltd.,direct_competitor,bidirectional,negative,0,180,high,inferred_from_filings,Cross-batch reconciliation found same basic industry between TATAPOWER and CESC.,"Useful for peer, common-factor, relative-value and event-spillover testing.","NSE classification, annual-report source inventory and v2 profile reconciliation",0.72,True
ind_nifty500,company:TATASTEEL,company,TATASTEEL,Tata Steel Ltd.,company:JINDALSTEL,company,JINDALSTEL,Jindal Steel Ltd.,direct_competitor,bidirectional,negative,0,180,high,inferred_from_filings,Cross-batch reconciliation found same basic industry between TATASTEEL and JINDALSTEL.,"Useful for peer, common-factor, relative-value and event-spillover testing.","NSE classification, annual-report source inventory and v2 profile reconciliation",0.72,True
ind_nifty500,company:TATASTEEL,company,TATASTEEL,Tata Steel Ltd.,company:JSL,company,JSL,Jindal Stainless Ltd.,direct_competitor,bidirectional,negative,0,180,high,inferred_from_filings,Cross-batch reconciliation found same basic industry between TATASTEEL and JSL.,"Useful for peer, common-factor, relative-value and event-spillover testing.","NSE classification, annual-report source inventory and v2 profile reconciliation",0.72,True
nifty_500_shariah,company:TATATECH,company,TATATECH,Tata Technologies Ltd.,company:CYIENT,company,CYIENT,Cyient Ltd.,direct_competitor,bidirectional,negative,0,180,high,inferred_from_filings,Cross-batch reconciliation found same basic industry between TATATECH and CYIENT.,"Useful for peer, common-factor, relative-value and event-spillover testing.","NSE classification, annual-report source inventory and v2 profile reconciliation",0.72,True
nifty_500_shariah,company:TATATECH,company,TATATECH,Tata Technologies Ltd.,company:LTTS,company,LTTS,L&T Technology Services Ltd.,direct_competitor,bidirectional,negative,0,180,high,inferred_from_filings,Cross-batch reconciliation found same basic industry between TATATECH and LTTS.,"Useful for peer, common-factor, relative-value and event-spillover testing.","NSE classification, annual-report source inventory and v2 profile reconciliation",0.72,True
nifty_500_shariah,company:TBOTEK,company,TBOTEK,TBO Tek Ltd.,company:AMBER,company,AMBER,Amber Enterprises India Ltd.,common_customer_industry,bidirectional,mixed,0,180,medium,inferred_from_filings,Cross-batch reconciliation found shared customer industry between TBOTEK and AMBER.,"Useful for peer, common-factor, relative-value and event-spillover testing.","NSE classification, annual-report source inventory and v2 profile reconciliation",0.6,True
nifty_500_shariah,company:TBOTEK,company,TBOTEK,TBO Tek Ltd.,company:ANANTRAJ,company,ANANTRAJ,Anant Raj Ltd.,common_customer_industry,bidirectional,mixed,0,180,medium,inferred_from_filings,Cross-batch reconciliation found shared customer industry between TBOTEK and ANANTRAJ.,"Useful for peer, common-factor, relative-value and event-spillover testing.","NSE classification, annual-report source inventory and v2 profile reconciliation",0.6,True
nifty_50_shariah,company:TCS,company,TCS,TATA CONSULTANCY SERVICES LTD.,company:INFY,company,INFY,INFOSYS LTD.,direct_competitor,bidirectional,negative,0,180,high,inferred_from_filings,Both compete for global enterprise IT services and large outsourcing contracts.,"Useful for peer, common-factor, relative-value and event-spillover testing.","NSE classification, annual-report business descriptions and v2 agent curation",0.74,True
nifty_50_shariah,company:TCS,company,TCS,TATA CONSULTANCY SERVICES LTD.,company:HCLTECH,company,HCLTECH,HCL TECHNOLOGIES LTD.,direct_competitor,bidirectional,negative,0,180,high,inferred_from_filings,"Both compete in global IT services, cloud and managed services.","Useful for peer, common-factor, relative-value and event-spillover testing.","NSE classification, annual-report business descriptions and v2 agent curation",0.74,True
nifty_50_shariah,company:TECHM,company,TECHM,TECH MAHINDRA LTD.,company:HCLTECH,company,HCLTECH,HCL TECHNOLOGIES LTD.,partial_competitor,bidirectional,negative,0,180,medium,inferred_from_filings,Both serve enterprise IT and engineering/telecom-adjacent technology demand.,"Useful for peer, common-factor, relative-value and event-spillover testing.","NSE classification, annual-report business descriptions and v2 agent curation",0.62,True
ind_nifty500,company:TECHNOE,company,TECHNOE,Techno Electric & Engineering Company Ltd.,company:CEMPRO,company,CEMPRO,Cemindia Projects Ltd.,direct_competitor,bidirectional,negative,0,180,high,inferred_from_filings,Cross-batch reconciliation found same basic industry between TECHNOE and CEMPRO.,"Useful for peer, common-factor, relative-value and event-spillover testing.","NSE classification, annual-report source inventory and v2 profile reconciliation",0.72,True
ind_nifty500,company:TECHNOE,company,TECHNOE,Techno Electric & Engineering Company Ltd.,company:ENGINERSIN,company,ENGINERSIN,Engineers India Ltd.,direct_competitor,bidirectional,negative,0,180,high,inferred_from_filings,Cross-batch reconciliation found same basic industry between TECHNOE and ENGINERSIN.,"Useful for peer, common-factor, relative-value and event-spillover testing.","NSE classification, annual-report source inventory and v2 profile reconciliation",0.72,True
nifty_500_shariah,company:TEGA,company,TEGA,Tega Industries Ltd.,company:CPPLUS,company,CPPLUS,Aditya Infotech Ltd.,direct_competitor,bidirectional,negative,0,180,high,inferred_from_filings,Cross-batch reconciliation found same basic industry between TEGA and CPPLUS.,"Useful for peer, common-factor, relative-value and event-spillover testing.","NSE classification, annual-report source inventory and v2 profile reconciliation",0.72,True
nifty_500_shariah,company:TEGA,company,TEGA,Tega Industries Ltd.,company:JYOTICNC,company,JYOTICNC,Jyoti CNC Automation Ltd.,direct_competitor,bidirectional,negative,0,180,high,inferred_from_filings,Cross-batch reconciliation found same basic industry between TEGA and JYOTICNC.,"Useful for peer, common-factor, relative-value and event-spillover testing.","NSE classification, annual-report source inventory and v2 profile reconciliation",0.72,True
ind_nifty500,company:TEJASNET,company,TEJASNET,Tejas Networks Ltd.,company:ITI,company,ITI,ITI Ltd.,direct_competitor,bidirectional,negative,0,180,high,inferred_from_filings,Cross-batch reconciliation found same basic industry between TEJASNET and ITI.,"Useful for peer, common-factor, relative-value and event-spillover testing.","NSE classification, annual-report source inventory and v2 profile reconciliation",0.72,True
ind_nifty500,company:TEJASNET,company,TEJASNET,Tejas Networks Ltd.,company:ABB,company,ABB,ABB India Ltd.,common_customer_industry,bidirectional,mixed,0,180,medium,inferred_from_filings,Cross-batch reconciliation found shared customer industry between TEJASNET and ABB.,"Useful for peer, common-factor, relative-value and event-spillover testing.","NSE classification, annual-report source inventory and v2 profile reconciliation",0.6,True
nifty_500_shariah,company:TENNIND,company,TENNIND,Tenneco Clean Air India Ltd.,company:ARE&M,company,ARE&M,Amara Raja Energy & Mobility Ltd.,direct_competitor,bidirectional,negative,0,180,high,inferred_from_filings,Cross-batch reconciliation found same basic industry between TENNIND and ARE&M.,"Useful for peer, common-factor, relative-value and event-spillover testing.","NSE classification, annual-report source inventory and v2 profile reconciliation",0.72,True
nifty_500_shariah,company:TENNIND,company,TENNIND,Tenneco Clean Air India Ltd.,company:ENDURANCE,company,ENDURANCE,Endurance Technologies Ltd.,direct_competitor,bidirectional,negative,0,180,high,inferred_from_filings,Cross-batch reconciliation found same basic industry between TENNIND and ENDURANCE.,"Useful for peer, common-factor, relative-value and event-spillover testing.","NSE classification, annual-report source inventory and v2 profile reconciliation",0.72,True
ind_nifty500,company:THELEELA,company,THELEELA,Leela Palaces Hotels & Resorts Ltd.,company:CHALET,company,CHALET,Chalet Hotels Ltd.,direct_competitor,bidirectional,negative,0,180,high,inferred_from_filings,Cross-batch reconciliation found same basic industry between THELEELA and CHALET.,"Useful for peer, common-factor, relative-value and event-spillover testing.","NSE classification, annual-report source inventory and v2 profile reconciliation",0.72,True
ind_nifty500,company:THELEELA,company,THELEELA,Leela Palaces Hotels & Resorts Ltd.,company:EIHOTEL,company,EIHOTEL,EIH Ltd.,direct_competitor,bidirectional,negative,0,180,high,inferred_from_filings,Cross-batch reconciliation found same basic industry between THELEELA and EIHOTEL.,"Useful for peer, common-factor, relative-value and event-spillover testing.","NSE classification, annual-report source inventory and v2 profile reconciliation",0.72,True
nifty_500_shariah,company:THERMAX,company,THERMAX,Thermax Ltd.,company:BHEL,company,BHEL,Bharat Heavy Electricals Ltd.,direct_competitor,bidirectional,negative,0,180,high,inferred_from_filings,Cross-batch reconciliation found same basic industry between THERMAX and BHEL.,"Useful for peer, common-factor, relative-value and event-spillover testing.","NSE classification, annual-report source inventory and v2 profile reconciliation",0.72,True
nifty_500_shariah,company:THERMAX,company,THERMAX,Thermax Ltd.,company:CGPOWER,company,CGPOWER,CG Power and Industrial Solutions Ltd.,direct_competitor,bidirectional,negative,0,180,high,inferred_from_filings,Cross-batch reconciliation found same basic industry between THERMAX and CGPOWER.,"Useful for peer, common-factor, relative-value and event-spillover testing.","NSE classification, annual-report source inventory and v2 profile reconciliation",0.72,True
ind_nifty500,company:TIINDIA,company,TIINDIA,Tube Investments of India Ltd.,company:ARE&M,company,ARE&M,Amara Raja Energy & Mobility Ltd.,direct_competitor,bidirectional,negative,0,180,high,inferred_from_filings,Cross-batch reconciliation found same basic industry between TIINDIA and ARE&M.,"Useful for peer, common-factor, relative-value and event-spillover testing.","NSE classification, annual-report source inventory and v2 profile reconciliation",0.72,True
ind_nifty500,company:TIINDIA,company,TIINDIA,Tube Investments of India Ltd.,company:ASAHIINDIA,company,ASAHIINDIA,Asahi India Glass Ltd.,direct_competitor,bidirectional,negative,0,180,high,inferred_from_filings,Cross-batch reconciliation found same basic industry between TIINDIA and ASAHIINDIA.,"Useful for peer, common-factor, relative-value and event-spillover testing.","NSE classification, annual-report source inventory and v2 profile reconciliation",0.72,True
nifty_500_shariah,company:TIMKEN,company,TIMKEN,Timken India Ltd.,company:CARBORUNIV,company,CARBORUNIV,Carborundum Universal Ltd.,direct_competitor,bidirectional,negative,0,180,high,inferred_from_filings,Cross-batch reconciliation found same basic industry between TIMKEN and CARBORUNIV.,"Useful for peer, common-factor, relative-value and event-spillover testing.","NSE classification, annual-report source inventory and v2 profile reconciliation",0.72,True
nifty_500_shariah,company:TIMKEN,company,TIMKEN,Timken India Ltd.,company:APLAPOLLO,company,APLAPOLLO,APL Apollo Tubes Ltd.,partial_competitor,bidirectional,negative,0,180,medium,inferred_from_filings,Cross-batch reconciliation found same industry between TIMKEN and APLAPOLLO.,"Useful for peer, common-factor, relative-value and event-spillover testing.","NSE classification, annual-report source inventory and v2 profile reconciliation",0.72,True
ind_nifty500,company:TITAGARH,company,TITAGARH,Titagarh Rail Systems Ltd.,company:JWL,company,JWL,Jupiter Wagons Ltd.,direct_competitor,bidirectional,negative,0,180,high,inferred_from_filings,Cross-batch reconciliation found same basic industry between TITAGARH and JWL.,"Useful for peer, common-factor, relative-value and event-spillover testing.","NSE classification, annual-report source inventory and v2 profile reconciliation",0.72,True
ind_nifty500,company:TITAGARH,company,TITAGARH,Titagarh Rail Systems Ltd.,company:COCHINSHIP,company,COCHINSHIP,Cochin Shipyard Ltd.,partial_competitor,bidirectional,negative,0,180,medium,inferred_from_filings,Cross-batch reconciliation found same industry between TITAGARH and COCHINSHIP.,"Useful for peer, common-factor, relative-value and event-spillover testing.","NSE classification, annual-report source inventory and v2 profile reconciliation",0.72,True
ind_nifty500,company:TITAN,company,TITAN,Titan Company Ltd.,company:KALYANKJIL,company,KALYANKJIL,Kalyan Jewellers India Ltd.,direct_competitor,bidirectional,negative,0,180,high,inferred_from_filings,Cross-batch reconciliation found same basic industry between TITAN and KALYANKJIL.,"Useful for peer, common-factor, relative-value and event-spillover testing.","NSE classification, annual-report source inventory and v2 profile reconciliation",0.72,True
ind_nifty500,company:TITAN,company,TITAN,Titan Company Ltd.,company:AMBER,company,AMBER,Amber Enterprises India Ltd.,partial_competitor,bidirectional,negative,0,180,medium,inferred_from_filings,Cross-batch reconciliation found same industry between TITAN and AMBER.,"Useful for peer, common-factor, relative-value and event-spillover testing.","NSE classification, annual-report source inventory and v2 profile reconciliation",0.72,True
ind_nifty500,company:TMCV,company,TMCV,Tata Motors Ltd.,company:ASHOKLEY,company,ASHOKLEY,Ashok Leyland Ltd.,direct_competitor,bidirectional,negative,0,180,high,inferred_from_filings,Cross-batch reconciliation found same basic industry between TMCV and ASHOKLEY.,"Useful for peer, common-factor, relative-value and event-spillover testing.","NSE classification, annual-report source inventory and v2 profile reconciliation",0.72,True
ind_nifty500,company:TMCV,company,TMCV,Tata Motors Ltd.,company:ACE,company,ACE,Action Construction Equipment Ltd.,partial_competitor,bidirectional,negative,0,180,medium,inferred_from_filings,Cross-batch reconciliation found same industry between TMCV and ACE.,"Useful for peer, common-factor, relative-value and event-spillover testing.","NSE classification, annual-report source inventory and v2 profile reconciliation",0.72,True
ind_nifty500,company:TORNTPHARM,company,TORNTPHARM,Torrent Pharmaceuticals Ltd.,company:ABBOTINDIA,company,ABBOTINDIA,Abbott India Ltd.,direct_competitor,bidirectional,negative,0,180,high,inferred_from_filings,Cross-batch reconciliation found same basic industry between TORNTPHARM and ABBOTINDIA.,"Useful for peer, common-factor, relative-value and event-spillover testing.","NSE classification, annual-report source inventory and v2 profile reconciliation",0.72,True
ind_nifty500,company:TORNTPHARM,company,TORNTPHARM,Torrent Pharmaceuticals Ltd.,company:ACUTAAS,company,ACUTAAS,Acutaas Chemicals Ltd.,direct_competitor,bidirectional,negative,0,180,high,inferred_from_filings,Cross-batch reconciliation found same basic industry between TORNTPHARM and ACUTAAS.,"Useful for peer, common-factor, relative-value and event-spillover testing.","NSE classification, annual-report source inventory and v2 profile reconciliation",0.72,True
ind_nifty500,company:TORNTPOWER,company,TORNTPOWER,Torrent Power Ltd.,company:ADANIPOWER,company,ADANIPOWER,Adani Power Ltd.,direct_competitor,bidirectional,negative,0,180,high,inferred_from_filings,Cross-batch reconciliation found same basic industry between TORNTPOWER and ADANIPOWER.,"Useful for peer, common-factor, relative-value and event-spillover testing.","NSE classification, annual-report source inventory and v2 profile reconciliation",0.72,True
ind_nifty500,company:TORNTPOWER,company,TORNTPOWER,Torrent Power Ltd.,company:CESC,company,CESC,CESC Ltd.,direct_competitor,bidirectional,negative,0,180,high,inferred_from_filings,Cross-batch reconciliation found same basic industry between TORNTPOWER and CESC.,"Useful for peer, common-factor, relative-value and event-spillover testing.","NSE classification, annual-report source inventory and v2 profile reconciliation",0.72,True
ind_nifty500,company:TRAVELFOOD,company,TRAVELFOOD,Travel Food Services Ltd.,company:DEVYANI,company,DEVYANI,Devyani International Ltd.,direct_competitor,bidirectional,negative,0,180,high,inferred_from_filings,Cross-batch reconciliation found same basic industry between TRAVELFOOD and DEVYANI.,"Useful for peer, common-factor, relative-value and event-spillover testing.","NSE classification, annual-report source inventory and v2 profile reconciliation",0.72,True
ind_nifty500,company:TRAVELFOOD,company,TRAVELFOOD,Travel Food Services Ltd.,company:JUBLFOOD,company,JUBLFOOD,Jubilant Foodworks Ltd.,direct_competitor,bidirectional,negative,0,180,high,inferred_from_filings,Cross-batch reconciliation found same basic industry between TRAVELFOOD and JUBLFOOD.,"Useful for peer, common-factor, relative-value and event-spillover testing.","NSE classification, annual-report source inventory and v2 profile reconciliation",0.72,True
nifty_50_shariah,company:TRENT,company,TRENT,TRENT LTD.,company:HINDUNILVR,company,HINDUNILVR,HINDUSTAN UNILEVER LTD.,common_customer_industry,bidirectional,positive,0,180,low,inferred_from_filings,Both are exposed to Indian urban and discretionary/household consumption.,"Useful for peer, common-factor, relative-value and event-spillover testing.","NSE classification, annual-report business descriptions and v2 agent curation",0.62,True
nifty_50_shariah,company:TRENT,company,TRENT,TRENT LTD.,company:TATACONSUM,company,TATACONSUM,TATA CONSUMER PRODUCTS LTD,common_customer_industry,bidirectional,positive,0,180,low,inferred_from_filings,Both benefit from retail consumption and channel expansion.,"Useful for peer, common-factor, relative-value and event-spillover testing.","NSE classification, annual-report business descriptions and v2 agent curation",0.62,True
nifty_500_shariah,company:TRIDENT,company,TRIDENT,Trident Ltd.,company:VTL,company,VTL,Vardhman Textiles Ltd.,direct_competitor,bidirectional,negative,0,180,high,inferred_from_filings,Cross-batch reconciliation found same basic industry between TRIDENT and VTL.,"Useful for peer, common-factor, relative-value and event-spillover testing.","NSE classification, annual-report source inventory and v2 profile reconciliation",0.72,True
nifty_500_shariah,company:TRIDENT,company,TRIDENT,Trident Ltd.,company:WELSPUNLIV,company,WELSPUNLIV,Welspun Living Ltd.,direct_competitor,bidirectional,negative,0,180,high,inferred_from_filings,Cross-batch reconciliation found same basic industry between TRIDENT and WELSPUNLIV.,"Useful for peer, common-factor, relative-value and event-spillover testing.","NSE classification, annual-report source inventory and v2 profile reconciliation",0.72,True
ind_nifty500,company:TRITURBINE,company,TRITURBINE,Triveni Turbine Ltd.,company:ABB,company,ABB,ABB India Ltd.,direct_competitor,bidirectional,negative,0,180,high,inferred_from_filings,Cross-batch reconciliation found same basic industry between TRITURBINE and ABB.,"Useful for peer, common-factor, relative-value and event-spillover testing.","NSE classification, annual-report source inventory and v2 profile reconciliation",0.72,True
ind_nifty500,company:TRITURBINE,company,TRITURBINE,Triveni Turbine Ltd.,company:BHEL,company,BHEL,Bharat Heavy Electricals Ltd.,direct_competitor,bidirectional,negative,0,180,high,inferred_from_filings,Cross-batch reconciliation found same basic industry between TRITURBINE and BHEL.,"Useful for peer, common-factor, relative-value and event-spillover testing.","NSE classification, annual-report source inventory and v2 profile reconciliation",0.72,True
ind_nifty500,company:TTML,company,TTML,Tata Teleservices (Maharashtra) Ltd.,company:BHARTIARTL,company,BHARTIARTL,Bharti Airtel Ltd.,direct_competitor,bidirectional,negative,0,180,high,inferred_from_filings,Cross-batch reconciliation found same basic industry between TTML and BHARTIARTL.,"Useful for peer, common-factor, relative-value and event-spillover testing.","NSE classification, annual-report source inventory and v2 profile reconciliation",0.72,True
ind_nifty500,company:TTML,company,TTML,Tata Teleservices (Maharashtra) Ltd.,company:BHARTIHEXA,company,BHARTIHEXA,Bharti Hexacom Ltd.,direct_competitor,bidirectional,negative,0,180,high,inferred_from_filings,Cross-batch reconciliation found same basic industry between TTML and BHARTIHEXA.,"Useful for peer, common-factor, relative-value and event-spillover testing.","NSE classification, annual-report source inventory and v2 profile reconciliation",0.72,True
ind_nifty500,company:TVSMOTOR,company,TVSMOTOR,TVS Motor Company Ltd.,company:ATHERENERG,company,ATHERENERG,Ather Energy Ltd.,direct_competitor,bidirectional,negative,0,180,high,inferred_from_filings,Cross-batch reconciliation found same basic industry between TVSMOTOR and ATHERENERG.,"Useful for peer, common-factor, relative-value and event-spillover testing.","NSE classification, annual-report source inventory and v2 profile reconciliation",0.72,True
ind_nifty500,company:TVSMOTOR,company,TVSMOTOR,TVS Motor Company Ltd.,company:BAJAJ-AUTO,company,BAJAJ-AUTO,Bajaj Auto Ltd.,direct_competitor,bidirectional,negative,0,180,high,inferred_from_filings,Cross-batch reconciliation found same basic industry between TVSMOTOR and BAJAJ-AUTO.,"Useful for peer, common-factor, relative-value and event-spillover testing.","NSE classification, annual-report source inventory and v2 profile reconciliation",0.72,True
ind_nifty500,company:UBL,company,UBL,United Breweries Ltd.,company:ABDL,company,ABDL,Allied Blenders and Distillers Ltd.,direct_competitor,bidirectional,negative,0,180,high,inferred_from_filings,Cross-batch reconciliation found same basic industry between UBL and ABDL.,"Useful for peer, common-factor, relative-value and event-spillover testing.","NSE classification, annual-report source inventory and v2 profile reconciliation",0.72,True
ind_nifty500,company:UBL,company,UBL,United Breweries Ltd.,company:RADICO,company,RADICO,Radico Khaitan Ltd,direct_competitor,bidirectional,negative,0,180,high,inferred_from_filings,Cross-batch reconciliation found same basic industry between UBL and RADICO.,"Useful for peer, common-factor, relative-value and event-spillover testing.","NSE classification, annual-report source inventory and v2 profile reconciliation",0.72,True
ind_nifty500,company:UCOBANK,company,UCOBANK,UCO Bank,company:BANKBARODA,company,BANKBARODA,Bank of Baroda,direct_competitor,bidirectional,negative,0,180,high,inferred_from_filings,Cross-batch reconciliation found same basic industry between UCOBANK and BANKBARODA.,"Useful for peer, common-factor, relative-value and event-spillover testing.","NSE classification, annual-report source inventory and v2 profile reconciliation",0.72,True
ind_nifty500,company:UCOBANK,company,UCOBANK,UCO Bank,company:BANKINDIA,company,BANKINDIA,Bank of India,direct_competitor,bidirectional,negative,0,180,high,inferred_from_filings,Cross-batch reconciliation found same basic industry between UCOBANK and BANKINDIA.,"Useful for peer, common-factor, relative-value and event-spillover testing.","NSE classification, annual-report source inventory and v2 profile reconciliation",0.72,True
ind_nifty500,company:UNIONBANK,company,UNIONBANK,Union Bank of India,company:BANKBARODA,company,BANKBARODA,Bank of Baroda,direct_competitor,bidirectional,negative,0,180,high,inferred_from_filings,Cross-batch reconciliation found same basic industry between UNIONBANK and BANKBARODA.,"Useful for peer, common-factor, relative-value and event-spillover testing.","NSE classification, annual-report source inventory and v2 profile reconciliation",0.72,True
ind_nifty500,company:UNIONBANK,company,UNIONBANK,Union Bank of India,company:BANKINDIA,company,BANKINDIA,Bank of India,direct_competitor,bidirectional,negative,0,180,high,inferred_from_filings,Cross-batch reconciliation found same basic industry between UNIONBANK and BANKINDIA.,"Useful for peer, common-factor, relative-value and event-spillover testing.","NSE classification, annual-report source inventory and v2 profile reconciliation",0.72,True
ind_nifty500,company:UNITDSPR,company,UNITDSPR,United Spirits Ltd.,company:ABDL,company,ABDL,Allied Blenders and Distillers Ltd.,direct_competitor,bidirectional,negative,0,180,high,inferred_from_filings,Cross-batch reconciliation found same basic industry between UNITDSPR and ABDL.,"Useful for peer, common-factor, relative-value and event-spillover testing.","NSE classification, annual-report source inventory and v2 profile reconciliation",0.72,True
ind_nifty500,company:UNITDSPR,company,UNITDSPR,United Spirits Ltd.,company:RADICO,company,RADICO,Radico Khaitan Ltd,direct_competitor,bidirectional,negative,0,180,high,inferred_from_filings,Cross-batch reconciliation found same basic industry between UNITDSPR and RADICO.,"Useful for peer, common-factor, relative-value and event-spillover testing.","NSE classification, annual-report source inventory and v2 profile reconciliation",0.72,True
nifty_500_shariah,company:UNOMINDA,company,UNOMINDA,UNO Minda Ltd.,company:ARE&M,company,ARE&M,Amara Raja Energy & Mobility Ltd.,direct_competitor,bidirectional,negative,0,180,high,inferred_from_filings,Cross-batch reconciliation found same basic industry between UNOMINDA and ARE&M.,"Useful for peer, common-factor, relative-value and event-spillover testing.","NSE classification, annual-report source inventory and v2 profile reconciliation",0.72,True
nifty_500_shariah,company:UNOMINDA,company,UNOMINDA,UNO Minda Ltd.,company:ENDURANCE,company,ENDURANCE,Endurance Technologies Ltd.,direct_competitor,bidirectional,negative,0,180,high,inferred_from_filings,Cross-batch reconciliation found same basic industry between UNOMINDA and ENDURANCE.,"Useful for peer, common-factor, relative-value and event-spillover testing.","NSE classification, annual-report source inventory and v2 profile reconciliation",0.72,True
ind_nifty500,company:UPL,company,UPL,UPL Ltd.,company:BAYERCROP,company,BAYERCROP,Bayer Cropscience Ltd.,direct_competitor,bidirectional,negative,0,180,high,inferred_from_filings,Cross-batch reconciliation found same basic industry between UPL and BAYERCROP.,"Useful for peer, common-factor, relative-value and event-spillover testing.","NSE classification, annual-report source inventory and v2 profile reconciliation",0.72,True
ind_nifty500,company:UPL,company,UPL,UPL Ltd.,company:PIIND,company,PIIND,PI Industries Ltd.,direct_competitor,bidirectional,negative,0,180,high,inferred_from_filings,Cross-batch reconciliation found same basic industry between UPL and PIIND.,"Useful for peer, common-factor, relative-value and event-spillover testing.","NSE classification, annual-report source inventory and v2 profile reconciliation",0.72,True
ind_nifty500,company:URBANCO,company,URBANCO,Urban Company Ltd.,company:CARTRADE,company,CARTRADE,Cartrade Tech Ltd.,direct_competitor,bidirectional,negative,0,180,high,inferred_from_filings,Cross-batch reconciliation found same basic industry between URBANCO and CARTRADE.,"Useful for peer, common-factor, relative-value and event-spillover testing.","NSE classification, annual-report source inventory and v2 profile reconciliation",0.72,True
ind_nifty500,company:URBANCO,company,URBANCO,Urban Company Ltd.,company:ETERNAL,company,ETERNAL,Eternal Ltd.,direct_competitor,bidirectional,negative,0,180,high,inferred_from_filings,Cross-batch reconciliation found same basic industry between URBANCO and ETERNAL.,"Useful for peer, common-factor, relative-value and event-spillover testing.","NSE classification, annual-report source inventory and v2 profile reconciliation",0.72,True
nifty_500_shariah,company:USHAMART,company,USHAMART,Usha Martin Ltd.,company:APLAPOLLO,company,APLAPOLLO,APL Apollo Tubes Ltd.,direct_competitor,bidirectional,negative,0,180,high,inferred_from_filings,Cross-batch reconciliation found same basic industry between USHAMART and APLAPOLLO.,"Useful for peer, common-factor, relative-value and event-spillover testing.","NSE classification, annual-report source inventory and v2 profile reconciliation",0.72,True
nifty_500_shariah,company:USHAMART,company,USHAMART,Usha Martin Ltd.,company:GALLANTT,company,GALLANTT,Gallantt Ispat Ltd.,direct_competitor,bidirectional,negative,0,180,high,inferred_from_filings,Cross-batch reconciliation found same basic industry between USHAMART and GALLANTT.,"Useful for peer, common-factor, relative-value and event-spillover testing.","NSE classification, annual-report source inventory and v2 profile reconciliation",0.72,True
ind_nifty500,company:UTIAMC,company,UTIAMC,UTI Asset Management Company Ltd.,company:ABSLAMC,company,ABSLAMC,Aditya Birla Sun Life AMC Ltd.,direct_competitor,bidirectional,negative,0,180,high,inferred_from_filings,Cross-batch reconciliation found same basic industry between UTIAMC and ABSLAMC.,"Useful for peer, common-factor, relative-value and event-spillover testing.","NSE classification, annual-report source inventory and v2 profile reconciliation",0.72,True
ind_nifty500,company:UTIAMC,company,UTIAMC,UTI Asset Management Company Ltd.,company:HDFCAMC,company,HDFCAMC,HDFC Asset Management Company Ltd.,direct_competitor,bidirectional,negative,0,180,high,inferred_from_filings,Cross-batch reconciliation found same basic industry between UTIAMC and HDFCAMC.,"Useful for peer, common-factor, relative-value and event-spillover testing.","NSE classification, annual-report source inventory and v2 profile reconciliation",0.72,True
ind_nifty500,company:VBL,company,VBL,Varun Beverages Ltd.,company:ABDL,company,ABDL,Allied Blenders and Distillers Ltd.,partial_competitor,bidirectional,negative,0,180,medium,inferred_from_filings,Cross-batch reconciliation found same industry between VBL and ABDL.,"Useful for peer, common-factor, relative-value and event-spillover testing.","NSE classification, annual-report source inventory and v2 profile reconciliation",0.72,True
ind_nifty500,company:VBL,company,VBL,Varun Beverages Ltd.,company:RADICO,company,RADICO,Radico Khaitan Ltd,partial_competitor,bidirectional,negative,0,180,medium,inferred_from_filings,Cross-batch reconciliation found same industry between VBL and RADICO.,"Useful for peer, common-factor, relative-value and event-spillover testing.","NSE classification, annual-report source inventory and v2 profile reconciliation",0.72,True
nifty_500_shariah,company:VMM,company,VMM,Vishal Mega Mart Ltd.,company:DMART,company,DMART,Avenue Supermarts Ltd.,direct_competitor,bidirectional,negative,0,180,high,inferred_from_filings,Cross-batch reconciliation found same basic industry between VMM and DMART.,"Useful for peer, common-factor, relative-value and event-spillover testing.","NSE classification, annual-report source inventory and v2 profile reconciliation",0.72,True
nifty_500_shariah,company:VMM,company,VMM,Vishal Mega Mart Ltd.,company:ABFRL,company,ABFRL,Aditya Birla Fashion and Retail Ltd.,partial_competitor,bidirectional,negative,0,180,medium,inferred_from_filings,Cross-batch reconciliation found same industry between VMM and ABFRL.,"Useful for peer, common-factor, relative-value and event-spillover testing.","NSE classification, annual-report source inventory and v2 profile reconciliation",0.72,True
nifty_500_shariah,company:VOLTAS,company,VOLTAS,Voltas Ltd.,company:AMBER,company,AMBER,Amber Enterprises India Ltd.,direct_competitor,bidirectional,negative,0,180,high,inferred_from_filings,Cross-batch reconciliation found same basic industry between VOLTAS and AMBER.,"Useful for peer, common-factor, relative-value and event-spillover testing.","NSE classification, annual-report source inventory and v2 profile reconciliation",0.72,True
nifty_500_shariah,company:VOLTAS,company,VOLTAS,Voltas Ltd.,company:BLUESTARCO,company,BLUESTARCO,Blue Star Ltd.,direct_competitor,bidirectional,negative,0,180,high,inferred_from_filings,Cross-batch reconciliation found same basic industry between VOLTAS and BLUESTARCO.,"Useful for peer, common-factor, relative-value and event-spillover testing.","NSE classification, annual-report source inventory and v2 profile reconciliation",0.72,True
nifty_500_shariah,company:VTL,company,VTL,Vardhman Textiles Ltd.,company:TRIDENT,company,TRIDENT,Trident Ltd.,direct_competitor,bidirectional,negative,0,180,high,inferred_from_filings,Cross-batch reconciliation found same basic industry between VTL and TRIDENT.,"Useful for peer, common-factor, relative-value and event-spillover testing.","NSE classification, annual-report source inventory and v2 profile reconciliation",0.72,True
nifty_500_shariah,company:VTL,company,VTL,Vardhman Textiles Ltd.,company:WELSPUNLIV,company,WELSPUNLIV,Welspun Living Ltd.,direct_competitor,bidirectional,negative,0,180,high,inferred_from_filings,Cross-batch reconciliation found same basic industry between VTL and WELSPUNLIV.,"Useful for peer, common-factor, relative-value and event-spillover testing.","NSE classification, annual-report source inventory and v2 profile reconciliation",0.72,True
nifty_500_shariah,company:WHIRLPOOL,company,WHIRLPOOL,Whirlpool of India Ltd.,company:AMBER,company,AMBER,Amber Enterprises India Ltd.,direct_competitor,bidirectional,negative,0,180,high,inferred_from_filings,Cross-batch reconciliation found same basic industry between WHIRLPOOL and AMBER.,"Useful for peer, common-factor, relative-value and event-spillover testing.","NSE classification, annual-report source inventory and v2 profile reconciliation",0.72,True
nifty_500_shariah,company:WHIRLPOOL,company,WHIRLPOOL,Whirlpool of India Ltd.,company:BLUESTARCO,company,BLUESTARCO,Blue Star Ltd.,direct_competitor,bidirectional,negative,0,180,high,inferred_from_filings,Cross-batch reconciliation found same basic industry between WHIRLPOOL and BLUESTARCO.,"Useful for peer, common-factor, relative-value and event-spillover testing.","NSE classification, annual-report source inventory and v2 profile reconciliation",0.72,True
nifty_500_shariah,company:WOCKPHARMA,company,WOCKPHARMA,Wockhardt Ltd.,company:ACUTAAS,company,ACUTAAS,Acutaas Chemicals Ltd.,direct_competitor,bidirectional,negative,0,180,high,inferred_from_filings,Cross-batch reconciliation found same basic industry between WOCKPHARMA and ACUTAAS.,"Useful for peer, common-factor, relative-value and event-spillover testing.","NSE classification, annual-report source inventory and v2 profile reconciliation",0.72,True
nifty_500_shariah,company:WOCKPHARMA,company,WOCKPHARMA,Wockhardt Ltd.,company:AJANTPHARM,company,AJANTPHARM,Ajanta Pharma Ltd.,direct_competitor,bidirectional,negative,0,180,high,inferred_from_filings,Cross-batch reconciliation found same basic industry between WOCKPHARMA and AJANTPHARM.,"Useful for peer, common-factor, relative-value and event-spillover testing.","NSE classification, annual-report source inventory and v2 profile reconciliation",0.72,True
nifty_500_shariah,company:ZYDUSLIFE,company,ZYDUSLIFE,Zydus Lifesciences Ltd.,company:ACUTAAS,company,ACUTAAS,Acutaas Chemicals Ltd.,direct_competitor,bidirectional,negative,0,180,high,inferred_from_filings,Cross-batch reconciliation found same basic industry between ZYDUSLIFE and ACUTAAS.,"Useful for peer, common-factor, relative-value and event-spillover testing.","NSE classification, annual-report source inventory and v2 profile reconciliation",0.72,True
nifty_500_shariah,company:ZYDUSLIFE,company,ZYDUSLIFE,Zydus Lifesciences Ltd.,company:AJANTPHARM,company,AJANTPHARM,Ajanta Pharma Ltd.,direct_competitor,bidirectional,negative,0,180,high,inferred_from_filings,Cross-batch reconciliation found same basic industry between ZYDUSLIFE and AJANTPHARM.,"Useful for peer, common-factor, relative-value and event-spillover testing.","NSE classification, annual-report source inventory and v2 profile reconciliation",0.72,True
nifty_500_shariah,company:ZYDUSWELL,company,ZYDUSWELL,Zydus Wellness Ltd.,company:BBTC,company,BBTC,The Bombay Burmah Trading Corporation Ltd.,direct_competitor,bidirectional,negative,0,180,high,inferred_from_filings,Cross-batch reconciliation found same basic industry between ZYDUSWELL and BBTC.,"Useful for peer, common-factor, relative-value and event-spillover testing.","NSE classification, annual-report source inventory and v2 profile reconciliation",0.72,True
nifty_500_shariah,company:ZYDUSWELL,company,ZYDUSWELL,Zydus Wellness Ltd.,company:BIKAJI,company,BIKAJI,Bikaji Foods International Ltd.,direct_competitor,bidirectional,negative,0,180,high,inferred_from_filings,Cross-batch reconciliation found same basic industry between ZYDUSWELL and BIKAJI.,"Useful for peer, common-factor, relative-value and event-spillover testing.","NSE classification, annual-report source inventory and v2 profile reconciliation",0.72,True
