batch_id,input_symbol,input_company_name,nse_symbol,isin,legal_company_name,common_company_name,normalized_symbol,company_name_key,processed_status,processed_date,curation_status,overall_confidence,latest_annual_report_financial_year,source_profile_file,notes
nifty_50_shariah,ASIANPAINT,ASIAN PAINTS LTD.,ASIANPAINT,INE021A01026,Asian Paints Limited,Asian Paints Limited,ASIANPAINT,ASIAN PAINTS,processed,2026-05-26,curated_v2_agent_assisted,0.78,2024-2025,company_profiles.jsonl,
nifty_50_shariah,CIPLA,CIPLA LTD.,CIPLA,INE059A01026,Cipla Limited,Cipla Limited,CIPLA,CIPLA,processed,2026-05-26,curated_v2_agent_assisted,0.78,2024-2025,company_profiles.jsonl,
nifty_50_shariah,DRREDDY,DR.REDDY'S LABORATORIES LTD.,DRREDDY,INE089A01031,Dr. Reddy's Laboratories Limited,Dr. Reddy's Laboratories Limited,DRREDDY,DR REDDYS LABORATORIES,processed,2026-05-26,curated_v2_agent_assisted,0.78,2024-2025,company_profiles.jsonl,
nifty_50_shariah,HCLTECH,HCL TECHNOLOGIES LTD.,HCLTECH,INE860A01027,HCL Technologies Limited,HCL Technologies Limited,HCLTECH,HCL TECHNOLOGIES,processed,2026-05-26,curated_v2_agent_assisted,0.78,2024-2025,company_profiles.jsonl,
nifty_50_shariah,HINDALCO,Hindalco Industries,HINDALCO,INE038A01020,Hindalco Industries Limited,Hindalco Industries Limited,HINDALCO,HINDALCO INDUSTRIES,processed,2026-05-26,curated_v2_agent_assisted,0.78,2024-2025,company_profiles.jsonl,
nifty_50_shariah,HINDUNILVR,HINDUSTAN UNILEVER LTD.,HINDUNILVR,INE030A01027,Hindustan Unilever Limited,Hindustan Unilever Limited,HINDUNILVR,HINDUSTAN UNILEVER,processed,2026-05-26,curated_v2_agent_assisted,0.78,2024-2025,company_profiles.jsonl,
nifty_50_shariah,INFY,INFOSYS LTD.,INFY,INE009A01021,Infosys Limited,Infosys Limited,INFY,INFOSYS,processed,2026-05-26,curated_v2_agent_assisted,0.78,2024-2025,company_profiles.jsonl,
nifty_50_shariah,MAXHEALTH,MAX HEALTHCARE INSTITUTE LTD,MAXHEALTH,INE027H01010,Max Healthcare Institute Limited,Max Healthcare Institute Limited,MAXHEALTH,MAX HEALTHCARE INSTITUTE,failed,2026-05-26,curated_v2_agent_assisted,0.68,2024-2025,company_profiles.jsonl,annual-report text extraction failed; weak or missing data; Matched keyword in notes: annual-report text extraction failed; weak or missing data
nifty_50_shariah,NESTLEIND,NESTLE INDIA LTD.,NESTLEIND,INE239A01024,Nestle India Limited,Nestle India Limited,NESTLEIND,NESTLE INDIA,processed,2026-05-26,curated_v2_agent_assisted,0.78,2024-2025,company_profiles.jsonl,
nifty_50_shariah,ONGC,Oil & Natural Gas Corporation,ONGC,INE213A01029,Oil & Natural Gas Corporation Limited,Oil & Natural Gas Corporation Limited,ONGC,OIL AND NATURAL GAS CORPORATION,processed,2026-05-26,curated_v2_agent_assisted,0.78,2024-2025,company_profiles.jsonl,
nifty_50_shariah,SUNPHARMA,SUN PHARMACEUTICAL INDUSTRIES LTD.,SUNPHARMA,INE044A01036,Sun Pharmaceutical Industries Limited,Sun Pharmaceutical Industries Limited,SUNPHARMA,SUN PHARMACEUTICAL INDUSTRIES,processed,2026-05-26,curated_v2_agent_assisted,0.78,2024-2025,company_profiles.jsonl,
nifty_50_shariah,TATACONSUM,TATA CONSUMER PRODUCTS LTD,TATACONSUM,INE192A01025,TATA CONSUMER PRODUCTS LIMITED,TATA CONSUMER PRODUCTS LIMITED,TATACONSUM,TATA CONSUMER PRODUCTS,processed,2026-05-26,curated_v2_agent_assisted,0.78,2025-2026,company_profiles.jsonl,
nifty_50_shariah,TCS,TATA CONSULTANCY SERVICES LTD.,TCS,INE467B01029,Tata Consultancy Services Limited,Tata Consultancy Services Limited,TCS,TATA CONSULTANCY SERVICES,processed,2026-05-26,curated_v2_agent_assisted,0.78,2025-2026,company_profiles.jsonl,
nifty_50_shariah,TECHM,TECH MAHINDRA LTD.,TECHM,INE669C01036,Tech Mahindra Limited,Tech Mahindra Limited,TECHM,TECH MAHINDRA,processed,2026-05-26,curated_v2_agent_assisted,0.78,2024-2025,company_profiles.jsonl,
nifty_50_shariah,TMPV,Tata Motors Passenger Vehicles Limited,TMPV,INE155A01022,Tata Motors Passenger Vehicles Limited,Tata Motors Passenger Vehicles Limited,TMPV,TATA MOTORS PASSENGER VEHICLES,processed,2026-05-26,curated_v2_agent_assisted,0.78,2024-2025,company_profiles.jsonl,
nifty_50_shariah,TRENT,TRENT LTD.,TRENT,INE849A01020,Trent Limited,Trent Limited,TRENT,TRENT,processed,2026-05-26,curated_v2_agent_assisted,0.78,2024-2025,company_profiles.jsonl,
nifty_50_shariah,ULTRACEMCO,ULTRATECH CEMENT LTD.,ULTRACEMCO,INE481G01011,UltraTech Cement Limited,UltraTech Cement Limited,ULTRACEMCO,ULTRATECH CEMENT,processed,2026-05-26,curated_v2_agent_assisted,0.78,2024-2025,company_profiles.jsonl,
nifty_500_shariah,3MINDIA,3M India Ltd.,3MINDIA,INE470A01017,3M India Limited,3M India Limited,3MINDIA,3M INDIA,processed,2026-05-27,curated_v2_agent_assisted,0.68,2024-2025,company_profiles.jsonl,
nifty_500_shariah,ABFRL,Aditya Birla Fashion and Retail Ltd.,ABFRL,INE647O01011,Aditya Birla Fashion and Retail Limited,Aditya Birla Fashion and Retail Limited,ABFRL,ADITYA BIRLA FASHION AND RETAIL,processed,2026-05-27,curated_v2_agent_assisted,0.68,2024-2025,company_profiles.jsonl,
nifty_500_shariah,ABLBL,Aditya Birla Lifestyle Brands Ltd.,ABLBL,INE14LE01019,Aditya Birla Lifestyle Brands Limited,Aditya Birla Lifestyle Brands Limited,ABLBL,ADITYA BIRLA LIFESTYLE BRANDS,processed,2026-05-27,curated_v2_agent_assisted,0.68,2024-2025,company_profiles.jsonl,
nifty_500_shariah,ACE,Action Construction Equipment Ltd.,ACE,INE731H01025,Action Construction Equipment Limited,Action Construction Equipment Limited,ACE,ACTION CONSTRUCTION EQUIPMENT,processed,2026-05-27,curated_v2_agent_assisted,0.68,2024-2025,company_profiles.jsonl,
nifty_500_shariah,ACUTAAS,Acutaas Chemicals Ltd.,ACUTAAS,INE00FF01025,Acutaas Chemicals Limited,Acutaas Chemicals Limited,ACUTAAS,ACUTAAS CHEMICALS,processed,2026-05-27,curated_v2_agent_assisted,0.68,2024-2025,company_profiles.jsonl,
nifty_500_shariah,ALKEM,Alkem Laboratories Ltd.,ALKEM,INE540L01014,Alkem Laboratories Limited,Alkem Laboratories Limited,ALKEM,ALKEM LABORATORIES,processed,2026-05-27,curated_v2_agent_assisted,0.68,2024-2025,company_profiles.jsonl,
nifty_500_shariah,AMBER,Amber Enterprises India Ltd.,AMBER,INE371P01015,Amber Enterprises India Limited,Amber Enterprises India Limited,AMBER,AMBER ENTERPRISES INDIA,processed,2026-05-27,curated_v2_agent_assisted,0.68,2024-2025,company_profiles.jsonl,
nifty_500_shariah,ANANTRAJ,Anant Raj Ltd.,ANANTRAJ,INE242C01024,Anant Raj Limited,Anant Raj Limited,ANANTRAJ,ANANT RAJ,processed,2026-05-27,curated_v2_agent_assisted,0.68,2024-2025,company_profiles.jsonl,
nifty_500_shariah,APLAPOLLO,APL Apollo Tubes Ltd.,APLAPOLLO,INE702C01027,APL Apollo Tubes Limited,APL Apollo Tubes Limited,APLAPOLLO,APL APOLLO TUBES,processed,2026-05-27,curated_v2_agent_assisted,0.68,2024-2025,company_profiles.jsonl,
nifty_500_shariah,APOLLOTYRE,Apollo Tyres Ltd.,APOLLOTYRE,INE438A01022,Apollo Tyres Limited,Apollo Tyres Limited,APOLLOTYRE,APOLLO TYRES,processed,2026-05-27,curated_v2_agent_assisted,0.68,2024-2025,company_profiles.jsonl,
nifty_500_shariah,ARE&M,Amara Raja Energy & Mobility Ltd.,ARE&M,INE885A01032,Amara Raja Energy & Mobility Limited,Amara Raja Energy & Mobility Limited,ARE&M,AMARA RAJA ENERGY AND MOBILITY,processed,2026-05-27,curated_v2_agent_assisted,0.68,2024-2025,company_profiles.jsonl,
nifty_500_shariah,ASTERDM,Aster DM Healthcare Ltd.,ASTERDM,INE914M01019,Aster DM Healthcare Limited,Aster DM Healthcare Limited,ASTERDM,ASTER DM HEALTHCARE,processed,2026-05-27,curated_v2_agent_assisted,0.68,2024-2025,company_profiles.jsonl,
nifty_500_shariah,ASTRAL,Astral Ltd.,ASTRAL,INE006I01046,Astral Limited,Astral Limited,ASTRAL,ASTRAL,processed,2026-05-27,curated_v2_agent_assisted,0.68,2024-2025,company_profiles.jsonl,
nifty_500_shariah,ATGL,Adani Total Gas Ltd.,ATGL,INE399L01023,Adani Total Gas Limited,Adani Total Gas Limited,ATGL,ADANI TOTAL GAS,processed,2026-05-27,curated_v2_agent_assisted,0.68,2024-2025,company_profiles.jsonl,
nifty_500_shariah,AUROPHARMA,Aurobindo Pharma Ltd.,AUROPHARMA,INE406A01037,Aurobindo Pharma Limited,Aurobindo Pharma Limited,AUROPHARMA,AUROBINDO PHARMA,processed,2026-05-27,curated_v2_agent_assisted,0.68,2024-2025,company_profiles.jsonl,
nifty_500_shariah,BALKRISIND,Balkrishna Industries Ltd.,BALKRISIND,INE787D01026,Balkrishna Industries Limited,Balkrishna Industries Limited,BALKRISIND,BALKRISHNA INDUSTRIES,processed,2026-05-27,curated_v2_agent_assisted,0.68,2024-2025,company_profiles.jsonl,
nifty_500_shariah,BATAINDIA,Bata India Ltd.,BATAINDIA,INE176A01028,Bata India Limited,Bata India Limited,BATAINDIA,BATA INDIA,processed,2026-05-27,curated_v2_agent_assisted,0.68,2024-2025,company_profiles.jsonl,
nifty_500_shariah,BAYERCROP,Bayer Cropscience Ltd.,BAYERCROP,INE462A01022,Bayer Cropscience Limited,Bayer Cropscience Limited,BAYERCROP,BAYER CROPSCIENCE,processed,2026-05-27,curated_v2_agent_assisted,0.68,2014-2015,company_profiles.jsonl,
nifty_500_shariah,BBTC,The Bombay Burmah Trading Corporation Ltd.,BBTC,INE050A01025,The Bombay Burmah Trading Corporation Limited,The Bombay Burmah Trading Corporation Limited,BBTC,THE BOMBAY BURMAH TRADING,processed,2026-05-27,curated_v2_agent_assisted,0.68,2024-2025,company_profiles.jsonl,
nifty_500_shariah,BERGEPAINT,Berger Paints (India) Ltd.,BERGEPAINT,INE463A01038,Berger Paints (I) Limited,Berger Paints (I) Limited,BERGEPAINT,BERGER PAINTS I,processed,2026-05-27,curated_v2_agent_assisted,0.68,2024-2025,company_profiles.jsonl,
nifty_500_shariah,BHEL,Bharat Heavy Electricals Ltd.,BHEL,INE257A01026,Bharat Heavy Electricals Limited,Bharat Heavy Electricals Limited,BHEL,BHARAT HEAVY ELECTRICALS,processed,2026-05-27,curated_v2_agent_assisted,0.68,2024-2025,company_profiles.jsonl,
nifty_500_shariah,BIKAJI,Bikaji Foods International Ltd.,BIKAJI,INE00E101023,Bikaji Foods International Limited,Bikaji Foods International Limited,BIKAJI,BIKAJI FOODS INTERNATIONAL,processed,2026-05-27,curated_v2_agent_assisted,0.68,2024-2025,company_profiles.jsonl,
nifty_500_shariah,BLUEDART,Blue Dart Express Ltd.,BLUEDART,INE233B01017,Blue Dart Express Limited,Blue Dart Express Limited,BLUEDART,BLUE DART EXPRESS,processed,2026-05-27,curated_v2_agent_assisted,0.68,2024-2025,company_profiles.jsonl,
nifty_500_shariah,BLUEJET,Blue Jet Healthcare Ltd,BLUEJET,INE0KBH01020,Blue Jet Healthcare Limited,Blue Jet Healthcare Limited,BLUEJET,BLUE JET HEALTHCARE,processed,2026-05-27,curated_v2_agent_assisted,0.68,2024-2025,company_profiles.jsonl,
nifty_500_shariah,BLUESTARCO,Blue Star Ltd.,BLUESTARCO,INE472A01039,Blue Star Limited,Blue Star Limited,BLUESTARCO,BLUE STAR,processed,2026-05-27,curated_v2_agent_assisted,0.68,2024-2025,company_profiles.jsonl,
nifty_500_shariah,BPCL,Bharat Petroleum Corporation Ltd.,BPCL,INE029A01011,Bharat Petroleum Corporation Limited,Bharat Petroleum Corporation Limited,BPCL,BHARAT PETROLEUM,processed,2026-05-27,curated_v2_agent_assisted,0.68,2024-2025,company_profiles.jsonl,
nifty_500_shariah,BRITANNIA,Britannia Industries Ltd.,BRITANNIA,INE216A01030,Britannia Industries Limited,Britannia Industries Limited,BRITANNIA,BRITANNIA INDUSTRIES,processed,2026-05-27,curated_v2_agent_assisted,0.68,2024-2025,company_profiles.jsonl,
nifty_500_shariah,BSOFT,Birlasoft Ltd.,BSOFT,INE836A01035,BIRLASOFT LIMITED,BIRLASOFT LIMITED,BSOFT,BIRLASOFT,processed,2026-05-27,curated_v2_agent_assisted,0.68,2024-2025,company_profiles.jsonl,
nifty_500_shariah,CARBORUNIV,Carborundum Universal Ltd.,CARBORUNIV,INE120A01034,Carborundum Universal Limited,Carborundum Universal Limited,CARBORUNIV,CARBORUNDUM UNIVERSAL,processed,2026-05-27,curated_v2_agent_assisted,0.68,2024-2025,company_profiles.jsonl,
nifty_500_shariah,CASTROLIND,Castrol India Ltd.,CASTROLIND,INE172A01027,Castrol India Limited,Castrol India Limited,CASTROLIND,CASTROL INDIA,processed,2026-05-27,curated_v2_agent_assisted,0.68,2025-2025,company_profiles.jsonl,
nifty_500_shariah,CEATLTD,Ceat Ltd.,CEATLTD,INE482A01020,CEAT Limited,CEAT Limited,CEATLTD,CEAT,processed,2026-05-27,curated_v2_agent_assisted,0.68,2024-2025,company_profiles.jsonl,
nifty_500_shariah,CEMPRO,Cemindia Projects Ltd.,CEMPRO,INE686A01026,Cemindia Projects Limited,Cemindia Projects Limited,CEMPRO,CEMINDIA PROJECTS,processed,2026-05-27,curated_v2_agent_assisted,0.68,2024-2025,company_profiles.jsonl,
nifty_500_shariah,CGPOWER,CG Power and Industrial Solutions Ltd.,CGPOWER,INE067A01029,CG Power and Industrial Solutions Limited,CG Power and Industrial Solutions Limited,CGPOWER,CG POWER AND INDUSTRIAL SOLUTIONS,processed,2026-05-27,curated_v2_agent_assisted,0.68,2024-2025,company_profiles.jsonl,
nifty_500_shariah,CHAMBLFERT,Chambal Fertilisers & Chemicals Ltd.,CHAMBLFERT,INE085A01013,Chambal Fertilizers & Chemicals Limited,Chambal Fertilizers & Chemicals Limited,CHAMBLFERT,CHAMBAL FERTILIZERS AND CHEMICALS,processed,2026-05-27,curated_v2_agent_assisted,0.68,2024-2025,company_profiles.jsonl,
nifty_500_shariah,CHENNPETRO,Chennai Petroleum Corporation Ltd.,CHENNPETRO,INE178A01016,Chennai Petroleum Corporation Limited,Chennai Petroleum Corporation Limited,CHENNPETRO,CHENNAI PETROLEUM,processed,2026-05-27,curated_v2_agent_assisted,0.68,2024-2025,company_profiles.jsonl,
nifty_500_shariah,COFORGE,Coforge Ltd.,COFORGE,INE591G01025,Coforge Limited,Coforge Limited,COFORGE,COFORGE,processed,2026-05-27,curated_v2_agent_assisted,0.68,2024-2025,company_profiles.jsonl,
nifty_500_shariah,COHANCE,Cohance Lifesciences Ltd.,COHANCE,INE03QK01018,Cohance Lifesciences Limited,Cohance Lifesciences Limited,COHANCE,COHANCE LIFESCIENCES,processed,2026-05-27,curated_v2_agent_assisted,0.68,2024-2025,company_profiles.jsonl,
nifty_500_shariah,CONCORDBIO,Concord Biotech Ltd.,CONCORDBIO,INE338H01029,Concord Biotech Limited,Concord Biotech Limited,CONCORDBIO,CONCORD BIOTECH,processed,2026-05-27,curated_v2_agent_assisted,0.68,2024-2025,company_profiles.jsonl,
nifty_500_shariah,CPPLUS,Aditya Infotech Ltd.,CPPLUS,INE819V01029,Aditya Infotech Limited,Aditya Infotech Limited,CPPLUS,ADITYA INFOTECH,processed,2026-05-27,curated_v2_agent_assisted,0.58,2024-2025,company_profiles.jsonl,weak or missing data
nifty_500_shariah,CRISIL,Crisil Ltd.,CRISIL,INE007A01025,CRISIL Limited,CRISIL Limited,CRISIL,CRISIL,processed,2026-05-27,curated_v2_agent_assisted,0.68,2025-2025,company_profiles.jsonl,
nifty_500_shariah,CUMMINSIND,Cummins India Ltd.,CUMMINSIND,INE298A01020,Cummins India Limited,Cummins India Limited,CUMMINSIND,CUMMINS INDIA,processed,2026-05-27,curated_v2_agent_assisted,0.68,2024-2025,company_profiles.jsonl,
nifty_500_shariah,DALBHARAT,Dalmia Bharat Ltd.,DALBHARAT,INE00R701025,Dalmia Bharat Limited,Dalmia Bharat Limited,DALBHARAT,DALMIA BHARAT,processed,2026-05-27,curated_v2_agent_assisted,0.68,2024-2025,company_profiles.jsonl,
nifty_500_shariah,DEEPAKNTR,Deepak Nitrite Ltd.,DEEPAKNTR,INE288B01029,Deepak Nitrite Limited,Deepak Nitrite Limited,DEEPAKNTR,DEEPAK NITRITE,processed,2026-05-27,curated_v2_agent_assisted,0.68,2024-2025,company_profiles.jsonl,
nifty_500_shariah,DIXON,Dixon Technologies (India) Ltd.,DIXON,INE935N01020,Dixon Technologies (India) Limited,Dixon Technologies (India) Limited,DIXON,DIXON TECHNOLOGIES INDIA,processed,2026-05-27,curated_v2_agent_assisted,0.68,2024-2025,company_profiles.jsonl,
nifty_500_shariah,DMART,Avenue Supermarts Ltd.,DMART,INE192R01011,Avenue Supermarts Limited,Avenue Supermarts Limited,DMART,AVENUE SUPERMARTS,processed,2026-05-27,curated_v2_agent_assisted,0.68,2024-2025,company_profiles.jsonl,
nifty_500_shariah,DOMS,DOMS Industries Ltd.,DOMS,INE321T01012,DOMS Industries Limited,DOMS Industries Limited,DOMS,DOMS INDUSTRIES,processed,2026-05-27,curated_v2_agent_assisted,0.68,2024-2025,company_profiles.jsonl,
nifty_500_shariah,ECLERX,eClerx Services Ltd.,ECLERX,INE738I01010,eClerx Services Limited,eClerx Services Limited,ECLERX,ECLERX SERVICES,processed,2026-05-27,curated_v2_agent_assisted,0.68,2024-2025,company_profiles.jsonl,
nifty_500_shariah,ELECON,Elecon Engineering Company Ltd.,ELECON,INE205B01031,Elecon Engineering Company Limited,Elecon Engineering Company Limited,ELECON,ELECON ENGINEERING,processed,2026-05-27,curated_v2_agent_assisted,0.68,2024-2025,company_profiles.jsonl,
nifty_500_shariah,ELGIEQUIP,Elgi Equipments Ltd.,ELGIEQUIP,INE285A01027,Elgi Equipments Limited,Elgi Equipments Limited,ELGIEQUIP,ELGI EQUIPMENTS,processed,2026-05-27,curated_v2_agent_assisted,0.68,2024-2025,company_profiles.jsonl,
nifty_500_shariah,EMAMILTD,Emami Ltd.,EMAMILTD,INE548C01032,Emami Limited,Emami Limited,EMAMILTD,EMAMI,processed,2026-05-27,curated_v2_agent_assisted,0.68,2024-2025,company_profiles.jsonl,
nifty_500_shariah,EMCURE,Emcure Pharmaceuticals Ltd.,EMCURE,INE168P01015,Emcure Pharmaceuticals Limited,Emcure Pharmaceuticals Limited,EMCURE,EMCURE PHARMACEUTICALS,processed,2026-05-27,curated_v2_agent_assisted,0.68,2024-2025,company_profiles.jsonl,
nifty_500_shariah,ENDURANCE,Endurance Technologies Ltd.,ENDURANCE,INE913H01037,Endurance Technologies Limited,Endurance Technologies Limited,ENDURANCE,ENDURANCE TECHNOLOGIES,processed,2026-05-27,curated_v2_agent_assisted,0.68,2024-2025,company_profiles.jsonl,
nifty_500_shariah,ENRIN,Siemens Energy India Ltd.,ENRIN,INE1NPP01017,Siemens Energy India Limited,Siemens Energy India Limited,ENRIN,SIEMENS ENERGY INDIA,processed,2026-05-27,curated_v2_agent_assisted,0.68,2024-2025,company_profiles.jsonl,
nifty_500_shariah,EXIDEIND,Exide Industries Ltd.,EXIDEIND,INE302A01020,Exide Industries Limited,Exide Industries Limited,EXIDEIND,EXIDE INDUSTRIES,processed,2026-05-27,curated_v2_agent_assisted,0.68,2024-2025,company_profiles.jsonl,
nifty_500_shariah,FINCABLES,Finolex Cables Ltd.,FINCABLES,INE235A01022,Finolex Cables Limited,Finolex Cables Limited,FINCABLES,FINOLEX CABLES,processed,2026-05-27,curated_v2_agent_assisted,0.68,2024-2025,company_profiles.jsonl,
nifty_500_shariah,FIRSTCRY,Brainbees Solutions Ltd.,FIRSTCRY,INE02RE01045,Brainbees Solutions Limited,Brainbees Solutions Limited,FIRSTCRY,BRAINBEES SOLUTIONS,processed,2026-05-27,curated_v2_agent_assisted,0.68,2024-2025,company_profiles.jsonl,
nifty_500_shariah,FLUOROCHEM,Gujarat Fluorochemicals Ltd.,FLUOROCHEM,INE09N301011,Gujarat Fluorochemicals Limited,Gujarat Fluorochemicals Limited,FLUOROCHEM,GUJARAT FLUOROCHEMICALS,processed,2026-05-27,curated_v2_agent_assisted,0.68,2024-2025,company_profiles.jsonl,
nifty_500_shariah,FORCEMOT,Force Motors Ltd.,FORCEMOT,INE451A01017,FORCE MOTORS LTD,FORCE MOTORS LTD,FORCEMOT,FORCE MOTORS,processed,2026-05-27,curated_v2_agent_assisted,0.68,2024-2025,company_profiles.jsonl,
nifty_500_shariah,FORTIS,Fortis Healthcare Ltd.,FORTIS,INE061F01013,Fortis Healthcare Limited,Fortis Healthcare Limited,FORTIS,FORTIS HEALTHCARE,processed,2026-05-27,curated_v2_agent_assisted,0.68,2024-2025,company_profiles.jsonl,
nifty_500_shariah,FSL,Firstsource Solutions Ltd.,FSL,INE684F01012,Firstsource Solutions Limited,Firstsource Solutions Limited,FSL,FIRSTSOURCE SOLUTIONS,processed,2026-05-27,curated_v2_agent_assisted,0.68,2024-2025,company_profiles.jsonl,
nifty_500_shariah,GABRIEL,Gabriel India Ltd.,GABRIEL,INE524A01029,Gabriel India Limited,Gabriel India Limited,GABRIEL,GABRIEL INDIA,processed,2026-05-27,curated_v2_agent_assisted,0.68,2024-2025,company_profiles.jsonl,
nifty_500_shariah,GAIL,GAIL (India) Ltd.,GAIL,INE129A01019,GAIL (India) Limited,GAIL (India) Limited,GAIL,GAIL INDIA,processed,2026-05-27,curated_v2_agent_assisted,0.68,2024-2025,company_profiles.jsonl,
nifty_500_shariah,GALLANTT,Gallantt Ispat Ltd.,GALLANTT,INE297H01019,Gallantt Ispat Limited,Gallantt Ispat Limited,GALLANTT,GALLANTT ISPAT,processed,2026-05-27,curated_v2_agent_assisted,0.68,2024-2025,company_profiles.jsonl,
nifty_500_shariah,GILLETTE,Gillette India Ltd.,GILLETTE,INE322A01010,Gillette India Limited,Gillette India Limited,GILLETTE,GILLETTE INDIA,processed,2026-05-27,curated_v2_agent_assisted,0.68,2024-2025,company_profiles.jsonl,
nifty_500_shariah,GLENMARK,Glenmark Pharmaceuticals Ltd.,GLENMARK,INE935A01035,Glenmark Pharmaceuticals Limited,Glenmark Pharmaceuticals Limited,GLENMARK,GLENMARK PHARMACEUTICALS,processed,2026-05-27,curated_v2_agent_assisted,0.68,2024-2025,company_profiles.jsonl,
nifty_500_shariah,GODREJCP,Godrej Consumer Products Ltd.,GODREJCP,INE102D01028,Godrej Consumer Products Limited,Godrej Consumer Products Limited,GODREJCP,GODREJ CONSUMER PRODUCTS,processed,2026-05-27,curated_v2_agent_assisted,0.68,2024-2025,company_profiles.jsonl,
nifty_500_shariah,GPIL,Godawari Power & Ispat Ltd.,GPIL,INE177H01039,Godawari Power And Ispat limited,Godawari Power And Ispat limited,GPIL,GODAWARI POWER AND ISPAT,processed,2026-05-27,curated_v2_agent_assisted,0.68,2024-2025,company_profiles.jsonl,
nifty_500_shariah,GRANULES,Granules India Ltd.,GRANULES,INE101D01020,Granules India Limited,Granules India Limited,GRANULES,GRANULES INDIA,processed,2026-05-27,curated_v2_agent_assisted,0.68,2024-2025,company_profiles.jsonl,
nifty_500_shariah,GRAVITA,Gravita India Ltd.,GRAVITA,INE024L01027,Gravita India Limited,Gravita India Limited,GRAVITA,GRAVITA INDIA,processed,2026-05-27,curated_v2_agent_assisted,0.68,2024-2025,company_profiles.jsonl,
nifty_500_shariah,GVT&D,GE Vernova T&D India Ltd.,GVT&D,INE200A01026,GE Vernova T&D India Limited,GE Vernova T&D India Limited,GVT&D,GE VERNOVA T AND D INDIA,processed,2026-05-27,curated_v2_agent_assisted,0.68,2024-2025,company_profiles.jsonl,
nifty_500_shariah,HAVELLS,Havells India Ltd.,HAVELLS,INE176B01034,Havells India Limited,Havells India Limited,HAVELLS,HAVELLS INDIA,processed,2026-05-27,curated_v2_agent_assisted,0.68,2025-2026,company_profiles.jsonl,
nifty_500_shariah,HEG,HEG Ltd.,HEG,INE545A01024,HEG Limited,HEG Limited,HEG,HEG,processed,2026-05-27,curated_v2_agent_assisted,0.68,2024-2025,company_profiles.jsonl,
nifty_500_shariah,HEROMOTOCO,Hero MotoCorp Ltd.,HEROMOTOCO,INE158A01026,Hero MotoCorp Limited,Hero MotoCorp Limited,HEROMOTOCO,HERO MOTOCORP,processed,2026-05-27,curated_v2_agent_assisted,0.68,2024-2025,company_profiles.jsonl,
nifty_500_shariah,HEXT,Hexaware Technologies Ltd.,HEXT,INE093A01041,Hexaware Technologies Limited,Hexaware Technologies Limited,HEXT,HEXAWARE TECHNOLOGIES,processed,2026-05-27,curated_v2_agent_assisted,0.68,2025-2025,company_profiles.jsonl,
nifty_500_shariah,HFCL,HFCL Ltd.,HFCL,INE548A01028,HFCL Limited,HFCL Limited,HFCL,HFCL,processed,2026-05-27,curated_v2_agent_assisted,0.68,2024-2025,company_profiles.jsonl,
nifty_500_shariah,HINDCOPPER,Hindustan Copper Ltd.,HINDCOPPER,INE531E01026,Hindustan Copper Limited,Hindustan Copper Limited,HINDCOPPER,HINDUSTAN COPPER,processed,2026-05-27,curated_v2_agent_assisted,0.68,2024-2025,company_profiles.jsonl,
nifty_500_shariah,HSCL,Himadri Speciality Chemical Ltd.,HSCL,INE019C01026,Himadri Speciality Chemical Limited,Himadri Speciality Chemical Limited,HSCL,HIMADRI SPECIALITY CHEMICAL,processed,2026-05-27,curated_v2_agent_assisted,0.68,2025-2026,company_profiles.jsonl,
nifty_500_shariah,HYUNDAI,Hyundai Motor India Ltd.,HYUNDAI,INE0V6F01027,Hyundai Motor India Limited,Hyundai Motor India Limited,HYUNDAI,HYUNDAI MOTOR INDIA,processed,2026-05-27,curated_v2_agent_assisted,0.68,2024-2025,company_profiles.jsonl,
nifty_500_shariah,IGL,Indraprastha Gas Ltd.,IGL,INE203G01027,Indraprastha Gas Limited,Indraprastha Gas Limited,IGL,INDRAPRASTHA GAS,processed,2026-05-27,curated_v2_agent_assisted,0.68,2024-2025,company_profiles.jsonl,
nifty_500_shariah,INDUSTOWER,Indus Towers Ltd.,INDUSTOWER,INE121J01017,Indus Towers Limited,Indus Towers Limited,INDUSTOWER,INDUS TOWERS,processed,2026-05-27,curated_v2_agent_assisted,0.68,2024-2025,company_profiles.jsonl,
nifty_500_shariah,INOXWIND,Inox Wind Ltd.,INOXWIND,INE066P01011,Inox Wind Limited,Inox Wind Limited,INOXWIND,INOX WIND,processed,2026-05-27,curated_v2_agent_assisted,0.68,2024-2025,company_profiles.jsonl,
nifty_500_shariah,IPCALAB,Ipca Laboratories Ltd.,IPCALAB,INE571A01038,IPCA Laboratories Limited,IPCA Laboratories Limited,IPCALAB,IPCA LABORATORIES,processed,2026-05-27,curated_v2_agent_assisted,0.68,2024-2025,company_profiles.jsonl,
nifty_500_shariah,ITI,ITI Ltd.,ITI,INE248A01017,ITI Limited,ITI Limited,ITI,ITI,processed,2026-05-27,curated_v2_agent_assisted,0.68,2024-2025,company_profiles.jsonl,
nifty_500_shariah,JBCHEPHARM,J B Chemicals & Pharmaceuticals Ltd.,JBCHEPHARM,INE572A01036,JB Chemicals & Pharmaceuticals Limited,JB Chemicals & Pharmaceuticals Limited,JBCHEPHARM,JB CHEMICALS AND PHARMACEUTICALS,processed,2026-05-27,curated_v2_agent_assisted,0.68,2025-2026,company_profiles.jsonl,
nifty_500_shariah,JINDALSAW,Jindal Saw Ltd.,JINDALSAW,INE324A01032,Jindal Saw Limited,Jindal Saw Limited,JINDALSAW,JINDAL SAW,processed,2026-05-27,curated_v2_agent_assisted,0.68,2025-2026,company_profiles.jsonl,
nifty_500_shariah,JINDALSTEL,Jindal Steel Ltd.,JINDALSTEL,INE749A01030,JINDAL STEEL LIMITED,JINDAL STEEL LIMITED,JINDALSTEL,JINDAL STEEL,processed,2026-05-27,curated_v2_agent_assisted,0.68,2024-2025,company_profiles.jsonl,
nifty_500_shariah,JSL,Jindal Stainless Ltd.,JSL,INE220G01021,Jindal Stainless Limited,Jindal Stainless Limited,JSL,JINDAL STAINLESS,processed,2026-05-27,curated_v2_agent_assisted,0.68,2024-2025,company_profiles.jsonl,
nifty_500_shariah,JUBLINGREA,Jubilant Ingrevia Ltd.,JUBLINGREA,INE0BY001018,Jubilant Ingrevia Limited,Jubilant Ingrevia Limited,JUBLINGREA,JUBILANT INGREVIA,processed,2026-05-27,curated_v2_agent_assisted,0.68,2024-2025,company_profiles.jsonl,
nifty_500_shariah,JUBLPHARMA,Jubilant Pharmova Ltd.,JUBLPHARMA,INE700A01033,Jubilant Pharmova Limited,Jubilant Pharmova Limited,JUBLPHARMA,JUBILANT PHARMOVA,processed,2026-05-27,curated_v2_agent_assisted,0.68,2024-2025,company_profiles.jsonl,
nifty_500_shariah,JWL,Jupiter Wagons Ltd.,JWL,INE209L01016,Jupiter Wagons Limited,Jupiter Wagons Limited,JWL,JUPITER WAGONS,processed,2026-05-27,curated_v2_agent_assisted,0.68,2024-2025,company_profiles.jsonl,
nifty_500_shariah,JYOTICNC,Jyoti CNC Automation Ltd.,JYOTICNC,INE980O01024,Jyoti CNC Automation Limited,Jyoti CNC Automation Limited,JYOTICNC,JYOTI CNC AUTOMATION,processed,2026-05-27,curated_v2_agent_assisted,0.68,2024-2025,company_profiles.jsonl,
nifty_500_shariah,KAJARIACER,Kajaria Ceramics Ltd.,KAJARIACER,INE217B01036,Kajaria Ceramics Limited,Kajaria Ceramics Limited,KAJARIACER,KAJARIA CERAMICS,processed,2026-05-27,curated_v2_agent_assisted,0.68,2024-2025,company_profiles.jsonl,
nifty_500_shariah,KEC,KEC International Ltd.,KEC,INE389H01022,KEC International Limited,KEC International Limited,KEC,KEC INTERNATIONAL,processed,2026-05-27,curated_v2_agent_assisted,0.68,2024-2025,company_profiles.jsonl,
nifty_500_shariah,KEI,KEI Industries Ltd.,KEI,INE878B01027,KEI Industries Limited,KEI Industries Limited,KEI,KEI INDUSTRIES,processed,2026-05-27,curated_v2_agent_assisted,0.68,2024-2025,company_profiles.jsonl,
nifty_500_shariah,KPIL,Kalpataru Projects International Ltd.,KPIL,INE220B01022,Kalpataru Projects International Limited,Kalpataru Projects International Limited,KPIL,KALPATARU PROJECTS INTERNATIONAL,processed,2026-05-27,curated_v2_agent_assisted,0.68,2024-2025,company_profiles.jsonl,
nifty_500_shariah,KPITTECH,KPIT Technologies Ltd.,KPITTECH,INE04I401011,KPIT Technologies Limited,KPIT Technologies Limited,KPITTECH,KPIT TECHNOLOGIES,processed,2026-05-27,curated_v2_agent_assisted,0.68,2024-2025,company_profiles.jsonl,
nifty_500_shariah,LINDEINDIA,Linde India Ltd.,LINDEINDIA,INE473A01011,Linde India Limited,Linde India Limited,LINDEINDIA,LINDE INDIA,processed,2026-05-27,curated_v2_agent_assisted,0.68,2024-2025,company_profiles.jsonl,
nifty_500_shariah,LLOYDSME,Lloyds Metals & Energy Ltd.,LLOYDSME,INE281B01032,Lloyds Metals And Energy Limited,Lloyds Metals And Energy Limited,LLOYDSME,LLOYDS METALS AND ENERGY,processed,2026-05-27,curated_v2_agent_assisted,0.68,2025-2026,company_profiles.jsonl,
nifty_500_shariah,LODHA,Lodha Developers Ltd.,LODHA,INE670K01029,Lodha Developers Limited,Lodha Developers Limited,LODHA,LODHA DEVELOPERS,processed,2026-05-27,curated_v2_agent_assisted,0.68,2024-2025,company_profiles.jsonl,
nifty_500_shariah,LTFOODS,LT Foods Ltd.,LTFOODS,INE818H01020,LT Foods Limited,LT Foods Limited,LTFOODS,LT FOODS,processed,2026-05-27,curated_v2_agent_assisted,0.68,2024-2025,company_profiles.jsonl,
nifty_500_shariah,LTM,LTM Ltd.,LTM,INE214T01019,LTM Limited,LTM Limited,LTM,LTM,processed,2026-05-27,curated_v2_agent_assisted,0.68,2025-2026,company_profiles.jsonl,
nifty_500_shariah,LTTS,L&T Technology Services Ltd.,LTTS,INE010V01017,L&T Technology Services Limited,L&T Technology Services Limited,LTTS,L AND T TECHNOLOGY SERVICES,processed,2026-05-27,curated_v2_agent_assisted,0.68,2024-2025,company_profiles.jsonl,
nifty_500_shariah,LUPIN,Lupin Ltd.,LUPIN,INE326A01037,Lupin Limited,Lupin Limited,LUPIN,LUPIN,processed,2026-05-27,curated_v2_agent_assisted,0.68,2024-2025,company_profiles.jsonl,
nifty_500_shariah,MARICO,Marico Ltd.,MARICO,INE196A01026,Marico Limited,Marico Limited,MARICO,MARICO,processed,2026-05-27,curated_v2_agent_assisted,0.68,2024-2025,company_profiles.jsonl,
nifty_500_shariah,MEDANTA,Global Health Ltd.,MEDANTA,INE474Q01031,Global Health Limited,Global Health Limited,MEDANTA,GLOBAL HEALTH,processed,2026-05-27,curated_v2_agent_assisted,0.68,2024-2025,company_profiles.jsonl,
nifty_500_shariah,MGL,Mahanagar Gas Ltd.,MGL,INE002S01010,Mahanagar Gas Limited,Mahanagar Gas Limited,MGL,MAHANAGAR GAS,processed,2026-05-27,curated_v2_agent_assisted,0.68,2024-2025,company_profiles.jsonl,
nifty_500_shariah,MOTHERSON,Samvardhana Motherson International Ltd.,MOTHERSON,INE775A01035,Samvardhana Motherson International Limited,Samvardhana Motherson International Limited,MOTHERSON,SAMVARDHANA MOTHERSON INTERNATIONAL,processed,2026-05-27,curated_v2_agent_assisted,0.68,2024-2025,company_profiles.jsonl,
nifty_500_shariah,MPHASIS,MphasiS Ltd.,MPHASIS,INE356A01018,MphasiS Limited,MphasiS Limited,MPHASIS,MPHASIS,processed,2026-05-27,curated_v2_agent_assisted,0.68,2024-2025,company_profiles.jsonl,
nifty_500_shariah,MRF,MRF Ltd.,MRF,INE883A01011,MRF Limited,MRF Limited,MRF,MRF,processed,2026-05-27,curated_v2_agent_assisted,0.68,2024-2025,company_profiles.jsonl,
nifty_500_shariah,MSUMI,Motherson Sumi Wiring India Ltd.,MSUMI,INE0FS801015,Motherson Sumi Wiring India Limited,Motherson Sumi Wiring India Limited,MSUMI,MOTHERSON SUMI WIRING INDIA,processed,2026-05-27,curated_v2_agent_assisted,0.68,2024-2025,company_profiles.jsonl,
nifty_500_shariah,NATIONALUM,National Aluminium Company Ltd.,NATIONALUM,INE139A01034,National Aluminium Company Limited,National Aluminium Company Limited,NATIONALUM,NATIONAL ALUMINIUM,processed,2026-05-27,curated_v2_agent_assisted,0.68,2024-2025,company_profiles.jsonl,
nifty_500_shariah,NAVA,NAVA Ltd.,NAVA,INE725A01030,NAVA LIMITED,NAVA LIMITED,NAVA,NAVA,processed,2026-05-27,curated_v2_agent_assisted,0.68,2024-2025,company_profiles.jsonl,
nifty_500_shariah,NBCC,NBCC (India) Ltd.,NBCC,INE095N01031,NBCC (India) Limited,NBCC (India) Limited,NBCC,NBCC INDIA,processed,2026-05-27,curated_v2_agent_assisted,0.68,2024-2025,company_profiles.jsonl,
nifty_500_shariah,NCC,NCC Ltd.,NCC,INE868B01028,NCC Limited,NCC Limited,NCC,NCC,processed,2026-05-27,curated_v2_agent_assisted,0.68,2024-2025,company_profiles.jsonl,
nifty_500_shariah,NETWEB,Netweb Technologies India Ltd.,NETWEB,INE0NT901020,Netweb Technologies India Limited,Netweb Technologies India Limited,NETWEB,NETWEB TECHNOLOGIES INDIA,processed,2026-05-27,curated_v2_agent_assisted,0.68,2024-2025,company_profiles.jsonl,
nifty_500_shariah,NEULANDLAB,Neuland Laboratories Ltd.,NEULANDLAB,INE794A01010,Neuland Laboratories Limited,Neuland Laboratories Limited,NEULANDLAB,NEULAND LABORATORIES,processed,2026-05-27,curated_v2_agent_assisted,0.68,2024-2025,company_profiles.jsonl,
nifty_500_shariah,NSLNISP,NMDC Steel Ltd.,NSLNISP,INE0NNS01018,NMDC Steel Limited,NMDC Steel Limited,NSLNISP,NMDC STEEL,processed,2026-05-27,curated_v2_agent_assisted,0.68,2024-2025,company_profiles.jsonl,
nifty_500_shariah,NUVOCO,Nuvoco Vistas Corporation Ltd.,NUVOCO,INE118D01016,Nuvoco Vistas Corporation Limited,Nuvoco Vistas Corporation Limited,NUVOCO,NUVOCO VISTAS,processed,2026-05-27,curated_v2_agent_assisted,0.68,2024-2025,company_profiles.jsonl,
nifty_500_shariah,OLECTRA,Olectra Greentech Ltd.,OLECTRA,INE260D01016,Olectra Greentech Limited,Olectra Greentech Limited,OLECTRA,OLECTRA GREENTECH,processed,2026-05-27,curated_v2_agent_assisted,0.68,2024-2025,company_profiles.jsonl,
nifty_500_shariah,PAGEIND,Page Industries Ltd.,PAGEIND,INE761H01022,Page Industries Limited,Page Industries Limited,PAGEIND,PAGE INDUSTRIES,processed,2026-05-27,curated_v2_agent_assisted,0.68,2024-2025,company_profiles.jsonl,
nifty_500_shariah,PATANJALI,Patanjali Foods Ltd.,PATANJALI,INE619A01035,Patanjali Foods Limited,Patanjali Foods Limited,PATANJALI,PATANJALI FOODS,processed,2026-05-27,curated_v2_agent_assisted,0.68,2024-2025,company_profiles.jsonl,
nifty_500_shariah,PERSISTENT,Persistent Systems Ltd.,PERSISTENT,INE262H01021,Persistent Systems Limited,Persistent Systems Limited,PERSISTENT,PERSISTENT SYSTEMS,processed,2026-05-27,curated_v2_agent_assisted,0.68,2024-2025,company_profiles.jsonl,
nifty_500_shariah,PETRONET,Petronet LNG Ltd.,PETRONET,INE347G01014,Petronet LNG Limited,Petronet LNG Limited,PETRONET,PETRONET LNG,processed,2026-05-27,curated_v2_agent_assisted,0.68,2024-2025,company_profiles.jsonl,
nifty_500_shariah,PGEL,PG Electroplast Ltd.,PGEL,INE457L01029,PG Electroplast Limited,PG Electroplast Limited,PGEL,PG ELECTROPLAST,processed,2026-05-27,curated_v2_agent_assisted,0.68,2024-2025,company_profiles.jsonl,
nifty_500_shariah,PIDILITIND,Pidilite Industries Ltd.,PIDILITIND,INE318A01026,Pidilite Industries Limited,Pidilite Industries Limited,PIDILITIND,PIDILITE INDUSTRIES,processed,2026-05-27,curated_v2_agent_assisted,0.68,2024-2025,company_profiles.jsonl,
nifty_500_shariah,POLYCAB,Polycab India Ltd.,POLYCAB,INE455K01017,Polycab India Limited,Polycab India Limited,POLYCAB,POLYCAB INDIA,processed,2026-05-27,curated_v2_agent_assisted,0.68,2024-2025,company_profiles.jsonl,
nifty_500_shariah,POWERINDIA,Hitachi Energy India Ltd.,POWERINDIA,INE07Y701011,Hitachi Energy India Limited,Hitachi Energy India Limited,POWERINDIA,HITACHI ENERGY INDIA,processed,2026-05-27,curated_v2_agent_assisted,0.68,2024-2025,company_profiles.jsonl,
nifty_500_shariah,RAILTEL,RailTel Corporation of India Ltd.,RAILTEL,INE0DD101019,Railtel Corporation Of India Limited,Railtel Corporation Of India Limited,RAILTEL,RAILTEL OF INDIA,processed,2026-05-27,curated_v2_agent_assisted,0.68,2024-2025,company_profiles.jsonl,
nifty_500_shariah,REDINGTON,Redington Ltd.,REDINGTON,INE891D01026,Redington Limited,Redington Limited,REDINGTON,REDINGTON,processed,2026-05-27,curated_v2_agent_assisted,0.68,2024-2025,company_profiles.jsonl,
nifty_500_shariah,RHIM,RHI Magnesita India Ltd.,RHIM,INE743M01012,RHI MAGNESITA INDIA LIMITED,RHI MAGNESITA INDIA LIMITED,RHIM,RHI MAGNESITA INDIA,processed,2026-05-27,curated_v2_agent_assisted,0.68,2024-2025,company_profiles.jsonl,
nifty_500_shariah,RRKABEL,R R Kabel Ltd.,RRKABEL,INE777K01022,R R Kabel Limited,R R Kabel Limited,RRKABEL,R R KABEL,processed,2026-05-27,curated_v2_agent_assisted,0.68,2024-2025,company_profiles.jsonl,
nifty_500_shariah,RVNL,Rail Vikas Nigam Ltd.,RVNL,INE415G01027,Rail Vikas Nigam Limited,Rail Vikas Nigam Limited,RVNL,RAIL VIKAS NIGAM,processed,2026-05-27,curated_v2_agent_assisted,0.68,2024-2025,company_profiles.jsonl,
nifty_500_shariah,SAGILITY,Sagility Ltd.,SAGILITY,INE0W2G01015,SAGILITY LIMITED,SAGILITY LIMITED,SAGILITY,SAGILITY,processed,2026-05-27,curated_v2_agent_assisted,0.68,2024-2025,company_profiles.jsonl,
nifty_500_shariah,SAIL,Steel Authority of India (SAIL) Ltd.,SAIL,INE114A01011,Steel Authority of India Limited,Steel Authority of India Limited,SAIL,STEEL AUTHORITY OF INDIA,processed,2026-05-27,curated_v2_agent_assisted,0.68,2024-2025,company_profiles.jsonl,
nifty_500_shariah,SAILIFE,Sai Life Science Ltd.,SAILIFE,INE570L01029,Sai Life Sciences Limited,Sai Life Sciences Limited,SAILIFE,SAI LIFE SCIENCES,processed,2026-05-27,curated_v2_agent_assisted,0.68,2024-2025,company_profiles.jsonl,
nifty_500_shariah,SCHAEFFLER,Schaeffler India Ltd.,SCHAEFFLER,INE513A01022,Schaeffler India Limited,Schaeffler India Limited,SCHAEFFLER,SCHAEFFLER INDIA,processed,2026-05-27,curated_v2_agent_assisted,0.68,2025-2025,company_profiles.jsonl,
nifty_500_shariah,SCI,Shipping Corporation of India Ltd.,SCI,INE109A01011,Shipping Corporation Of India Limited,Shipping Corporation Of India Limited,SCI,SHIPPING OF INDIA,processed,2026-05-27,curated_v2_agent_assisted,0.68,2024-2025,company_profiles.jsonl,
nifty_500_shariah,SHYAMMETL,Shyam Metalics and Energy Ltd.,SHYAMMETL,INE810G01011,Shyam Metalics and Energy Limited,Shyam Metalics and Energy Limited,SHYAMMETL,SHYAM METALICS AND ENERGY,processed,2026-05-27,curated_v2_agent_assisted,0.68,2024-2025,company_profiles.jsonl,
nifty_500_shariah,SPLPETRO,Supreme Petrochem Ltd.,SPLPETRO,INE663A01033,Supreme Petrochem Limited,Supreme Petrochem Limited,SPLPETRO,SUPREME PETROCHEM,processed,2026-05-27,curated_v2_agent_assisted,0.68,2024-2025,company_profiles.jsonl,
nifty_500_shariah,SUPREMEIND,Supreme Industries Ltd.,SUPREMEIND,INE195A01028,Supreme Industries Limited,Supreme Industries Limited,SUPREMEIND,SUPREME INDUSTRIES,processed,2026-05-27,curated_v2_agent_assisted,0.68,2024-2025,company_profiles.jsonl,
nifty_500_shariah,SUZLON,Suzlon Energy Ltd.,SUZLON,INE040H01021,Suzlon Energy Limited,Suzlon Energy Limited,SUZLON,SUZLON ENERGY,processed,2026-05-27,curated_v2_agent_assisted,0.68,2024-2025,company_profiles.jsonl,
nifty_500_shariah,SWANCORP,Swan Corp Ltd.,SWANCORP,INE665A01038,SWAN CORP LIMITED,SWAN CORP LIMITED,SWANCORP,SWAN,processed,2026-05-27,curated_v2_agent_assisted,0.68,2024-2025,company_profiles.jsonl,
nifty_500_shariah,SWIGGY,Swiggy Ltd.,SWIGGY,INE00H001014,Swiggy Limited,Swiggy Limited,SWIGGY,SWIGGY,processed,2026-05-27,curated_v2_agent_assisted,0.68,2024-2025,company_profiles.jsonl,
nifty_500_shariah,SYNGENE,Syngene International Ltd.,SYNGENE,INE398R01022,Syngene International Limited,Syngene International Limited,SYNGENE,SYNGENE INTERNATIONAL,processed,2026-05-27,curated_v2_agent_assisted,0.68,2024-2025,company_profiles.jsonl,
nifty_500_shariah,SYRMA,Syrma SGS Technology Ltd.,SYRMA,INE0DYJ01015,Syrma SGS Technology Limited,Syrma SGS Technology Limited,SYRMA,SYRMA SGS TECHNOLOGY,processed,2026-05-27,curated_v2_agent_assisted,0.68,2024-2025,company_profiles.jsonl,
nifty_500_shariah,TARIL,Transformers & Rectifiers (India) Ltd.,TARIL,INE763I01026,Transformers And Rectifiers (India) Limited,Transformers And Rectifiers (India) Limited,TARIL,TRANSFORMERS AND RECTIFIERS INDIA,processed,2026-05-27,curated_v2_agent_assisted,0.68,2024-2025,company_profiles.jsonl,
nifty_500_shariah,TATACHEM,Tata Chemicals Ltd.,TATACHEM,INE092A01019,Tata Chemicals Limited,Tata Chemicals Limited,TATACHEM,TATA CHEMICALS,processed,2026-05-27,curated_v2_agent_assisted,0.68,2024-2025,company_profiles.jsonl,
nifty_500_shariah,TATATECH,Tata Technologies Ltd.,TATATECH,INE142M01025,Tata Technologies Limited,Tata Technologies Limited,TATATECH,TATA TECHNOLOGIES,processed,2026-05-27,curated_v2_agent_assisted,0.68,2024-2025,company_profiles.jsonl,
nifty_500_shariah,TBOTEK,TBO Tek Ltd.,TBOTEK,INE673O01025,TBO Tek Limited,TBO Tek Limited,TBOTEK,TBO TEK,processed,2026-05-27,curated_v2_agent_assisted,0.68,2024-2025,company_profiles.jsonl,
nifty_500_shariah,TEGA,Tega Industries Ltd.,TEGA,INE011K01018,Tega Industries Limited,Tega Industries Limited,TEGA,TEGA INDUSTRIES,processed,2026-05-27,curated_v2_agent_assisted,0.68,2024-2025,company_profiles.jsonl,
nifty_500_shariah,TENNIND,Tenneco Clean Air India Ltd.,TENNIND,INE19RI01016,Tenneco Clean Air India Limited,Tenneco Clean Air India Limited,TENNIND,TENNECO CLEAN AIR INDIA,processed,2026-05-27,curated_v2_agent_assisted,0.58,2024-2025,company_profiles.jsonl,weak or missing data
nifty_500_shariah,THERMAX,Thermax Ltd.,THERMAX,INE152A01029,Thermax Limited,Thermax Limited,THERMAX,THERMAX,processed,2026-05-27,curated_v2_agent_assisted,0.68,2024-2025,company_profiles.jsonl,
nifty_500_shariah,TIMKEN,Timken India Ltd.,TIMKEN,INE325A01013,Timken India Limited,Timken India Limited,TIMKEN,TIMKEN INDIA,processed,2026-05-27,curated_v2_agent_assisted,0.68,2024-2025,company_profiles.jsonl,
nifty_500_shariah,TRIDENT,Trident Ltd.,TRIDENT,INE064C01022,Trident Limited,Trident Limited,TRIDENT,TRIDENT,processed,2026-05-27,curated_v2_agent_assisted,0.68,2024-2025,company_profiles.jsonl,
nifty_500_shariah,UNOMINDA,UNO Minda Ltd.,UNOMINDA,INE405E01023,UNO Minda Limited,UNO Minda Limited,UNOMINDA,UNO MINDA,processed,2026-05-27,curated_v2_agent_assisted,0.68,2024-2025,company_profiles.jsonl,
nifty_500_shariah,USHAMART,Usha Martin Ltd.,USHAMART,INE228A01035,Usha Martin Limited,Usha Martin Limited,USHAMART,USHA MARTIN,processed,2026-05-27,curated_v2_agent_assisted,0.68,2024-2025,company_profiles.jsonl,
nifty_500_shariah,VMM,Vishal Mega Mart Ltd.,VMM,INE01EA01019,Vishal Mega Mart Limited,Vishal Mega Mart Limited,VMM,VISHAL MEGA MART,processed,2026-05-27,curated_v2_agent_assisted,0.68,2024-2025,company_profiles.jsonl,
nifty_500_shariah,VOLTAS,Voltas Ltd.,VOLTAS,INE226A01021,Voltas Limited,Voltas Limited,VOLTAS,VOLTAS,processed,2026-05-27,curated_v2_agent_assisted,0.68,2024-2025,company_profiles.jsonl,
nifty_500_shariah,VTL,Vardhman Textiles Ltd.,VTL,INE825A01020,Vardhman Textiles Limited,Vardhman Textiles Limited,VTL,VARDHMAN TEXTILES,processed,2026-05-27,curated_v2_agent_assisted,0.68,2024-2025,company_profiles.jsonl,
nifty_500_shariah,WHIRLPOOL,Whirlpool of India Ltd.,WHIRLPOOL,INE716A01013,Whirlpool of India Limited,Whirlpool of India Limited,WHIRLPOOL,WHIRLPOOL OF INDIA,processed,2026-05-27,curated_v2_agent_assisted,0.68,2024-2025,company_profiles.jsonl,
nifty_500_shariah,WOCKPHARMA,Wockhardt Ltd.,WOCKPHARMA,INE049B01025,Wockhardt Limited,Wockhardt Limited,WOCKPHARMA,WOCKHARDT,processed,2026-05-27,curated_v2_agent_assisted,0.68,2024-2025,company_profiles.jsonl,
nifty_500_shariah,ZYDUSLIFE,Zydus Lifesciences Ltd.,ZYDUSLIFE,INE010B01027,Zydus Lifesciences Limited,Zydus Lifesciences Limited,ZYDUSLIFE,ZYDUS LIFESCIENCES,processed,2026-05-27,curated_v2_agent_assisted,0.68,2024-2025,company_profiles.jsonl,
nifty_500_shariah,ZYDUSWELL,Zydus Wellness Ltd.,ZYDUSWELL,INE768C01028,Zydus Wellness Limited,Zydus Wellness Limited,ZYDUSWELL,ZYDUS WELLNESS,processed,2026-05-27,curated_v2_agent_assisted,0.68,2024-2025,company_profiles.jsonl,
ind_nifty500,360ONE,360 ONE WAM Ltd.,360ONE,INE466L01038,360 ONE WAM LIMITED,360 ONE WAM LIMITED,360ONE,360 ONE WAM,processed,2026-06-18,curated_v2_agent_assisted,0.68,2024-2025,company_profiles.jsonl,
ind_nifty500,ABB,ABB India Ltd.,ABB,INE117A01022,ABB India Limited,ABB India Limited,ABB,ABB INDIA,processed,2026-06-18,curated_v2_agent_assisted,0.68,2025-2025,company_profiles.jsonl,
ind_nifty500,ACC,ACC Ltd.,ACC,INE012A01025,ACC Limited,ACC Limited,ACC,ACC,processed,2026-06-18,curated_v2_agent_assisted,0.68,2025-2026,company_profiles.jsonl,
ind_nifty500,ACMESOLAR,ACME Solar Holdings Ltd.,ACMESOLAR,INE622W01025,Acme Solar Holdings Limited,Acme Solar Holdings Limited,ACMESOLAR,ACME SOLAR HOLDINGS,processed,2026-06-18,curated_v2_agent_assisted,0.68,2024-2025,company_profiles.jsonl,
ind_nifty500,AIAENG,AIA Engineering Ltd.,AIAENG,INE212H01026,AIA Engineering Limited,AIA Engineering Limited,AIAENG,AIA ENGINEERING,processed,2026-06-18,curated_v2_agent_assisted,0.68,2024-2025,company_profiles.jsonl,
ind_nifty500,AWL,AWL Agri Business Ltd.,AWL,INE699H01024,AWL Agri Business Limited,AWL Agri Business Limited,AWL,AWL AGRI BUSINESS,processed,2026-06-18,curated_v2_agent_assisted,0.68,2025-2026,company_profiles.jsonl,
ind_nifty500,AARTIIND,Aarti Industries Ltd.,AARTIIND,INE769A01020,Aarti Industries Limited,Aarti Industries Limited,AARTIIND,AARTI INDUSTRIES,processed,2026-06-18,curated_v2_agent_assisted,0.68,2024-2025,company_profiles.jsonl,
ind_nifty500,AAVAS,Aavas Financiers Ltd.,AAVAS,INE216P01012,Aavas Financiers Limited,Aavas Financiers Limited,AAVAS,AAVAS FINANCIERS,processed,2026-06-18,curated_v2_agent_assisted,0.68,2024-2025,company_profiles.jsonl,
ind_nifty500,ABBOTINDIA,Abbott India Ltd.,ABBOTINDIA,INE358A01014,Abbott India Limited,Abbott India Limited,ABBOTINDIA,ABBOTT INDIA,processed,2026-06-18,curated_v2_agent_assisted,0.58,2024-2025,company_profiles.jsonl,weak or missing data
ind_nifty500,ADANIENSOL,Adani Energy Solutions Ltd.,ADANIENSOL,INE931S01010,Adani Energy Solutions Limited,Adani Energy Solutions Limited,ADANIENSOL,ADANI ENERGY SOLUTIONS,processed,2026-06-18,curated_v2_agent_assisted,0.68,2025-2026,company_profiles.jsonl,
ind_nifty500,ADANIENT,Adani Enterprises Ltd.,ADANIENT,INE423A01024,Adani Enterprises Limited,Adani Enterprises Limited,ADANIENT,ADANI ENTERPRISES,processed,2026-06-18,curated_v2_agent_assisted,0.68,2025-2026,company_profiles.jsonl,
ind_nifty500,ADANIGREEN,Adani Green Energy Ltd.,ADANIGREEN,INE364U01010,Adani Green Energy Limited,Adani Green Energy Limited,ADANIGREEN,ADANI GREEN ENERGY,processed,2026-06-18,curated_v2_agent_assisted,0.68,2025-2026,company_profiles.jsonl,
ind_nifty500,ADANIPORTS,Adani Ports and Special Economic Zone Ltd.,ADANIPORTS,INE742F01042,Adani Ports and Special Economic Zone Limited,Adani Ports and Special Economic Zone Limited,ADANIPORTS,ADANI PORTS AND SPECIAL ECONOMIC ZONE,processed,2026-06-18,curated_v2_agent_assisted,0.68,2025-2026,company_profiles.jsonl,
ind_nifty500,AADHARHFC,Aadhar Housing Finance Ltd.,AADHARHFC,INE883F01010,Aadhar Housing Finance Limited,Aadhar Housing Finance Limited,AADHARHFC,AADHAR HOUSING FINANCE,failed,2026-06-18,curated_v2_agent_assisted,0.68,2024-2025,company_profiles.jsonl,annual-report text extraction: PdfReadError: Cannot find Root object in pdf; Matched keyword in notes: annual-report text extraction: PdfReadError: Cannot find Root object in pdf
ind_nifty500,ADANIPOWER,Adani Power Ltd.,ADANIPOWER,INE814H01029,Adani Power Limited,Adani Power Limited,ADANIPOWER,ADANI POWER,processed,2026-06-18,curated_v2_agent_assisted,0.68,2025-2026,company_profiles.jsonl,
ind_nifty500,ABCAPITAL,Aditya Birla Capital Ltd.,ABCAPITAL,INE674K01013,Aditya Birla Capital Limited,Aditya Birla Capital Limited,ABCAPITAL,ADITYA BIRLA CAPITAL,processed,2026-06-18,curated_v2_agent_assisted,0.68,2023-2024,company_profiles.jsonl,
ind_nifty500,ABREL,Aditya Birla Real Estate Ltd.,ABREL,INE055A01016,Aditya Birla Real Estate Limited,Aditya Birla Real Estate Limited,ABREL,ADITYA BIRLA REAL ESTATE,failed,2026-06-18,curated_v2_agent_assisted,0.68,2024-2025,company_profiles.jsonl,annual-report text extraction: PdfReadError: Cannot find Root object in pdf; Matched keyword in notes: annual-report text extraction: PdfReadError: Cannot find Root object in pdf
ind_nifty500,ABSLAMC,Aditya Birla Sun Life AMC Ltd.,ABSLAMC,INE404A01024,Aditya Birla Sun Life AMC Limited,Aditya Birla Sun Life AMC Limited,ABSLAMC,ADITYA BIRLA SUN LIFE AMC,processed,2026-06-18,curated_v2_agent_assisted,0.68,2024-2025,company_profiles.jsonl,
ind_nifty500,AEGISLOG,Aegis Logistics Ltd.,AEGISLOG,INE208C01025,Aegis Logistics Limited,Aegis Logistics Limited,AEGISLOG,AEGIS LOGISTICS,processed,2026-06-18,curated_v2_agent_assisted,0.68,2024-2025,company_profiles.jsonl,
ind_nifty500,AEGISVOPAK,Aegis Vopak Terminals Ltd.,AEGISVOPAK,INE0INX01018,Aegis Vopak Terminals Limited,Aegis Vopak Terminals Limited,AEGISVOPAK,AEGIS VOPAK TERMINALS,processed,2026-06-18,curated_v2_agent_assisted,0.68,2024-2025,company_profiles.jsonl,
ind_nifty500,AFCONS,Afcons Infrastructure Ltd.,AFCONS,INE101I01011,Afcons Infrastructure Limited,Afcons Infrastructure Limited,AFCONS,AFCONS INFRASTRUCTURE,failed,2026-06-18,curated_v2_agent_assisted,0.68,2024-2025,company_profiles.jsonl,annual-report text extraction: PdfReadError: Cannot find Root object in pdf; Matched keyword in notes: annual-report text extraction: PdfReadError: Cannot find Root object in pdf
ind_nifty500,AFFLE,Affle 3i Ltd.,AFFLE,INE00WC01027,Affle 3i Limited,Affle 3i Limited,AFFLE,AFFLE 3I,processed,2026-06-18,curated_v2_agent_assisted,0.68,2024-2025,company_profiles.jsonl,
ind_nifty500,AJANTPHARM,Ajanta Pharmaceuticals Ltd.,AJANTPHARM,INE031B01049,Ajanta Pharma Limited,Ajanta Pharma Limited,AJANTPHARM,AJANTA PHARMA,processed,2026-06-18,curated_v2_agent_assisted,0.68,2025-2026,company_profiles.jsonl,
ind_nifty500,ABDL,Allied Blenders and Distillers Ltd.,ABDL,INE552Z01027,Allied Blenders and Distillers Limited,Allied Blenders and Distillers Limited,ABDL,ALLIED BLENDERS AND DISTILLERS,processed,2026-06-18,curated_v2_agent_assisted,0.68,2025-2026,company_profiles.jsonl,
ind_nifty500,AMBUJACEM,Ambuja Cements Ltd.,AMBUJACEM,INE079A01024,Ambuja Cements Limited,Ambuja Cements Limited,AMBUJACEM,AMBUJA CEMENTS,processed,2026-06-18,curated_v2_agent_assisted,0.68,2025-2026,company_profiles.jsonl,
ind_nifty500,ANANDRATHI,Anand Rathi Wealth Ltd.,ANANDRATHI,INE463V01026,Anand Rathi Wealth Limited,Anand Rathi Wealth Limited,ANANDRATHI,ANAND RATHI WEALTH,processed,2026-06-18,curated_v2_agent_assisted,0.68,2025-2026,company_profiles.jsonl,
ind_nifty500,ANGELONE,Angel One Ltd.,ANGELONE,INE732I01021,Angel One Limited,Angel One Limited,ANGELONE,ANGEL ONE,processed,2026-06-18,curated_v2_agent_assisted,0.68,2025-2026,company_profiles.jsonl,
ind_nifty500,AUBANK,AU Small Finance Bank Ltd.,AUBANK,INE949L01017,AU Small Finance Bank Limited,AU Small Finance Bank Limited,AUBANK,AU SMALL FINANCE BANK,failed,2026-06-18,curated_v2_agent_assisted,0.68,2024-2025,company_profiles.jsonl,annual-report text extraction: PdfReadError: Cannot find Root object in pdf
ind_nifty500,ANTHEM,Anthem Biosciences Ltd.,ANTHEM,INE0CZ201020,Anthem Biosciences Limited,Anthem Biosciences Limited,ANTHEM,ANTHEM BIOSCIENCES,processed,2026-06-18,curated_v2_agent_assisted,0.58,2024-2025,company_profiles.jsonl,weak or missing data
ind_nifty500,ANURAS,Anupam Rasayan India Ltd.,ANURAS,INE930P01018,Anupam Rasayan India Limited,Anupam Rasayan India Limited,ANURAS,ANUPAM RASAYAN INDIA,processed,2026-06-18,curated_v2_agent_assisted,0.68,2024-2025,company_profiles.jsonl,
ind_nifty500,APARINDS,Apar Industries Ltd.,APARINDS,INE372A01015,Apar Industries Limited,Apar Industries Limited,APARINDS,APAR INDUSTRIES,failed,2026-06-18,curated_v2_agent_assisted,0.68,2024-2025,company_profiles.jsonl,annual-report text extraction: PdfReadError: Cannot find Root object in pdf
ind_nifty500,APOLLOHOSP,Apollo Hospitals Enterprise Ltd.,APOLLOHOSP,INE437A01024,Apollo Hospitals Enterprise Limited,Apollo Hospitals Enterprise Limited,APOLLOHOSP,APOLLO HOSPITALS ENTERPRISE,processed,2026-06-18,curated_v2_agent_assisted,0.68,2024-2025,company_profiles.jsonl,
ind_nifty500,APTUS,Aptus Value Housing Finance India Ltd.,APTUS,INE852O01025,Aptus Value Housing Finance India Limited,Aptus Value Housing Finance India Limited,APTUS,APTUS VALUE HOUSING FINANCE INDIA,processed,2026-06-18,curated_v2_agent_assisted,0.68,2024-2025,company_profiles.jsonl,
ind_nifty500,ASAHIINDIA,Asahi India Glass Ltd.,ASAHIINDIA,INE439A01020,Asahi India Glass Limited,Asahi India Glass Limited,ASAHIINDIA,ASAHI INDIA GLASS,processed,2026-06-18,curated_v2_agent_assisted,0.68,2024-2025,company_profiles.jsonl,
ind_nifty500,ASHOKLEY,Ashok Leyland Ltd.,ASHOKLEY,INE208A01029,Ashok Leyland Limited,Ashok Leyland Limited,ASHOKLEY,ASHOK LEYLAND,processed,2026-06-18,curated_v2_agent_assisted,0.68,2024-2025,company_profiles.jsonl,
ind_nifty500,ATHERENERG,Ather Energy Ltd.,ATHERENERG,INE0LEZ01016,Ather Energy Limited,Ather Energy Limited,ATHERENERG,ATHER ENERGY,processed,2026-06-18,curated_v2_agent_assisted,0.68,2024-2025,company_profiles.jsonl,
ind_nifty500,ATUL,Atul Ltd.,ATUL,INE100A01010,Atul Limited,Atul Limited,ATUL,ATUL,failed,2026-06-18,curated_v2_agent_assisted,0.68,2024-2025,company_profiles.jsonl,annual-report text extraction: PdfReadError: Cannot find Root object in pdf
ind_nifty500,AIIL,Authum Investment & Infrastructure Ltd.,AIIL,INE206F01022,Authum Investment & Infrastructure Limited,Authum Investment & Infrastructure Limited,AIIL,AUTHUM INVESTMENT AND INFRASTRUCTURE,processed,2026-06-18,curated_v2_agent_assisted,0.68,2024-2025,company_profiles.jsonl,
ind_nifty500,AXISBANK,Axis Bank Ltd.,AXISBANK,INE238A01034,Axis Bank Limited,Axis Bank Limited,AXISBANK,AXIS BANK,processed,2026-06-18,curated_v2_agent_assisted,0.68,2024-2025,company_profiles.jsonl,
ind_nifty500,BEML,BEML Ltd.,BEML,INE258A01024,BEML Limited,BEML Limited,BEML,BEML,processed,2026-06-18,curated_v2_agent_assisted,0.68,2024-2025,company_profiles.jsonl,
ind_nifty500,BLS,BLS International Services Ltd.,BLS,INE153T01027,BLS International Services Limited,BLS International Services Limited,BLS,BLS INTERNATIONAL SERVICES,processed,2026-06-18,curated_v2_agent_assisted,0.68,2024-2025,company_profiles.jsonl,
ind_nifty500,BSE,BSE Ltd.,BSE,INE118H01025,BSE Limited,BSE Limited,BSE,BSE,processed,2026-06-18,curated_v2_agent_assisted,0.68,2024-2025,company_profiles.jsonl,
ind_nifty500,BAJAJ-AUTO,Bajaj Auto Ltd.,BAJAJ-AUTO,INE917I01010,Bajaj Auto Limited,Bajaj Auto Limited,BAJAJ-AUTO,BAJAJ AUTO,processed,2026-06-18,curated_v2_agent_assisted,0.68,2024-2025,company_profiles.jsonl,
ind_nifty500,BAJFINANCE,Bajaj Finance Ltd.,BAJFINANCE,INE296A01032,Bajaj Finance Limited,Bajaj Finance Limited,BAJFINANCE,BAJAJ FINANCE,failed,2026-06-18,curated_v2_agent_assisted,0.68,2024-2025,company_profiles.jsonl,annual-report text extraction: PdfReadError: Cannot find Root object in pdf
ind_nifty500,BAJAJFINSV,Bajaj Finserv Ltd.,BAJAJFINSV,INE918I01026,Bajaj Finserv Limited,Bajaj Finserv Limited,BAJAJFINSV,BAJAJ FINSERV,processed,2026-06-18,curated_v2_agent_assisted,0.68,2024-2025,company_profiles.jsonl,
ind_nifty500,BAJAJHLDNG,Bajaj Holdings & Investment Ltd.,BAJAJHLDNG,INE118A01012,Bajaj Holdings & Investment Limited,Bajaj Holdings & Investment Limited,BAJAJHLDNG,BAJAJ HOLDINGS AND INVESTMENT,processed,2026-06-18,curated_v2_agent_assisted,0.68,2023-2024,company_profiles.jsonl,
ind_nifty500,BAJAJHFL,Bajaj Housing Finance Ltd.,BAJAJHFL,INE377Y01014,Bajaj Housing Finance Limited,Bajaj Housing Finance Limited,BAJAJHFL,BAJAJ HOUSING FINANCE,failed,2026-06-18,curated_v2_agent_assisted,0.68,2024-2025,company_profiles.jsonl,annual-report text extraction: PdfReadError: Cannot find Root object in pdf
ind_nifty500,BALRAMCHIN,Balrampur Chini Mills Ltd.,BALRAMCHIN,INE119A01028,Balrampur Chini Mills Limited,Balrampur Chini Mills Limited,BALRAMCHIN,BALRAMPUR CHINI MILLS,processed,2026-06-18,curated_v2_agent_assisted,0.68,2024-2025,company_profiles.jsonl,
ind_nifty500,BANDHANBNK,Bandhan Bank Ltd.,BANDHANBNK,INE545U01014,Bandhan Bank Limited,Bandhan Bank Limited,BANDHANBNK,BANDHAN BANK,processed,2026-06-18,curated_v2_agent_assisted,0.68,2024-2025,company_profiles.jsonl,
ind_nifty500,BANKBARODA,Bank of Baroda,BANKBARODA,INE028A01039,Bank of Baroda,Bank of Baroda,BANKBARODA,BANK OF BARODA,processed,2026-06-18,curated_v2_agent_assisted,0.68,2025-2026,company_profiles.jsonl,
ind_nifty500,BANKINDIA,Bank of India,BANKINDIA,INE084A01016,Bank of India,Bank of India,BANKINDIA,BANK OF INDIA,processed,2026-06-18,curated_v2_agent_assisted,0.68,2025-2026,company_profiles.jsonl,
ind_nifty500,MAHABANK,Bank of Maharashtra,MAHABANK,INE457A01014,Bank of Maharashtra,Bank of Maharashtra,MAHABANK,BANK OF MAHARASHTRA,processed,2026-06-18,curated_v2_agent_assisted,0.68,2025-2026,company_profiles.jsonl,
ind_nifty500,BELRISE,Belrise Industries Ltd.,BELRISE,INE894V01022,Belrise Industries Limited,Belrise Industries Limited,BELRISE,BELRISE INDUSTRIES,processed,2026-06-18,curated_v2_agent_assisted,0.68,2024-2025,company_profiles.jsonl,
ind_nifty500,BDL,Bharat Dynamics Ltd.,BDL,INE171Z01026,Bharat Dynamics Limited,Bharat Dynamics Limited,BDL,BHARAT DYNAMICS,failed,2026-06-18,curated_v2_agent_assisted,0.68,2024-2025,company_profiles.jsonl,annual-report text extraction: PdfReadError: Cannot find Root object in pdf
ind_nifty500,BEL,Bharat Electronics Ltd.,BEL,INE263A01024,Bharat Electronics Limited,Bharat Electronics Limited,BEL,BHARAT ELECTRONICS,processed,2026-06-18,curated_v2_agent_assisted,0.68,2024-2025,company_profiles.jsonl,
ind_nifty500,BHARATFORG,Bharat Forge Ltd.,BHARATFORG,INE465A01025,Bharat Forge Limited,Bharat Forge Limited,BHARATFORG,BHARAT FORGE,processed,2026-06-18,curated_v2_agent_assisted,0.68,2024-2025,company_profiles.jsonl,
ind_nifty500,BHARTIARTL,Bharti Airtel Ltd.,BHARTIARTL,INE397D01024,Bharti Airtel Limited,Bharti Airtel Limited,BHARTIARTL,BHARTI AIRTEL,processed,2026-06-18,curated_v2_agent_assisted,0.68,2024-2025,company_profiles.jsonl,
ind_nifty500,BHARTIHEXA,Bharti Hexacom Ltd.,BHARTIHEXA,INE343G01021,Bharti Hexacom Limited,Bharti Hexacom Limited,BHARTIHEXA,BHARTI HEXACOM,processed,2026-06-18,curated_v2_agent_assisted,0.68,2024-2025,company_profiles.jsonl,
ind_nifty500,GROWW,Billionbrains Garage Ventures Ltd.,GROWW,INE0HOQ01053,Billionbrains Garage Ventures Limited,Billionbrains Garage Ventures Limited,GROWW,BILLIONBRAINS GARAGE VENTURES,processed,2026-06-18,curated_v2_agent_assisted,0.58,2024-2025,company_profiles.jsonl,weak or missing data
ind_nifty500,BIOCON,Biocon Ltd.,BIOCON,INE376G01013,Biocon Limited,Biocon Limited,BIOCON,BIOCON,processed,2026-06-18,curated_v2_agent_assisted,0.68,2024-2025,company_profiles.jsonl,
ind_nifty500,BOSCHLTD,Bosch Ltd.,BOSCHLTD,INE323A01026,Bosch Limited,Bosch Limited,BOSCHLTD,BOSCH,processed,2026-06-18,curated_v2_agent_assisted,0.68,2024-2025,company_profiles.jsonl,
ind_nifty500,BRIGADE,Brigade Enterprises Ltd.,BRIGADE,INE791I01019,Brigade Enterprises Limited,Brigade Enterprises Limited,BRIGADE,BRIGADE ENTERPRISES,processed,2026-06-18,curated_v2_agent_assisted,0.68,2024-2025,company_profiles.jsonl,
ind_nifty500,MAPMYINDIA,C.E. Info Systems Ltd.,MAPMYINDIA,INE0BV301023,C.E. Info Systems Limited,C.E. Info Systems Limited,MAPMYINDIA,C E INFO SYSTEMS,processed,2026-06-18,curated_v2_agent_assisted,0.68,2024-2025,company_profiles.jsonl,
ind_nifty500,CCL,CCL Products (I) Ltd.,CCL,INE421D01022,CCL Products (India) Limited,CCL Products (India) Limited,CCL,CCL PRODUCTS INDIA,processed,2026-06-18,curated_v2_agent_assisted,0.68,2024-2025,company_profiles.jsonl,
ind_nifty500,CESC,CESC Ltd.,CESC,INE486A01021,CESC Limited,CESC Limited,CESC,CESC,processed,2026-06-18,curated_v2_agent_assisted,0.68,2024-2025,company_profiles.jsonl,
ind_nifty500,CIEINDIA,CIE Automotive India Ltd.,CIEINDIA,INE536H01010,CIE Automotive India Limited,CIE Automotive India Limited,CIEINDIA,CIE AUTOMOTIVE INDIA,processed,2026-06-18,curated_v2_agent_assisted,0.68,2025-2025,company_profiles.jsonl,
ind_nifty500,CANFINHOME,Can Fin Homes Ltd.,CANFINHOME,INE477A01020,Can Fin Homes Limited,Can Fin Homes Limited,CANFINHOME,CAN FIN HOMES,processed,2026-06-18,curated_v2_agent_assisted,0.68,2024-2025,company_profiles.jsonl,
ind_nifty500,CANBK,Canara Bank,CANBK,INE476A01022,Canara Bank,Canara Bank,CANBK,CANARA BANK,processed,2026-06-18,curated_v2_agent_assisted,0.68,2025-2026,company_profiles.jsonl,
ind_nifty500,CANHLIFE,Canara HSBC Life Insurance Company Ltd.,CANHLIFE,INE01TY01017,Canara HSBC Life Insurance Company Limited,Canara HSBC Life Insurance Company Limited,CANHLIFE,CANARA HSBC LIFE INSURANCE,processed,2026-06-18,curated_v2_agent_assisted,0.58,2024-2025,company_profiles.jsonl,weak or missing data
ind_nifty500,CAPLIPOINT,Caplin Point Laboratories Ltd.,CAPLIPOINT,INE475E01026,Caplin Point Laboratories Limited,Caplin Point Laboratories Limited,CAPLIPOINT,CAPLIN POINT LABORATORIES,processed,2026-06-18,curated_v2_agent_assisted,0.68,2024-2025,company_profiles.jsonl,
ind_nifty500,CGCL,Capri Global Capital Ltd.,CGCL,INE180C01042,Capri Global Capital Limited,Capri Global Capital Limited,CGCL,CAPRI GLOBAL CAPITAL,processed,2026-06-18,curated_v2_agent_assisted,0.68,2024-2025,company_profiles.jsonl,
ind_nifty500,CARTRADE,Cartrade Tech Ltd.,CARTRADE,INE290S01011,Cartrade Tech Limited,Cartrade Tech Limited,CARTRADE,CARTRADE TECH,processed,2026-06-18,curated_v2_agent_assisted,0.68,2024-2025,company_profiles.jsonl,
ind_nifty500,CENTRALBK,Central Bank of India,CENTRALBK,INE483A01010,Central Bank of India,Central Bank of India,CENTRALBK,CENTRAL BANK OF INDIA,failed,2026-06-18,curated_v2_agent_assisted,0.68,2024-2025,company_profiles.jsonl,annual-report text extraction: PdfReadError: Cannot find Root object in pdf
ind_nifty500,CDSL,Central Depository Services (India) Ltd.,CDSL,INE736A01011,Central Depository Services (India) Limited,Central Depository Services (India) Limited,CDSL,CENTRAL DEPOSITORY SERVICES INDIA,processed,2026-06-18,curated_v2_agent_assisted,0.68,2024-2025,company_profiles.jsonl,
ind_nifty500,CHALET,Chalet Hotels Ltd.,CHALET,INE427F01016,Chalet Hotels Limited,Chalet Hotels Limited,CHALET,CHALET HOTELS,processed,2026-06-18,curated_v2_agent_assisted,0.68,2024-2025,company_profiles.jsonl,
ind_nifty500,CHOICEIN,Choice International Ltd.,CHOICEIN,INE102B01014,Choice International Limited,Choice International Limited,CHOICEIN,CHOICE INTERNATIONAL,failed,2026-06-18,curated_v2_agent_assisted,0.68,2024-2025,company_profiles.jsonl,annual-report text extraction: PdfReadError: Cannot find Root object in pdf
ind_nifty500,CHOLAHLDNG,Cholamandalam Financial Holdings Ltd.,CHOLAHLDNG,INE149A01033,Cholamandalam Financial Holdings Limited,Cholamandalam Financial Holdings Limited,CHOLAHLDNG,CHOLAMANDALAM FINANCIAL HOLDINGS,processed,2026-06-18,curated_v2_agent_assisted,0.68,2024-2025,company_profiles.jsonl,
ind_nifty500,CHOLAFIN,Cholamandalam Investment and Finance Company Ltd.,CHOLAFIN,INE121A01024,Cholamandalam Investment and Finance Company Limited,Cholamandalam Investment and Finance Company Limited,CHOLAFIN,CHOLAMANDALAM INVESTMENT AND FINANCE,failed,2026-06-18,curated_v2_agent_assisted,0.68,2024-2025,company_profiles.jsonl,annual-report text extraction: PdfReadError: Cannot find Root object in pdf
ind_nifty500,CUB,City Union Bank Ltd.,CUB,INE491A01021,City Union Bank Limited,City Union Bank Limited,CUB,CITY UNION BANK,processed,2026-06-18,curated_v2_agent_assisted,0.68,2024-2025,company_profiles.jsonl,
ind_nifty500,CLEAN,Clean Science and Technology Ltd.,CLEAN,INE227W01023,Clean Science and Technology Limited,Clean Science and Technology Limited,CLEAN,CLEAN SCIENCE AND TECHNOLOGY,processed,2026-06-18,curated_v2_agent_assisted,0.68,2024-2025,company_profiles.jsonl,
ind_nifty500,COALINDIA,Coal India Ltd.,COALINDIA,INE522F01014,Coal India Limited,Coal India Limited,COALINDIA,COAL INDIA,processed,2026-06-18,curated_v2_agent_assisted,0.68,2024-2025,company_profiles.jsonl,
ind_nifty500,COCHINSHIP,Cochin Shipyard Ltd.,COCHINSHIP,INE704P01025,Cochin Shipyard Limited,Cochin Shipyard Limited,COCHINSHIP,COCHIN SHIPYARD,processed,2026-06-18,curated_v2_agent_assisted,0.68,2024-2025,company_profiles.jsonl,
ind_nifty500,COLPAL,Colgate Palmolive (India) Ltd.,COLPAL,INE259A01022,Colgate Palmolive (India) Limited,Colgate Palmolive (India) Limited,COLPAL,COLGATE PALMOLIVE INDIA,failed,2026-06-18,curated_v2_agent_assisted,0.68,2024-2025,company_profiles.jsonl,annual-report text extraction: PdfReadError: Cannot find Root object in pdf
ind_nifty500,CAMS,Computer Age Management Services Ltd.,CAMS,INE596I01020,Computer Age Management Services Limited,Computer Age Management Services Limited,CAMS,COMPUTER AGE MANAGEMENT SERVICES,processed,2026-06-18,curated_v2_agent_assisted,0.68,2025-2026,company_profiles.jsonl,
ind_nifty500,CONCOR,Container Corporation of India Ltd.,CONCOR,INE111A01025,Container Corporation of India Limited,Container Corporation of India Limited,CONCOR,CONTAINER OF INDIA,processed,2026-06-18,curated_v2_agent_assisted,0.68,2024-2025,company_profiles.jsonl,
ind_nifty500,COROMANDEL,Coromandel International Ltd.,COROMANDEL,INE169A01031,Coromandel International Limited,Coromandel International Limited,COROMANDEL,COROMANDEL INTERNATIONAL,failed,2026-06-18,curated_v2_agent_assisted,0.68,2024-2025,company_profiles.jsonl,annual-report text extraction: PdfReadError: Cannot find Root object in pdf
ind_nifty500,CRAFTSMAN,Craftsman Automation Ltd.,CRAFTSMAN,INE00LO01017,Craftsman Automation Limited,Craftsman Automation Limited,CRAFTSMAN,CRAFTSMAN AUTOMATION,failed,2026-06-18,curated_v2_agent_assisted,0.68,2024-2025,company_profiles.jsonl,annual-report text extraction: PdfReadError: Cannot find Root object in pdf
ind_nifty500,CREDITACC,CreditAccess Grameen Ltd.,CREDITACC,INE741K01010,CREDITACCESS GRAMEEN LIMITED,CREDITACCESS GRAMEEN LIMITED,CREDITACC,CREDITACCESS GRAMEEN,processed,2026-06-18,curated_v2_agent_assisted,0.68,2025-2026,company_profiles.jsonl,
ind_nifty500,CROMPTON,Crompton Greaves Consumer Electricals Ltd.,CROMPTON,INE299U01018,Crompton Greaves Consumer Electricals Limited,Crompton Greaves Consumer Electricals Limited,CROMPTON,CROMPTON GREAVES CONSUMER ELECTRICALS,failed,2026-06-18,curated_v2_agent_assisted,0.68,2024-2025,company_profiles.jsonl,annual-report text extraction: PdfReadError: Cannot find Root object in pdf
ind_nifty500,CYIENT,Cyient Ltd.,CYIENT,INE136B01020,Cyient Limited,Cyient Limited,CYIENT,CYIENT,processed,2026-06-18,curated_v2_agent_assisted,0.68,2025-2026,company_profiles.jsonl,
ind_nifty500,DCMSHRIRAM,DCM Shriram Ltd.,DCMSHRIRAM,INE499A01024,DCM Shriram Limited,DCM Shriram Limited,DCMSHRIRAM,DCM SHRIRAM,processed,2026-06-18,curated_v2_agent_assisted,0.68,2024-2025,company_profiles.jsonl,
ind_nifty500,DLF,DLF Ltd.,DLF,INE271C01023,DLF Limited,DLF Limited,DLF,DLF,failed,2026-06-18,curated_v2_agent_assisted,0.68,2024-2025,company_profiles.jsonl,annual-report text extraction: PdfStreamError: Stream has ended unexpectedly
ind_nifty500,DABUR,Dabur India Ltd.,DABUR,INE016A01026,Dabur India Limited,Dabur India Limited,DABUR,DABUR INDIA,processed,2026-06-18,curated_v2_agent_assisted,0.68,2024-2025,company_profiles.jsonl,
ind_nifty500,DATAPATTNS,Data Patterns (India) Ltd.,DATAPATTNS,INE0IX101010,Data Patterns (India) Limited,Data Patterns (India) Limited,DATAPATTNS,DATA PATTERNS INDIA,processed,2026-06-18,curated_v2_agent_assisted,0.68,2024-2025,company_profiles.jsonl,
ind_nifty500,DEEPAKFERT,Deepak Fertilisers & Petrochemicals Corp. Ltd.,DEEPAKFERT,INE501A01019,Deepak Fertilizers and Petrochemicals Corporation Limited,Deepak Fertilizers and Petrochemicals Corporation Limited,DEEPAKFERT,DEEPAK FERTILIZERS AND PETROCHEMICALS,processed,2026-06-18,curated_v2_agent_assisted,0.68,2024-2025,company_profiles.jsonl,
ind_nifty500,DELHIVERY,Delhivery Ltd.,DELHIVERY,INE148O01028,Delhivery Limited,Delhivery Limited,DELHIVERY,DELHIVERY,processed,2026-06-18,curated_v2_agent_assisted,0.68,2024-2025,company_profiles.jsonl,
ind_nifty500,DEVYANI,Devyani International Ltd.,DEVYANI,INE872J01023,Devyani International Limited,Devyani International Limited,DEVYANI,DEVYANI INTERNATIONAL,processed,2026-06-18,curated_v2_agent_assisted,0.68,2024-2025,company_profiles.jsonl,
ind_nifty500,DIVISLAB,Divi's Laboratories Ltd.,DIVISLAB,INE361B01024,Divi's Laboratories Limited,Divi's Laboratories Limited,DIVISLAB,DIVI S LABORATORIES,processed,2026-06-18,curated_v2_agent_assisted,0.68,2024-2025,company_profiles.jsonl,
ind_nifty500,LALPATHLAB,Dr. Lal Path Labs Ltd.,LALPATHLAB,INE600L01024,Dr. Lal Path Labs Ltd.,Dr. Lal Path Labs Ltd.,LALPATHLAB,DR LAL PATH LABS,failed,2026-06-18,curated_v2_agent_assisted,0.68,2024-2025,company_profiles.jsonl,annual-report text extraction: PdfReadError: Cannot find Root object in pdf
ind_nifty500,EIDPARRY,E.I.D. Parry (India) Ltd.,EIDPARRY,INE126A01031,EID Parry India Limited,EID Parry India Limited,EIDPARRY,EID PARRY INDIA,processed,2026-06-18,curated_v2_agent_assisted,0.68,2024-2025,company_profiles.jsonl,
ind_nifty500,EIHOTEL,EIH Ltd.,EIHOTEL,INE230A01023,EIH Limited,EIH Limited,EIHOTEL,EIH,processed,2026-06-18,curated_v2_agent_assisted,0.68,2024-2025,company_profiles.jsonl,
ind_nifty500,EICHERMOT,Eicher Motors Ltd.,EICHERMOT,INE066A01021,Eicher Motors Limited,Eicher Motors Limited,EICHERMOT,EICHER MOTORS,processed,2026-06-18,curated_v2_agent_assisted,0.68,2024-2025,company_profiles.jsonl,
ind_nifty500,EMMVEE,Emmvee Photovoltaic Power Ltd.,EMMVEE,INE1C6T01020,Emmvee Photovoltaic Power Limited,Emmvee Photovoltaic Power Limited,EMMVEE,EMMVEE PHOTOVOLTAIC POWER,processed,2026-06-18,curated_v2_agent_assisted,0.58,2024-2025,company_profiles.jsonl,weak or missing data
ind_nifty500,ENGINERSIN,Engineers India Ltd.,ENGINERSIN,INE510A01028,Engineers India Limited,Engineers India Limited,ENGINERSIN,ENGINEERS INDIA,processed,2026-06-18,curated_v2_agent_assisted,0.68,2024-2025,company_profiles.jsonl,
ind_nifty500,ERIS,Eris Lifesciences Ltd.,ERIS,INE406M01024,Eris Lifesciences Limited,Eris Lifesciences Limited,ERIS,ERIS LIFESCIENCES,failed,2026-06-18,curated_v2_agent_assisted,0.68,2024-2025,company_profiles.jsonl,annual-report text extraction: PdfReadError: Cannot find Root object in pdf
ind_nifty500,ESCORTS,Escorts Kubota Ltd.,ESCORTS,INE042A01014,Escorts Kubota Limited,Escorts Kubota Limited,ESCORTS,ESCORTS KUBOTA,failed,2026-06-18,curated_v2_agent_assisted,0.68,2024-2025,company_profiles.jsonl,annual-report text extraction: PdfReadError: Cannot find Root object in pdf
ind_nifty500,ETERNAL,Eternal Ltd.,ETERNAL,INE758T01015,ETERNAL LIMITED,ETERNAL LIMITED,ETERNAL,ETERNAL,processed,2026-06-18,curated_v2_agent_assisted,0.68,2024-2025,company_profiles.jsonl,
ind_nifty500,NYKAA,FSN E-Commerce Ventures Ltd.,NYKAA,INE388Y01029,FSN E-Commerce Ventures Limited,FSN E-Commerce Ventures Limited,NYKAA,FSN E COMMERCE VENTURES,processed,2026-06-18,curated_v2_agent_assisted,0.68,2024-2025,company_profiles.jsonl,
ind_nifty500,FEDERALBNK,Federal Bank Ltd.,FEDERALBNK,INE171A01029,The Federal Bank  Limited,The Federal Bank  Limited,FEDERALBNK,THE FEDERAL BANK,processed,2026-06-18,curated_v2_agent_assisted,0.68,2024-2025,company_profiles.jsonl,
ind_nifty500,FACT,Fertilisers and Chemicals Travancore Ltd.,FACT,INE188A01015,Fertilizers and Chemicals Travancore Limited,Fertilizers and Chemicals Travancore Limited,FACT,FERTILIZERS AND CHEMICALS TRAVANCORE,processed,2026-06-18,curated_v2_agent_assisted,0.68,2024-2025,company_profiles.jsonl,
ind_nifty500,FIVESTAR,Five-Star Business Finance Ltd.,FIVESTAR,INE128S01021,Five-Star Business Finance Limited,Five-Star Business Finance Limited,FIVESTAR,FIVE STAR BUSINESS FINANCE,processed,2026-06-18,curated_v2_agent_assisted,0.68,2024-2025,company_profiles.jsonl,
ind_nifty500,GMRAIRPORT,GMR Airports Ltd.,GMRAIRPORT,INE776C01039,GMR AIRPORTS LIMITED,GMR AIRPORTS LIMITED,GMRAIRPORT,GMR AIRPORTS,processed,2026-06-18,curated_v2_agent_assisted,0.68,2024-2025,company_profiles.jsonl,
ind_nifty500,GRSE,Garden Reach Shipbuilders & Engineers Ltd.,GRSE,INE382Z01011,Garden Reach Shipbuilders & Engineers Limited,Garden Reach Shipbuilders & Engineers Limited,GRSE,GARDEN REACH SHIPBUILDERS AND ENGINEERS,processed,2026-06-18,curated_v2_agent_assisted,0.68,2024-2025,company_profiles.jsonl,
ind_nifty500,GICRE,General Insurance Corporation of India,GICRE,INE481Y01014,General Insurance Corporation of India,General Insurance Corporation of India,GICRE,GENERAL INSURANCE OF INDIA,processed,2026-06-18,curated_v2_agent_assisted,0.68,2024-2025,company_profiles.jsonl,
ind_nifty500,GLAND,Gland Pharma Ltd.,GLAND,INE068V01023,Gland Pharma Limited,Gland Pharma Limited,GLAND,GLAND PHARMA,processed,2026-06-18,curated_v2_agent_assisted,0.68,2024-2025,company_profiles.jsonl,
ind_nifty500,GLAXO,Glaxosmithkline Pharmaceuticals Ltd.,GLAXO,INE159A01016,GlaxoSmithKline Pharmaceuticals Limited,GlaxoSmithKline Pharmaceuticals Limited,GLAXO,GLAXOSMITHKLINE PHARMACEUTICALS,processed,2026-06-18,curated_v2_agent_assisted,0.68,2025-2026,company_profiles.jsonl,
ind_nifty500,GODIGIT,Go Digit General Insurance Ltd.,GODIGIT,INE03JT01014,Go Digit General Insurance Limited,Go Digit General Insurance Limited,GODIGIT,GO DIGIT GENERAL INSURANCE,processed,2026-06-18,curated_v2_agent_assisted,0.68,2024-2025,company_profiles.jsonl,
ind_nifty500,GODFRYPHLP,Godfrey Phillips India Ltd.,GODFRYPHLP,INE260B01028,Godfrey Phillips India Limited,Godfrey Phillips India Limited,GODFRYPHLP,GODFREY PHILLIPS INDIA,processed,2026-06-18,curated_v2_agent_assisted,0.68,2024-2025,company_profiles.jsonl,
ind_nifty500,GODREJIND,Godrej Industries Ltd.,GODREJIND,INE233A01035,Godrej Industries Limited,Godrej Industries Limited,GODREJIND,GODREJ INDUSTRIES,processed,2026-06-18,curated_v2_agent_assisted,0.68,2024-2025,company_profiles.jsonl,
ind_nifty500,GODREJPROP,Godrej Properties Ltd.,GODREJPROP,INE484J01027,Godrej Properties Limited,Godrej Properties Limited,GODREJPROP,GODREJ PROPERTIES,processed,2026-06-18,curated_v2_agent_assisted,0.68,2024-2025,company_profiles.jsonl,
ind_nifty500,GRAPHITE,Graphite India Ltd.,GRAPHITE,INE371A01025,Graphite India Limited,Graphite India Limited,GRAPHITE,GRAPHITE INDIA,processed,2026-06-18,curated_v2_agent_assisted,0.68,2024-2025,company_profiles.jsonl,
ind_nifty500,GRASIM,Grasim Industries Ltd.,GRASIM,INE047A01021,Grasim Industries Limited,Grasim Industries Limited,GRASIM,GRASIM INDUSTRIES,processed,2026-06-18,curated_v2_agent_assisted,0.68,2024-2025,company_profiles.jsonl,
ind_nifty500,GESHIP,Great Eastern Shipping Co. Ltd.,GESHIP,INE017A01032,The Great Eastern Shipping Company Limited,The Great Eastern Shipping Company Limited,GESHIP,THE GREAT EASTERN SHIPPING,processed,2026-06-18,curated_v2_agent_assisted,0.68,2024-2025,company_profiles.jsonl,
ind_nifty500,GMDCLTD,Gujarat Mineral Development Corporation Ltd.,GMDCLTD,INE131A01031,Gujarat Mineral Development Corporation Limited,Gujarat Mineral Development Corporation Limited,GMDCLTD,GUJARAT MINERAL DEVELOPMENT,processed,2026-06-18,curated_v2_agent_assisted,0.68,2024-2025,company_profiles.jsonl,
ind_nifty500,HBLENGINE,HBL Engineering Ltd.,HBLENGINE,INE292B01021,HBL Engineering Limited,HBL Engineering Limited,HBLENGINE,HBL ENGINEERING,processed,2026-06-18,curated_v2_agent_assisted,0.68,2024-2025,company_profiles.jsonl,
ind_nifty500,HDBFS,HDB Financial Services Ltd.,HDBFS,INE756I01012,HDB Financial Services Limited,HDB Financial Services Limited,HDBFS,HDB FINANCIAL SERVICES,processed,2026-06-18,curated_v2_agent_assisted,0.68,2025-2026,company_profiles.jsonl,
ind_nifty500,HDFCAMC,HDFC Asset Management Company Ltd.,HDFCAMC,INE127D01025,HDFC Asset Management Company Limited,HDFC Asset Management Company Limited,HDFCAMC,HDFC ASSET MANAGEMENT,processed,2026-06-18,curated_v2_agent_assisted,0.68,2025-2026,company_profiles.jsonl,
ind_nifty500,HDFCBANK,HDFC Bank Ltd.,HDFCBANK,INE040A01034,HDFC Bank Limited,HDFC Bank Limited,HDFCBANK,HDFC BANK,processed,2026-06-18,curated_v2_agent_assisted,0.68,2024-2025,company_profiles.jsonl,
ind_nifty500,HDFCLIFE,HDFC Life Insurance Company Ltd.,HDFCLIFE,INE795G01014,HDFC Life Insurance Company Limited,HDFC Life Insurance Company Limited,HDFCLIFE,HDFC LIFE INSURANCE,processed,2026-06-18,curated_v2_agent_assisted,0.68,2024-2025,company_profiles.jsonl,
ind_nifty500,HAL,Hindustan Aeronautics Ltd.,HAL,INE066F01020,Hindustan Aeronautics Limited,Hindustan Aeronautics Limited,HAL,HINDUSTAN AERONAUTICS,processed,2026-06-18,curated_v2_agent_assisted,0.68,2024-2025,company_profiles.jsonl,
ind_nifty500,HINDPETRO,Hindustan Petroleum Corporation Ltd.,HINDPETRO,INE094A01015,Hindustan Petroleum Corporation Limited,Hindustan Petroleum Corporation Limited,HINDPETRO,HINDUSTAN PETROLEUM,processed,2026-06-18,curated_v2_agent_assisted,0.68,2024-2025,company_profiles.jsonl,
ind_nifty500,HINDZINC,Hindustan Zinc Ltd.,HINDZINC,INE267A01025,Hindustan Zinc Limited,Hindustan Zinc Limited,HINDZINC,HINDUSTAN ZINC,processed,2026-06-18,curated_v2_agent_assisted,0.68,2025-2026,company_profiles.jsonl,
ind_nifty500,HOMEFIRST,Home First Finance Company India Ltd.,HOMEFIRST,INE481N01025,Home First Finance Company India Limited,Home First Finance Company India Limited,HOMEFIRST,HOME FIRST FINANCE INDIA,processed,2026-06-18,curated_v2_agent_assisted,0.68,2025-2026,company_profiles.jsonl,
ind_nifty500,HONASA,Honasa Consumer Ltd.,HONASA,INE0J5401028,Honasa Consumer Limited,Honasa Consumer Limited,HONASA,HONASA CONSUMER,processed,2026-06-18,curated_v2_agent_assisted,0.68,2024-2025,company_profiles.jsonl,
ind_nifty500,HONAUT,Honeywell Automation India Ltd.,HONAUT,INE671A01010,Honeywell Automation India Limited,Honeywell Automation India Limited,HONAUT,HONEYWELL AUTOMATION INDIA,processed,2026-06-18,curated_v2_agent_assisted,0.68,2024-2025,company_profiles.jsonl,
ind_nifty500,HUDCO,Housing & Urban Development Corporation Ltd.,HUDCO,INE031A01017,Housing & Urban Development Corporation Limited,Housing & Urban Development Corporation Limited,HUDCO,HOUSING AND URBAN DEVELOPMENT,processed,2026-06-18,curated_v2_agent_assisted,0.68,2024-2025,company_profiles.jsonl,
ind_nifty500,ICICIBANK,ICICI Bank Ltd.,ICICIBANK,INE090A01021,ICICI Bank Limited,ICICI Bank Limited,ICICIBANK,ICICI BANK,processed,2026-06-18,curated_v2_agent_assisted,0.68,2024-2025,company_profiles.jsonl,
ind_nifty500,ICICIGI,ICICI Lombard General Insurance Company Ltd.,ICICIGI,INE765G01017,ICICI Lombard General Insurance Company Limited,ICICI Lombard General Insurance Company Limited,ICICIGI,ICICI LOMBARD GENERAL INSURANCE,processed,2026-06-18,curated_v2_agent_assisted,0.68,2025-2026,company_profiles.jsonl,
ind_nifty500,ICICIAMC,ICICI Prudential Asset Management Company Ltd.,ICICIAMC,INE346A01027,ICICI Prudential Asset Management Company Limited,ICICI Prudential Asset Management Company Limited,ICICIAMC,ICICI PRUDENTIAL ASSET MANAGEMENT,processed,2026-06-18,curated_v2_agent_assisted,0.68,2025-2026,company_profiles.jsonl,
ind_nifty500,ICICIPRULI,ICICI Prudential Life Insurance Company Ltd.,ICICIPRULI,INE726G01019,ICICI Prudential Life Insurance Company Limited,ICICI Prudential Life Insurance Company Limited,ICICIPRULI,ICICI PRUDENTIAL LIFE INSURANCE,processed,2026-06-18,curated_v2_agent_assisted,0.68,2025-2026,company_profiles.jsonl,
ind_nifty500,IDBI,IDBI Bank Ltd.,IDBI,INE008A01015,IDBI Bank Limited,IDBI Bank Limited,IDBI,IDBI BANK,processed,2026-06-18,curated_v2_agent_assisted,0.68,2024-2025,company_profiles.jsonl,
ind_nifty500,IDFCFIRSTB,IDFC First Bank Ltd.,IDFCFIRSTB,INE092T01019,IDFC First Bank Limited,IDFC First Bank Limited,IDFCFIRSTB,IDFC FIRST BANK,processed,2026-06-18,curated_v2_agent_assisted,0.68,2024-2025,company_profiles.jsonl,
ind_nifty500,IFCI,IFCI Ltd.,IFCI,INE039A01010,IFCI Limited,IFCI Limited,IFCI,IFCI,processed,2026-06-18,curated_v2_agent_assisted,0.68,2024-2025,company_profiles.jsonl,
ind_nifty500,IIFL,IIFL Finance Ltd.,IIFL,INE530B01024,IIFL Finance Limited,IIFL Finance Limited,IIFL,IIFL FINANCE,processed,2026-06-18,curated_v2_agent_assisted,0.68,2024-2025,company_profiles.jsonl,
ind_nifty500,IRB,IRB Infrastructure Developers Ltd.,IRB,INE821I01022,IRB Infrastructure Developers Limited,IRB Infrastructure Developers Limited,IRB,IRB INFRASTRUCTURE DEVELOPERS,processed,2026-06-18,curated_v2_agent_assisted,0.68,2024-2025,company_profiles.jsonl,
ind_nifty500,IRCON,IRCON International Ltd.,IRCON,INE962Y01021,Ircon International Limited,Ircon International Limited,IRCON,IRCON INTERNATIONAL,processed,2026-06-18,curated_v2_agent_assisted,0.68,2024-2025,company_profiles.jsonl,
ind_nifty500,ITCHOTELS,ITC Hotels Ltd.,ITCHOTELS,INE379A01028,ITC Hotels Limited,ITC Hotels Limited,ITCHOTELS,ITC HOTELS,processed,2026-06-18,curated_v2_agent_assisted,0.68,2024-2025,company_profiles.jsonl,
ind_nifty500,ITC,ITC Ltd.,ITC,INE154A01025,ITC Limited,ITC Limited,ITC,ITC,processed,2026-06-18,curated_v2_agent_assisted,0.68,2024-2025,company_profiles.jsonl,
ind_nifty500,INDGN,Indegene Ltd.,INDGN,INE065X01017,Indegene Limited,Indegene Limited,INDGN,INDEGENE,processed,2026-06-18,curated_v2_agent_assisted,0.68,2024-2025,company_profiles.jsonl,
ind_nifty500,INDIACEM,India Cements Ltd.,INDIACEM,INE383A01012,The India Cements Limited,The India Cements Limited,INDIACEM,THE INDIA CEMENTS,processed,2026-06-18,curated_v2_agent_assisted,0.68,2024-2025,company_profiles.jsonl,
ind_nifty500,INDIAMART,Indiamart Intermesh Ltd.,INDIAMART,INE933S01016,Indiamart Intermesh Limited,Indiamart Intermesh Limited,INDIAMART,INDIAMART INTERMESH,processed,2026-06-18,curated_v2_agent_assisted,0.68,2025-2026,company_profiles.jsonl,
ind_nifty500,INDIANB,Indian Bank,INDIANB,INE562A01011,Indian Bank,Indian Bank,INDIANB,INDIAN BANK,processed,2026-06-18,curated_v2_agent_assisted,0.68,2025-2026,company_profiles.jsonl,
ind_nifty500,IEX,Indian Energy Exchange Ltd.,IEX,INE022Q01020,Indian Energy Exchange Limited,Indian Energy Exchange Limited,IEX,INDIAN ENERGY EXCHANGE,processed,2026-06-18,curated_v2_agent_assisted,0.68,2024-2025,company_profiles.jsonl,
ind_nifty500,INDHOTEL,Indian Hotels Co. Ltd.,INDHOTEL,INE053A01029,The Indian Hotels Company Limited,The Indian Hotels Company Limited,INDHOTEL,THE INDIAN HOTELS,processed,2026-06-18,curated_v2_agent_assisted,0.68,2025-2026,company_profiles.jsonl,
ind_nifty500,IOC,Indian Oil Corporation Ltd.,IOC,INE242A01010,Indian Oil Corporation Limited,Indian Oil Corporation Limited,IOC,INDIAN OIL,processed,2026-06-18,curated_v2_agent_assisted,0.68,2024-2025,company_profiles.jsonl,
ind_nifty500,IOB,Indian Overseas Bank,IOB,INE565A01014,Indian Overseas Bank,Indian Overseas Bank,IOB,INDIAN OVERSEAS BANK,processed,2026-06-18,curated_v2_agent_assisted,0.68,2025-2026,company_profiles.jsonl,
ind_nifty500,IRCTC,Indian Railway Catering And Tourism Corporation Ltd.,IRCTC,INE335Y01020,Indian Railway Catering And Tourism Corporation Limited,Indian Railway Catering And Tourism Corporation Limited,IRCTC,INDIAN RAILWAY CATERING AND TOURISM,processed,2026-06-18,curated_v2_agent_assisted,0.68,2024-2025,company_profiles.jsonl,
ind_nifty500,IRFC,Indian Railway Finance Corporation Ltd.,IRFC,INE053F01010,Indian Railway Finance Corporation Limited,Indian Railway Finance Corporation Limited,IRFC,INDIAN RAILWAY FINANCE,processed,2026-06-18,curated_v2_agent_assisted,0.68,2024-2025,company_profiles.jsonl,
ind_nifty500,IREDA,Indian Renewable Energy Development Agency Ltd.,IREDA,INE202E01016,Indian Renewable Energy Development Agency Limited,Indian Renewable Energy Development Agency Limited,IREDA,INDIAN RENEWABLE ENERGY DEVELOPMENT AGENCY,processed,2026-06-18,curated_v2_agent_assisted,0.68,2024-2025,company_profiles.jsonl,
ind_nifty500,INDUSINDBK,IndusInd Bank Ltd.,INDUSINDBK,INE095A01012,IndusInd Bank Limited,IndusInd Bank Limited,INDUSINDBK,INDUSIND BANK,processed,2026-06-18,curated_v2_agent_assisted,0.68,2024-2025,company_profiles.jsonl,
ind_nifty500,NAUKRI,Info Edge (India) Ltd.,NAUKRI,INE663F01032,Info Edge (India) Limited,Info Edge (India) Limited,NAUKRI,INFO EDGE INDIA,processed,2026-06-18,curated_v2_agent_assisted,0.68,2024-2025,company_profiles.jsonl,
ind_nifty500,INTELLECT,Intellect Design Arena Ltd.,INTELLECT,INE306R01017,Intellect Design Arena Limited,Intellect Design Arena Limited,INTELLECT,INTELLECT DESIGN ARENA,processed,2026-06-18,curated_v2_agent_assisted,0.68,2024-2025,company_profiles.jsonl,
ind_nifty500,INDIGO,InterGlobe Aviation Ltd.,INDIGO,INE646L01027,InterGlobe Aviation Limited,InterGlobe Aviation Limited,INDIGO,INTERGLOBE AVIATION,processed,2026-06-18,curated_v2_agent_assisted,0.68,2024-2025,company_profiles.jsonl,
ind_nifty500,IGIL,International Gemological Institute Ltd.,IGIL,INE0Q9301021,International Gemological Institute Limited,International Gemological Institute Limited,IGIL,INTERNATIONAL GEMOLOGICAL INSTITUTE,failed,2026-06-18,curated_v2_agent_assisted,0.68,2024-2024,company_profiles.jsonl,annual-report text extraction: PdfReadError: Cannot find Root object in pdf
ind_nifty500,IKS,Inventurus Knowledge Solutions Ltd.,IKS,INE115Q01022,Inventurus Knowledge Solutions Limited,Inventurus Knowledge Solutions Limited,IKS,INVENTURUS KNOWLEDGE SOLUTIONS,processed,2026-06-18,curated_v2_agent_assisted,0.68,2024-2025,company_profiles.jsonl,
ind_nifty500,JKCEMENT,J.K. Cement Ltd.,JKCEMENT,INE823G01014,JK Cement Limited,JK Cement Limited,JKCEMENT,JK CEMENT,processed,2026-06-18,curated_v2_agent_assisted,0.68,2024-2025,company_profiles.jsonl,
ind_nifty500,JBMA,JBM Auto Ltd.,JBMA,INE927D01051,JBM Auto Limited,JBM Auto Limited,JBMA,JBM AUTO,processed,2026-06-18,curated_v2_agent_assisted,0.68,2024-2025,company_profiles.jsonl,
ind_nifty500,JKTYRE,JK Tyre & Industries Ltd.,JKTYRE,INE573A01042,JK Tyre & Industries Limited,JK Tyre & Industries Limited,JKTYRE,JK TYRE AND INDUSTRIES,processed,2026-06-18,curated_v2_agent_assisted,0.68,2024-2025,company_profiles.jsonl,
ind_nifty500,JMFINANCIL,JM Financial Ltd.,JMFINANCIL,INE780C01023,JM Financial Limited,JM Financial Limited,JMFINANCIL,JM FINANCIAL,processed,2026-06-18,curated_v2_agent_assisted,0.68,2024-2025,company_profiles.jsonl,
ind_nifty500,JSWCEMENT,JSW Cement Ltd.,JSWCEMENT,INE718I01012,JSW Cement Limited,JSW Cement Limited,JSWCEMENT,JSW CEMENT,processed,2026-06-18,curated_v2_agent_assisted,0.58,2024-2025,company_profiles.jsonl,weak or missing data
ind_nifty500,JSWDULUX,JSW Dulux Ltd.,JSWDULUX,INE133A01011,JSW Dulux Limited,JSW Dulux Limited,JSWDULUX,JSW DULUX,failed,2026-06-18,curated_v2_agent_assisted,0.68,2025-2026,company_profiles.jsonl,annual-report text extraction: PdfReadError: Cannot find Root object in pdf
ind_nifty500,JSWENERGY,JSW Energy Ltd.,JSWENERGY,INE121E01018,JSW Energy Limited,JSW Energy Limited,JSWENERGY,JSW ENERGY,processed,2026-06-18,curated_v2_agent_assisted,0.68,2025-2026,company_profiles.jsonl,
ind_nifty500,JSWINFRA,JSW Infrastructure Ltd.,JSWINFRA,INE880J01026,JSW Infrastructure Limited,JSW Infrastructure Limited,JSWINFRA,JSW INFRASTRUCTURE,processed,2026-06-18,curated_v2_agent_assisted,0.68,2024-2025,company_profiles.jsonl,
ind_nifty500,JSWSTEEL,JSW Steel Ltd.,JSWSTEEL,INE019A01038,JSW Steel Limited,JSW Steel Limited,JSWSTEEL,JSW STEEL,processed,2026-06-18,curated_v2_agent_assisted,0.68,2024-2025,company_profiles.jsonl,
ind_nifty500,JAINREC,Jain Resource Recycling Ltd.,JAINREC,INE0YD401026,Jain Resource Recycling Limited,Jain Resource Recycling Limited,JAINREC,JAIN RESOURCE RECYCLING,processed,2026-06-18,curated_v2_agent_assisted,0.58,2024-2025,company_profiles.jsonl,weak or missing data
ind_nifty500,JPPOWER,Jaiprakash Power Ventures Ltd.,JPPOWER,INE351F01018,Jaiprakash Power Ventures Limited,Jaiprakash Power Ventures Limited,JPPOWER,JAIPRAKASH POWER VENTURES,failed,2026-06-18,curated_v2_agent_assisted,0.68,2024-2025,company_profiles.jsonl,annual-report text extraction: PdfReadError: Cannot find Root object in pdf
ind_nifty500,J&KBANK,Jammu & Kashmir Bank Ltd.,J&KBANK,INE168A01041,The Jammu & Kashmir Bank Limited,The Jammu & Kashmir Bank Limited,J&KBANK,THE JAMMU AND KASHMIR BANK,processed,2026-06-18,curated_v2_agent_assisted,0.68,2024-2025,company_profiles.jsonl,
ind_nifty500,JIOFIN,Jio Financial Services Ltd.,JIOFIN,INE758E01017,Jio Financial Services Limited,Jio Financial Services Limited,JIOFIN,JIO FINANCIAL SERVICES,processed,2026-06-18,curated_v2_agent_assisted,0.68,2024-2025,company_profiles.jsonl,
ind_nifty500,JUBLFOOD,Jubilant Foodworks Ltd.,JUBLFOOD,INE797F01020,Jubilant Foodworks Limited,Jubilant Foodworks Limited,JUBLFOOD,JUBILANT FOODWORKS,processed,2026-06-18,curated_v2_agent_assisted,0.68,2024-2025,company_profiles.jsonl,
ind_nifty500,KPRMILL,K.P.R. Mill Ltd.,KPRMILL,INE930H01031,K.P.R. Mill Limited,K.P.R. Mill Limited,KPRMILL,K P R MILL,processed,2026-06-18,curated_v2_agent_assisted,0.68,2024-2025,company_profiles.jsonl,
ind_nifty500,KALYANKJIL,Kalyan Jewellers India Ltd.,KALYANKJIL,INE303R01014,Kalyan Jewellers India Limited,Kalyan Jewellers India Limited,KALYANKJIL,KALYAN JEWELLERS INDIA,processed,2026-06-18,curated_v2_agent_assisted,0.68,2024-2025,company_profiles.jsonl,
ind_nifty500,KARURVYSYA,Karur Vysya Bank Ltd.,KARURVYSYA,INE036D01028,Karur Vysya Bank Limited,Karur Vysya Bank Limited,KARURVYSYA,KARUR VYSYA BANK,processed,2026-06-18,curated_v2_agent_assisted,0.68,2024-2025,company_profiles.jsonl,
ind_nifty500,KAYNES,Kaynes Technology India Ltd.,KAYNES,INE918Z01012,Kaynes Technology India Limited,Kaynes Technology India Limited,KAYNES,KAYNES TECHNOLOGY INDIA,processed,2026-06-18,curated_v2_agent_assisted,0.68,2024-2025,company_profiles.jsonl,
ind_nifty500,KFINTECH,Kfin Technologies Ltd.,KFINTECH,INE138Y01010,Kfin Technologies Limited,Kfin Technologies Limited,KFINTECH,KFIN TECHNOLOGIES,processed,2026-06-18,curated_v2_agent_assisted,0.68,2024-2025,company_profiles.jsonl,
ind_nifty500,KIRLOSENG,Kirloskar Oil Eng Ltd.,KIRLOSENG,INE146L01010,Kirloskar Oil Engines Limited,Kirloskar Oil Engines Limited,KIRLOSENG,KIRLOSKAR OIL ENGINES,processed,2026-06-18,curated_v2_agent_assisted,0.68,2024-2025,company_profiles.jsonl,
ind_nifty500,KOTAKBANK,Kotak Mahindra Bank Ltd.,KOTAKBANK,INE237A01036,Kotak Mahindra Bank Limited,Kotak Mahindra Bank Limited,KOTAKBANK,KOTAK MAHINDRA BANK,processed,2026-06-18,curated_v2_agent_assisted,0.68,2024-2025,company_profiles.jsonl,
ind_nifty500,KIMS,Krishna Institute of Medical Sciences Ltd.,KIMS,INE967H01025,Krishna Institute of Medical Sciences Limited,Krishna Institute of Medical Sciences Limited,KIMS,KRISHNA INSTITUTE OF MEDICAL SCIENCES,processed,2026-06-18,curated_v2_agent_assisted,0.68,2024-2025,company_profiles.jsonl,
ind_nifty500,LTF,L&T Finance Ltd.,LTF,INE498L01015,L&T Finance Limited,L&T Finance Limited,LTF,L AND T FINANCE,processed,2026-06-18,curated_v2_agent_assisted,0.68,2025-2026,company_profiles.jsonl,
ind_nifty500,LGEINDIA,LG Electronics India Ltd.,LGEINDIA,INE324D01010,LG Electronics India Limited,LG Electronics India Limited,LGEINDIA,LG ELECTRONICS INDIA,processed,2026-06-18,curated_v2_agent_assisted,0.58,2024-2025,company_profiles.jsonl,weak or missing data
ind_nifty500,LICHSGFIN,LIC Housing Finance Ltd.,LICHSGFIN,INE115A01026,LIC Housing Finance Limited,LIC Housing Finance Limited,LICHSGFIN,LIC HOUSING FINANCE,processed,2026-06-18,curated_v2_agent_assisted,0.68,2024-2025,company_profiles.jsonl,
ind_nifty500,LT,Larsen & Toubro Ltd.,LT,INE018A01030,Larsen & Toubro Limited,Larsen & Toubro Limited,LT,LARSEN AND TOUBRO,processed,2026-06-18,curated_v2_agent_assisted,0.68,2025-2026,company_profiles.jsonl,
ind_nifty500,LATENTVIEW,Latent View Analytics Ltd.,LATENTVIEW,INE0I7C01011,Latent View Analytics Limited,Latent View Analytics Limited,LATENTVIEW,LATENT VIEW ANALYTICS,failed,2026-06-18,curated_v2_agent_assisted,0.68,2024-2025,company_profiles.jsonl,annual-report text extraction: PdfReadError: Cannot find Root object in pdf
ind_nifty500,LAURUSLABS,Laurus Labs Ltd.,LAURUSLABS,INE947Q01028,Laurus Labs Limited,Laurus Labs Limited,LAURUSLABS,LAURUS LABS,processed,2026-06-18,curated_v2_agent_assisted,0.68,2025-2026,company_profiles.jsonl,
ind_nifty500,THELEELA,Leela Palaces Hotels & Resorts Ltd.,THELEELA,INE0AQ201015,Leela Palaces Hotels & Resorts Limited,Leela Palaces Hotels & Resorts Limited,THELEELA,LEELA PALACES HOTELS AND RESORTS,failed,2026-06-18,curated_v2_agent_assisted,0.68,2024-2025,company_profiles.jsonl,annual-report text extraction: PdfReadError: Cannot find Root object in pdf
ind_nifty500,LEMONTREE,Lemon Tree Hotels Ltd.,LEMONTREE,INE970X01018,Lemon Tree Hotels Limited,Lemon Tree Hotels Limited,LEMONTREE,LEMON TREE HOTELS,processed,2026-06-18,curated_v2_agent_assisted,0.68,2024-2025,company_profiles.jsonl,
ind_nifty500,LENSKART,Lenskart Solutions Ltd.,LENSKART,INE956O01016,Lenskart Solutions Limited,Lenskart Solutions Limited,LENSKART,LENSKART SOLUTIONS,processed,2026-06-18,curated_v2_agent_assisted,0.58,2024-2025,company_profiles.jsonl,weak or missing data
ind_nifty500,LICI,Life Insurance Corporation of India,LICI,INE0J1Y01017,Life Insurance Corporation Of India,Life Insurance Corporation Of India,LICI,LIFE INSURANCE OF INDIA,processed,2026-06-18,curated_v2_agent_assisted,0.68,2024-2025,company_profiles.jsonl,
ind_nifty500,MMTC,MMTC Ltd.,MMTC,INE123F01029,MMTC Limited,MMTC Limited,MMTC,MMTC,processed,2026-06-18,curated_v2_agent_assisted,0.68,2024-2025,company_profiles.jsonl,
ind_nifty500,M&MFIN,Mahindra & Mahindra Financial Services Ltd.,M&MFIN,INE774D01024,Mahindra & Mahindra Financial Services Limited,Mahindra & Mahindra Financial Services Limited,M&MFIN,MAHINDRA AND MAHINDRA FINANCIAL SERVICES,failed,2026-06-18,curated_v2_agent_assisted,0.68,2024-2025,company_profiles.jsonl,annual-report text extraction: PdfReadError: Cannot find Root object in pdf
ind_nifty500,M&M,Mahindra & Mahindra Ltd.,M&M,INE101A01026,Mahindra & Mahindra Limited,Mahindra & Mahindra Limited,M&M,MAHINDRA AND MAHINDRA,failed,2026-06-18,curated_v2_agent_assisted,0.68,2024-2025,company_profiles.jsonl,annual-report text extraction: PdfReadError: Cannot find Root object in pdf
ind_nifty500,MANAPPURAM,Manappuram Finance Ltd.,MANAPPURAM,INE522D01027,Manappuram Finance Limited,Manappuram Finance Limited,MANAPPURAM,MANAPPURAM FINANCE,processed,2026-06-18,curated_v2_agent_assisted,0.68,2024-2025,company_profiles.jsonl,
ind_nifty500,MRPL,Mangalore Refinery & Petrochemicals Ltd.,MRPL,INE103A01014,Mangalore Refinery and Petrochemicals Limited,Mangalore Refinery and Petrochemicals Limited,MRPL,MANGALORE REFINERY AND PETROCHEMICALS,processed,2026-06-18,curated_v2_agent_assisted,0.68,2024-2025,company_profiles.jsonl,
ind_nifty500,MANKIND,Mankind Pharma Ltd.,MANKIND,INE634S01028,Mankind Pharma Limited,Mankind Pharma Limited,MANKIND,MANKIND PHARMA,processed,2026-06-18,curated_v2_agent_assisted,0.68,2024-2025,company_profiles.jsonl,
ind_nifty500,MARUTI,Maruti Suzuki India Ltd.,MARUTI,INE585B01010,Maruti Suzuki India Limited,Maruti Suzuki India Limited,MARUTI,MARUTI SUZUKI INDIA,processed,2026-06-18,curated_v2_agent_assisted,0.68,2024-2025,company_profiles.jsonl,
ind_nifty500,MFSL,Max Financial Services Ltd.,MFSL,INE180A01020,Max Financial Services Limited,Max Financial Services Limited,MFSL,MAX FINANCIAL SERVICES,processed,2026-06-18,curated_v2_agent_assisted,0.68,2024-2025,company_profiles.jsonl,
ind_nifty500,MAZDOCK,Mazagoan Dock Shipbuilders Ltd.,MAZDOCK,INE249Z01020,Mazagon Dock Shipbuilders Limited,Mazagon Dock Shipbuilders Limited,MAZDOCK,MAZAGON DOCK SHIPBUILDERS,processed,2026-06-18,curated_v2_agent_assisted,0.68,2024-2025,company_profiles.jsonl,
ind_nifty500,MEESHO,Meesho Ltd.,MEESHO,INE0VDM01015,Meesho Limited,Meesho Limited,MEESHO,MEESHO,processed,2026-06-18,curated_v2_agent_assisted,0.58,2024-2025,company_profiles.jsonl,weak or missing data
ind_nifty500,MINDACORP,Minda Corporation Ltd.,MINDACORP,INE842C01021,Minda Corporation Limited,Minda Corporation Limited,MINDACORP,MINDA,processed,2026-06-18,curated_v2_agent_assisted,0.68,2024-2025,company_profiles.jsonl,
ind_nifty500,MOTILALOFS,Motilal Oswal Financial Services Ltd.,MOTILALOFS,INE338I01027,Motilal Oswal Financial Services Limited,Motilal Oswal Financial Services Limited,MOTILALOFS,MOTILAL OSWAL FINANCIAL SERVICES,processed,2026-06-18,curated_v2_agent_assisted,0.68,2024-2025,company_profiles.jsonl,
ind_nifty500,MCX,Multi Commodity Exchange of India Ltd.,MCX,INE745G01043,Multi Commodity Exchange of India Limited,Multi Commodity Exchange of India Limited,MCX,MULTI COMMODITY EXCHANGE OF INDIA,processed,2026-06-18,curated_v2_agent_assisted,0.58,2024-2025,company_profiles.jsonl,weak or missing data
ind_nifty500,MUTHOOTFIN,Muthoot Finance Ltd.,MUTHOOTFIN,INE414G01012,Muthoot Finance Limited,Muthoot Finance Limited,MUTHOOTFIN,MUTHOOT FINANCE,processed,2026-06-18,curated_v2_agent_assisted,0.68,2024-2025,company_profiles.jsonl,
ind_nifty500,NATCOPHARM,NATCO Pharma Ltd.,NATCOPHARM,INE987B01026,Natco Pharma Limited,Natco Pharma Limited,NATCOPHARM,NATCO PHARMA,processed,2026-06-18,curated_v2_agent_assisted,0.68,2024-2025,company_profiles.jsonl,
ind_nifty500,NHPC,NHPC Ltd.,NHPC,INE848E01016,NHPC Limited,NHPC Limited,NHPC,NHPC,processed,2026-06-18,curated_v2_agent_assisted,0.68,2024-2025,company_profiles.jsonl,
ind_nifty500,NLCINDIA,NLC India Ltd.,NLCINDIA,INE589A01014,NLC India Limited,NLC India Limited,NLCINDIA,NLC INDIA,processed,2026-06-18,curated_v2_agent_assisted,0.68,2024-2025,company_profiles.jsonl,
ind_nifty500,NMDC,NMDC Ltd.,NMDC,INE584A01023,NMDC Limited,NMDC Limited,NMDC,NMDC,processed,2026-06-18,curated_v2_agent_assisted,0.68,2024-2025,company_profiles.jsonl,
ind_nifty500,NTPCGREEN,NTPC Green Energy Ltd.,NTPCGREEN,INE0ONG01011,NTPC Green Energy Limited,NTPC Green Energy Limited,NTPCGREEN,NTPC GREEN ENERGY,processed,2026-06-18,curated_v2_agent_assisted,0.68,2024-2025,company_profiles.jsonl,
ind_nifty500,NTPC,NTPC Ltd.,NTPC,INE733E01010,NTPC Limited,NTPC Limited,NTPC,NTPC,processed,2026-06-18,curated_v2_agent_assisted,0.68,2024-2025,company_profiles.jsonl,
ind_nifty500,NH,Narayana Hrudayalaya Ltd.,NH,INE410P01011,Narayana Hrudayalaya Ltd.,Narayana Hrudayalaya Ltd.,NH,NARAYANA HRUDAYALAYA,processed,2026-06-18,curated_v2_agent_assisted,0.68,2024-2025,company_profiles.jsonl,
ind_nifty500,NAVINFLUOR,Navin Fluorine International Ltd.,NAVINFLUOR,INE048G01026,Navin Fluorine International Limited,Navin Fluorine International Limited,NAVINFLUOR,NAVIN FLUORINE INTERNATIONAL,failed,2026-06-18,curated_v2_agent_assisted,0.68,2024-2025,company_profiles.jsonl,annual-report text extraction: PdfReadError: Cannot find Root object in pdf
ind_nifty500,NEWGEN,Newgen Software Technologies Ltd.,NEWGEN,INE619B01017,Newgen Software Technologies Limited,Newgen Software Technologies Limited,NEWGEN,NEWGEN SOFTWARE TECHNOLOGIES,failed,2026-06-18,curated_v2_agent_assisted,0.68,2024-2025,company_profiles.jsonl,annual-report text extraction: PdfReadError: Cannot find Root object in pdf
ind_nifty500,NAM-INDIA,Nippon Life India Asset Management Ltd.,NAM-INDIA,INE298J01013,Nippon Life India Asset Management Limited,Nippon Life India Asset Management Limited,NAM-INDIA,NIPPON LIFE INDIA ASSET MANAGEMENT,processed,2026-06-18,curated_v2_agent_assisted,0.68,2025-2026,company_profiles.jsonl,
ind_nifty500,NIVABUPA,Niva Bupa Health Insurance Company Ltd.,NIVABUPA,INE995S01015,Niva Bupa Health Insurance Company Limited,Niva Bupa Health Insurance Company Limited,NIVABUPA,NIVA BUPA HEALTH INSURANCE,processed,2026-06-18,curated_v2_agent_assisted,0.68,2024-2025,company_profiles.jsonl,
ind_nifty500,NUVAMA,Nuvama Wealth Management Ltd.,NUVAMA,INE531F01023,Nuvama Wealth Management Limited,Nuvama Wealth Management Limited,NUVAMA,NUVAMA WEALTH MANAGEMENT,processed,2026-06-18,curated_v2_agent_assisted,0.68,2024-2025,company_profiles.jsonl,
ind_nifty500,OBEROIRLTY,Oberoi Realty Ltd.,OBEROIRLTY,INE093I01010,Oberoi Realty Limited,Oberoi Realty Limited,OBEROIRLTY,OBEROI REALTY,processed,2026-06-18,curated_v2_agent_assisted,0.68,2025-2026,company_profiles.jsonl,
ind_nifty500,OIL,Oil India Ltd.,OIL,INE274J01014,Oil India Limited,Oil India Limited,OIL,OIL INDIA,failed,2026-06-18,curated_v2_agent_assisted,0.68,2024-2025,company_profiles.jsonl,annual-report text extraction: PdfReadError: Cannot find Root object in pdf
ind_nifty500,OLAELEC,Ola Electric Mobility Ltd.,OLAELEC,INE0LXG01040,Ola Electric Mobility Limited,Ola Electric Mobility Limited,OLAELEC,OLA ELECTRIC MOBILITY,processed,2026-06-18,curated_v2_agent_assisted,0.68,2024-2025,company_profiles.jsonl,
ind_nifty500,PAYTM,One 97 Communications Ltd.,PAYTM,INE982J01020,One 97 Communications Limited,One 97 Communications Limited,PAYTM,ONE 97 COMMUNICATIONS,processed,2026-06-18,curated_v2_agent_assisted,0.68,2024-2025,company_profiles.jsonl,
ind_nifty500,ONESOURCE,Onesource Specialty Pharma Ltd.,ONESOURCE,INE013P01021,Onesource Specialty Pharma Limited,Onesource Specialty Pharma Limited,ONESOURCE,ONESOURCE SPECIALTY PHARMA,processed,2026-06-18,curated_v2_agent_assisted,0.68,2024-2025,company_profiles.jsonl,
ind_nifty500,OFSS,Oracle Financial Services Software Ltd.,OFSS,INE881D01027,Oracle Financial Services Software Limited,Oracle Financial Services Software Limited,OFSS,ORACLE FINANCIAL SERVICES SOFTWARE,processed,2026-06-18,curated_v2_agent_assisted,0.68,2024-2025,company_profiles.jsonl,
ind_nifty500,POLICYBZR,PB Fintech Ltd.,POLICYBZR,INE417T01026,PB Fintech Limited,PB Fintech Limited,POLICYBZR,PB FINTECH,processed,2026-06-18,curated_v2_agent_assisted,0.68,2024-2025,company_profiles.jsonl,
ind_nifty500,PCBL,PCBL Chemical Ltd.,PCBL,INE602A01031,PCBL Chemical Limited,PCBL Chemical Limited,PCBL,PCBL CHEMICAL,processed,2026-06-18,curated_v2_agent_assisted,0.68,2024-2025,company_profiles.jsonl,
ind_nifty500,PIIND,PI Industries Ltd.,PIIND,INE603J01030,PI Industries Limited,PI Industries Limited,PIIND,PI INDUSTRIES,processed,2026-06-18,curated_v2_agent_assisted,0.68,2024-2025,company_profiles.jsonl,
ind_nifty500,PNBHOUSING,PNB Housing Finance Ltd.,PNBHOUSING,INE572E01012,PNB Housing Finance Limited,PNB Housing Finance Limited,PNBHOUSING,PNB HOUSING FINANCE,processed,2026-06-18,curated_v2_agent_assisted,0.68,2024-2025,company_profiles.jsonl,
ind_nifty500,PTCIL,PTC Industries Ltd.,PTCIL,INE596F01018,PTC Industries Limited,PTC Industries Limited,PTCIL,PTC INDUSTRIES,processed,2026-06-18,curated_v2_agent_assisted,0.68,2024-2025,company_profiles.jsonl,
ind_nifty500,PVRINOX,PVR INOX Ltd.,PVRINOX,INE191H01014,PVR INOX Limited,PVR INOX Limited,PVRINOX,PVR INOX,processed,2026-06-18,curated_v2_agent_assisted,0.68,2024-2025,company_profiles.jsonl,
ind_nifty500,PARADEEP,Paradeep Phosphates Ltd.,PARADEEP,INE088F01024,Paradeep Phosphates Limited,Paradeep Phosphates Limited,PARADEEP,PARADEEP PHOSPHATES,processed,2026-06-18,curated_v2_agent_assisted,0.68,2024-2025,company_profiles.jsonl,
ind_nifty500,PFIZER,Pfizer Ltd.,PFIZER,INE182A01018,Pfizer Limited,Pfizer Limited,PFIZER,PFIZER,processed,2026-06-18,curated_v2_agent_assisted,0.68,2024-2025,company_profiles.jsonl,
ind_nifty500,PHOENIXLTD,Phoenix Mills Ltd.,PHOENIXLTD,INE211B01039,The Phoenix Mills Limited,The Phoenix Mills Limited,PHOENIXLTD,THE PHOENIX MILLS,failed,2026-06-18,curated_v2_agent_assisted,0.68,2024-2025,company_profiles.jsonl,annual-report text extraction: PdfReadError: Cannot find Root object in pdf
ind_nifty500,PWL,Physicswallah Ltd.,PWL,INE0LP301011,Physicswallah Limited,Physicswallah Limited,PWL,PHYSICSWALLAH,processed,2026-06-18,curated_v2_agent_assisted,0.58,2024-2025,company_profiles.jsonl,weak or missing data
ind_nifty500,PINELABS,Pine Labs Ltd.,PINELABS,INE15B701018,Pine Labs Limited,Pine Labs Limited,PINELABS,PINE LABS,processed,2026-06-18,curated_v2_agent_assisted,0.58,2024-2025,company_profiles.jsonl,weak or missing data
ind_nifty500,PIRAMALFIN,Piramal Finance Ltd.,PIRAMALFIN,INE202B01038,Piramal Finance Limited,Piramal Finance Limited,PIRAMALFIN,PIRAMAL FINANCE,processed,2026-06-18,curated_v2_agent_assisted,0.68,2025-2026,company_profiles.jsonl,
ind_nifty500,PPLPHARMA,Piramal Pharma Ltd.,PPLPHARMA,INE0DK501011,Piramal Pharma Limited,Piramal Pharma Limited,PPLPHARMA,PIRAMAL PHARMA,failed,2026-06-18,curated_v2_agent_assisted,0.68,2024-2025,company_profiles.jsonl,annual-report text extraction: PdfReadError: Invalid object in /Pages
ind_nifty500,POLYMED,Poly Medicure Ltd.,POLYMED,INE205C01021,Poly Medicure Limited,Poly Medicure Limited,POLYMED,POLY MEDICURE,processed,2026-06-18,curated_v2_agent_assisted,0.68,2024-2025,company_profiles.jsonl,
ind_nifty500,POONAWALLA,Poonawalla Fincorp Ltd.,POONAWALLA,INE511C01022,Poonawalla Fincorp Limited,Poonawalla Fincorp Limited,POONAWALLA,POONAWALLA FINCORP,processed,2026-06-18,curated_v2_agent_assisted,0.68,2024-2025,company_profiles.jsonl,
ind_nifty500,PFC,Power Finance Corporation Ltd.,PFC,INE134E01011,Power Finance Corporation Limited,Power Finance Corporation Limited,PFC,POWER FINANCE,processed,2026-06-18,curated_v2_agent_assisted,0.68,2024-2025,company_profiles.jsonl,
ind_nifty500,POWERGRID,Power Grid Corporation of India Ltd.,POWERGRID,INE752E01010,Power Grid Corporation of India Limited,Power Grid Corporation of India Limited,POWERGRID,POWER GRID OF INDIA,processed,2026-06-18,curated_v2_agent_assisted,0.68,2024-2025,company_profiles.jsonl,
ind_nifty500,PREMIERENE,Premier Energies Ltd.,PREMIERENE,INE0BS701011,Premier Energies Limited,Premier Energies Limited,PREMIERENE,PREMIER ENERGIES,processed,2026-06-18,curated_v2_agent_assisted,0.68,2024-2025,company_profiles.jsonl,
ind_nifty500,PRESTIGE,Prestige Estates Projects Ltd.,PRESTIGE,INE811K01011,Prestige Estates Projects Limited,Prestige Estates Projects Limited,PRESTIGE,PRESTIGE ESTATES PROJECTS,processed,2026-06-18,curated_v2_agent_assisted,0.68,2024-2025,company_profiles.jsonl,
ind_nifty500,PNB,Punjab National Bank,PNB,INE160A01022,Punjab National Bank,Punjab National Bank,PNB,PUNJAB NATIONAL BANK,processed,2026-06-18,curated_v2_agent_assisted,0.68,2025-2026,company_profiles.jsonl,
ind_nifty500,RBLBANK,RBL Bank Ltd.,RBLBANK,INE976G01028,RBL Bank Limited,RBL Bank Limited,RBLBANK,RBL BANK,processed,2026-06-18,curated_v2_agent_assisted,0.68,2024-2025,company_profiles.jsonl,
ind_nifty500,RECLTD,REC Ltd.,RECLTD,INE020B01018,REC Limited,REC Limited,RECLTD,REC,processed,2026-06-18,curated_v2_agent_assisted,0.68,2024-2025,company_profiles.jsonl,
ind_nifty500,RITES,RITES Ltd.,RITES,INE320J01015,RITES Limited,RITES Limited,RITES,RITES,processed,2026-06-18,curated_v2_agent_assisted,0.68,2024-2025,company_profiles.jsonl,
ind_nifty500,RADICO,Radico Khaitan Ltd,RADICO,INE944F01028,Radico Khaitan Limited,Radico Khaitan Limited,RADICO,RADICO KHAITAN,processed,2026-06-18,curated_v2_agent_assisted,0.68,2024-2025,company_profiles.jsonl,
ind_nifty500,RAINBOW,Rainbow Childrens Medicare Ltd.,RAINBOW,INE961O01016,Rainbow Childrens Medicare Limited,Rainbow Childrens Medicare Limited,RAINBOW,RAINBOW CHILDRENS MEDICARE,failed,2026-06-18,curated_v2_agent_assisted,0.68,2024-2025,company_profiles.jsonl,annual-report text extraction: PdfReadError: Cannot find Root object in pdf
ind_nifty500,RKFORGE,Ramkrishna Forgings Ltd.,RKFORGE,INE399G01023,Ramkrishna Forgings Limited,Ramkrishna Forgings Limited,RKFORGE,RAMKRISHNA FORGINGS,processed,2026-06-18,curated_v2_agent_assisted,0.68,2024-2025,company_profiles.jsonl,
ind_nifty500,RELIANCE,Reliance Industries Ltd.,RELIANCE,INE002A01018,Reliance Industries Limited,Reliance Industries Limited,RELIANCE,RELIANCE INDUSTRIES,processed,2026-06-18,curated_v2_agent_assisted,0.68,2025-2026,company_profiles.jsonl,
ind_nifty500,RPOWER,Reliance Power Ltd.,RPOWER,INE614G01033,Reliance Power Limited,Reliance Power Limited,RPOWER,RELIANCE POWER,processed,2026-06-18,curated_v2_agent_assisted,0.68,2024-2025,company_profiles.jsonl,
ind_nifty500,SBFC,SBFC Finance Ltd.,SBFC,INE423Y01016,SBFC Finance Limited,SBFC Finance Limited,SBFC,SBFC FINANCE,failed,2026-06-18,curated_v2_agent_assisted,0.68,2024-2025,company_profiles.jsonl,annual-report text extraction: PdfReadError: Cannot find Root object in pdf
ind_nifty500,SBICARD,SBI Cards and Payment Services Ltd.,SBICARD,INE018E01016,SBI Cards and Payment Services Limited,SBI Cards and Payment Services Limited,SBICARD,SBI CARDS AND PAYMENT SERVICES,processed,2026-06-18,curated_v2_agent_assisted,0.68,2024-2025,company_profiles.jsonl,
ind_nifty500,SBILIFE,SBI Life Insurance Company Ltd.,SBILIFE,INE123W01016,SBI Life Insurance Company Limited,SBI Life Insurance Company Limited,SBILIFE,SBI LIFE INSURANCE,processed,2026-06-18,curated_v2_agent_assisted,0.68,2024-2025,company_profiles.jsonl,
ind_nifty500,SJVN,SJVN Ltd.,SJVN,INE002L01015,SJVN Limited,SJVN Limited,SJVN,SJVN,failed,2026-06-18,curated_v2_agent_assisted,0.68,2024-2025,company_profiles.jsonl,annual-report text extraction: PdfStreamError: Stream has ended unexpectedly
ind_nifty500,SRF,SRF Ltd.,SRF,INE647A01010,SRF Limited,SRF Limited,SRF,SRF,processed,2026-06-18,curated_v2_agent_assisted,0.68,2025-2026,company_profiles.jsonl,
ind_nifty500,SAMMAANCAP,Sammaan Capital Ltd.,SAMMAANCAP,INE148I01020,Sammaan Capital Limited,Sammaan Capital Limited,SAMMAANCAP,SAMMAAN CAPITAL,processed,2026-06-18,curated_v2_agent_assisted,0.68,2024-2025,company_profiles.jsonl,
ind_nifty500,SAPPHIRE,Sapphire Foods India Ltd.,SAPPHIRE,INE806T01020,Sapphire Foods India Limited,Sapphire Foods India Limited,SAPPHIRE,SAPPHIRE FOODS INDIA,processed,2026-06-18,curated_v2_agent_assisted,0.68,2024-2025,company_profiles.jsonl,
ind_nifty500,SARDAEN,Sarda Energy and Minerals Ltd.,SARDAEN,INE385C01021,Sarda Energy & Minerals Limited,Sarda Energy & Minerals Limited,SARDAEN,SARDA ENERGY AND MINERALS,processed,2026-06-18,curated_v2_agent_assisted,0.68,2024-2025,company_profiles.jsonl,
ind_nifty500,SAREGAMA,Saregama India Ltd,SAREGAMA,INE979A01025,Saregama India Limited,Saregama India Limited,SAREGAMA,SAREGAMA INDIA,processed,2026-06-18,curated_v2_agent_assisted,0.68,2024-2025,company_profiles.jsonl,
ind_nifty500,SCHNEIDER,Schneider Electric Infrastructure Ltd.,SCHNEIDER,INE839M01018,Schneider Electric Infrastructure Limited,Schneider Electric Infrastructure Limited,SCHNEIDER,SCHNEIDER ELECTRIC INFRASTRUCTURE,processed,2026-06-18,curated_v2_agent_assisted,0.68,2024-2025,company_profiles.jsonl,
ind_nifty500,SHREECEM,Shree Cement Ltd.,SHREECEM,INE070A01015,SHREE CEMENT LIMITED,SHREE CEMENT LIMITED,SHREECEM,SHREE CEMENT,processed,2026-06-18,curated_v2_agent_assisted,0.68,2024-2025,company_profiles.jsonl,
ind_nifty500,SHRIRAMFIN,Shriram Finance Ltd.,SHRIRAMFIN,INE721A01047,Shriram Finance Limited,Shriram Finance Limited,SHRIRAMFIN,SHRIRAM FINANCE,processed,2026-06-18,curated_v2_agent_assisted,0.68,2025-2026,company_profiles.jsonl,
ind_nifty500,SIEMENS,Siemens Ltd.,SIEMENS,INE003A01024,Siemens Limited,Siemens Limited,SIEMENS,SIEMENS,processed,2026-06-18,curated_v2_agent_assisted,0.68,2023-2024,company_profiles.jsonl,
ind_nifty500,SIGNATURE,Signatureglobal (India) Ltd.,SIGNATURE,INE903U01023,Signatureglobal (India) Limited,Signatureglobal (India) Limited,SIGNATURE,SIGNATUREGLOBAL INDIA,processed,2026-06-18,curated_v2_agent_assisted,0.68,2024-2025,company_profiles.jsonl,
ind_nifty500,SOBHA,Sobha Ltd.,SOBHA,INE671H01015,Sobha Limited,Sobha Limited,SOBHA,SOBHA,processed,2026-06-18,curated_v2_agent_assisted,0.68,2024-2025,company_profiles.jsonl,
ind_nifty500,SOLARINDS,Solar Industries India Ltd.,SOLARINDS,INE343H01029,Solar Industries India Limited,Solar Industries India Limited,SOLARINDS,SOLAR INDUSTRIES INDIA,processed,2026-06-18,curated_v2_agent_assisted,0.68,2024-2025,company_profiles.jsonl,
ind_nifty500,SONACOMS,Sona BLW Precision Forgings Ltd.,SONACOMS,INE073K01018,Sona BLW Precision Forgings Limited,Sona BLW Precision Forgings Limited,SONACOMS,SONA BLW PRECISION FORGINGS,processed,2026-06-18,curated_v2_agent_assisted,0.68,2024-2025,company_profiles.jsonl,
ind_nifty500,SONATSOFTW,Sonata Software Ltd.,SONATSOFTW,INE269A01021,Sonata Software Limited,Sonata Software Limited,SONATSOFTW,SONATA SOFTWARE,processed,2026-06-18,curated_v2_agent_assisted,0.68,2024-2025,company_profiles.jsonl,
ind_nifty500,STARHEALTH,Star Health and Allied Insurance Company Ltd.,STARHEALTH,INE575P01011,Star Health and Allied Insurance Company Limited,Star Health and Allied Insurance Company Limited,STARHEALTH,STAR HEALTH AND ALLIED INSURANCE,processed,2026-06-18,curated_v2_agent_assisted,0.68,2024-2025,company_profiles.jsonl,
ind_nifty500,SBIN,State Bank of India,SBIN,INE062A01020,State Bank of India,State Bank of India,SBIN,STATE BANK OF INDIA,processed,2026-06-18,curated_v2_agent_assisted,0.68,2025-2026,company_profiles.jsonl,
ind_nifty500,SUMICHEM,Sumitomo Chemical India Ltd.,SUMICHEM,INE258G01013,Sumitomo Chemical India Limited,Sumitomo Chemical India Limited,SUMICHEM,SUMITOMO CHEMICAL INDIA,failed,2026-06-18,curated_v2_agent_assisted,0.68,2024-2025,company_profiles.jsonl,annual-report text extraction: PdfReadError: Cannot find Root object in pdf
ind_nifty500,SUNTV,Sun TV Network Ltd.,SUNTV,INE424H01027,Sun TV Network Limited,Sun TV Network Limited,SUNTV,SUN TV NETWORK,processed,2026-06-18,curated_v2_agent_assisted,0.68,2024-2025,company_profiles.jsonl,
ind_nifty500,SUNDARMFIN,Sundaram Finance Ltd.,SUNDARMFIN,INE660A01013,Sundaram Finance Limited,Sundaram Finance Limited,SUNDARMFIN,SUNDARAM FINANCE,failed,2026-06-18,curated_v2_agent_assisted,0.68,2024-2025,company_profiles.jsonl,annual-report text extraction: PdfStreamError: Stream has ended unexpectedly
ind_nifty500,TVSMOTOR,TVS Motor Company Ltd.,TVSMOTOR,INE494B01023,TVS Motor Company Limited,TVS Motor Company Limited,TVSMOTOR,TVS MOTOR,processed,2026-06-18,curated_v2_agent_assisted,0.68,2024-2025,company_profiles.jsonl,
ind_nifty500,TATACAP,Tata Capital Ltd.,TATACAP,INE976I01016,Tata Capital Limited,Tata Capital Limited,TATACAP,TATA CAPITAL,processed,2026-06-18,curated_v2_agent_assisted,0.58,2024-2025,company_profiles.jsonl,weak or missing data
ind_nifty500,TATACOMM,Tata Communications Ltd.,TATACOMM,INE151A01013,Tata Communications Limited,Tata Communications Limited,TATACOMM,TATA COMMUNICATIONS,processed,2026-06-18,curated_v2_agent_assisted,0.68,2025-2026,company_profiles.jsonl,
ind_nifty500,TATAELXSI,Tata Elxsi Ltd.,TATAELXSI,INE670A01012,Tata Elxsi Limited,Tata Elxsi Limited,TATAELXSI,TATA ELXSI,processed,2026-06-18,curated_v2_agent_assisted,0.68,2025-2026,company_profiles.jsonl,
ind_nifty500,TATAINVEST,Tata Investment Corporation Ltd.,TATAINVEST,INE672A01026,Tata Investment Corporation Limited,Tata Investment Corporation Limited,TATAINVEST,TATA INVESTMENT,processed,2026-06-18,curated_v2_agent_assisted,0.68,2025-2026,company_profiles.jsonl,
ind_nifty500,TMCV,Tata Motors Ltd.,TMCV,INE1TAE01010,Tata Motors Limited,Tata Motors Limited,TMCV,TATA MOTORS,processed,2026-06-18,curated_v2_agent_assisted,0.68,2025-2026,company_profiles.jsonl,
ind_nifty500,TATAPOWER,Tata Power Co. Ltd.,TATAPOWER,INE245A01021,Tata Power Company Limited,Tata Power Company Limited,TATAPOWER,TATA POWER,processed,2026-06-18,curated_v2_agent_assisted,0.68,2025-2026,company_profiles.jsonl,
ind_nifty500,TATASTEEL,Tata Steel Ltd.,TATASTEEL,INE081A01020,Tata Steel Limited,Tata Steel Limited,TATASTEEL,TATA STEEL,processed,2026-06-18,curated_v2_agent_assisted,0.68,2025-2026,company_profiles.jsonl,
ind_nifty500,TTML,Tata Teleservices (Maharashtra) Ltd.,TTML,INE517B01013,Tata Teleservices (Maharashtra) Limited,Tata Teleservices (Maharashtra) Limited,TTML,TATA TELESERVICES MAHARASHTRA,processed,2026-06-18,curated_v2_agent_assisted,0.68,2025-2026,company_profiles.jsonl,
ind_nifty500,TECHNOE,Techno Electric & Engineering Company Ltd.,TECHNOE,INE285K01026,Techno Electric & Engineering Company Limited,Techno Electric & Engineering Company Limited,TECHNOE,TECHNO ELECTRIC AND ENGINEERING,processed,2026-06-18,curated_v2_agent_assisted,0.68,2024-2025,company_profiles.jsonl,
ind_nifty500,TEJASNET,Tejas Networks Ltd.,TEJASNET,INE010J01012,Tejas Networks Limited,Tejas Networks Limited,TEJASNET,TEJAS NETWORKS,processed,2026-06-18,curated_v2_agent_assisted,0.68,2024-2025,company_profiles.jsonl,
ind_nifty500,NIACL,The New India Assurance Company Ltd.,NIACL,INE470Y01017,The New India Assurance Company Limited,The New India Assurance Company Limited,NIACL,THE NEW INDIA ASSURANCE,processed,2026-06-18,curated_v2_agent_assisted,0.68,2024-2025,company_profiles.jsonl,
ind_nifty500,RAMCOCEM,The Ramco Cements Ltd.,RAMCOCEM,INE331A01037,The Ramco Cements Limited,The Ramco Cements Limited,RAMCOCEM,THE RAMCO CEMENTS,processed,2026-06-18,curated_v2_agent_assisted,0.68,2024-2025,company_profiles.jsonl,
ind_nifty500,TITAGARH,Titagarh Rail Systems Ltd.,TITAGARH,INE615H01020,TITAGARH RAIL SYSTEMS LIMITED,TITAGARH RAIL SYSTEMS LIMITED,TITAGARH,TITAGARH RAIL SYSTEMS,processed,2026-06-18,curated_v2_agent_assisted,0.68,2024-2025,company_profiles.jsonl,
ind_nifty500,TITAN,Titan Company Ltd.,TITAN,INE280A01028,Titan Company Limited,Titan Company Limited,TITAN,TITAN,failed,2026-06-18,curated_v2_agent_assisted,0.68,2024-2025,company_profiles.jsonl,annual-report text extraction: PdfReadError: Cannot find Root object in pdf
ind_nifty500,TORNTPHARM,Torrent Pharmaceuticals Ltd.,TORNTPHARM,INE685A01028,Torrent Pharmaceuticals Limited,Torrent Pharmaceuticals Limited,TORNTPHARM,TORRENT PHARMACEUTICALS,processed,2026-06-18,curated_v2_agent_assisted,0.68,2025-2026,company_profiles.jsonl,
ind_nifty500,TORNTPOWER,Torrent Power Ltd.,TORNTPOWER,INE813H01021,Torrent Power Limited,Torrent Power Limited,TORNTPOWER,TORRENT POWER,failed,2026-06-18,curated_v2_agent_assisted,0.68,2024-2025,company_profiles.jsonl,annual-report text extraction: PdfReadError: Cannot find Root object in pdf
ind_nifty500,TRAVELFOOD,Travel Food Services Ltd.,TRAVELFOOD,INE103V01028,Travel Food Services Limited,Travel Food Services Limited,TRAVELFOOD,TRAVEL FOOD SERVICES,processed,2026-06-18,curated_v2_agent_assisted,0.58,2024-2025,company_profiles.jsonl,weak or missing data
ind_nifty500,TRITURBINE,Triveni Turbine Ltd.,TRITURBINE,INE152M01016,Triveni Turbine Limited,Triveni Turbine Limited,TRITURBINE,TRIVENI TURBINE,processed,2026-06-18,curated_v2_agent_assisted,0.68,2024-2025,company_profiles.jsonl,
ind_nifty500,TIINDIA,Tube Investments of India Ltd.,TIINDIA,INE974X01010,Tube Investments of India Limited,Tube Investments of India Limited,TIINDIA,TUBE INVESTMENTS OF INDIA,failed,2026-06-18,curated_v2_agent_assisted,0.68,2024-2025,company_profiles.jsonl,annual-report text extraction: PdfReadError: Cannot find Root object in pdf
ind_nifty500,UCOBANK,UCO Bank,UCOBANK,INE691A01018,UCO Bank,UCO Bank,UCOBANK,UCO BANK,processed,2026-06-18,curated_v2_agent_assisted,0.68,2025-2026,company_profiles.jsonl,
ind_nifty500,UPL,UPL Ltd.,UPL,INE628A01036,UPL Limited,UPL Limited,UPL,UPL,failed,2026-06-18,curated_v2_agent_assisted,0.68,2024-2025,company_profiles.jsonl,annual-report text extraction: PdfReadError: Cannot find Root object in pdf
ind_nifty500,UTIAMC,UTI Asset Management Company Ltd.,UTIAMC,INE094J01016,UTI Asset Management Company Limited,UTI Asset Management Company Limited,UTIAMC,UTI ASSET MANAGEMENT,failed,2026-06-18,curated_v2_agent_assisted,0.68,2024-2025,company_profiles.jsonl,annual-report text extraction: PdfReadError: Cannot find Root object in pdf
ind_nifty500,UNIONBANK,Union Bank of India,UNIONBANK,INE692A01016,Union Bank of India,Union Bank of India,UNIONBANK,UNION BANK OF INDIA,failed,2026-06-18,curated_v2_agent_assisted,0.68,2024-2025,company_profiles.jsonl,annual-report text extraction: PdfReadError: Cannot find Root object in pdf
ind_nifty500,UBL,United Breweries Ltd.,UBL,INE686F01025,United Breweries Limited,United Breweries Limited,UBL,UNITED BREWERIES,processed,2026-06-18,curated_v2_agent_assisted,0.68,2024-2025,company_profiles.jsonl,
ind_nifty500,UNITDSPR,United Spirits Ltd.,UNITDSPR,INE854D01024,United Spirits Limited,United Spirits Limited,UNITDSPR,UNITED SPIRITS,processed,2026-06-18,curated_v2_agent_assisted,0.68,2024-2025,company_profiles.jsonl,
ind_nifty500,URBANCO,Urban Company Ltd.,URBANCO,INE0CAZ01013,Urban Company Limited,Urban Company Limited,URBANCO,URBAN,processed,2026-06-18,curated_v2_agent_assisted,0.68,2025-2026,company_profiles.jsonl,
ind_nifty500,VBL,Varun Beverages Ltd.,VBL,INE200M01039,Varun Beverages Limited,Varun Beverages Limited,VBL,VARUN BEVERAGES,processed,2026-06-18,curated_v2_agent_assisted,0.68,2025-2025,company_profiles.jsonl,
ind_nifty500,VAML,Vedanta Aluminium Metal Ltd.,VAML,,Vedanta Aluminium Metal Limited,Vedanta Aluminium Metal Limited,VAML,VEDANTA ALUMINIUM METAL,processed,2026-06-18,curated_v2_agent_assisted,0.48,2024-2025,company_profiles.jsonl,weak or missing data
ind_nifty500,VISL,Vedanta Iron and Steel Ltd.,VISL,,Vedanta Iron and Steel Limited,Vedanta Iron and Steel Limited,VISL,VEDANTA IRON AND STEEL,processed,2026-06-18,curated_v2_agent_assisted,0.48,2024-2025,company_profiles.jsonl,weak or missing data
ind_nifty500,VEDL,Vedanta Ltd.,VEDL,INE205A01025,Vedanta Limited,Vedanta Limited,VEDL,VEDANTA,processed,2026-06-18,curated_v2_agent_assisted,0.68,2024-2025,company_profiles.jsonl,
ind_nifty500,VOGL,Vedanta Oil and Gas Ltd.,VOGL,,Vedanta Oil and Gas Limited,Vedanta Oil and Gas Limited,VOGL,VEDANTA OIL AND GAS,processed,2026-06-18,curated_v2_agent_assisted,0.48,2024-2025,company_profiles.jsonl,weak or missing data
ind_nifty500,VEDPOWER,Vedanta Power Ltd.,VEDPOWER,,Vedanta Power Limited,Vedanta Power Limited,VEDPOWER,VEDANTA POWER,processed,2026-06-18,curated_v2_agent_assisted,0.48,2024-2025,company_profiles.jsonl,weak or missing data
ind_nifty500,VIJAYA,Vijaya Diagnostic Centre Ltd.,VIJAYA,INE043W01024,Vijaya Diagnostic Centre Limited,Vijaya Diagnostic Centre Limited,VIJAYA,VIJAYA DIAGNOSTIC CENTRE,processed,2026-06-18,curated_v2_agent_assisted,0.68,2024-2025,company_profiles.jsonl,
ind_nifty500,IDEA,Vodafone Idea Ltd.,IDEA,INE669E01016,Vodafone Idea Limited,Vodafone Idea Limited,IDEA,VODAFONE IDEA,processed,2026-06-18,curated_v2_agent_assisted,0.68,2024-2025,company_profiles.jsonl,
ind_nifty500,WAAREEENER,Waaree Energies Ltd.,WAAREEENER,INE377N01017,Waaree Energies Limited,Waaree Energies Limited,WAAREEENER,WAAREE ENERGIES,failed,2026-06-18,curated_v2_agent_assisted,0.68,2024-2025,company_profiles.jsonl,annual-report text extraction: PdfReadError: Cannot find Root object in pdf
ind_nifty500,WELCORP,Welspun Corp Ltd.,WELCORP,INE191B01025,Welspun Corp Limited,Welspun Corp Limited,WELCORP,WELSPUN,processed,2026-06-18,curated_v2_agent_assisted,0.68,2024-2025,company_profiles.jsonl,
ind_nifty500,WELSPUNLIV,Welspun Living Ltd.,WELSPUNLIV,INE192B01031,Welspun Living Limited,Welspun Living Limited,WELSPUNLIV,WELSPUN LIVING,processed,2026-06-18,curated_v2_agent_assisted,0.68,2024-2025,company_profiles.jsonl,
ind_nifty500,WIPRO,Wipro Ltd.,WIPRO,INE075A01022,Wipro Limited,Wipro Limited,WIPRO,WIPRO,processed,2026-06-18,curated_v2_agent_assisted,0.68,2024-2025,company_profiles.jsonl,
ind_nifty500,YESBANK,Yes Bank Ltd.,YESBANK,INE528G01035,Yes Bank Limited,Yes Bank Limited,YESBANK,YES BANK,processed,2026-06-18,curated_v2_agent_assisted,0.68,2024-2025,company_profiles.jsonl,
ind_nifty500,ZFCVINDIA,ZF Commercial Vehicle Control Systems India Ltd.,ZFCVINDIA,INE342J01019,ZF Commercial Vehicle Control Systems India Limited,ZF Commercial Vehicle Control Systems India Limited,ZFCVINDIA,ZF COMMERCIAL VEHICLE CONTROL SYSTEMS INDIA,processed,2026-06-18,curated_v2_agent_assisted,0.68,2024-2025,company_profiles.jsonl,
ind_nifty500,ZEEL,Zee Entertainment Enterprises Ltd.,ZEEL,INE256A01028,Zee Entertainment Enterprises Limited,Zee Entertainment Enterprises Limited,ZEEL,ZEE ENTERTAINMENT ENTERPRISES,failed,2026-06-18,curated_v2_agent_assisted,0.68,2024-2025,company_profiles.jsonl,annual-report text extraction: PdfReadError: Cannot find Root object in pdf
ind_nifty500,ZENTEC,Zen Technologies Ltd.,ZENTEC,INE251B01027,Zen Technologies Limited,Zen Technologies Limited,ZENTEC,ZEN TECHNOLOGIES,processed,2026-06-18,curated_v2_agent_assisted,0.68,2024-2025,company_profiles.jsonl,
ind_nifty500,ZENSARTECH,Zensar Technolgies Ltd.,ZENSARTECH,INE520A01027,Zensar Technologies Limited,Zensar Technologies Limited,ZENSARTECH,ZENSAR TECHNOLOGIES,failed,2026-06-18,curated_v2_agent_assisted,0.68,2024-2025,company_profiles.jsonl,annual-report text extraction: DependencyError: cryptography>=3.1 is required for AES algorithm
